id,outer_fold,inner_fold,y_true,catboost_prediction
00008ff9,1,2,2,0.47226073848598077
000fd460,1,2,0,0.3407654888138637
001f3379,1,3,1,0.6838059249601229
0038ba98,1,2,0,0.6729426462186785
00abe655,1,2,0,0.5466120155747423
00c0cd71,1,2,2,0.4286605256958437
00d56d4b,1,1,0,0.029440039509774585
00e6167c,1,2,0,0.4998354263372615
00f332d1,1,3,1,0.9589556703182396
01182ce3,1,2,2,1.1724446114313416
011e71c3,1,2,0,0.8158715389756643
012cadd8,1,1,0,0.3573719079240615
012e3869,1,1,0,0.03954887236678961
014c303e,1,2,0,0.29646200388712607
015ba5b1,1,3,2,1.0366436329684277
01cae1ef,1,2,0,0.6764759687892079
02073150,1,2,0,0.1819133545105504
02648a1c,1,2,0,0.6301963250888537
026fcbc3,1,1,0,0.7400822457906531
029a19c9,1,3,1,0.9285315852980212
02a01f18,1,3,0,0.2405882326817093
02c4cf7f,1,1,1,0.44060574314063156
02cebf33,1,1,1,1.2110364948456545
02cf7384,1,3,0,0.8353514214995357
02dcf62a,1,2,0,0.43579185494241723
02e56a7c,1,2,0,0.468934549434486
0347462d,1,2,1,1.039468967142781
034f923b,1,2,0,0.9640715981183163
0357a10e,1,1,1,0.36951628226988076
0380e709,1,3,2,0.6620341784760904
0391e587,1,3,2,0.5617297482399632
03a9019b,1,3,1,0.5461820112338039
03f1c1c8,1,3,2,0.8598305899567391
0417c91e,1,1,0,-0.01528782914400384
04370442,1,3,2,0.2560652498879571
045a0a94,1,1,2,1.157151273296547
0471236c,1,3,0,0.09189979868605885
04ad419d,1,2,0,0.42743126638994383
04af8fdd,1,2,0,0.525016530264721
04afb6f9,1,1,2,0.7105862875733061
04b3cc70,1,2,0,0.44449622766165187
04bb1a76,1,3,2,0.7100883417177559
04cb2c30,1,3,1,0.4748589626379899
04d06a9c,1,1,1,0.4649867454156345
04dc7df1,1,3,1,0.4335220050559409
052a1122,1,3,1,0.34038150267512746
053d7d31,1,1,0,0.6140622508027976
05777ce1,1,1,2,1.3223146264783368
058990e9,1,3,1,0.7172365073918356
058d2812,1,3,2,0.9588612785417586
0598f669,1,1,0,0.5575782513291572
059eed01,1,3,0,0.1536408418963206
05bbed1b,1,3,0,0.0931393555170118
05d3d73a,1,3,0,0.25871591327953747
05db1b9b,1,1,0,0.45395844827826004
05e67680,1,2,0,0.609937122840163
0610c066,1,1,0,0.14364101941671503
061f2866,1,2,2,1.1029388274677656
063353cc,1,2,0,0.9452528121259618
063b16fc,1,2,1,0.8863535067102362
06472198,1,1,0,0.11604021828505384
064e8da5,1,2,0,0.08938614920419996
065801e3,1,2,0,0.7185015763280711
066343d4,1,1,0,0.43288581728121966
0668373f,1,2,2,0.44378432007000135
0676ead5,1,3,0,0.4160763075253994
067b9287,1,3,1,0.4167707633852522
067de065,1,2,0,0.15566747243544415
06c8b2fb,1,3,0,0.06844518854139037
06eb8adb,1,2,0,0.15026295772975773
06ec8be3,1,1,1,0.3513886145938029
070386b2,1,3,0,0.5771326693786337
07048067,1,1,1,0.6398535398814564
0720320e,1,1,0,0.5688223551582712
0745c390,1,2,1,0.5568471401757367
077ac7a2,1,2,1,0.272968795858703
07d879cf,1,3,1,0.6882296961278913
08159c5e,1,1,0,0.8308896115042859
082df556,1,2,0,0.8313476789822984
0844aee7,1,3,1,0.17926766957163287
08577722,1,1,0,0.18430462364999883
08660d12,1,3,2,0.9988553529660629
086d6e7f,1,3,0,0.17504724947223588
0884aca8,1,1,0,0.5659319725964529
089a6b19,1,3,0,1.0722636854692456
08fa44ad,1,1,1,0.3083422325964873
09039272,1,1,0,0.41252881327619095
092494ec,1,1,1,1.3805376555360132
0924b815,1,2,1,0.13588825783751474
09331bb8,1,3,2,0.9657924578703896
096bf063,1,1,2,0.6991294107330001
098d3c32,1,2,0,0.41675355974524053
09d80057,1,3,1,0.3073275317401742
09eeaba6,1,1,0,0.05512680006842707
09eeec14,1,1,2,0.47237342518332304
09f44fd2,1,1,0,0.19732802826481327
0a1afc11,1,3,0,0.23419826108862835
0a431608,1,1,0,1.230106707649108
0a4b1425,1,1,0,0.15749012241978932
0a540797,1,1,0,0.38420908918616836
0a5f1214,1,2,0,0.4543513013543851
0a775819,1,2,2,1.2394616638093257
0a822c93,1,2,1,0.9125148403161976
0a9159f8,1,1,0,0.5611281759542659
0a995f99,1,3,0,0.33954722565278644
0aa90ce7,1,3,0,0.5187672407904191
0aaf08ec,1,3,1,0.7187406912808127
0ac521c8,1,1,3,0.9932753313295892
0acac70c,1,1,1,0.9629253843767671
0adf511d,1,3,1,0.4581802184685131
0af81037,1,1,0,0.6209306686130316
0afb2535,1,2,0,0.6074898044865401
0b4014f0,1,1,0,0.7116535563644222
0b4f597e,1,1,0,0.13293090107432426
0b50f3fa,1,2,1,0.6696139128555014
0b6b07f6,1,1,0,0.2948631382388916
0b7c6100,1,3,0,0.5894119772457196
0b7d7aec,1,3,0,1.0234749219701085
0b7d9da6,1,2,0,0.28526212941274864
0ba53e53,1,2,2,0.23201152710476175
0bd89878,1,3,0,0.19287355012495355
0bdace00,1,3,0,0.4219640421930466
0bfe4fc9,1,3,1,0.7262692451962092
0c0a1576,1,3,0,0.08287937505470505
0c3d248f,1,1,0,0.17604922610717738
0c3d88cb,1,2,0,0.20798948420722901
0c794cf7,1,1,0,0.21649110411441225
0c83af0f,1,2,2,0.6670193577572725
0c98f822,1,3,1,1.0321962934438669
0cbe4e54,1,2,0,0.7794785819085023
0cccc6bc,1,1,0,0.3405106983877229
0d01bbf2,1,3,0,0.325856410117871
0d279d77,1,3,0,0.5964714496203831
0d394928,1,2,0,0.4176742630263786
0d4800c8,1,3,1,0.9194105298738156
0d570d3e,1,3,2,0.5763793700382374
0d924604,1,3,0,0.28469485046960924
0ddab8ff,1,2,0,0.26993672644793654
0de01ae7,1,3,1,0.9448314145216529
0df4c27d,1,3,0,0.995571320215298
0e3b0bd2,1,3,0,0.09172860300583652
0e951124,1,3,3,1.0396070169758311
0e9c1be6,1,1,1,0.38022416509634427
0ec403df,1,3,2,0.8836759889643703
0ed2a3c8,1,2,1,0.23211545180758036
0eddd8e5,1,2,0,0.5212928414306262
0f4db4f2,1,3,0,0.7119721457736427
0f6b71c4,1,3,0,0.3264422012103293
0f7f3bf3,1,1,1,0.7786054996645273
0f9b8e65,1,2,1,0.76132093379561
0fbb3ca5,1,3,1,1.0399278845979036
0fc19fd9,1,1,0,0.1439984832398124
101774f0,1,1,0,-0.02556762662444234
101c27f1,1,2,0,0.4724619382937398
10258585,1,1,1,0.16588127932445235
105e3f96,1,1,0,0.7750520959143969
10ad8c48,1,1,2,1.2745777914988532
10be7f09,1,1,0,0.26079345940339627
10c0e99a,1,3,0,0.21422148616445963
10e46254,1,1,0,0.29652800649878175
113f5798,1,2,2,0.8835742917680346
11477ed0,1,2,0,0.7719179961441188
115d3db4,1,2,1,0.36656063123853583
11739de2,1,3,0,0.7353140305910377
1184a14a,1,2,0,0.26095753826305557
118b7733,1,1,1,0.4479028670683015
119d7562,1,2,1,1.1189668506607895
119dd2e1,1,2,1,0.33482327188710664
119e181e,1,1,0,-0.0617209614240255
11be5d2e,1,2,1,0.8433628492461689
11d1a5ac,1,1,0,0.5894212075932015
11f7253c,1,1,3,1.1074955982072674
11f9b26c,1,3,0,0.08652286954296656
1225fd28,1,3,1,0.7612233500797472
12380b06,1,2,0,0.7960763325055589
1286dab7,1,1,0,0.28198473113333533
12a607f6,1,1,1,0.3550060913488049
12cbf30c,1,2,0,0.7038949300327065
12cfb064,1,2,0,0.1930063474700507
12f37ff2,1,2,1,0.21320230346808428
1301f65d,1,1,0,0.3068719319541207
1307c41a,1,3,0,0.2412167752301943
1314bc8c,1,1,0,0.9329947982908289
136894bc,1,2,0,0.9549447145468026
137baaec,1,2,2,0.653066993080708
137fc699,1,3,1,0.34688396559486817
13a5e288,1,1,0,0.3461905866739391
13be5672,1,2,0,0.27705223856164113
13d2c419,1,1,0,0.15172748808068198
13eee030,1,1,1,0.6112328966778684
13fca10c,1,2,1,0.7665245120939113
14109652,1,2,2,1.0003174648092266
14391970,1,3,0,0.2276908251279398
1455e657,1,3,0,0.14699949700649845
1458a9d2,1,2,0,0.41293376263634574
1470a1df,1,2,1,0.5848922835195253
147c4374,1,1,0,0.04955876995123587
14a6e58e,1,2,0,0.4880470811417755
14b3d6e5,1,1,0,0.0523246279099544
14b999b6,1,1,0,0.63547886509199
14c12974,1,1,0,0.13264468489039516
14dae995,1,1,0,0.6260806485414875
14e00ce0,1,1,0,0.20322377159411453
1522fee1,1,2,2,0.906804316636495
154d1191,1,1,1,0.05637918814682652
1551c806,1,3,1,0.9501685655722243
1562998a,1,2,0,0.821435930796564
157b271f,1,2,3,1.1122992519195853
15a2364d,1,2,1,0.7753934545150019
15d702f8,1,1,0,0.3413146419590862
15f217a6,1,2,1,0.6394302977542492
1606f203,1,2,0,0.5286239413145067
1649ce22,1,1,0,0.34099812795039697
164b29ed,1,3,0,0.2499930993916531
164edc75,1,1,2,0.8661687855668051
16bf9efe,1,2,0,0.7249961603940377
16deb306,1,3,0,0.30269075409945545
16e277aa,1,3,0,0.7125338544377278
1704e646,1,1,1,1.0146501487682726
176f33fb,1,3,0,0.3342606932083556
17c1ae23,1,3,1,0.3680500446635489
17e9cba0,1,1,2,0.9856664288449561
1824417f,1,1,3,1.4297596929464644
18400e8e,1,1,1,0.8992197096755109
1843760e,1,2,1,0.7190007341652087
18506cf3,1,1,0,0.5024565295510509
1894884e,1,2,0,0.2292403260035657
18962676,1,2,0,0.20055168876010931
18ab47f8,1,1,0,0.18913122811504007
18b79e9b,1,3,2,0.2495787169275565
18b8b2f6,1,1,1,0.3703358482544389
18e21bf1,1,3,0,0.2500444505599241
18f6e6db,1,1,0,0.25758241696692113
18fdbccc,1,2,0,0.32880955692086067
18feab0f,1,2,0,0.8163944275125727
19098ef0,1,1,0,0.7744114842081831
1911731d,1,1,0,0.03752919741805183
1943fb23,1,3,0,0.1850353902121224
19455336,1,3,1,0.7449333351977617
198e50c9,1,2,0,1.171078388083023
19b095d5,1,2,0,0.34047377985814264
19cc95e8,1,2,0,0.319616591538406
1a1e8ac5,1,3,0,0.16801435282564203
1a23d282,1,2,1,0.722267094712531
1a2412b3,1,1,0,0.7187147557593234
1a803bfe,1,3,0,0.3604188942795875
1aae1de3,1,1,0,1.0454686474142827
1afa48fe,1,2,0,0.3832414625026555
1aff6762,1,3,2,1.1289908606712082
1b258140,1,2,0,0.08590309395201168
1b2cd439,1,2,0,0.6172936204994035
1b2eea8f,1,3,2,1.0755577079844307
1b32427b,1,1,0,0.7075105903232162
1b410106,1,3,0,0.20438197104207256
1b49c870,1,3,0,0.38077293826219283
1b5b34bc,1,3,1,0.5389541937627456
1b6fb363,1,3,1,0.6377492633892727
1b73fce0,1,1,0,0.23695777551429054
1bc6a98c,1,2,0,0.15042045879114413
1c063ebc,1,3,0,0.0607287744183147
1c23295e,1,3,0,0.5290288674660838
1c481537,1,2,3,1.1043595255727607
1c5ba087,1,3,1,0.8777704642246933
1c66daf4,1,2,0,0.7629254850587195
1c673231,1,2,2,0.6455087060977426
1c6ac3d4,1,3,0,0.3173148757139775
1ccf44f0,1,1,0,0.32818767239956587
1cd37b36,1,1,1,0.9132004320051645
1cf6dcef,1,1,1,0.26591273055844217
1d02812a,1,3,0,0.9811214919977317
1d041232,1,1,0,0.5769704150958734
1d11d488,1,2,0,1.252096024382448
1d78b3c3,1,3,0,0.524609138203889
1da37c60,1,1,2,0.6501350677103059
1dd90b53,1,1,2,0.7748185805454235
1de3c240,1,3,0,0.20007129846410487
1dfd6433,1,1,1,0.659276944850683
1e08b1dc,1,2,1,0.9210080335803728
1e2a1bd0,1,3,0,0.27263069831608056
1e5f6199,1,1,0,0.2362029523214476
1e87baed,1,2,0,0.6082532016514571
1e986f93,1,2,0,0.08387704010920033
1eda934b,1,2,0,0.8022767760541584
1eea8df2,1,1,2,1.3850674391850544
1eedf45e,1,2,1,0.6334761507873338
1f2164a4,1,3,1,0.08745052257271924
1f400626,1,3,0,1.0653276494503285
1f5835cd,1,3,0,0.10689763872552877
1f65fa82,1,3,1,1.1999269476023984
1f7bd44c,1,1,0,0.1695263533379508
1f7ec039,1,2,1,0.8114090388296143
1f881e3d,1,1,0,0.9913240051963161
1fc07a80,1,1,0,0.4223971097319803
1feb42f2,1,3,2,0.6246090019553663
1ffede3b,1,1,0,0.7513182650253716
206c8562,1,3,1,0.418485030952628
2084c823,1,1,0,0.8967953141636036
20cefbaf,1,3,0,0.4505266071775524
20d7ecfd,1,2,1,0.6773032248857314
20df4cab,1,1,0,0.1412564113057153
20e8ca68,1,2,0,0.5142372741488449
2114473a,1,2,0,0.3813046694001524
215ca39b,1,2,1,0.5713025160180156
218faf6f,1,3,0,0.19857625683509356
21a76448,1,3,1,0.824496840071633
21b835ac,1,3,0,0.17314355276303517
21c62163,1,1,1,0.3408168264381344
21e5833c,1,3,0,0.5218246614995746
21f58fba,1,3,0,0.29067442011263694
221e37e0,1,3,0,0.18635124329942987
223724b2,1,1,0,0.6074257107373213
22375702,1,3,1,1.4126295787731211
22389051,1,3,1,0.3032994601825944
22447a95,1,3,0,1.2845753999953473
22536a61,1,1,0,0.8963946355718888
22a71606,1,3,0,0.08538000905016613
22b4191a,1,1,1,0.8970042556686852
22c72c4e,1,1,2,0.6122624398276321
22e44415,1,2,0,0.4379845882742027
22f43a12,1,3,0,0.4118602866886266
231f6db4,1,1,1,0.2967947687831262
233b9425,1,3,0,0.264590157695906
2340e84a,1,2,0,0.5879586147979268
23418fa2,1,1,0,0.14215136524062427
23567787,1,1,1,0.5871491505828641
236ecde8,1,3,0,0.24363074667669055
23d1a58d,1,1,0,0.891707340436759
23d71e37,1,1,0,0.5671650855353775
23dafdab,1,3,0,0.3310902539208308
23e024bd,1,2,0,0.6843657336677036
24398aed,1,2,0,0.21887386566067984
24591f4d,1,2,0,0.2854104266393796
247172f9,1,1,0,0.5054461129612456
2496c491,1,1,0,1.275200249908993
249b6d68,1,1,0,0.8448148794649379
249d2266,1,1,0,0.16219315550047136
24a3b16d,1,3,1,0.8676980781497351
24ab10c6,1,1,1,0.06835443885188308
24b4bc6d,1,2,1,0.4282489376798394
24b75658,1,3,0,0.22703708940954992
24dac645,1,2,0,0.4356847099516097
252ebc5b,1,3,2,0.571848472748621
253f5cb1,1,3,1,1.4615139176308987
2586774b,1,1,0,0.4994258318270275
25a3a723,1,3,0,0.6531041924355139
25e752c8,1,1,0,0.14231945265538265
25eba023,1,2,0,0.13674143844601572
260f542b,1,3,0,0.20393358292436714
26190ddd,1,2,0,0.4287156287497371
262cff6d,1,3,1,1.4158690374007996
26891dbd,1,2,0,0.7723128067343765
269d9918,1,3,1,0.5954198896424783
26a4b61b,1,1,1,0.5455122543874882
26aeacdf,1,3,0,0.1373596687036558
26d31613,1,3,1,0.9528009383251606
26f0e055,1,3,1,0.22106639118724997
273c8ebd,1,3,0,0.05564823712015898
2760be91,1,3,2,0.5468143974734132
277f5b32,1,3,2,0.9261362060994509
279d0ec4,1,2,0,0.7736008430722514
27cd2a6c,1,3,2,0.7905137206981048
27d363de,1,2,1,0.7280791984687747
27d7e5e4,1,1,0,0.15393616211974087
27e0ca6b,1,3,0,0.40383188457633135
281174c9,1,3,0,0.5856062813140823
2812951b,1,1,0,0.40474206575191346
2840643b,1,1,1,0.19545896902304544
287390e6,1,2,2,0.9084075102304618
287f1349,1,1,0,0.8256593180836125
28b91cf3,1,2,0,0.15852213246396735
28ba92e9,1,3,0,0.37330278833939046
28e8b2b2,1,3,0,0.42045065016034167
28e973b1,1,3,0,0.573219637935804
28f7e6ff,1,2,2,0.6219779247731043
28f99ddb,1,1,0,0.5225646693415966
2911ef94,1,3,2,1.0474440286508762
29a1d334,1,1,0,0.4880936987064116
29c54890,1,1,0,0.7113529962478675
29e4911b,1,2,0,0.09767917741144944
2a3fcf9a,1,1,0,0.0987869203760135
2a64085d,1,1,0,0.23527104884450756
2a6a6b92,1,3,0,0.7084328095290714
2a7b5b79,1,1,1,0.353631410283831
2a81925b,1,1,1,0.41249300690001145
2a85889c,1,2,1,0.6701041955168752
2a88cbe9,1,3,0,0.48501592894057544
2a922ca4,1,1,0,0.18192536869652104
2a9e0dee,1,3,0,0.5298410925707133
2aa15e6b,1,2,1,0.2138104327536558
2aab37ac,1,2,0,0.4416895349028407
2ac0bd9f,1,2,1,0.8577024312043073
2af3c8d8,1,3,1,1.3784159418991557
2afea280,1,1,1,0.9142794658278535
2b34dcf3,1,1,0,0.2569174004828259
2b574ef7,1,3,0,0.19825166001063582
2bac0893,1,1,0,0.9334868428063257
2bad0db7,1,2,0,0.7927422366805636
2bbcfd43,1,1,0,0.2516302614613061
2beaaf7a,1,1,1,0.6232827513313904
2bfc9187,1,1,0,0.6894897434632736
2c2dc20d,1,2,2,0.4302370439111266
2c406043,1,2,0,0.10525788749856396
2c483245,1,1,0,0.8075753259460473
2c512f2f,1,2,1,0.5690397874624624
2c54d6c5,1,1,0,0.5086373751679351
2c9a90e9,1,1,1,1.2691673643015773
2ca2206f,1,3,1,0.9986750236258114
2ca9811d,1,3,1,1.0955731567433606
2cb0db2c,1,1,0,0.0962193984903954
2cd9b5a3,1,2,1,0.8248812176016269
2cda86bd,1,3,2,1.322696860099188
2d043af7,1,2,0,0.7475184749907574
2d286c59,1,3,0,0.6925047426722073
2d5365c6,1,3,2,0.6229857956457192
2da6bf6e,1,2,0,0.13902367590005177
2dbdfe11,1,1,2,0.5277235658159203
2e17c497,1,1,1,0.29153170395043126
2e293d08,1,2,0,0.32810186316187734
2e42573e,1,2,0,0.2633754643212706
2e5f5207,1,1,1,0.6361645442049538
2ebdadbc,1,1,0,0.4270046145766831
2ee0a1e8,1,1,1,0.9315338320645744
2f0f2949,1,3,0,1.1216563588063733
2f12de00,1,2,1,0.642404108083357
2f154763,1,1,0,0.1188913847195005
2f16cad4,1,3,0,1.0659301721347285
2f6b484c,1,1,0,0.16232783271808332
2f72f441,1,1,0,0.015061016265612515
2f8ec752,1,1,0,0.6081340261969023
2f91f3c1,1,1,0,0.844675632210055
2fba6cf4,1,1,0,0.387983829327653
2fc568f6,1,1,1,0.9373325805070891
2ff729d3,1,2,0,0.867835537689619
3055881a,1,2,0,0.7751102455920744
3065aa2f,1,2,0,0.7096043322312912
307c91ee,1,3,0,0.2448885718097163
3093d29f,1,2,1,0.6819175923576811
30ac8a84,1,3,2,0.552404222873501
30b3f203,1,3,2,0.9787141354222051
30ba4252,1,2,0,0.3215748201031705
30d2fd47,1,2,0,0.19999054771695451
3133a6c9,1,2,1,0.5414484323050041
3134b69f,1,2,1,0.750855626450728
3146f878,1,3,0,0.3972306086884499
3155ed01,1,1,0,0.7912224070050805
3162c492,1,2,1,0.40444857600380363
31648caa,1,1,0,-0.02841363164197852
31b74cd4,1,3,1,0.4563757673372333
31d61741,1,1,1,0.5538328718566266
31d7a136,1,2,0,0.19138607186049
31f01671,1,2,0,0.22078848732091988
321202d4,1,2,1,0.6101352051282664
323ea319,1,3,0,0.5332004785606854
325afd3d,1,3,0,0.7479413620512799
3268c574,1,1,1,0.7714483619961594
326c23c2,1,2,0,0.49902881520262427
327736cd,1,1,0,0.07489352174308117
327ef356,1,2,1,0.6034698443530857
329a9c25,1,3,2,1.043659723592386
32a9dac0,1,3,2,0.7437107449057458
32b8490d,1,2,0,0.5470643779426174
32d0ebca,1,2,0,0.705712404851321
32dcc8ab,1,2,0,0.4224710691457182
32e18ccc,1,3,2,1.1446886470799555
3302713b,1,1,0,0.8006327775671411
3305a981,1,1,2,1.1345091175628177
331733c7,1,2,1,0.7537928661011072
333be478,1,2,1,0.5130052358205375
338146bd,1,3,0,0.5525892704760171
3399795b,1,2,1,0.5197290784728757
33d60f7d,1,3,2,0.3953079865727671
33e34de8,1,1,1,1.0680894841312405
33fe1b04,1,3,0,0.7278928187722625
342d43c7,1,1,1,0.8887928221134487
342edae9,1,3,1,0.28370462395242113
343460ab,1,3,3,1.5625146871561248
34362a9a,1,1,1,0.2973570608540216
3441fd41,1,1,1,0.9716489848791345
3466c72a,1,3,1,0.6238176703435636
347095fe,1,1,2,1.4378294700319616
34c30fad,1,2,2,1.0058658073936693
350cf38b,1,3,0,0.2308775170597105
350dbeba,1,2,0,0.6661757745107572
35198c2d,1,1,2,1.1214240510597357
351cd4ec,1,3,1,0.5858083569357327
35265670,1,1,1,0.3265203865642825
356ab908,1,3,1,0.9077229407614318
35d2aa41,1,3,0,1.250350199104707
35daea65,1,1,0,0.027690223426223404
36146fe1,1,1,0,0.8717590758228959
36473697,1,3,1,0.7594546197041743
36530d36,1,3,0,0.39121728671296524
3655395c,1,3,0,0.42299943233999937
36958957,1,2,2,0.8426038936522553
36c060b9,1,2,2,1.375529768101199
36c1f189,1,2,0,0.28384417043658705
36e77bf0,1,1,1,0.5315900434188426
370b47c4,1,3,0,0.9484111729477662
3714afd7,1,1,0,0.4755008613699379
372a7950,1,1,1,0.7591119055888644
376e617f,1,3,2,0.8602200367150123
37995242,1,2,0,0.07696321642929405
37ae1239,1,1,1,0.34106406431461717
37bcfa7e,1,3,0,0.8805181218580392
380029ef,1,1,0,0.2895923017667856
3820a945,1,3,0,1.1246685190575239
38390669,1,2,0,0.2606882793113192
385819e6,1,3,1,0.1944276287360584
3875d4de,1,2,0,0.903195219315327
38cccd6d,1,1,2,0.989240993442849
38d53b92,1,2,0,0.4662558921596408
3901e707,1,1,0,0.16494552639625149
3918d854,1,2,0,0.1408914569394078
394684ae,1,1,0,0.7813182411395493
397efe7a,1,2,0,0.3457270445608625
3983d3cd,1,3,0,0.5648295130365298
3999e449,1,1,0,0.9742038000629243
39c20e2a,1,3,0,0.8100258221929917
39cc2836,1,3,0,0.3238052156521318
39d626f4,1,1,0,0.6287472640911821
39dd3538,1,1,0,0.08013770721878288
3a33d579,1,3,1,0.5837113543160464
3a594acf,1,3,1,0.7196032794161016
3a9d7bd6,1,3,0,0.2130736251918809
3ab0b1ff,1,1,1,1.085275651581365
3ab539f0,1,1,0,0.1893107617849688
3acb5be3,1,1,0,0.180881571693502
3b047021,1,1,0,0.10988298289016396
3b091b83,1,3,0,0.4055700492843909
3b112284,1,1,0,0.09239334119455189
3b1b9538,1,3,1,0.8991422941354777
3ba48ca7,1,3,0,0.5364908474833315
3bbf88cd,1,1,2,0.8488248387583492
3c0aba64,1,2,0,0.7779723058559054
3c2cf08e,1,2,0,0.2736326663959377
3c620257,1,1,0,0.26913245348292936
3c7a7f32,1,1,0,1.1216998581890834
3c8f474a,1,3,0,0.3298217248878505
3cc9cfa6,1,3,0,0.23298595271100714
3cfeca85,1,2,0,0.18174907169191334
3d20d9a7,1,3,0,0.672060325823753
3d2c0bc5,1,2,1,0.8385367000289282
3d36fe8b,1,1,0,0.9103642534108408
3d3b87db,1,2,1,0.7325029084781084
3d3fb503,1,1,0,0.3235807122100128
3d5ad997,1,2,0,0.6031657546030881
3d6143f3,1,1,0,0.11395033894474771
3d8531f5,1,3,0,0.4120630994218045
3d970ce4,1,2,1,0.6985936128761467
3dcbc164,1,2,1,1.152427350341247
3de6a21c,1,1,0,0.19316637555435084
3e377cb7,1,1,0,0.5149664741849325
3e398bf9,1,1,2,1.1045020782858075
3e3c242c,1,2,0,0.2242730875988398
3e5d5b58,1,2,1,0.1805874272459677
3e7ee995,1,2,1,1.2025951832651796
3e9fd8d6,1,2,2,1.0762977046130875
3eb48980,1,2,1,0.4860104383318537
3ebfbb4c,1,3,1,0.1555155969867857
3f1cf5ba,1,3,1,0.5526846544723878
3f1f23e7,1,2,2,0.6302096729648695
3f2141da,1,1,0,0.5029520576609134
3f3d3809,1,2,0,0.28019501572621475
3f51a21d,1,3,2,0.4896397860471066
3fcef947,1,1,0,0.4819970131870403
3fe59141,1,3,0,0.8491189455633774
40087bc5,1,1,2,1.2206833378891293
40898508,1,2,0,0.9167743029247022
408bed19,1,3,0,0.4292812099319987
4093774d,1,1,1,0.7817613346784869
40aae75f,1,1,0,0.7858774365660544
40b904b3,1,3,1,0.6799197167601683
40cdadfc,1,3,0,0.43970147382346997
40e95163,1,2,0,0.24748873879449995
41185f8e,1,2,2,0.909418711595315
4128aee6,1,3,0,0.23639357993859583
4135cb0e,1,2,1,1.0314776139967106
4157be55,1,1,2,1.5089171741915166
415d5a1a,1,1,0,0.9711634921476128
4177e5e5,1,2,1,0.6030588840597452
41974cde,1,3,0,0.24320710172531607
419d05c6,1,1,2,1.1285520153907158
41bacefb,1,1,0,0.93967103168441
41badf5d,1,1,1,0.9328266823849141
41cfd1db,1,1,3,1.4626924823179603
42309938,1,3,1,0.8222859547980503
4248261f,1,1,0,0.029525831679094394
4255e559,1,1,0,0.566140303157357
4262ce3d,1,1,0,0.3647840494564685
4280076d,1,3,0,0.4284998728976285
428970d4,1,1,1,0.7712246316981339
428c37ea,1,3,0,0.4776756959814767
429cc266,1,1,0,0.38358339722676527
42aa29fb,1,3,1,0.4690774502403681
42bf071e,1,1,2,0.6075716843492729
42c6f67a,1,1,0,0.2031067325115205
42dfc9dd,1,1,2,1.2049890442841293
42ebc3fd,1,2,0,0.7059365698391095
432a4c21,1,2,1,0.8046850259316064
432aff11,1,1,0,0.14115686624351176
435bfa7b,1,3,1,0.5158933515369841
43629a34,1,1,0,0.02419823435030266
436dd613,1,1,0,0.36512714773341615
43720c15,1,1,0,0.6278926691438972
43808706,1,1,2,1.2997433135476484
43a7386d,1,1,1,0.6839849640694865
43e54b20,1,2,1,0.8018901781377501
43f44f6c,1,3,2,0.6207140571185837
43f5d3c5,1,3,1,0.45537790834019976
43fb80d6,1,2,0,0.6215330210955432
43fdba8b,1,3,0,0.4212763603913259
440acf4f,1,3,0,0.16963546849695094
444131bc,1,2,0,0.2368932481315203
4442c376,1,2,0,0.32354945373162763
446757cb,1,1,1,1.0778409856420144
4496d883,1,1,2,0.6945448963446637
44b8622c,1,2,0,1.0107215286298057
44cbf5c5,1,1,0,0.1407183393818956
4505724a,1,1,0,0.0247319611441027
4507da27,1,2,1,1.082532325261632
4518ed77,1,1,0,0.24267989152843233
45ea366f,1,2,0,0.14420291338362723
45eb32f2,1,2,2,1.0121742647434984
46170319,1,2,0,0.1794092383052432
463bf3b2,1,3,0,0.1959171434061544
464a75fb,1,3,1,1.107162748086374
4659aa1a,1,2,0,1.047854584924247
465d3273,1,2,1,0.7860722941192633
466752d9,1,2,0,0.4465254463713624
467c549f,1,2,0,0.25858773021213904
47240aa3,1,1,0,0.20897422702890045
47350ac6,1,2,0,0.8221811508402886
4777151c,1,1,2,1.1603188638357425
47a52eb8,1,3,1,1.0439005749222758
47b3bea1,1,1,2,0.17060654666405733
47c1f368,1,3,2,1.1365587245288928
47c3b47c,1,2,1,0.3303510082355606
47c55e13,1,3,0,0.5351141249212968
47fef4fc,1,1,0,0.2466293254545675
481a1861,1,3,0,0.4284120375764448
4829f7ca,1,3,0,0.7480016537630236
4859a9f9,1,3,0,0.10507930856206116
485d7c69,1,3,0,0.4676512167110954
489fa831,1,3,1,0.45437533088266013
48c205d9,1,2,0,0.483353464992646
48db8ecf,1,2,0,0.25273708287855357
48df987b,1,1,0,0.35679671909659616
48e69212,1,2,0,0.4162413834167342
491bf457,1,3,0,0.6367755235788455
4926b18a,1,1,0,0.3669564056575111
494eba8a,1,1,0,0.3355612456715563
499d4499,1,2,0,1.0171118993121613
4a0b1b9d,1,2,1,0.7088716195246734
4a1440d9,1,3,2,0.32720261063048295
4a17b463,1,3,0,0.3217939193521406
4a21eb0c,1,2,0,0.830782965997037
4a475a9f,1,3,1,1.046342680038556
4a4a0f78,1,1,2,1.2068218701048345
4a62661a,1,2,1,0.6678810315215518
4a69e534,1,1,0,0.06830236902182574
4a6af685,1,2,0,0.48998155214207256
4a6ea9de,1,1,2,0.8966159199862314
4a9f92ca,1,3,0,0.12254571222105892
4aa87859,1,2,0,0.3526811700988487
4ac5c412,1,3,0,0.18948795822565667
4acac04e,1,3,2,0.5242640659160647
4b0f961e,1,3,0,1.0319360712621857
4b1f6855,1,3,0,0.26605836114855524
4b20bce7,1,2,0,0.41405213621190756
4b328259,1,1,0,0.43218210103866367
4b3c7594,1,2,1,0.27467309243869903
4b3db4f4,1,3,0,0.39162525926417036
4b51db3e,1,3,0,0.11051843700001379
4b71830a,1,3,1,0.8970720721576226
4bc2bee9,1,3,0,0.599310105947242
4be6f3c1,1,3,0,0.5222594821081062
4c37fb30,1,1,2,1.1237120449395666
4c8dfaf0,1,2,2,0.5495279403618754
4ca242ea,1,2,1,1.0915986633913493
4cabd7aa,1,3,0,0.8955507022547393
4cde1e34,1,1,1,0.8295627916344515
4d19854c,1,2,1,0.5617804731350612
4d2d9ef3,1,2,0,0.11996546893453808
4d41bb62,1,3,0,0.05231149111039668
4d42caed,1,1,0,0.08753472537938328
4d5a8ce7,1,1,2,1.1414819778802054
4d61a44e,1,1,1,0.8821775574400008
4da4aba2,1,2,2,0.8666576369740608
4dc4ed56,1,1,0,0.521835871592819
4dc86a42,1,3,0,0.2508345443148118
4decbcd8,1,3,0,0.2367914704509348
4dfb4e1d,1,2,2,0.9115599343894276
4e314e47,1,3,0,0.25008759012843956
4e58d463,1,2,0,0.5426897825895962
4e85505f,1,1,2,0.9723368298571216
4ea3963e,1,2,0,0.5108363528069039
4eade67b,1,3,0,0.42032366217496
4edb98d8,1,2,2,0.8485161972086317
4f059a8a,1,3,0,0.967273814343881
4f20b188,1,3,0,0.39494355666228137
4f3b33ba,1,2,1,0.7055228364876351
4f3cd5c2,1,2,2,0.9136562138167379
4f93504a,1,3,0,1.0148630439714894
4fd7e043,1,1,0,0.1759101068042836
4fe97569,1,3,0,0.8307244507296911
4ffa995b,1,3,0,1.263362875094324
50242fa0,1,2,1,0.22506763588203804
508a0f98,1,2,2,0.9021458200564312
50a90725,1,1,1,0.787944509558284
50b2b84b,1,1,0,0.9198439145709706
5132511c,1,2,1,1.231254487404796
515402ee,1,1,0,0.3831302141060125
515dd683,1,2,1,0.6916825329524399
5180ff75,1,3,0,1.2023162461700616
518e5ae6,1,2,0,0.18781843514604174
5198e7b3,1,2,2,0.40427605479227224
51a349db,1,2,0,0.6507146041635737
51c15d22,1,1,1,1.1584978862956867
51f38b37,1,1,1,1.060860812743739
51f3feb4,1,2,0,0.37806576606741693
5216ef61,1,3,1,1.1329391477687418
52219dbb,1,2,1,0.5074918477163197
5264bb0e,1,2,1,0.9521385555473073
527e796c,1,3,2,0.61024684960741
528db82d,1,2,1,0.7804539622728834
52bd147c,1,1,0,0.2525805328037377
52ce9b8b,1,3,0,0.24054645142561104
5320dac6,1,3,0,0.9592134662004385
53621b84,1,3,0,0.8444179210331784
537dc410,1,1,2,0.9860938317349359
53814642,1,1,1,0.46722460837203594
53905a2c,1,1,1,0.45676432959741364
53cf99f2,1,3,0,0.19062860450135827
53d20dc3,1,3,0,0.05747613075108737
53ea1e7c,1,1,0,0.39622662625019245
53faf893,1,2,0,0.06432771492423683
54391716,1,3,0,0.9560048580240335
546bfb18,1,2,0,0.2512438660655086
54854783,1,1,0,0.803022697760366
54868027,1,2,0,0.24453263389250973
54945f30,1,2,0,0.7090556745910239
54b35de5,1,3,0,1.3355713704349759
54c87d3c,1,3,2,0.40146425226495197
54e592da,1,2,0,0.7328038141020068
54ffe872,1,2,1,0.3004051953133802
55464fb7,1,3,1,0.5068895995620233
554e46e9,1,3,2,0.4184231642655658
5588f518,1,3,1,0.5720033804174298
561f2797,1,3,0,0.24738994818797116
56210fdb,1,1,0,0.15332525458801582
563ebc00,1,3,1,0.2793308516466183
56418caf,1,2,2,0.6693304994392167
56443aba,1,3,1,0.4878510651386802
56761daf,1,1,2,0.9628483063358811
567fd23a,1,2,1,1.087244192268227
568eb64b,1,3,2,1.0563768436264374
56c99b23,1,3,0,0.2495010832495415
56cb7161,1,2,0,0.2034572166507685
56ef356c,1,3,0,0.31528871618411664
571907fc,1,2,0,0.5178382295998184
574599a8,1,2,0,0.1647685814939402
574cb902,1,2,0,0.1867206399157591
5775ec58,1,1,1,0.8318564666194822
579e50bd,1,1,0,0.5755701464956069
57c4f2b4,1,1,0,0.6840510203061752
57d82f30,1,3,0,0.9455685743663544
57de6095,1,1,0,0.042368412455200954
57f6fa6c,1,1,0,-0.01583997407140325
580a30c5,1,2,2,1.0140804721494459
58900fd0,1,3,0,0.1913531002320047
58a255e6,1,1,0,0.20717082267122072
58ada72e,1,1,1,0.695373225917872
58de61f0,1,2,1,0.7728945791052766
58dfccdb,1,2,0,0.44003785073160795
58f11465,1,2,0,0.3842519500378755
592b3b7f,1,2,0,0.4630946372050494
59305d37,1,3,1,0.8939522066378198
59307c13,1,1,2,0.5082454290479173
593a7148,1,3,1,0.3073836739169657
593b5cfa,1,1,0,0.08864476903241014
5985f299,1,3,0,0.20908578879050937
599850d0,1,3,0,0.19174577012544353
59b7fc28,1,1,0,0.035866635960458804
59d7a3a9,1,3,0,0.302658638555494
59ea397f,1,1,0,-0.04425323993646868
5a07e79f,1,1,1,0.3309750068323722
5a2c7642,1,1,0,0.11921168214923161
5a3005de,1,3,2,0.8895698438782831
5a313293,1,2,1,0.8526640560949174
5a3d5e05,1,3,1,0.45046959789431507
5a4b3725,1,1,1,1.021654762543217
5a5f6d41,1,3,0,0.5818252250760992
5a5f9fb2,1,3,1,0.5052855533320966
5a8712ae,1,3,3,1.191160845101773
5ad85a02,1,3,0,0.34663440032368303
5af79adb,1,2,0,0.7842414725266851
5b299ae1,1,3,1,0.20394273401385532
5b2c9b83,1,2,1,1.070812710760908
5b4d2604,1,1,0,0.4737682744262187
5b66b6f2,1,3,0,0.09069200852116677
5b9ff85e,1,2,1,0.7438192316452868
5ba201ba,1,3,1,0.5451226595470186
5bcf002a,1,3,0,0.46842881292432914
5c045867,1,2,1,0.9285271001945545
5c186496,1,2,0,0.31385475834472815
5c22f241,1,1,0,0.1668524513908486
5c3b30d7,1,3,0,0.41335904620795483
5cd83147,1,1,0,0.8309282148522218
5d04624a,1,1,1,0.8913638332848488
5d1d7e41,1,1,0,0.08344536411140996
5d48a5b0,1,1,0,0.0878342647822159
5d762840,1,3,0,0.8963629376867612
5daa20e7,1,1,0,0.3036609044986684
5dc62fec,1,3,0,0.20271599620119612
5ddbac80,1,3,0,1.1420015440212585
5e08237d,1,3,1,0.5848681084978624
5e221c50,1,3,0,0.7963865104056169
5e2a9e63,1,1,1,0.13305479065396297
5e2c1349,1,3,1,1.122720699955364
5e359a08,1,3,2,1.1483575937935528
5e415f05,1,1,2,1.1037413750593728
5e6490e3,1,2,0,0.4475065647275194
5e6b528e,1,3,0,0.3453415894423383
5ed5f205,1,2,0,0.2629219004781172
5ee595e8,1,3,0,0.6627689706542764
5ef3d64e,1,3,2,0.9815951944424872
5f099188,1,3,0,0.10466495507694296
5f1b07e1,1,2,0,0.9404575123396484
5f281a62,1,2,0,0.567054776999512
5f574f3d,1,1,0,0.20507460240572317
5f7537cf,1,2,0,0.9103153800110337
5f78f7b9,1,3,0,0.31190922357491563
5f9dddb4,1,1,2,0.6276551181927559
5fdfbe47,1,1,0,0.33183655974155507
603ab4ee,1,3,1,0.06552922488127011
605d6e05,1,1,0,0.5602120197049648
60c1ff37,1,3,0,0.6158992950982475
60d1fdee,1,2,0,0.19148176991560784
60d2774d,1,2,0,0.23397511416847322
60f8462b,1,1,0,0.09688287854206906
612487a5,1,1,1,0.9666336264526281
612b3ff9,1,1,0,0.5919404678865234
612dd900,1,3,1,0.23725512128432674
613fc399,1,2,0,0.5097748119438779
613fc53d,1,3,0,0.2541910685496916
614d5517,1,3,1,0.6840102699455207
616fc21f,1,2,0,0.26806486687154957
61823525,1,1,0,0.1128033079107415
6187d0dc,1,2,0,0.09080134203937551
6192e6b6,1,3,1,0.7283395314547378
6197a2ce,1,1,0,0.8610434045082253
620536d0,1,2,1,0.45776362019758293
621066ff,1,2,2,0.6055074558607881
6247cc15,1,3,1,1.22818128636307
624869b6,1,2,2,0.8798633675832315
624b9e34,1,3,0,0.28229151114591355
626a608e,1,3,2,1.087750099714226
6277e13c,1,1,0,0.5709988325097596
6282e693,1,3,0,0.0803159212204142
62839132,1,1,0,0.4100126600748916
6291fddd,1,3,2,0.6137882222618735
62b873a2,1,3,1,0.38696914615598027
62cd5c74,1,2,2,0.7766722755815447
62d0cf97,1,2,2,0.9531446582268559
62f77d2f,1,3,1,0.5091074796671912
632eca98,1,1,0,0.5699181533205121
6344bba1,1,1,2,1.3100263626702096
63a00e40,1,2,0,0.379590957121145
63d4ab9a,1,2,0,0.3609608259969229
63d810bb,1,2,0,0.7995526752162936
63dd16ec,1,3,0,0.14936258302393618
63fc9770,1,3,2,0.948818087897003
641a2b87,1,3,0,0.30115864554294497
646a4c0e,1,2,2,0.6407673740517653
649ff6d9,1,2,2,0.9124922981239727
64b4005d,1,3,1,0.6716433239763479
64ed48c4,1,1,2,1.2250943600648814
64fc556b,1,3,0,0.05434185563701499
650bf252,1,1,0,0.05928960637534808
6514c337,1,3,0,0.41693064727388984
6515ef94,1,1,0,0.19711204536526172
654203ec,1,2,0,0.42884150305505675
658e66ec,1,3,2,0.9949424297112741
659fec57,1,1,0,0.6441758257206147
65af9f2a,1,1,0,0.4816888063760395
65dc81f5,1,2,0,0.7183768946404222
65dfe4b9,1,1,0,1.3972509813257796
65f9369d,1,3,0,0.491760295946001
66094cfd,1,1,0,0.6640186690915717
6622b302,1,1,0,0.3758962718325646
6666aed3,1,1,1,0.7722468540441471
668a2fea,1,2,0,0.39422377934292585
66ed301e,1,2,0,0.32664495713196384
66f044c7,1,3,1,0.4825110163059154
66f619e3,1,1,2,1.3149293947921579
6708fcd9,1,2,0,0.14912945934023059
672a32f1,1,1,0,0.1689779714021793
673a7e2a,1,1,0,0.07162327417524572
673e7be9,1,1,1,0.6254888803043701
677038b5,1,2,0,0.22982764352875923
6795027a,1,3,0,0.3914922057532332
679ce4b2,1,2,2,0.8055164974875337
67b54cdb,1,1,0,0.12700224497337192
682327c3,1,3,0,0.2800224508598757
6826f0be,1,3,1,0.829972886112012
683464ff,1,2,0,0.5554987735000355
68572a28,1,1,0,0.03386172090311346
685cc0f1,1,2,2,0.9726635707950645
68688509,1,3,0,0.6345873288854696
687c85e7,1,3,0,0.6131998748620531
6885737e,1,3,1,0.6098667559155376
68a59e56,1,1,1,0.26602765832478587
68be3d5c,1,1,0,0.3922414419784406
68be5113,1,1,0,0.05103501681376754
68d49292,1,2,0,0.27637208135136015
68e514dc,1,1,0,0.48367451301978487
68e61f96,1,3,0,0.3387882634351288
68e7140b,1,3,0,1.5183489558230068
68fa4631,1,2,0,0.46878583433976306
69074cf3,1,1,1,-0.010242243826814934
69742f6f,1,1,2,1.0766717987054037
697c41d7,1,3,2,0.5515350442308129
697d894b,1,3,1,1.17492224903953
698b9067,1,2,1,0.4543898452320524
69b65679,1,2,0,0.3274496228142853
69cdf9c3,1,3,1,0.6157167818355925
69fabb6b,1,3,2,1.06164742461541
6a16089d,1,1,0,0.32134288343304007
6a2c6073,1,3,1,0.9750971612359242
6a2fd807,1,2,1,1.053163550004205
6a4df6ff,1,3,0,0.07027698773287805
6a6da46c,1,2,1,0.6018918465813319
6a837387,1,3,0,0.14782966658483043
6a83a423,1,3,1,0.5629196493539527
6a98537b,1,2,0,0.3957613757458323
6a9f0db7,1,2,0,0.1010120427542503
6abd21d4,1,2,1,0.7854392026920962
6ac5eaaf,1,2,1,0.25245852010666087
6ad91972,1,3,0,0.5826860004707365
6ae1473e,1,2,1,0.5034124447435149
6b4b8c14,1,2,1,0.8834208006790767
6b773506,1,1,1,0.9036515642683871
6be56337,1,1,0,0.7898280094532013
6c0fe935,1,3,0,0.7157068819419672
6c319d99,1,1,0,0.48115861410364347
6c4902c8,1,1,0,0.6776387377865338
6c6cd633,1,2,2,0.5358101525102454
6c737069,1,3,1,0.22599297947234093
6d341798,1,3,0,0.25266917992963317
6d5944a9,1,3,0,0.3320107914036259
6d707ac3,1,3,2,0.8640097117298793
6d7ba819,1,2,1,0.2412857511135399
6d855495,1,2,0,0.6494403179928199
6db14d48,1,2,1,0.6547708837249387
6db453ce,1,2,2,1.0310058352148836
6dfe4a75,1,1,1,1.1334581237025645
6e0d4774,1,1,1,0.9363958079438663
6e0ec0fe,1,1,1,0.7995908731676986
6e128c6b,1,3,0,0.8124600937988993
6e1d28b6,1,3,0,0.6040296909517001
6e5606d5,1,2,1,0.3790352411362716
6e68bcfd,1,3,1,0.6428023924631705
6e695d70,1,2,2,0.526950880295298
6e6d895f,1,3,0,0.38104706312216174
6e85a624,1,1,2,0.5136274557912107
6e9beaee,1,2,1,1.1841786496743332
6ea48a4e,1,1,0,0.5994472688889135
6ebfdc95,1,1,0,0.9176145155065615
6ecb430a,1,1,1,0.3490517669978652
6ed385f6,1,3,1,1.1041346018153155
6f49c8d0,1,3,0,0.29784256920880564
6f5677b7,1,3,0,0.9577056951123697
6f5a31ea,1,3,1,0.2984946594352211
6f878799,1,2,0,0.6194711507326203
6fb28c2a,1,2,0,0.123720824430605
6fc95dfc,1,2,0,0.38885929416981213
6fcdcb2a,1,2,0,0.8113172630640049
7015528d,1,2,0,0.5046038740554236
707c82c4,1,2,1,0.3284826164898285
7092a6ce,1,2,2,1.0212164713478937
70de1c63,1,3,2,0.9897795394288449
710345b6,1,3,0,0.12349729264442261
7106a387,1,1,0,0.3774990188660073
7187caec,1,3,2,0.8381466985060358
718975fe,1,1,0,0.4130612150946158
7192b2e8,1,3,0,0.28382080611763416
71cf0f87,1,2,0,0.16662370196719328
71ee31f8,1,3,0,0.24958630827522177
71f21593,1,1,2,1.1972990100940941
71ffd0ba,1,2,0,0.440989478140202
7214ad21,1,1,1,0.9608035708427992
721ea536,1,3,0,0.7336511161351622
72264d13,1,3,1,0.6185382526612705
723ee34c,1,2,0,0.41363823583633896
7250264b,1,2,0,0.17808171500568332
72565f5c,1,2,0,0.480457766200875
7290824a,1,1,2,1.4029456910340463
72a0c969,1,1,0,0.29204241993071783
72aa1a30,1,3,2,1.222940656245464
72bbfadf,1,2,1,0.7032553263121579
72c9c38d,1,3,1,0.49620835870752894
72cb1703,1,3,0,0.07582667835373491
72cc9a64,1,2,0,0.528390280442254
72fa40ba,1,1,2,0.7736989456772563
7305af8b,1,1,0,0.3706374776596203
7308d22c,1,1,1,0.5363768052121174
732b2327,1,2,0,0.4731278488324842
7347b54e,1,2,0,0.1292262302349041
738e7248,1,2,1,0.9639524793236488
73aa6aab,1,3,1,1.040297150718918
73d0e0a0,1,3,0,0.5897916849468936
73ec551e,1,2,0,0.17587351441190957
73ffa609,1,3,0,1.1457098746776797
745e6065,1,1,1,0.4880744282424454
7494989e,1,1,0,0.06644962323394654
7514c6f4,1,3,2,1.2293573617215647
75311a3f,1,1,0,0.8398309437606475
7533a4a9,1,3,0,0.5528282132711451
75927c18,1,3,1,1.1436896101849028
759328e6,1,1,2,1.491069780264655
75ad73ee,1,2,0,0.43129274012184843
75b0446f,1,1,0,0.7262192572066359
75b53bd4,1,3,1,0.37170672945618977
75c13e08,1,3,1,0.44002649830861285
75f26948,1,1,3,0.6380182614875108
764d8b42,1,2,0,0.17457434057200266
76781cd8,1,2,1,0.3634835420450448
7698543b,1,2,0,0.7830539372080966
76c9bf0e,1,1,1,0.6772577296212404
76dfa86c,1,1,0,0.07480123586829224
76f8f621,1,2,1,0.4013742459314168
76fb4afb,1,1,1,0.02086008048711585
76ff59f2,1,1,0,0.41984718687735856
7752d450,1,1,2,0.9046814706092821
776d33af,1,2,1,1.2127682030278746
777a3e9d,1,2,2,0.9474672243036916
77a5b2ad,1,3,0,0.31702060176653507
77e460ce,1,2,0,0.3542192966342983
7800a084,1,2,2,0.9006461952599304
781710fe,1,3,0,0.12329327359018732
7858fd16,1,3,0,0.3551006925037233
785d0663,1,1,0,0.8157424057891584
78667893,1,3,2,0.14094622123918005
787654dd,1,1,0,0.23514845712633053
78b488ff,1,3,0,0.22842032988533406
7914b38b,1,3,2,1.3693502787425738
792d2fa5,1,3,3,0.6056724161791127
793c2e31,1,3,0,0.2361679991254078
79483148,1,2,1,0.6560299013902093
7958e61b,1,2,1,0.6452744309259445
79629cf4,1,1,1,0.3202105059681786
7975694f,1,3,0,0.37286677466499246
79bd36b6,1,3,1,1.0605323237271902
79e496f2,1,1,2,0.8395979134420946
7a0136e0,1,3,0,1.1774256052874008
7a5fccc9,1,3,1,0.3712035103974868
7a6d26a2,1,2,0,0.6235778336881448
7a86fcd2,1,1,2,0.9949008627259904
7aa3a145,1,1,0,0.05794623623003348
7ad92034,1,1,1,0.7758304889878809
7b516283,1,3,0,0.39231471298259546
7b543871,1,1,1,0.4438653402484798
7b9690de,1,3,0,0.4029668298289187
7bbde46f,1,1,2,0.19817783585917897
7bdbf66f,1,1,2,0.34422501282951895
7c02f4ec,1,3,2,1.5159558088249527
7c194077,1,3,1,1.3795770204576518
7c1d7ddd,1,2,1,0.36912872375424866
7c29e92d,1,2,1,0.6176421724342264
7c39c8e5,1,2,0,0.308004298218474
7c6ca1d4,1,3,1,0.9431607280481011
7c6cbfdd,1,1,0,0.01660366907737687
7c71edac,1,3,0,0.6488210747860499
7c8f0c95,1,2,2,1.0427892619258978
7ca548f9,1,2,0,0.17421253870566505
7cb1e4c7,1,1,0,0.46535240323977345
7ce36c38,1,2,0,0.595349933826323
7cf3bca6,1,2,0,0.5493130430602507
7d0a92d5,1,1,0,0.6883988094102976
7d22cd0a,1,2,1,0.26404190841559083
7d40a714,1,1,2,0.9920250561058166
7d666f0f,1,2,2,0.5215401961826512
7d751a6a,1,3,0,1.2031688536851126
7d878d0d,1,1,1,0.7566722180372317
7d8f1716,1,1,1,0.7805623756374789
7d927bdf,1,2,0,0.5063769561226792
7dae6de9,1,3,1,0.40296230442561265
7dc65b92,1,3,0,0.7296052522849477
7dd54e69,1,1,2,0.6327532917842439
7deeb4fe,1,1,0,1.2013126536536247
7df487b1,1,3,0,0.49952447431407354
7e33976b,1,1,0,0.10547183546197353
7e41db05,1,3,1,0.962865143383595
7e46b693,1,3,1,0.9775732106800546
7e71aa83,1,3,0,0.44641276879292924
7e87087b,1,2,0,0.9930694034485905
7ebca7c4,1,2,0,0.7243188594731633
7ec65d94,1,2,0,0.13612863659024999
7ecea16d,1,2,0,0.09257589065374133
7f1063e4,1,3,1,1.1774394758631161
7f44236f,1,3,3,0.9623029534006917
7f5aeb05,1,2,0,0.4130721813558882
7fa51811,1,2,2,1.1177030917443274
7fa7ccc4,1,2,0,0.35809340344743446
7fcf0046,1,1,1,0.9167831823924286
8017f13e,1,2,0,0.8965942878860172
80784c40,1,1,0,0.5489155654031942
8078b7de,1,3,1,0.6088198871856184
807d8908,1,1,1,0.7197591647812767
80a5f1e1,1,3,0,0.7390160398826424
80a9f2bb,1,1,0,0.28308358747849327
80b46ffb,1,2,1,1.0053787644122418
80d8829a,1,2,0,0.2038294725968619
81095901,1,3,0,0.339430331952527
81394e0e,1,2,1,0.5294935599119739
813e7f93,1,2,0,0.21944734973490948
8148c785,1,3,3,1.4254293261925208
816b0564,1,2,0,0.8536764369251695
8189aa29,1,1,2,0.7550708057336079
819ad5f1,1,3,0,0.37131793954628134
81a4b826,1,3,0,0.3697466375887043
81c0b83c,1,1,1,0.3396967663559889
81d3ab22,1,2,0,0.9940224632526847
81d607bb,1,3,0,0.1942350859087763
81eaf4c1,1,3,0,0.06649834154227263
81f60502,1,3,1,0.5948203215310478
81feecad,1,3,0,0.6301410788315946
8226bbd4,1,3,1,0.3980013926633824
82422684,1,3,0,0.7398721947261961
8256a969,1,3,0,0.32119709359764637
828b31ca,1,2,0,0.18550798116150563
82923551,1,1,0,0.04789529485235233
82a114c1,1,3,2,0.7725340831673815
82ec9747,1,3,0,0.17319430424307847
8310a02f,1,1,0,0.3495355643350288
8328c8b3,1,2,0,1.0583093337240133
83379672,1,1,1,0.23337011694825788
836b4de3,1,3,0,0.7624116253532265
83711ef5,1,1,1,0.6905007531897249
8376acc5,1,2,0,0.229693582385266
83846d0c,1,2,0,0.3170755868926443
839b507a,1,2,0,0.16983552270214786
83c33097,1,3,0,0.34203646082210293
83eda373,1,3,0,0.3810433670158061
83fb5ee0,1,2,0,0.21322611787268236
844b87f8,1,1,0,0.15075540504867718
84875079,1,1,0,0.42943307013059784
84b7d89d,1,1,1,0.9678244602564862
851b425b,1,2,0,0.3764958572469863
852adec2,1,1,0,0.3469702654712091
85452335,1,1,1,0.6765339952954121
854eb237,1,3,0,0.3439388551024475
85525f8d,1,3,0,0.34118346450147596
8570ea5f,1,2,0,0.5511492669973368
8572d442,1,3,0,0.8327810450033055
857baaa6,1,1,0,0.5743827639729971
8581b9a1,1,1,1,0.8215441795153035
858ae6a3,1,3,2,0.7836571817613291
858be19a,1,1,1,0.8153967204323084
85a1082c,1,2,0,0.4161730877984646
85b027ee,1,2,0,0.3720164545704725
85ba333f,1,1,2,0.423349108712473
85d99199,1,3,0,1.2172213725864032
85d9c915,1,1,0,0.438759042843771
860f4f9c,1,1,2,0.6740669400598788
861188f4,1,2,2,0.6931885393565029
861fd4a0,1,1,0,0.2926242581475596
86335468,1,1,1,0.755677622187034
863e40c7,1,1,0,0.6420288241729426
863f7033,1,3,0,0.9742288447694105
866a08b7,1,2,1,0.21976364768631212
86a8e0d6,1,2,1,1.0718215946359948
86bd716a,1,1,2,1.0021808292002294
86e56299,1,2,1,0.7774267537586474
87050a09,1,2,0,0.541922018595611
871b2b19,1,3,0,0.3347875813850475
874a348f,1,1,2,0.9257625725001303
87509a7b,1,3,0,0.31194744676154335
876a929e,1,2,2,0.9550449683453921
87a60251,1,1,0,0.09022092032473611
87af775e,1,1,2,0.4427842859735996
87b78ee3,1,2,2,0.7875434610692058
8823b020,1,2,1,0.5200747876200784
88300a4b,1,1,0,0.8913148646220859
884c429c,1,2,0,0.07316150124955423
8875387b,1,3,0,1.0573503768370425
8877cdee,1,2,0,0.27349893787976354
88c640b9,1,1,1,0.9195392182064076
88e04d93,1,1,1,0.7781529685392076
891193eb,1,3,0,0.6663958822822262
891b8cd5,1,1,0,1.2181448255809486
895f9725,1,2,0,0.7906106391548755
89739b1a,1,3,0,0.3147069491333061
897da2c8,1,3,0,0.30509054792228707
898096eb,1,3,0,0.15205512089623385
89a26502,1,2,0,0.43988531991283175
89bd10b7,1,1,2,1.0171497672327923
89d475e2,1,1,2,1.2614025618619666
89d7d2c3,1,3,0,0.1320729823327204
8a444a98,1,3,0,0.26216665150004553
8a44ea3a,1,1,0,0.23411010112141867
8a4d341b,1,3,0,0.4428024297259489
8a4e5d1a,1,1,0,1.0873873772196943
8a645723,1,1,1,1.1964780712664638
8a77c3e9,1,1,1,1.04491258412755
8a77d185,1,2,2,0.6038494950068996
8a78a063,1,2,0,0.2150441405757968
8a9cce44,1,2,2,0.3975636712890471
8abbbc38,1,1,0,0.45712774748489016
8ad5e251,1,1,0,0.2585762489894872
8ae6a52f,1,1,0,1.355346179492606
8b3c900f,1,1,0,0.59701576745859
8b4b9648,1,3,1,0.6252466157509381
8b6a40f5,1,3,0,0.6017959268576718
8b802ca8,1,1,0,0.17121203794076723
8ba98f12,1,2,0,0.1459321549430021
8bc5199c,1,3,1,0.32660871879516806
8bf72a9c,1,2,1,1.2099862640762156
8c0ca955,1,3,0,0.7527696119003939
8c122779,1,2,0,0.9098108110723229
8c1f9196,1,3,1,0.7081611657531643
8c5a5a21,1,2,0,0.5975375718431348
8c6c52a2,1,1,0,0.29446785245887275
8c97411a,1,3,0,0.34898874472987423
8ca025c3,1,2,0,0.26225375121233285
8cab7bc4,1,3,0,0.5016679499077903
8cb19d64,1,2,1,0.2776740555529241
8d055cca,1,1,0,0.8103215730582598
8d11c14a,1,1,1,0.35131800734753926
8d8b8553,1,1,2,0.7036315461200677
8ddb6b8d,1,2,0,0.4142589579659144
8e59a69a,1,3,1,0.5763827122602808
8e749c85,1,2,1,0.9332693888846226
8e770d51,1,3,0,0.31026712698590136
8e80deb7,1,3,0,0.7610911762957491
8ec2cc63,1,1,0,1.1530152648998753
8ef72e3e,1,1,0,-0.08481035735513864
8f112082,1,1,1,0.905609601778355
8f13c52a,1,1,1,0.8506198039983818
8f1e1df6,1,1,0,0.7806944593451375
8f21c613,1,3,1,0.8143435513061834
8f2d131f,1,3,1,0.5440808510212958
8f68479b,1,2,3,1.1832691231895467
8f753551,1,2,0,0.623774239819858
8f9c03c6,1,2,0,0.13282481901448479
90161e10,1,2,1,1.1189851162628437
9027c805,1,2,0,0.3521170876680221
9052579b,1,1,0,0.32953889841577305
9061cc9c,1,2,0,0.10067516684066674
90778278,1,3,0,0.23995086728015352
908b1207,1,1,2,1.022571657563108
90a37530,1,2,0,0.13445755000814125
90fee6b1,1,2,0,0.449931657231788
91098060,1,1,0,0.7068063709461243
912a91b0,1,3,0,0.4972306114676561
9130a22e,1,3,0,0.4097642807653941
91386987,1,3,1,0.8363009260139225
913bea9f,1,1,1,1.0753091682876197
91656d27,1,3,1,1.1638574996500206
916f7069,1,2,0,0.5591817222827183
9173f25b,1,1,2,0.9054816346279395
9181b136,1,3,0,0.14264344982529586
91930eec,1,1,0,0.21206326800929104
91942b42,1,2,2,0.5413660955388588
91a5d06e,1,2,0,0.13652998975842628
91e23cc5,1,1,2,1.1243428683088244
91e86c47,1,3,0,0.4451383626066128
91fdc1e0,1,2,0,0.5656780208639571
92031591,1,1,0,0.9128613420393838
921146d1,1,3,0,0.3503497978793768
92293b06,1,3,0,0.8951989217257743
92622443,1,2,1,0.5756105948287887
926b3a76,1,3,3,1.307926784100106
926bd07e,1,2,0,0.3915448388329222
9271574b,1,2,0,0.5089969966048744
92bcf0e7,1,2,0,0.1447029421325905
930c567c,1,3,1,0.5719881870634209
93188a17,1,3,0,0.4253549179221897
932b5928,1,1,1,1.1163444408461465
93363059,1,2,1,0.8829438518870285
93507a1b,1,2,3,1.4556540631400923
93559639,1,1,0,0.09973905990785237
93904b23,1,2,1,0.9216788269916789
93c06d4c,1,2,0,0.4866413401151194
93c93585,1,2,0,0.49238727680646194
93cdae1c,1,1,0,0.566360985580887
93fd93c4,1,2,1,0.7180165680569409
93fda84a,1,1,0,0.02726332794491826
9405bad1,1,3,0,0.21762066980018574
9416d70e,1,3,1,1.28258676922339
945d802a,1,3,1,0.6640663128259919
948a7025,1,3,0,0.275593531696382
948e1435,1,2,1,0.9081798653198213
94902bc9,1,3,1,1.4855969181326851
9498cc26,1,3,1,0.7995314373173816
94a1053b,1,1,1,0.8412045909291325
9508b72f,1,2,0,0.6548070660277137
9521093f,1,2,0,0.9394720979833715
9540fa8e,1,2,0,0.3466192232852807
954a4c2e,1,1,1,0.6671369458328463
9568e659,1,1,2,1.1179095854056986
9570bfb7,1,2,0,0.09351163942592472
957dcb7f,1,2,1,0.1825148273114734
95cc96cc,1,2,0,0.13435358323950258
95d57ff9,1,2,0,0.879427985158465
96262441,1,2,0,0.19237975452271527
9646a500,1,2,0,0.27171498269491046
96595f1d,1,3,0,0.24897059995783594
9682cd0d,1,3,0,0.27888081145635435
96d6034f,1,1,0,0.13494011807048384
96de5f57,1,3,2,0.9574146171174005
96f13763,1,1,0,0.0705058525038128
978218e6,1,1,0,0.4159773151021384
979a5c76,1,1,1,0.939886739690521
97d0593e,1,1,0,0.40113734414619473
981568fa,1,1,0,0.5703894351432502
983bcb5b,1,1,0,1.1479752839343136
9853fb61,1,3,0,0.7760671690381183
98a4be3f,1,2,0,1.0173526076226151
98a81a90,1,1,1,0.8707971413244558
98ed2153,1,1,2,1.0795257824845588
99205f42,1,1,1,0.877634774292197
99328d2e,1,2,0,0.7425248191615368
994ee014,1,2,0,0.3945411425192189
99752704,1,2,1,0.6718956809844676
9977fb0f,1,2,0,0.40554861929027247
998115f3,1,2,1,0.5206062440641355
998cfa64,1,2,0,0.22458735266820312
99a1711f,1,3,1,1.1917523026856345
99a8a9e7,1,2,0,0.2657295693247642
99b15811,1,3,0,0.39064220089852386
99ec8c4a,1,1,0,0.6243843449988244
99fe5b44,1,1,0,0.6881754275791853
9a2082cf,1,3,0,0.3312612527785308
9a50d2d8,1,2,0,0.9660500781210835
9a7e4c38,1,2,0,0.486476517564125
9aa1a2ae,1,2,1,0.41478646289669097
9aa36639,1,2,0,0.09433410923924535
9ab4909f,1,2,1,1.0160345342058077
9af5548f,1,1,0,0.7622525892656475
9b328d6c,1,3,2,0.9368455007676413
9b5f13ec,1,2,2,0.8697856886131655
9b96b0e4,1,3,0,0.46531263170405096
9bc60f80,1,2,1,0.41682441034435663
9bd745aa,1,2,0,0.8619077462811424
9bdd6964,1,1,1,0.18375886540136754
9bf7051d,1,2,2,0.881658239552534
9c12f80d,1,1,0,0.19896155752993722
9c23dba9,1,1,1,0.6060656370079445
9c2df71f,1,2,0,0.09343103871667302
9c589c9d,1,2,0,0.11730115159790766
9cb303cb,1,2,0,1.1975577065883956
9cba0d0e,1,1,1,0.5735154462489466
9ccbc70b,1,3,0,0.34853518750763923
9ce139d3,1,2,0,0.13047234559229615
9cee3c19,1,3,1,0.5915876306705601
9cf04c41,1,2,1,0.627105277324294
9d1b2d2c,1,1,0,0.04929004978963947
9d29b706,1,3,2,0.6086106464700702
9d39f0da,1,3,2,0.5195535962946259
9d5826bb,1,3,1,0.5908054846603831
9d65adbf,1,2,1,0.9599099999244409
9d6b1410,1,2,0,0.23844422413120864
9dbdbebf,1,3,0,0.1452275489664589
9dc74359,1,3,0,1.291408683793794
9ddb06db,1,1,2,0.9944277031556199
9ddfb9e6,1,3,1,0.9672309375150681
9de6a614,1,2,0,0.8708365457378271
9e027e04,1,2,0,0.2606800219979292
9e052412,1,1,0,0.21096456236009592
9e171735,1,2,0,0.6674244460152899
9e29b5d2,1,1,0,0.5997509794335771
9e7860ef,1,3,0,0.23151695058807958
9e964060,1,2,2,0.2209577373589956
9eb283e4,1,2,3,0.9836948673884158
9ebb73c7,1,2,0,0.4812639978771497
9f3ca269,1,1,1,1.118563367386388
9f5f15ef,1,1,1,1.0615880003297646
9f70688f,1,3,0,0.07725026386987544
9f9be55c,1,3,2,0.7918670056692172
9fa5cdfd,1,3,0,0.24354166220558587
9fa68512,1,3,0,0.10447085251172972
9fbf31f9,1,2,0,0.20896534918282023
9fbfa81b,1,3,0,0.20100175610912563
9fec142f,1,3,1,0.9598790684695073
9ff73d95,1,2,0,0.3751327444117727
a00c85e7,1,1,1,1.167849598473028
a0182b17,1,3,0,0.7356101418122634
a0277c1c,1,3,0,0.33394891450523845
a032d7bb,1,2,0,0.46787789767394167
a0497d5d,1,1,1,0.7492352218497189
a0510686,1,2,1,0.19036579281234223
a0522c83,1,2,2,0.5247533838292107
a07ec6fb,1,3,1,0.6800070876246487
a0811cc1,1,1,0,0.3657708512587792
a08ebf6e,1,2,3,0.8984983303178737
a0dffdeb,1,1,1,0.21920728365961806
a148b46f,1,1,0,0.26041794009403313
a17f6cfd,1,2,0,0.975119525872399
a1814875,1,1,2,0.8848900039315868
a1942b0b,1,2,0,0.29756947931782046
a1ab89aa,1,3,0,0.07493114143015667
a1df952c,1,3,1,1.2226632031462836
a213c519,1,1,0,1.0031340036425676
a2240f50,1,2,2,0.8121834512362603
a26c3e8f,1,1,1,0.26023499032213626
a28c7891,1,1,0,0.8074325738050137
a297d1b9,1,2,0,0.1588252805779476
a2a8f352,1,2,0,0.12797713144739364
a302a015,1,2,1,0.3882879394748343
a317c78a,1,2,0,0.568377891027606
a3413f0a,1,1,0,0.22874644052020615
a363ec1b,1,2,1,0.8757335652447154
a3858c6a,1,3,0,0.8325133157462863
a3abe528,1,2,2,0.5158439362745828
a3b146ca,1,2,0,0.2664773890512229
a3bd8858,1,2,1,1.2208617479809667
a3e53e34,1,2,1,0.7564599630331509
a3ec2999,1,3,1,0.5795511722772222
a402c6c8,1,2,0,0.4102824343567524
a4481101,1,3,0,0.6338481121492926
a457a4ab,1,1,0,0.18105850374233295
a4c15213,1,1,0,0.3666502442462528
a4e0447e,1,2,0,0.5251509777752994
a4f13c0d,1,3,0,0.9840515307026676
a5078c62,1,1,0,0.7158019275378871
a5099438,1,1,0,1.4154025074841408
a5356446,1,2,1,0.7854887270782475
a54d22e7,1,1,0,0.2189534912557572
a55b715d,1,3,1,0.7901960733124217
a5710c0a,1,2,0,0.4348901151215122
a59b2411,1,2,0,1.028974014834938
a5a737f3,1,1,0,0.354315387298513
a5c87de6,1,1,0,0.344032095283324
a5dbb00a,1,1,1,0.6601274816987664
a614af1b,1,1,0,0.5016764970289729
a62edc1c,1,1,1,0.10728493994620392
a65b2226,1,2,0,0.3849215526367058
a6969e1a,1,3,1,0.5178924274724678
a69f89e2,1,1,0,0.25239031219188235
a6fbb2e7,1,3,0,0.4171672302865952
a70bb2c5,1,2,0,0.6516047915084001
a7639eb5,1,2,2,1.1791549936443197
a774c63b,1,1,0,0.4862836860874648
a78766db,1,1,0,0.9660108737148365
a808ad0a,1,3,0,0.9289198870363422
a814e825,1,2,0,0.6309061591420724
a84ae7e0,1,1,1,0.7599489171642974
a8722cde,1,2,1,0.8371167881427106
a886c07b,1,1,2,0.729855068982468
a88cd304,1,3,1,1.0828771683425775
a8926a86,1,2,2,1.1080879381025486
a89284b2,1,2,0,0.17939485139846628
a8b0428d,1,2,1,1.19642172029282
a8c1aab5,1,3,0,0.32057300915829867
a8d90be8,1,2,0,0.7794049590320595
a8d9de72,1,3,2,0.52113130700243
a8dc2e05,1,3,0,1.1116607506892984
a922ef3f,1,3,2,0.29617406616612607
a952659d,1,1,2,0.8212791875478612
a9595acd,1,1,0,0.4786013273317083
a95b4487,1,1,0,0.5638710263850467
a9717f92,1,1,0,0.3197920389408437
a9aa2336,1,3,0,0.8387677457676797
a9b84b96,1,2,0,0.1020675291985293
a9c53cdb,1,3,1,0.33167879050047044
a9c5f872,1,3,0,0.592972362103659
a9e5794a,1,3,0,0.5439018209467132
aa1700c7,1,3,0,0.2758258755290433
aa295760,1,2,0,0.33766445178068094
aa61d9da,1,2,0,0.9877445315794444
aa776ef6,1,1,0,-0.035961805409827186
aacb0b33,1,1,0,1.0119442342546887
aae9800e,1,2,0,1.0270619333930355
aaefeff0,1,3,3,0.7001752796127411
ab2ad965,1,1,0,0.075725758384808
ab36aa48,1,1,2,0.4296403306833313
ab4b6c15,1,2,1,0.8302795547720623
ab4fe82b,1,3,2,0.702576385528969
ab54c39e,1,2,1,0.7143869264648781
ab5889ef,1,2,0,0.12219802359258225
ab6e1b81,1,1,0,0.171344359279402
ab8245da,1,1,2,0.46518063198207604
abaf745c,1,2,0,0.2563026282516868
abb3b071,1,1,0,0.49582026552823794
ac1ad4a7,1,3,0,0.18503384536531214
ac31e154,1,3,0,0.4348692811170689
ac3ba541,1,2,0,0.19010927624857954
ac5fad3b,1,1,0,0.15286036354118382
ac66c144,1,1,0,-0.04844495490959688
ac675a81,1,1,1,0.33564947734166206
ac67c949,1,2,0,0.13096974402609968
ac967bb9,1,1,2,1.0221624483609888
acb75c15,1,2,0,0.6497174004692892
acde8e47,1,1,1,0.7007934542659241
aceefa4f,1,2,1,0.8253151944081143
ad0bbf35,1,2,0,0.1449243740399223
ad1dfc9a,1,2,0,1.0017424135906015
ad319a21,1,3,1,0.7882616721359887
ad380962,1,3,0,0.221300373925423
ad536dea,1,2,1,0.6256096373020024
ad8189bd,1,2,3,1.1061938162097507
ad8945e3,1,1,1,0.5510433647430826
ad9f821d,1,2,0,0.7012656506119717
adaf7461,1,1,1,0.6331184165037276
adba23f0,1,1,1,0.4677579121171042
adbd6839,1,1,0,0.3650072498329217
adc2d620,1,2,0,0.3081553818154183
adc71322,1,2,0,0.558574363104427
adf444ff,1,3,1,0.5152366483127486
adfef47a,1,3,0,0.14852768202682165
ae4fdae6,1,3,2,1.150329526856717
ae6e4380,1,3,0,0.3136371445620343
ae712150,1,2,0,0.6582113093295643
aea63a78,1,1,0,0.31668280803882276
aecc7e74,1,3,2,1.22175053804569
aed29ee7,1,1,2,0.7240450792582404
af1c2775,1,3,2,1.2243379244436325
afa6cc9b,1,1,1,0.6565874367145166
afa92c37,1,2,1,0.7642144540662346
afae8244,1,3,1,0.31730759989354324
aff48273,1,3,1,0.7430417012860941
b01cb004,1,3,0,0.3294971419441958
b074f33b,1,2,0,0.5043570056110794
b08423c5,1,3,1,0.817968165559829
b08f0ca4,1,1,1,0.10785112606972264
b092b360,1,1,0,0.6268396262245871
b0b57cb7,1,1,1,0.44944374791717806
b0e96997,1,1,1,0.4502159373254444
b120a337,1,3,0,0.43240617253446156
b1883100,1,2,0,0.09323582792924773
b1bc2fe4,1,3,0,0.09865461899235012
b1f064ac,1,1,0,0.6914032134740664
b21f7b12,1,1,1,1.197137983793277
b2290813,1,2,0,0.9502182028406307
b2382d94,1,1,0,0.14654280839192046
b2594910,1,3,0,0.5673394220727026
b25abc27,1,1,2,1.3074593850609306
b285eac6,1,2,2,0.2799720698929499
b2a73566,1,1,0,0.7433134540474082
b2b56219,1,1,1,0.5757977202445659
b2b792a7,1,2,0,1.2396715280867028
b308c03e,1,1,1,0.7226651153620995
b347b9cc,1,2,0,0.25118465386119754
b37281d5,1,3,2,0.49118040532189244
b39504a7,1,3,2,0.8985412303554741
b3b200af,1,3,0,0.4243421541062668
b3d74a58,1,3,0,0.05587612687958077
b3e10f59,1,2,0,0.12170680803845152
b3e14267,1,1,0,0.8575690190525704
b3f5c066,1,1,0,0.48255482237365716
b4002374,1,3,1,0.9046032585515991
b41cee02,1,3,0,0.46007637944518853
b447e66d,1,2,1,0.26827139729504446
b449ac61,1,3,2,0.8159366723038115
b452f767,1,2,0,0.3660451256007907
b463e777,1,1,1,0.15050928290850407
b4885e6f,1,1,3,0.8978332774714544
b494401a,1,2,0,0.677728359226966
b4bd49a0,1,3,1,0.14293996425777333
b4e69f09,1,1,0,0.12290134533946406
b516ca6f,1,3,0,0.4740136894313598
b53a8f23,1,1,2,0.5282604768412503
b55f7943,1,3,1,0.6733461969982543
b57e33a6,1,1,1,0.06813789193428188
b5a0707a,1,2,2,1.0668750311742548
b5b2d51c,1,1,0,0.28500588070791566
b5c2bc50,1,3,0,0.2906459915666561
b62a320b,1,2,1,0.312791789992955
b69bf1f7,1,3,0,0.6062941679667699
b6af12af,1,2,0,0.3986645384796594
b6caa7fb,1,1,0,0.2563628164220622
b6e9a65f,1,1,0,0.178470590008167
b712b69b,1,3,2,0.9758395067139051
b746cbe3,1,2,0,0.20442125363295693
b7a61f8d,1,3,0,0.19033185872483832
b7ac57d5,1,2,1,1.1494941023757703
b7c3834f,1,3,3,1.1842309912677358
b7eb466c,1,2,0,0.6441875858459041
b802aec3,1,1,1,0.9292460825039104
b816d8d5,1,1,0,0.49874518479947416
b823508b,1,2,1,0.3773041674266372
b84754a9,1,3,0,0.4896801959190551
b89537ae,1,1,0,0.3801919004621535
b89b8154,1,1,0,0.49366241482776757
b8b48fbf,1,2,0,0.4365308358481227
b9318815,1,2,1,1.0961431388077783
b95aad8d,1,3,2,0.8370500152660443
b95da85d,1,3,2,0.591477089291794
b96e3324,1,3,0,0.06317477640868319
b9c085ab,1,1,0,0.6269221936091914
b9cf3f7c,1,2,1,0.9800635454899391
b9d3616c,1,2,2,0.8691940619474454
b9dcf632,1,2,0,0.22215509133376365
b9e90f7f,1,2,2,0.9366273835667429
ba09d63f,1,3,0,0.5266773867369537
ba158a9c,1,2,0,0.6049825305832982
ba4294b3,1,2,0,0.5553509503003708
ba73bc7c,1,1,1,1.0447823572274924
bafc4389,1,1,1,0.24051080760303178
bb0d7d92,1,2,2,0.9412186503286104
bb4821ee,1,3,1,0.5345691974643365
bb808a71,1,3,0,0.8388410254966514
bba6ff20,1,2,0,0.6062727657264231
bbbd61c9,1,1,0,0.05483395745096031
bbe5bedd,1,3,0,0.3170274019149118
bc06600f,1,3,1,0.7948643778943434
bc437705,1,1,0,0.1683538017816349
bc4eaf77,1,1,3,0.9272380574465345
bc66f41d,1,3,0,0.51899071041908
bc6bd8b2,1,3,0,0.3198444673697778
bc790ce0,1,3,0,0.5777999458110132
bc95339a,1,3,0,0.3236265797662712
bccebc5a,1,2,0,0.576792627315682
bce32ada,1,3,1,0.3851592518264705
bd124dbc,1,2,1,0.5584335153842609
bd480331,1,3,0,0.5600014230986678
bd4ccd4c,1,3,1,0.5830600222305578
bd8397cb,1,2,0,0.8019371750576914
bdbdc4b5,1,2,0,0.4434793372609
bdbff28b,1,2,0,0.9423221739201938
bdcc7d10,1,2,0,0.22354754628322093
bdcddd09,1,2,1,0.619256973836399
be1c3b0e,1,2,0,0.9351820898224394
be26335a,1,1,1,1.142326881225292
be9ba5f7,1,2,0,0.9555799004918495
be9e9a8e,1,1,0,0.4763203211288713
bea525dc,1,3,0,0.6434248419660024
beafa6f9,1,3,2,0.7772980093666996
bebff291,1,1,0,0.08936425767622963
bedeb6f3,1,3,0,0.19506178608888702
bee4eab0,1,3,1,0.6552316318853787
bef259fd,1,2,1,1.0037733538483047
bef89ce4,1,1,0,0.2862954364118425
bf18965c,1,2,0,0.483428336328965
bf280e13,1,1,1,0.7766565131800534
bfade1ba,1,3,0,0.23766681929370098
bfb421f9,1,1,2,0.7688416361362113
bfb52472,1,1,1,0.9384469573599041
c03c0758,1,2,1,0.2228167943373009
c0442863,1,1,2,0.9629271262967429
c0869eb0,1,1,0,0.39416411815479024
c087b48a,1,3,1,0.9633458500981364
c0a7d046,1,2,0,1.0568886847564
c0c168fa,1,1,0,0.16099684021398447
c1200b71,1,1,0,0.1105510752983197
c1373df0,1,3,1,0.2835935295278865
c192715a,1,3,0,0.8929564305729436
c1add876,1,2,1,0.5362446237820153
c1ed20ef,1,1,1,0.43207285397470874
c24c877a,1,1,0,0.05286837968805935
c274a243,1,2,0,0.16498400475239933
c294b507,1,3,1,0.5999912223728109
c2adf42c,1,2,1,0.8417586231278874
c2b40d6f,1,1,0,0.4853791164307837
c2bac6ad,1,2,2,1.02792043512727
c2bac92a,1,3,0,0.6842300422348682
c2e15338,1,3,2,1.4544276841064687
c3061b23,1,2,0,0.7296145946751046
c308b134,1,2,3,0.8803911058616019
c30f5122,1,1,2,1.2657445165527816
c31a5825,1,2,2,0.27221711826801925
c35218d4,1,3,0,0.2783612800720676
c3760eb9,1,3,0,1.2092467331769654
c37ef416,1,1,0,0.4408088254117012
c38585c5,1,1,1,0.4302382481842368
c38a5c9b,1,3,2,1.0878315087277297
c391e9c0,1,2,1,0.5345122955735276
c3a86e3e,1,2,1,0.3321971476253517
c3adae87,1,2,2,0.807051148601795
c3b87e5c,1,2,0,0.2952624600437639
c3dde859,1,3,0,0.3130035020363915
c409bc9d,1,3,0,0.1095222129783694
c41274a7,1,3,0,1.1926288593535475
c418e47a,1,2,1,0.9422652117800849
c42b7972,1,3,0,0.6275349190517108
c43b985c,1,2,0,0.4023603629320507
c446e1c5,1,2,2,0.9979714145487061
c45068a1,1,2,1,0.9728954024061169
c459095b,1,2,2,0.9215800002464876
c4aa8d47,1,1,0,0.11614726743719839
c4c2076b,1,3,0,0.17512910243743346
c4c86e6f,1,1,1,1.1903543315201672
c51c1139,1,1,0,0.21413119903450623
c55187b4,1,1,0,1.1417686299760557
c55cc646,1,2,3,1.0629408272512677
c5c891c1,1,3,0,0.5200243596405881
c5e91ebc,1,1,0,0.4367640864265899
c5f3d60c,1,2,0,0.12047072648308255
c6287031,1,1,1,0.9715075617225325
c63f1965,1,3,0,0.3831582915467838
c678730b,1,3,0,0.33993614347877243
c68c9809,1,1,1,0.6176813585029846
c69ffa09,1,3,0,1.195910217776957
c6a92a65,1,1,0,0.2464617901362549
c6b7811e,1,2,2,0.472410271184343
c6cc7467,1,3,0,0.6494843563619732
c6da0d4b,1,3,0,0.3911312253864643
c6ead822,1,3,1,0.9599856568071865
c715832b,1,3,0,0.5291711525306053
c731458f,1,1,1,0.7627839181201745
c73dd2e4,1,1,0,0.5230831968186315
c73f149c,1,1,0,0.417255815370334
c7d61396,1,3,1,0.5205488593838408
c7d9e964,1,2,0,0.3196635945380832
c7fd8939,1,2,0,0.23001806860619856
c805ebe7,1,3,0,0.07744912626923506
c829500d,1,2,0,0.31693601393284654
c892f324,1,1,0,0.08381718537910166
c8cc2e1b,1,2,0,0.30989643612771506
c8fbbc8a,1,3,0,0.604949035927892
c9133895,1,1,1,0.5933489289505884
c9537127,1,1,0,0.6015870184720912
c96b9609,1,1,0,0.10807430762994313
c98527f7,1,2,0,0.28603456923109083
c9879365,1,2,0,0.6126442842712285
c9902f48,1,1,1,0.40072778179882296
c9a57335,1,3,0,0.19291592525383877
c9ad9c75,1,3,0,0.8632425506076378
c9dabad5,1,1,0,0.48897780449429784
c9e419e7,1,3,0,0.379461791165308
ca1bdcd3,1,2,0,0.30392222077515446
ca3204b0,1,3,0,0.6476635615842784
ca33a5e7,1,3,2,0.4202559872141302
ca724703,1,1,0,0.561790947901777
cac0f438,1,2,0,0.3346701007475339
cad3bc70,1,3,2,0.986199973592421
cadd4ae5,1,3,0,0.38443137477846234
cae31194,1,1,0,0.22583169170319206
caec8d59,1,1,2,1.2137818904373079
cb054226,1,3,2,0.4686993865159841
cb2752bc,1,2,1,0.9667762295258204
cb3b7c3c,1,1,1,0.8974233995391296
cba1c8b5,1,1,0,0.7679466352765498
cba39753,1,1,0,0.7722553202019498
cbb1ddec,1,2,2,0.5173286964645407
cbca33a5,1,2,0,0.4910118227307708
cbcf8cf2,1,1,0,0.5671030086122048
cc010b72,1,3,0,0.17033770379919494
cc16d472,1,1,2,1.0319788154958531
cc224be2,1,3,0,0.48637423023338355
cc25e136,1,3,2,1.0732103439354388
cc477243,1,2,0,0.5705888639357217
cc5143df,1,3,0,0.5443041771171794
cca40abb,1,3,0,0.11305970442519092
ccc9db97,1,1,1,1.504111370448884
ccd0fe74,1,3,2,0.5883580485724577
ccd3cb96,1,2,0,0.26271787305416466
ccdb4ae5,1,2,0,0.4179118692708442
cceddb57,1,1,0,0.8753618139794037
cd144127,1,1,0,0.3939974731599295
cd1fff5a,1,2,0,1.2293395405839824
cd36e51d,1,1,2,1.0076172335686742
cd39e576,1,1,0,0.6293992945061372
cd68643b,1,2,0,0.10697135097709481
cd703872,1,1,0,1.0963777408339865
cd89d5f1,1,2,0,0.8531632580655187
cd8ec8ac,1,2,0,0.5347022618033571
cd8f3c61,1,3,0,0.20181910107916967
cd92eaf6,1,3,0,0.37713768875550796
cda90e9e,1,2,0,0.7818518928865479
ce031b1b,1,1,0,0.4480770985320647
ce379a6a,1,3,1,0.7105267742512564
ce6eeadf,1,1,1,0.8841720017714039
ce95b2e1,1,2,2,0.9452485590133652
cea35700,1,3,0,0.3398865372313247
cea73edd,1,1,0,0.5252616236288449
cedf96c5,1,1,0,0.3889616500401126
cefdb7fe,1,1,1,0.94407016278002
cf0d6d38,1,1,0,0.22897858207369642
cf2e4065,1,2,2,0.3564627620374552
cf86987d,1,1,2,1.1651438384884727
cfbbdd3d,1,2,1,0.6148298000455437
cfcf9dc9,1,2,2,0.29961325105818243
cff4bcee,1,3,0,0.2538190663403428
d00b493e,1,2,0,0.6277450612882417
d0429481,1,1,3,1.5427879845837467
d05f5d71,1,1,2,0.6597835663681733
d0ef0744,1,3,0,0.9654232125833855
d11428bd,1,2,0,0.7252016914715267
d1145910,1,2,1,0.9705469954388501
d14d79b5,1,3,0,0.3218282103503675
d19e1025,1,1,1,0.5539442059271489
d1a38988,1,2,0,0.4038615123656367
d1aa6625,1,2,0,0.42848257557908814
d1aafc4e,1,3,1,0.9477035126941389
d28f0d44,1,2,0,0.5523221721554571
d2b84f45,1,2,1,0.8909542850754133
d2bcca68,1,1,0,0.4803980603724453
d2d9b474,1,3,0,0.7325569015848179
d2fcde50,1,2,0,0.308584117284142
d3b860ab,1,2,1,0.12651630521941332
d3bf6d28,1,2,1,0.8230007932800905
d3e45961,1,2,0,0.5342528357208584
d3eda827,1,1,0,-0.04556835017796812
d4337a28,1,2,0,0.24626156238564245
d445fb74,1,2,2,0.7933022350054795
d45bae93,1,1,0,1.184143192424436
d476f528,1,1,2,0.8554588113292054
d4a81b97,1,1,0,0.8080565655335199
d4b935f8,1,3,0,0.8155606861653862
d4bfc83f,1,2,1,0.18644222930257337
d4c2e9a1,1,1,0,0.17825588425079936
d4d2f272,1,1,1,0.7436550180129904
d4d9f7f9,1,3,0,0.3352508082409068
d4f3e585,1,2,2,0.9910516789881006
d506f4c7,1,3,1,0.8129921600746169
d50a8c3c,1,1,1,0.8269902088890181
d53ead5c,1,2,0,0.4589995115401513
d547d0da,1,2,1,0.4720942970700546
d565ccf6,1,1,0,0.5995668427102953
d57802c5,1,2,0,0.3924571501955487
d57f6c9e,1,3,2,0.8596310521702115
d5a8d9b0,1,3,2,0.8594884231402107
d5b089a4,1,2,1,0.7065496516929666
d5fb07d2,1,1,1,0.805544655754334
d61359ee,1,1,0,0.0028413929028108242
d6251195,1,1,0,0.11145814271356558
d661ddf7,1,3,1,0.5449187672938001
d6723b39,1,2,0,0.3280223979823984
d6add300,1,3,1,1.1674136477766315
d6be0a92,1,3,2,0.5008673646165963
d6c4d9eb,1,3,0,0.49633567120510946
d6cca65e,1,3,2,0.7792786909164393
d74e4d7c,1,3,1,1.21702962380621
d766a1c8,1,1,0,1.074565943591447
d77ac332,1,2,2,1.0023286256815387
d788a6a8,1,1,1,0.20520926715888743
d78f437c,1,2,0,0.15646906862474647
d791703f,1,3,1,0.9633629805536741
d7c063b4,1,1,1,0.1853825433749709
d8037389,1,1,1,0.8425836101185933
d80b8bb6,1,1,1,1.3028348618553314
d8196954,1,3,0,0.19303741426273802
d81f28d3,1,2,0,0.2389513859184234
d82e9b87,1,2,0,0.1561901875876225
d859115e,1,2,0,0.7243983213179059
d87d3d03,1,2,0,0.4174572351180929
d87e2d01,1,2,1,0.9124502186516286
d90900e1,1,3,0,0.29641265335054007
d94c91bf,1,2,0,0.26808934929294775
d980da40,1,2,0,0.11601930848432856
d98be7a1,1,1,0,0.07824274289428712
d9ae9a13,1,2,1,0.8490155780087378
d9c82502,1,2,2,0.25801917888291503
d9eb30bf,1,2,0,0.945703097684151
d9f16cd2,1,1,0,0.4783951664928897
da19c97e,1,3,0,0.16335396058025847
da1b21b1,1,3,0,0.12957958856985602
da5a8921,1,2,0,0.17836299534221234
da94e67d,1,3,2,1.243702208179218
daa9b0aa,1,2,0,0.19377312418822867
dacfdb2c,1,3,0,0.19028797606040165
db175ab6,1,1,0,0.224600667940838
db23fbe4,1,2,0,0.6702950149981576
db38d1f9,1,1,1,0.6494837062500968
db3b1dd1,1,1,0,0.3128726858403188
db49ac7c,1,3,0,0.7575374127507852
db609511,1,3,0,0.07383278880396182
db746de0,1,3,0,0.7710904724786054
db9353fd,1,1,0,0.23607966571919714
db9eae59,1,2,0,0.7430861877826452
dbfa6d84,1,1,0,0.14091564020885305
dc168599,1,1,0,0.3197860372123428
dc33dcef,1,1,0,0.46500962373697563
dc52906a,1,2,1,0.3514276789472831
dc6870da,1,1,0,0.43038700874149227
dca065be,1,2,0,0.23443655886343157
dcd2586d,1,2,0,0.6607909446714633
dce2a54d,1,2,1,0.38508272207185895
dcfcd574,1,1,0,0.526437092048849
dcffa5d6,1,2,0,0.32861103192610097
dd02cfa1,1,3,1,0.49744932346927445
dd6679a9,1,2,1,0.935124034600542
dd689eb0,1,3,0,0.07859840294764353
dd747bba,1,2,0,0.3042311663288669
dd9c9576,1,3,0,0.39533440014541404
dd9ce3c4,1,1,0,0.5064974152907724
ddd0cb12,1,2,0,0.3123732921396325
dde82df7,1,1,0,0.14413053838007067
ddfddd87,1,2,2,1.1418823431085303
de3750cc,1,2,0,0.14014075004254478
de3ecca9,1,1,2,0.8245443809777391
de6797db,1,1,0,0.31286818522872384
de91310c,1,1,2,1.2653649301812036
de961552,1,1,1,0.20882052061664985
de9fe1e0,1,3,2,0.9824017144939756
dea0552b,1,1,1,1.0341832468072376
dec9056d,1,3,0,0.08688243650813748
dee9eb9c,1,1,0,0.7266024708378837
df4a0fee,1,2,0,0.4417534859770573
df4d2085,1,2,1,0.5215952605504386
df98fbb4,1,2,2,0.7010494079463855
dfaa2a59,1,3,0,0.2733281362983959
dfd87763,1,2,0,0.2719728152203989
e016d96c,1,2,0,0.45887705876944435
e0271395,1,1,0,0.2354969757634569
e0283d3d,1,2,0,0.14921745096179911
e0655da2,1,3,0,0.23052258458704944
e0706ce2,1,2,1,0.3786936593218452
e072b994,1,1,0,0.018249773255514024
e0736134,1,1,0,0.35715873751884575
e0767d64,1,3,2,0.9878204848446075
e07fa0b1,1,3,2,1.099689044309177
e0869709,1,1,2,0.8415888597910071
e0a7f42a,1,2,1,0.7337420813851618
e0ad6550,1,3,2,0.3023347258406021
e0c4e965,1,3,0,0.5782463497639042
e0e35d4e,1,1,1,1.1895096981309283
e0eb3ea8,1,1,2,0.5935360332397969
e0fb3838,1,2,0,0.08235078381032868
e12c2944,1,2,2,0.7711899574108898
e16a4784,1,1,3,1.3831542409055895
e17b9cae,1,2,2,1.0476303015997854
e1958a83,1,1,0,0.01968445557830223
e199d438,1,1,1,0.9794813506975841
e1a4575f,1,1,0,0.23866691443705168
e1af39f8,1,3,1,0.5487495677875738
e1ccc3d1,1,1,0,0.23888908899445405
e1ea8dd7,1,2,0,0.7657851335167715
e21255e2,1,1,1,0.7183486260610562
e22cf08a,1,1,0,0.23237453875976194
e23a8a0a,1,1,0,0.6342519274489178
e243119c,1,3,0,0.4390479037086995
e252dcb6,1,1,2,1.3416983774540945
e25f7b9a,1,3,1,0.23604364338110967
e28c0bfa,1,1,1,0.8440745810520931
e296c5e4,1,3,0,0.18152181380710924
e2cb8401,1,1,0,1.2622137741871895
e315fdd7,1,2,0,0.9084121771138292
e318ec9a,1,3,0,0.23082135124373931
e328a032,1,1,0,0.6743827848389643
e34b9430,1,3,1,1.1935956941642183
e3a6f97f,1,2,1,0.9150834456031403
e3aa85a3,1,3,0,0.415603563121782
e3aa9dcb,1,1,1,0.8657229944494698
e3af914a,1,3,1,0.6416939750474341
e3bb3735,1,2,1,0.8735584048909599
e3cec795,1,3,1,0.3129519244681452
e3d5aab8,1,2,0,0.10151007840927484
e3f71f7a,1,2,0,1.1657818558396043
e40319d7,1,2,1,0.5795566780470797
e4614ec6,1,3,1,0.20930149501250112
e4762a2b,1,3,1,0.7971496857532182
e4a2e3bc,1,1,2,0.5337605018924362
e4ab3b12,1,1,0,0.1641482302790589
e4c008b9,1,2,0,0.3494969244162123
e4d396d7,1,3,0,0.26509414306513385
e4db6712,1,2,1,0.4599300386676539
e4e58096,1,2,0,0.5461228483170636
e51193d1,1,2,2,0.2528576190778035
e515c971,1,1,1,0.5058636435740044
e5349ce2,1,3,0,0.2149364146808575
e537418f,1,2,1,0.8991833985319837
e56b2209,1,3,0,0.36854772272277136
e5d77ff3,1,1,1,0.7424598713627383
e6169c6d,1,3,0,0.3158132948630224
e63000c5,1,1,0,0.04972736362181196
e63a0ea8,1,1,0,0.11907274009340102
e664dd71,1,2,1,0.09134471989013904
e683d2c9,1,2,1,0.8445521089694985
e715739b,1,2,1,0.6335960966522977
e71f347e,1,1,0,0.9320828960147999
e72af462,1,2,1,0.7542529462928622
e739c579,1,3,1,1.0212211525466692
e7401605,1,3,0,0.1998404725697544
e754411f,1,1,0,0.9259970456971984
e79487a3,1,2,0,0.3481989393177268
e7bbb32e,1,2,1,0.7295298821586707
e7d08824,1,3,0,0.9122953371633019
e7db432d,1,3,0,1.0194050825666596
e7db9aef,1,2,2,0.7140723370511262
e7e43817,1,2,1,0.23867811186196436
e7ee0921,1,1,0,0.10096072919492577
e86bb780,1,3,0,0.14993101292292155
e88aa867,1,1,0,1.3972557563015573
e892aec6,1,3,1,0.18907535313676394
e8ac21d2,1,2,2,0.7969167168489661
e8af663d,1,1,0,0.5366647418379699
e8d9d5ea,1,1,0,0.6254207961788208
e8e82627,1,1,0,0.5275602113031983
e9030ab7,1,3,2,0.9410098955468216
e90a63d0,1,2,0,0.41161299571923227
e912c973,1,2,1,1.1524100428067907
e934bf0a,1,2,1,0.6090303988477772
e96763c1,1,1,1,0.751603117404188
e96da61f,1,3,0,0.23405262238826086
e9a6c514,1,3,0,0.3325051192279416
e9b642a3,1,1,1,1.236148717976708
e9d94c4e,1,3,0,0.4787880535784665
ea38bd63,1,3,2,1.465990021830064
ea4619ec,1,1,0,0.48401527938316097
ea7277b4,1,3,0,0.42197391451957555
ea7adcd6,1,1,0,0.9196531412319334
eaa4821d,1,3,0,0.17263368947599494
eaab7a96,1,1,0,0.7350845193670916
ead25f13,1,1,1,0.3896178098459276
ead871be,1,1,2,-0.0544294010604236
eaedb188,1,1,0,0.6404709548152039
eb00abb3,1,3,1,0.13507155916419622
eb891208,1,1,0,0.7125423133818983
eb90ee20,1,1,0,0.4148804225846706
eb93a46a,1,1,0,0.2348163822353262
eb9a846d,1,3,0,0.4359187100851074
eba27772,1,3,0,0.11444889103224754
ebd15fdc,1,3,1,0.7963803192894406
ebd6f819,1,2,1,0.9345330008084654
ebf2b0c9,1,3,0,0.5854059870213193
ebf30e46,1,2,0,0.6973716161675251
ec015bbb,1,1,0,0.11621426614736041
ec0f4afa,1,2,0,0.39528425968095976
ec220299,1,2,0,0.671192839960262
ec4a1461,1,2,2,1.0697512178712416
ec65cd62,1,1,0,0.4362397721715045
ec6b57b4,1,3,0,0.7048282792524311
ec890dbd,1,3,1,0.5289892526938633
ec8f8f95,1,2,2,0.7883983711865543
ec9044f5,1,1,0,0.6863793213117869
ec9179b7,1,2,0,0.14530350212634996
ec9195be,1,1,0,0.5454167708591958
ecbdbe55,1,3,0,0.17951668389091546
ecd22509,1,1,2,1.2642376456316005
ecd25dd1,1,1,0,0.9268560608630498
ed329c15,1,1,1,0.8506046695435305
ed50a6f6,1,1,2,0.652035461198526
ed61b01e,1,3,0,1.0273790642942868
ed711416,1,1,1,0.4202029730583155
edb86a64,1,1,1,0.6518437432151238
edb9d0f3,1,1,0,0.3207295914247226
edbf35f3,1,3,2,1.2985560725209284
edc44560,1,3,0,0.7341037544059599
edca760c,1,2,1,0.555977831638469
edeec50d,1,2,0,0.28763830611949726
edfe1f8d,1,1,1,0.7093224614483442
ee0fa75a,1,3,1,1.1198014548387296
ee21612e,1,2,2,0.777791377362876
ee2bf575,1,2,2,0.8523609546701856
ee4e9eed,1,2,0,0.3741944768361434
ee67eb55,1,3,0,0.30684092787049827
ee74be35,1,3,0,0.45820003643644003
ee7de96c,1,3,0,0.06879244378526816
eea74d46,1,1,1,0.19618862860159209
eec0d188,1,2,0,0.34337523952384685
eef79620,1,1,0,1.086029427864418
eefeb431,1,2,0,0.9116996397532081
ef07f833,1,2,0,0.12386125541566373
ef1b858a,1,2,0,0.2440701660731886
ef4ae515,1,3,0,0.04711250081349827
ef58dd3c,1,2,0,0.7520603658817564
ef9617e7,1,2,2,0.5995600290183102
efa35d35,1,1,0,0.2750308048082912
efcef0d6,1,3,0,0.7197848506780833
efedde24,1,2,0,1.2257788597010904
f015a18c,1,3,0,1.0820216844038741
f028534c,1,3,0,0.6972655315975183
f0356a48,1,1,0,0.33778522491231633
f08a5ac3,1,3,0,0.7136538378417656
f0957ca1,1,1,2,0.7319826177893802
f09a076a,1,2,1,0.8415804066466372
f09b02cd,1,2,0,0.46281263580736676
f09e7b33,1,2,2,0.8636778996523916
f0b5d026,1,3,2,0.6737469553021639
f0d76b32,1,3,1,0.6165665762886074
f0ed5690,1,2,0,0.3865737423181536
f0f3e41f,1,2,0,0.7697158180247466
f1049268,1,3,1,0.7128820701850137
f13cb65e,1,1,2,0.7863007772913286
f14e55d7,1,1,0,0.7177049157241172
f15dca1b,1,1,1,0.655537124326781
f1702318,1,2,1,0.5352031043993393
f1a16e58,1,3,1,0.701306957485812
f1baabc1,1,3,1,0.31087356559406476
f1baae47,1,2,1,0.7359993764746993
f1bd0f59,1,3,0,0.701766735711354
f1ed2e85,1,1,0,0.33708575412981623
f220a837,1,3,1,0.9385272296415863
f2260009,1,2,0,0.46421974131960775
f240387a,1,1,1,0.4939608433502515
f2499682,1,3,0,0.2883627724130823
f2649b91,1,2,1,0.7889641757476399
f29d4094,1,3,1,1.110831415131051
f2d4efd8,1,2,2,0.8895210224161372
f3020788,1,2,2,1.0848443628039028
f32a9580,1,3,0,0.35287014279167017
f3600deb,1,3,1,0.4127113448523603
f3a1dd3b,1,3,1,0.6776676291775899
f3d22832,1,3,0,0.4832490132714002
f3fbe6c9,1,2,0,0.8805160208154924
f4114031,1,2,1,0.830149138194354
f420b05a,1,3,0,0.11242242827592469
f4223e3a,1,3,2,0.4859271504755094
f44f1227,1,2,0,0.49170185311770986
f47a67cc,1,2,0,0.1065352335047684
f47abc42,1,2,0,0.45688501739914505
f497dd7b,1,3,0,0.43136670394307364
f4d2f5af,1,3,2,0.693841067030784
f4ece6b5,1,3,0,0.14961984245089838
f52a2597,1,1,0,0.49317581676552064
f5369cea,1,1,0,0.04483683205901601
f54eebeb,1,3,1,1.0510449831388322
f566e5cc,1,1,1,0.7685194259787749
f567a1af,1,3,0,0.1741581233749
f57de847,1,3,0,0.6159567101680371
f584742f,1,3,1,1.0723166569246843
f58ddd4a,1,3,1,0.5544175237122572
f5ad7abc,1,3,0,0.1351186691056422
f5d4c82e,1,1,1,0.7226481402410084
f6284dcb,1,1,0,0.4264448762487998
f62b317d,1,1,0,0.8637717477215542
f64ae747,1,2,2,0.8596474956662171
f64e1d85,1,1,2,0.1912147431737925
f64f877b,1,1,0,0.3086058129417997
f67908e7,1,2,0,0.34560778592477653
f68f158d,1,2,0,0.6686314234997753
f6b719ee,1,3,0,0.16926079386270465
f6c0e2b7,1,1,1,1.0179816815296199
f6c20447,1,1,0,0.19163421013394538
f6cc80a9,1,2,0,1.2467912375916994
f6d6f400,1,2,0,0.9507517152770393
f6d879aa,1,1,1,1.1063486783117096
f74c45c1,1,3,1,0.8993348702395043
f74eda33,1,1,2,0.8640597795960454
f75c957f,1,2,0,0.09700893478331751
f77c2636,1,1,1,0.8160904347928422
f7b1374e,1,3,1,0.8655684551105123
f7fc97cf,1,1,0,1.117467651799632
f804c9f3,1,1,1,0.8148415567314027
f81598bf,1,1,1,0.706118905012799
f817f33a,1,1,0,0.13976651223726566
f848f42b,1,1,1,0.42234415380867296
f8674e15,1,1,1,0.666180027886502
f869d220,1,2,1,1.2049361504566676
f8b08332,1,1,0,0.4384703275396519
f8b36382,1,3,1,0.43882113150134433
f8d293a0,1,1,0,0.07660210495750108
f8e3467e,1,2,1,0.44488360707480346
f8ff0bc8,1,1,0,0.8493787482063317
f922ae21,1,1,0,0.5966996872235933
f93010a8,1,1,0,0.4422641815699222
f9334e08,1,1,1,0.03446998869371121
f9897bf1,1,2,1,0.19746628380156117
fa293db8,1,2,0,0.4331949317490131
fa29ab47,1,3,0,0.14226984171650559
fa34f945,1,3,1,1.1238868833207065
fa3e1e21,1,3,0,0.338174826478044
fa472647,1,2,1,0.6440200608497432
fa4f0329,1,2,0,0.41076814745122825
fa633e39,1,2,0,0.6572994534602332
fa78d819,1,3,2,1.1900961182930705
fa9a0add,1,3,0,0.1134666214423678
fab75c2c,1,2,0,0.26989830513898844
fad07fce,1,3,0,0.49963227608509253
fb04f7dd,1,2,2,0.28776173288189616
fb22e454,1,3,0,0.7891126683600885
fb2c4db6,1,3,0,0.05886798912866098
fb3c2c87,1,2,0,0.432076374165769
fb9b060f,1,1,2,1.373551244959107
fb9c5a33,1,3,0,0.48386593022190466
fbbd97b1,1,2,0,0.503492876299078
fbda3966,1,2,1,0.6105527515323224
fc1912e3,1,2,1,0.7088788859102588
fc41be2f,1,2,0,0.14870279535915032
fc49ba65,1,3,0,0.1524692357317904
fc8e4de4,1,3,0,0.3540154642590113
fcc6347f,1,3,0,0.34743196923544173
fcd9a6bb,1,1,0,0.13917392671982481
fd028ecc,1,1,0,0.3545604981870268
fd0d9bca,1,3,0,0.04945417137840724
fd3448d9,1,2,2,0.495239270855908
fd56e059,1,2,0,0.2929263665273507
fdb6b48b,1,1,0,0.5507038134222986
fdd9799f,1,2,1,1.0892680684210982
fdea7d9e,1,3,1,0.9746538198149262
fe102a25,1,3,1,0.40940978534063854
fe2bc235,1,2,2,0.7474770246357902
fe3cbf02,1,3,0,0.17716736559741653
fe5e2dc9,1,3,2,0.4883924597080284
fe6afaf9,1,1,0,0.49820320201869334
fe9c71d8,1,3,0,0.24268395722787794
feb53635,1,3,2,1.4652481350403082
fee07f32,1,3,0,0.25836225073884567
fefaffe0,1,1,0,0.5966841906742377
ff18b749,1,1,0,0.5683945730361996
ff60112d,1,1,1,1.4142546409207908
ff6c2bb8,1,1,0,0.37930536791781255
ff8a2de4,1,3,1,0.8331395660568572
ffcd4dbd,1,1,1,0.9573958709827347
ffed1dd5,1,1,0,0.722052416079302
00008ff9,2,2,2,0.5220073805514738
000fd460,2,2,0,0.315407107220295
00105258,2,2,0,0.4802301094197795
00115b9f,2,1,1,0.27189894859823344
001f3379,2,3,1,0.6702773004135367
00abe655,2,3,0,0.46889340974105587
00ae59c9,2,1,1,0.7119114997362463
00c0cd71,2,1,2,0.291329544277479
00e6167c,2,2,0,0.6078393022107627
00f332d1,2,1,1,0.8464079819805013
00f574e9,2,3,0,0.6548714087548765
01085eb3,2,2,0,1.1610443609980396
01182ce3,2,3,2,1.395448477717903
011e71c3,2,2,0,0.8201385814602962
012e3869,2,3,0,0.11896505700557647
014c303e,2,3,0,0.37843831053036087
01cae1ef,2,3,0,0.7154469399510691
0219f64a,2,3,2,0.661936147161162
02347f13,2,1,0,0.9042593995942438
026102c4,2,3,0,0.0958794803164092
02648a1c,2,1,0,0.6498757549573521
029a19c9,2,3,1,0.7607929271620304
02c4cf7f,2,2,1,0.3829870934094555
02cebf33,2,3,1,1.1896509028776832
02dcf62a,2,3,0,0.39749826755138196
02e56a7c,2,2,0,0.3712498921198819
0347462d,2,1,1,1.2203210382010088
0357a10e,2,1,1,0.38410208448493344
035c96dd,2,1,0,0.46402356247034615
03833cec,2,3,0,0.2405703326405465
0391e587,2,2,2,0.5710094348609661
03a5c2d6,2,1,0,0.60537145201742
03a9019b,2,3,1,0.5578219591521593
03bf5026,2,3,0,0.4276116435621275
0417c91e,2,2,0,0.06883760798744754
04370442,2,1,2,0.2867183718745056
0471236c,2,3,0,0.14092541564903582
0499c3e8,2,1,1,0.6724471030458975
04ad419d,2,2,0,0.501751970147146
04afb6f9,2,1,2,0.673716441167334
04b3cc70,2,2,0,0.42788902819939423
04bb1a76,2,1,2,0.6696616192890942
04d06a9c,2,1,1,0.6713744232031781
04dc7df1,2,3,1,0.36226253021291943
04f094a8,2,2,1,0.560810917878366
0506b9cd,2,3,1,1.2543333642932062
051680a0,2,1,1,0.4680148610383914
051f73ae,2,1,0,0.6157683208190811
052a1122,2,3,1,0.7064782390076789
053d7d31,2,2,0,0.5534053081268305
055156e2,2,2,2,1.269954661071775
058990e9,2,3,1,0.7637790906984738
058d2812,2,1,2,0.9443614834318268
0598f669,2,1,0,0.41672670527154787
059e02ab,2,1,1,0.8401348995544791
059eed01,2,2,0,0.16194539507263417
05bbed1b,2,2,0,0.010430692522510054
05bc318e,2,2,1,0.8116493740997326
05d3d73a,2,2,0,0.19679096484953207
05e67680,2,1,0,0.5991066855270601
05e94f88,2,3,0,0.409324187143314
05f2d1b5,2,1,0,0.3443685857509118
0610c066,2,1,0,0.07411630213946918
061f2866,2,1,2,1.140327362870972
0632d98a,2,2,0,0.3991807105529553
063353cc,2,1,0,1.0195087339949442
06472198,2,1,0,0.09003652805346474
064e8da5,2,1,0,-0.008774863922502485
066343d4,2,3,0,0.40102030716796955
0668373f,2,2,2,0.41954138889306836
0676ead5,2,2,0,0.39838568202210634
067b9287,2,3,1,0.5990407839357335
067de065,2,2,0,0.21126147171551823
06c7dcff,2,2,0,0.48508820305212996
06eb8adb,2,3,0,0.21737463124051087
07048067,2,1,1,0.6033999164502274
0720320e,2,3,0,0.6032707067890807
0745c390,2,1,1,0.5259458273450923
07d879cf,2,3,1,0.7517875869529045
080698b7,2,3,0,0.640098785108991
08159c5e,2,1,0,0.7527170566319024
082df556,2,1,0,0.9189481517597766
0844aee7,2,3,1,0.38632642453972904
08577722,2,2,0,0.13309313723364186
0884aca8,2,1,0,0.5305369639511571
089a6b19,2,2,0,0.971513097995832
08fa44ad,2,1,1,0.37426000816151084
09039272,2,1,0,0.40852137237443376
0924b815,2,1,1,0.07689758108791256
092c29b9,2,3,0,0.18088098013631915
09331bb8,2,3,2,0.9950542955000767
0983654b,2,3,0,0.5006945260096083
098b5836,2,2,2,1.195807302904631
098d3c32,2,1,0,0.31388465238048774
099e3614,2,1,0,0.413959254950122
09b29113,2,3,0,0.11359435494238923
09d80057,2,1,1,0.2665801255536892
09eeaba6,2,1,0,0.025682661837984067
0a418b57,2,2,1,0.7468932968864234
0a431608,2,1,0,1.3710940449421507
0a4b1425,2,3,0,0.19474665247235368
0a540797,2,1,0,0.4079223923885076
0a5f1214,2,3,0,0.41374738158323976
0a775819,2,2,2,1.3230902280546752
0a822c93,2,1,1,0.9091346570335606
0a9159f8,2,1,0,0.48093839142256545
0aa90ce7,2,1,0,0.7297065538420453
0aaf08ec,2,1,1,0.5900658936485202
0ac521c8,2,3,3,0.9173613287463639
0ac5e12f,2,2,1,0.30037061554032907
0acac70c,2,2,1,1.0711435804843492
0adf511d,2,3,1,0.49455889967409944
0af81037,2,1,0,0.6530678128618558
0b4014f0,2,3,0,0.7432156924030359
0b518637,2,2,0,0.16952985880180588
0b6b07f6,2,3,0,0.2104927524893948
0b7c6100,2,2,0,0.42851954952335725
0b7d7aec,2,1,0,1.035176843171259
0b9fcc42,2,3,2,0.38919402552201887
0bd89878,2,3,0,0.2938559058278293
0bfe4fc9,2,1,1,0.8011386350158083
0c0a1576,2,2,0,0.020460251572501753
0c3d248f,2,1,0,0.1934091693423695
0c3d88cb,2,3,0,0.14813942506491662
0c4e2d68,2,3,0,0.04421484086558414
0c4eabac,2,1,0,0.06853207624547175
0c83af0f,2,1,2,0.7468076521043905
0c8efce0,2,2,0,0.05444633190300907
0ca08054,2,2,2,0.47408375059664265
0cccc6bc,2,1,0,0.3517085506087779
0d34aee4,2,2,1,0.787118387358521
0d394928,2,1,0,0.27349318221764934
0d4800c8,2,1,1,0.8728369284544528
0d4fa8f4,2,2,1,0.1497380726451139
0d570d3e,2,1,2,0.407293699798681
0d74d0ed,2,3,0,0.786633265827186
0d924604,2,1,0,0.22576266648360543
0ddab8ff,2,1,0,0.20960167524192752
0de01ae7,2,1,1,0.7974557230036458
0df44f9e,2,3,2,0.8346267128177784
0df4c27d,2,1,0,0.8664104711015471
0e1cf9b8,2,3,0,0.18406427352702598
0e1f7fed,2,2,0,0.18850131886438026
0e3b0bd2,2,2,0,0.1032464580804045
0e9c1be6,2,3,1,0.48496581391869525
0ed2a3c8,2,3,1,0.3081438738168466
0ee70b3e,2,3,1,0.7578481911355082
0f4db4f2,2,3,0,0.7594483057728508
0f6b71c4,2,2,0,0.28302452535521305
0f7f3bf3,2,1,1,0.6988485223937446
0fbb3ca5,2,1,1,1.1962181227893687
0fc19fd9,2,3,0,0.16083048432509955
0ff6ac09,2,2,0,0.4369471276026087
101c27f1,2,3,0,0.651293995240293
10258585,2,1,1,0.16363156044285676
108b8659,2,3,0,0.18451353350968663
10ad8c48,2,3,2,1.357317647195782
10be7f09,2,1,0,0.13795018862319242
10c0e99a,2,1,0,0.18522806097856176
10e46254,2,3,0,0.47145442757444683
11477ed0,2,3,0,0.8224733630826734
115d3db4,2,1,1,0.4141205098735543
1184a14a,2,3,0,0.3033733716925163
119d7562,2,1,1,1.2009905531865468
119dd2e1,2,2,1,0.3026963066268527
119e181e,2,1,0,-0.04914731291976415
11d1a5ac,2,1,0,0.3550738919067642
11f7253c,2,2,3,1.5814402098987825
11f9b26c,2,1,0,0.09543562299786784
1225fd28,2,1,1,0.6367420071324204
12380b06,2,1,0,0.6142882719862257
12cbf30c,2,1,0,0.7201157794890444
12cfb064,2,1,0,0.11576416105800413
12f37ff2,2,1,1,0.21952809703946685
1301f65d,2,3,0,0.3089533628824004
1307c41a,2,3,0,0.31684078402543225
1314bc8c,2,2,0,0.8427784762924634
137baaec,2,2,2,0.7095694675549739
137fc699,2,2,1,0.19019353997666083
13a5e288,2,3,0,0.3360915077119868
13be5672,2,3,0,0.2962669771906352
13cdb63a,2,1,0,0.026873340491987308
13d23890,2,3,0,0.9362314228802557
13d2c419,2,2,0,0.2061877943728253
13e46923,2,1,2,0.5992984295442738
13eee030,2,3,1,0.6529152003341278
13fca10c,2,1,1,0.6315277194803928
1420b16e,2,3,1,0.9179469402528923
1429abf1,2,3,0,0.39685694154604306
14391970,2,2,0,0.13323718387760192
144a9a79,2,3,2,0.5849164979793201
14568d61,2,1,1,0.1903010709831814
147c4374,2,1,0,0.027576035918446595
14a6e58e,2,3,0,0.584191150215171
14b8dd2a,2,3,0,0.6664918600812257
14eac885,2,2,2,0.7557922199869287
15227eef,2,3,0,0.8366236277045022
1522fee1,2,2,2,0.9135097508270078
154d1191,2,2,1,0.1112181866548046
1551c806,2,2,1,0.90045530382755
1562998a,2,2,0,0.7558200852622867
157b271f,2,3,3,1.2620270288049928
15a2364d,2,1,1,0.8195497119708139
15d702f8,2,2,0,0.29510410787180225
15dbc929,2,3,0,0.16132139665182438
15f217a6,2,3,1,0.6374438290152684
15f2e240,2,3,0,0.15836940878566785
1606f203,2,3,0,0.5076628693305301
1649ce22,2,2,0,0.4204207491761342
164b29ed,2,1,0,0.2078747550815666
16bf9efe,2,2,0,0.7410409502470943
16deb306,2,3,0,0.2652841567360367
16e277aa,2,2,0,0.676024663201995
1704e646,2,2,1,1.053458818225589
1713348a,2,2,0,0.41152553066680975
177f25ab,2,2,1,0.4392615650850172
17b08109,2,2,0,0.2103244340773771
17c1ae23,2,1,1,0.2283898438607599
18154f3a,2,3,1,0.8346182558763082
1837456f,2,3,0,0.6293220073455096
18400e8e,2,2,1,0.8432602171042516
1843760e,2,3,1,0.9297145645339288
18b79e9b,2,1,2,0.27730135401705547
18b8b2f6,2,3,1,0.3687275965955552
18e21bf1,2,1,0,0.208822768593308
18fdbccc,2,3,0,0.33521589135491403
18feab0f,2,1,0,0.7862136610953552
19098ef0,2,1,0,0.7184666915055953
1911731d,2,3,0,0.018938891254873136
19381499,2,2,2,0.8590805474935842
1943fb23,2,1,0,0.4787492635628525
1949438b,2,2,2,0.4293051902378333
1957153d,2,3,2,0.5621395141709115
198e50c9,2,2,0,0.7902741673645335
19b095d5,2,2,0,0.2554055254184621
19c49039,2,3,1,1.1407547205098076
1a1e8ac5,2,3,0,0.1811242628756632
1a23d282,2,1,1,0.5404162412700304
1a2412b3,2,1,0,0.6405768040143479
1a803bfe,2,3,0,0.3688084908628465
1a9f8375,2,1,0,0.39468343215419865
1aff6762,2,3,2,1.0631235505066248
1b258140,2,1,0,-0.01304484026721231
1b32427b,2,1,0,0.712080930695385
1b329556,2,1,2,0.7290356388257964
1b410106,2,3,0,0.17459878825902952
1b49c870,2,2,0,0.3032977856699356
1b5b34bc,2,3,1,0.6065657944866907
1b5fb26f,2,2,0,0.676980259450847
1b6be334,2,2,2,0.822461471237839
1b6fb363,2,2,1,0.5970411456395159
1bc6a98c,2,3,0,0.13318264697181603
1c23295e,2,3,0,0.6944093752995397
1c3b7f1a,2,2,0,0.45951035260336653
1c3c2b2f,2,1,1,0.2187260477458663
1c481537,2,3,3,1.3071410473727254
1c5ba087,2,2,1,0.7719955086920574
1c66daf4,2,2,0,0.8778748497803481
1c673231,2,1,2,0.6735819793575055
1ccf44f0,2,2,0,0.22420007036423079
1cd37b36,2,1,1,0.7231712642835785
1d02812a,2,1,0,0.9711024361440179
1d7edb86,2,1,2,0.8485434972126269
1dd90b53,2,2,2,0.8685338930688391
1dfd6433,2,2,1,0.7389457648730051
1e08b1dc,2,1,1,0.7749830733612589
1e2a1bd0,2,3,0,0.3116712299182809
1e5f6199,2,3,0,0.2148460442473657
1e7dd854,2,3,0,0.3296213464696841
1e986f93,2,1,0,0.010288207285562678
1eb206f0,2,2,0,0.5608142181878351
1eda934b,2,3,0,0.8815040227591128
1eea376f,2,3,0,1.2582920726937927
1eea8df2,2,3,2,1.2869956925944452
1eedf45e,2,2,1,0.69905489913763
1f400626,2,1,0,1.1067372112352132
1f5cefcc,2,3,1,0.8425449358516544
1f65fa82,2,3,1,1.2155337346863244
1f7bd44c,2,3,0,0.1888953236218554
1f7ec039,2,2,1,0.7444739648947002
1fc07a80,2,2,0,0.46792764499928224
1feb42f2,2,1,2,0.5294162761302844
1fed3943,2,3,0,0.3706266954315641
206c8562,2,3,1,0.4457830736863454
2084c823,2,3,0,1.160853507443237
20d7ecfd,2,2,1,0.726456115793118
2114473a,2,3,0,0.45601810618561106
214f46e8,2,1,1,0.6830603277385145
215ca39b,2,1,1,0.533568480641124
217ce5e6,2,2,1,0.9046839706553556
218faf6f,2,3,0,0.3985720733543099
21a76448,2,1,1,0.5831520227744607
21c62163,2,3,1,0.38821044648252395
21e5833c,2,2,0,0.5906969542702541
21eb6d47,2,2,0,1.0679649651449965
21f58fba,2,3,0,0.23706005063404822
223724b2,2,2,0,0.49925722713598486
22375702,2,3,1,1.3232194249485487
22389051,2,2,1,0.26483677101268
22447a95,2,3,0,1.478499639948537
224fc39a,2,3,2,0.9522187413699665
22536a61,2,1,0,0.6469947859545502
22a71606,2,3,0,0.0818674512315799
22c72c4e,2,1,2,0.7349769007257801
22e44415,2,3,0,0.3550558518483796
22f43a12,2,2,0,0.3723119201207984
232b7cb1,2,1,0,0.9639516151761054
233b9425,2,3,0,0.2845780281879049
23418fa2,2,3,0,0.13572650624478866
23567787,2,1,1,0.6271361543606416
236d450e,2,1,1,0.5231542548352822
236ecde8,2,3,0,0.19063746078990812
23d1a58d,2,2,0,0.8720643041764207
23d71e37,2,2,0,0.5069399746415476
23e024bd,2,1,0,0.7505102438083447
23e71e7c,2,1,1,1.1396145148126222
23e7f79b,2,3,1,0.40649892091175355
24591f4d,2,1,0,0.22716405913474463
2496c491,2,3,0,1.2695634097481854
249b6d68,2,1,0,0.7433972491275587
24a3b16d,2,3,1,1.1543192246649503
24ab10c6,2,1,1,0.16841702511973078
24b4bc6d,2,3,1,0.37779420262080243
24b75658,2,2,0,0.12707905900451827
24dac645,2,1,0,0.49507973007060957
24fb56db,2,2,2,1.1038810269632249
252ebc5b,2,3,2,0.6434604937449842
253f5cb1,2,3,1,1.4261271067694707
25849c6c,2,1,1,0.5293924550241059
2586774b,2,1,0,0.5133500265415943
25a3a723,2,3,0,0.6912804844748166
25e752c8,2,2,0,0.2380891555812497
25eba023,2,2,0,0.0605071468281817
260f542b,2,2,0,0.16416668169439458
2625767f,2,3,0,1.2826144117311888
262cff6d,2,1,1,1.514367805418991
26891dbd,2,2,0,0.674510951812084
269d9918,2,1,1,0.6730856712476829
26aeacdf,2,2,0,0.16969558338639718
26b1792f,2,2,0,0.2913908123820386
26b893f4,2,3,2,0.625015977109252
26d31613,2,2,1,0.9103691839471597
26d541c2,2,1,0,0.6544741621073465
26f0e055,2,3,1,0.2646567742530096
2715347c,2,1,1,1.224764966247484
273c8ebd,2,3,0,0.07759933021817911
27724073,2,2,1,0.5381758627150679
277f5b32,2,1,2,1.0091086958286701
278e8a51,2,2,0,0.09309542440644519
279d0ec4,2,2,0,0.6408809142434466
27cd2a6c,2,2,2,0.8233102219985706
27d363de,2,1,1,0.9417347120421693
27d7e5e4,2,2,0,0.22386280970500388
27e0ca6b,2,3,0,0.6672773411464591
281174c9,2,1,0,0.552006857022834
2812951b,2,2,0,0.5620933431476277
2840643b,2,2,1,0.23283786086944525
287390e6,2,3,2,1.0350646347112664
287f1349,2,1,0,0.9411595940000723
2891e36b,2,2,0,0.6633703747336113
2898269f,2,3,0,0.16920700817571283
28b91cf3,2,2,0,0.10093070848352592
28ba92e9,2,2,0,0.3084733352900173
28e973b1,2,2,0,0.7297350869730298
28f7e6ff,2,2,2,0.6161158568775977
28f99ddb,2,3,0,0.624468781876588
2911ef94,2,3,2,1.0838160412509628
29587a31,2,3,0,0.3514642637624483
29886a85,2,1,0,0.23072751414888393
29a1d334,2,3,0,0.2883723878704534
29b37b4a,2,1,2,1.2556418560737528
2a0b8386,2,1,0,0.6932195242868471
2a64085d,2,3,0,0.24070199868312692
2a81925b,2,3,1,0.5002373577665313
2a85889c,2,3,1,0.7284446327924585
2a88cbe9,2,2,0,0.35943225804045215
2a9e0dee,2,3,0,0.582165728325055
2aa15e6b,2,1,1,0.21216882604359477
2aab37ac,2,3,0,0.4587021598948841
2ac0bd9f,2,1,1,0.7367445463996798
2af3c8d8,2,3,1,1.1110794649248088
2afea280,2,3,1,0.933331513171078
2b34dcf3,2,1,0,0.272802964090014
2bac0893,2,3,0,1.1546809496630184
2bad0db7,2,1,0,0.9849122628214437
2bca454a,2,2,0,0.5003922695954112
2beaaf7a,2,1,1,0.6076938498942208
2bfc9187,2,3,0,0.7710786673733097
2c2dc20d,2,3,2,0.8116849968600808
2c3b09db,2,2,1,0.7219932527127295
2c483245,2,2,0,0.7370890823850944
2c49257f,2,1,0,0.5118264280218234
2c512f2f,2,1,1,0.45259189436242697
2c56c930,2,1,0,0.4739869234780162
2ca2206f,2,1,1,1.0349756791059064
2cb0db2c,2,1,0,0.10534887719253139
2cc4b720,2,2,0,0.22001264429328465
2cd9b5a3,2,3,1,0.6185406524914787
2d043af7,2,2,0,0.662796923717943
2d0bbbd3,2,3,0,0.660005750626031
2d3ba6fa,2,2,1,0.14353666204170995
2d5365c6,2,1,2,0.7972534829027742
2dbdfe11,2,1,2,0.5180800128480486
2e16053c,2,1,1,0.6375765621163417
2e293d08,2,2,0,0.2500542972040157
2e42573e,2,1,0,0.2793248233195857
2e4e045a,2,2,0,0.1686447105181602
2e5f5207,2,3,1,0.6895252624599121
2e7d888c,2,3,1,0.701935844582264
2e8c9884,2,1,0,0.14842162240989437
2ea277d5,2,2,2,0.5390036950209649
2ebdadbc,2,3,0,0.3999018063925206
2f0f2949,2,2,0,1.195175421667614
2f12de00,2,3,1,0.7121307373965368
2f154763,2,3,0,0.1516132882445575
2f16cad4,2,2,0,1.0721682595376714
2f1af08a,2,3,0,0.09051887959598381
2f6b484c,2,1,0,0.1394039851738718
2f72f441,2,3,0,0.03069316386252896
2f7f0eb7,2,2,0,0.1330799438009873
2f81950d,2,1,0,0.23487516205539855
2f91f3c1,2,2,0,0.832720619070875
2fba6cf4,2,2,0,0.3590718917872371
2fef897e,2,3,0,0.6373376710786676
2ff729d3,2,3,0,0.7038550554393319
3046a5c7,2,1,0,0.24656669831773903
3055881a,2,1,0,0.7195886490508407
3065aa2f,2,1,0,0.6706262624434274
307c91ee,2,1,0,0.19940982958304065
30ac8a84,2,3,2,0.5064190558177669
30b3f203,2,2,2,0.9884858100735393
30ba4252,2,2,0,0.24211417636078947
30d2fd47,2,3,0,0.12635916587586843
3133a6c9,2,3,1,0.5591777083658932
31349d8b,2,1,0,0.7990419634939226
3146f878,2,2,0,0.2679592788944772
3155ed01,2,3,0,0.6943392675857477
3162c492,2,3,1,0.44309709402683906
31648caa,2,1,0,0.005571730069532266
318ccc0e,2,2,0,0.326955234259681
31b74cd4,2,3,1,0.5724110165060662
31d61741,2,3,1,0.4477859856164128
31d7a136,2,3,0,0.3355818461515584
31ddec50,2,3,0,0.6381994254404904
321202d4,2,2,1,0.6243270019793326
3216b978,2,1,1,0.9454581944545433
325afd3d,2,1,0,0.7590589490844348
3268c574,2,1,1,0.7453315884091365
326c23c2,2,2,0,0.4919075278295466
327736cd,2,2,0,0.09760423449227357
329a9c25,2,1,2,0.8934455448177194
32b8490d,2,3,0,0.6201711067522121
32d0ebca,2,1,0,0.6581838373637872
32d262c2,2,2,0,0.4420686600779795
32dcc8ab,2,3,0,0.388264545431207
32e18ccc,2,3,2,1.0999585776926684
3302713b,2,3,0,0.7134250001303764
333be478,2,1,1,0.5244679213980047
338146bd,2,2,0,0.5750622033138144
33a499ce,2,2,1,0.705871076772274
33e34de8,2,3,1,1.1960969208877672
342d43c7,2,2,1,0.8458068576111306
3441fd41,2,3,1,1.1729148300855528
3466c72a,2,2,1,0.4357768301273284
347095fe,2,1,2,1.3017085493448257
34c30fad,2,2,2,0.7337630370613533
34eb79f9,2,2,0,0.6365733671443105
34ec5de4,2,3,0,0.7479372010412243
350cf38b,2,3,0,0.2540688618009406
35198c2d,2,3,2,1.141802653076057
356ab908,2,2,1,0.8641588853471612
35d2aa41,2,2,0,1.338061088753599
35fa2ebf,2,1,3,1.1290142744543832
36146fe1,2,3,0,0.7772510543931829
36473697,2,1,1,0.7775698780710927
3655395c,2,3,0,0.4314085493456081
36958957,2,2,2,0.7715388275254027
36b8c9e5,2,1,1,0.5041702866584872
36c060b9,2,2,2,1.4300527295100434
36c1f189,2,1,0,0.3088120552263153
36fda5de,2,1,0,0.09941091257049212
370b47c4,2,2,0,0.7751608528407685
3714afd7,2,1,0,0.44013912914252773
3738db26,2,2,2,0.8388258119397551
376e617f,2,3,2,0.9334974815808033
37995242,2,2,0,0.04736927696618498
37ae1239,2,2,1,0.3137824524329144
37bcfa7e,2,1,0,0.978479852506003
380029ef,2,2,0,0.3547961254980271
3820a945,2,3,0,1.234272716974305
3826be66,2,2,1,1.2356422719680298
38390669,2,2,0,0.1602047807636312
384c3f27,2,1,0,1.401336821225151
385819e6,2,1,1,0.14628947645428192
385a6557,2,1,0,0.3378775053566602
3875d4de,2,1,0,0.8393684924392164
38d53b92,2,1,0,0.53539469586071
38ee12e7,2,1,0,0.61124750134508
3913797d,2,1,0,0.3756824921394083
3918d854,2,1,0,0.10654238799763588
3934e29c,2,2,2,1.4128680929752178
394684ae,2,1,0,0.8378035149815374
394a6219,2,1,0,0.270033712751461
3950aa00,2,3,0,0.939334068255606
397efe7a,2,3,0,0.3351319488370029
39bdbb00,2,1,0,0.07606565049839897
39c20e2a,2,2,0,0.692568821491476
39cc2836,2,1,0,0.3535750531075135
39d626f4,2,2,0,0.5507026604037739
39dd3538,2,1,0,0.0968315933386037
39fb1ad0,2,1,2,0.8104958652495956
3a33d579,2,1,1,0.7063113870539132
3a9d7bd6,2,2,0,0.13052872838498208
3ab539f0,2,3,0,0.2139453206359868
3acb5be3,2,3,0,0.28215988385259444
3ae4ee9b,2,3,1,0.9777754339600749
3b047021,2,2,0,0.13573606463414595
3b091b83,2,3,0,0.5107751099294271
3b1b9538,2,2,1,0.8855754627157744
3bbf88cd,2,1,2,0.5933653800673417
3c0aba64,2,2,0,0.6994937178162005
3c5c85e7,2,3,0,0.6791696976066113
3c620257,2,3,0,0.20933876268158047
3c8f474a,2,3,0,0.41363107441725855
3ca35642,2,1,1,0.6039206219234612
3cc9cfa6,2,1,0,0.2606956639945607
3cd8802e,2,3,0,0.6503487547774056
3cfeca85,2,3,0,0.15246817271917384
3d20d9a7,2,2,0,0.6605279374897428
3d2c0bc5,2,3,1,0.6562023201552286
3d36fe8b,2,1,0,0.711846708975945
3d3b87db,2,3,1,0.9582364228492714
3d3dd3ae,2,2,0,0.8809628982149704
3d46429f,2,1,2,0.944626387536096
3d48430d,2,3,0,0.2549182638146323
3d5ad997,2,1,0,0.6500781684922844
3d6143f3,2,3,0,0.15839797846043552
3d736110,2,1,1,0.788591299564714
3d8531f5,2,1,0,0.2767463562772292
3d970ce4,2,1,1,0.504190395404801
3dcbc164,2,1,1,0.8901994994539022
3de1a622,2,2,0,0.1535357924498223
3de6a21c,2,3,0,0.2574840945227227
3e398bf9,2,3,2,0.9336552787645535
3e3c242c,2,1,0,0.21426993287984486
3e5d5b58,2,1,1,0.08065123087867587
3e5ee48c,2,3,0,0.8005057764666864
3e7ee995,2,1,1,1.275131028488348
3eb48980,2,3,1,0.5622195800521487
3ebfbb4c,2,2,1,0.07047150982625106
3ede35d1,2,3,0,0.6461260219155173
3f1cf5ba,2,1,1,0.6747501629285614
3f1f23e7,2,1,2,0.4541003627055178
3f20e14b,2,3,1,1.032795205397769
3f2141da,2,2,0,0.389981285904763
3f3a70c8,2,2,1,1.3508942857591477
3f51a21d,2,3,2,0.5909491629420448
3fcef947,2,1,0,0.34416188489793603
3fe78116,2,2,0,0.6743238365415014
40087bc5,2,2,2,1.0659472211425696
4093774d,2,3,1,0.938809517455147
40b904b3,2,2,1,0.5320589592777073
41052ced,2,1,0,0.844702545610339
41185f8e,2,1,2,0.9036391863093867
4128aee6,2,2,0,0.16188839575915015
4135cb0e,2,1,1,1.0908712861004521
4157be55,2,3,2,1.3023896755664388
415d5a1a,2,1,0,0.9201017566784796
416b6ba2,2,2,0,0.14491852822808454
4177e5e5,2,1,1,0.5592364920214732
419d05c6,2,3,2,1.194046347576183
41bacefb,2,1,0,0.7556412945950267
41badf5d,2,3,1,0.8982690365538704
41cfd1db,2,1,3,1.3920973582553067
41d48900,2,2,0,0.6003982896790402
42309938,2,3,1,0.7536988800523337
423610ac,2,3,1,0.5566733170454946
4248261f,2,1,0,0.09717635334208502
4255e559,2,3,0,0.4975244925990702
4262ce3d,2,1,0,0.34576789197091023
427037b2,2,2,0,0.12905709757088918
427fad9e,2,3,2,0.962553143545263
4280076d,2,1,0,0.32142366087064955
429cc266,2,1,0,0.32112304143418613
42aa29fb,2,1,1,0.4125644177143867
42bf071e,2,1,2,0.5220322422998891
42c6f67a,2,2,0,0.18240071321993673
42dfc9dd,2,1,2,1.0807533575302957
42ebc3fd,2,3,0,0.6252658715639218
4307d287,2,3,1,1.2325492281338255
432a4c21,2,2,1,0.7861897673765251
432aff11,2,1,0,0.12117122350152953
435bfa7b,2,1,1,0.4252112171296498
43629a34,2,3,0,-0.0016701389380204823
436dd613,2,3,0,0.2727041563244886
43808706,2,3,2,1.2051806166495536
43a7386d,2,1,1,0.7100519160747127
43d43363,2,1,3,1.4978237404483656
43e54b20,2,2,1,0.6776893784043894
43f44f6c,2,2,2,0.5196675882486377
43fb80d6,2,3,0,0.7527638230083489
444131bc,2,1,0,0.20830860687731445
446757cb,2,2,1,1.0762695503752493
4496d883,2,3,2,0.4502754328031839
44b8622c,2,1,0,1.1384014536570861
44eaea78,2,2,2,0.8269494926576573
4505724a,2,3,0,0.13278325907731736
4518ed77,2,3,0,0.2587358430971911
451b0cd9,2,2,0,0.11262430091308256
451c11b3,2,3,0,0.662752916428211
4570c8b8,2,3,0,0.39674281790653143
45ea366f,2,2,0,0.1386773748320974
45eb32f2,2,1,2,1.0708290643632572
46170319,2,1,0,0.12423766745205761
463bf3b2,2,1,0,0.089320030496997
4659aa1a,2,2,0,0.9665562405279837
465d3273,2,1,1,0.8854330187357227
466752d9,2,1,0,0.5280893530900196
467c549f,2,1,0,0.21706672426253448
46850373,2,3,0,0.32249247670769104
471e4d12,2,3,2,1.3249505221848834
47350ac6,2,3,0,0.8350547475993015
475ebe47,2,3,0,0.1542195501096063
47b3bea1,2,1,2,0.22242305761558345
47c3b47c,2,2,1,0.31420646261092483
47c55e13,2,1,0,0.3924991674369511
47fef4fc,2,2,0,0.2588932149688846
481a1861,2,2,0,0.3862523565037139
4829f7ca,2,1,0,0.9105690083029181
4859a9f9,2,3,0,0.1907789318491142
489fa831,2,1,1,0.47765484348303455
48db8ecf,2,2,0,0.21741198996349104
48df987b,2,1,0,0.2720122609309763
48e69212,2,3,0,0.4881784379247862
491bf457,2,1,0,0.7256420842373752
4926b18a,2,2,0,0.2871970489554781
4940a214,2,2,1,0.6935205203426174
494eba8a,2,3,0,0.30287431734737685
4950e24c,2,1,0,0.872948579542393
499d4499,2,2,0,0.9628627961187428
49a1931d,2,2,0,0.40402864552259526
49e4eade,2,1,0,0.49031700197272715
49f38606,2,1,0,0.3622333209162145
4a0b1b9d,2,1,1,0.6306212563588856
4a1440d9,2,1,2,0.42684061756119435
4a17b463,2,2,0,0.23609754871036226
4a21eb0c,2,2,0,0.7945660525883425
4a3b6521,2,3,1,0.5041248528746809
4a475a9f,2,1,1,1.1025429962041495
4a4a0f78,2,1,2,1.1808370109955717
4a62661a,2,2,1,0.6679337901837864
4a68d751,2,3,1,0.7503139422798161
4a6af685,2,3,0,0.6185419209647607
4a6ea9de,2,3,2,0.7048425606686491
4a9f92ca,2,2,0,0.1095303143890965
4aa87859,2,3,0,0.3153941230683959
4ac5c412,2,3,0,0.2499747320372056
4acac04e,2,3,2,0.39629159333579783
4afa8a76,2,1,0,0.02382432609030527
4b0f961e,2,1,0,1.1109993275238328
4b1f6855,2,1,0,0.3505278679364038
4b20bce7,2,1,0,0.41552645378926223
4b328259,2,2,0,0.3698732637219561
4b71830a,2,2,1,0.8515480123086391
4bc2bee9,2,1,0,0.4210402141166722
4be6f3c1,2,1,0,0.5037846028809909
4c238671,2,2,1,0.7760381399042127
4c37fb30,2,3,2,0.9469269636036144
4c8dfaf0,2,2,2,0.40981773690897666
4ca242ea,2,2,1,0.9114036627855596
4cabd7aa,2,2,0,0.9061358295706863
4cde1e34,2,2,1,0.7759375010766671
4d2d9ef3,2,1,0,0.11230760700673342
4d41bb62,2,2,0,0.034897298794992926
4d42caed,2,1,0,0.19014892109604925
4d5a8ce7,2,2,2,0.9928120893110505
4d61a44e,2,3,1,0.760677935960162
4da4aba2,2,2,2,0.8527696704644999
4decbcd8,2,1,0,0.25895097265333406
4dfb4e1d,2,3,2,1.2711530905695332
4e052db0,2,2,0,0.7395939192717629
4e314e47,2,3,0,0.252690731309718
4e58d463,2,1,0,0.4397067114437466
4e6c7a75,2,2,1,0.43164875403695613
4e85505f,2,2,2,0.8669219453731013
4ea3963e,2,1,0,0.49958423865076734
4ea4e6c9,2,3,0,0.33655533531790083
4eade67b,2,2,0,0.35693710127350564
4f059221,2,3,0,0.008954311444683949
4f059a8a,2,2,0,0.8897664836875945
4f2d0925,2,2,1,0.5259839023446914
4f3cd5c2,2,2,2,0.8259181636068551
4f93504a,2,2,0,1.2184715785682978
4f96d1e7,2,2,0,0.22202718212540545
4fe97569,2,2,0,0.7198464324030507
50242fa0,2,3,1,0.13075970169909773
504ed32b,2,2,0,0.19044630968443588
50707f1e,2,1,0,0.5779478659553001
508a0f98,2,1,2,0.8132165175601289
50a90725,2,2,1,0.9818645257494009
50b2b84b,2,3,0,1.1202781664782706
5124169c,2,2,1,0.9004574756897377
51364c23,2,2,2,0.6105279444659908
515402ee,2,2,0,0.29992561616367347
515dd683,2,1,1,0.8982891893285385
5180ff75,2,1,0,1.0633153104881452
518e5ae6,2,2,0,0.1264568306329174
5198e7b3,2,2,2,0.3765332522344775
51c15d22,2,1,1,1.1240915366574509
51eb8d14,2,3,0,0.6108182393998931
51f38b37,2,2,1,1.274043826297556
51f3feb4,2,3,0,0.3365075247097511
52219dbb,2,2,1,0.48128391636200835
526f719b,2,1,0,0.2998692611685072
528db82d,2,2,1,0.7196678299161499
52ce9b8b,2,3,0,0.25566165596341717
52e9e467,2,3,0,0.720413863273695
53621b84,2,3,0,1.2107310136384797
537dc410,2,2,2,0.9934191240314101
53905a2c,2,3,1,0.4550579790368601
53ea1e7c,2,3,0,0.2193496748717514
53faf893,2,3,0,0.0342903654515232
54391716,2,3,0,0.7492157816662257
546bfb18,2,1,0,0.20651532478829981
54854783,2,3,0,0.5393499728818997
54868027,2,3,0,0.24005040845404207
549712ab,2,2,2,1.0026793445815976
54b35de5,2,2,0,1.385124564160006
54e592da,2,3,0,0.8160524226646955
54fef303,2,1,0,0.5330423531008995
55464fb7,2,3,1,0.563342104112403
554e46e9,2,1,2,0.4008954489673201
556604d2,2,3,2,1.114809910599245
55edb6ed,2,1,1,1.2028998396339836
55f9338e,2,2,0,0.29421568356754746
56210fdb,2,3,0,0.1418624130320728
5637a5a4,2,3,0,0.1521239091365899
563ebc00,2,1,1,0.37247170284927894
56418caf,2,2,2,0.7147241501808479
56443aba,2,3,1,0.4688996751130446
56761daf,2,3,2,0.7495849700014191
567ecea5,2,3,0,0.5850270336427594
568eb64b,2,1,2,1.0864759930249468
56c99b23,2,1,0,0.18790519401746758
56cb7161,2,1,0,0.11788391172205587
56d9dead,2,3,0,0.1372888120975777
571907fc,2,2,0,0.5059047186018176
574599a8,2,2,0,0.20847207664199036
5775ec58,2,1,1,0.8123543136058028
5779f2e9,2,1,0,0.14424887807825582
579e50bd,2,1,0,0.5534531133397935
57d82f30,2,2,0,0.7882960896559088
580a30c5,2,1,2,0.9898372381219726
58391429,2,1,2,1.468424586142
58900fd0,2,1,0,0.025962145839478423
58a255e6,2,3,0,0.32610819290853327
58de61f0,2,3,1,0.6330945077177488
58dfccdb,2,2,0,0.48267787080563385
58f11465,2,2,0,0.24938203543884746
592adca0,2,3,0,0.37221975843907773
592b3b7f,2,1,0,0.41324691060382523
59305d37,2,3,1,0.9783201756830158
593a7148,2,1,1,0.24409890476931861
593b5cfa,2,2,0,0.1402111640506839
59402969,2,1,1,1.0637216722573013
59d7a3a9,2,3,0,0.30870381052916973
59ea397f,2,3,0,0.035888445598379115
5a07e79f,2,3,1,0.3681386571355585
5a3005de,2,1,2,0.7430831384586748
5a313293,2,3,1,0.8708702871138134
5a3d5e05,2,2,1,0.5397948540058449
5a5f6d41,2,1,0,0.4792763616940837
5ac9eca0,2,1,0,0.19637233935849918
5ad85a02,2,1,0,0.32553155847858983
5af79adb,2,3,0,0.7051084228074691
5b4d2604,2,1,0,0.37358610581755564
5b66b6f2,2,2,0,-0.015746409002993622
5ba201ba,2,1,1,0.687931420715973
5bcf002a,2,3,0,0.5415334631481042
5c045867,2,3,1,1.1421538073935127
5c22f241,2,3,0,0.2124712772028668
5c2c136d,2,1,2,0.9884981280746481
5c3b30d7,2,1,0,0.42061899971270383
5cd83147,2,3,0,0.6924893148537737
5d04624a,2,3,1,0.7544503680452087
5d1d7e41,2,3,0,0.08739217816925793
5d3b6ea5,2,3,1,0.6330746834318446
5d48a5b0,2,2,0,0.03751479523115886
5d805d83,2,3,0,0.6376257553064592
5d885b20,2,1,0,0.14200860503994583
5daa20e7,2,2,0,0.20544260240584483
5dad24ff,2,3,0,0.7599825794456778
5db3db12,2,2,1,0.6374930568462438
5dc62fec,2,3,0,0.25791564718012405
5ddbac80,2,2,0,1.1402979198174803
5e08237d,2,1,1,0.4908623980272712
5e221c50,2,3,0,0.5809504028093926
5e2a9e63,2,2,1,0.10982838371359671
5e2c1349,2,2,1,1.1787959702687112
5e359a08,2,3,2,1.235395996289114
5e415f05,2,3,2,0.8256331917200936
5e55e9fd,2,3,3,1.0000255487445533
5e57bd12,2,2,0,1.3707161391435823
5e614c1a,2,1,2,1.2558438878705975
5e6490e3,2,1,0,0.4034955188504791
5ea2c305,2,2,1,0.8963584056650913
5eb063e0,2,2,0,0.48530491793500957
5ed5f205,2,3,0,0.21333172449337579
5ee595e8,2,2,0,0.6271190428831426
5ef3d64e,2,3,2,0.718193533814365
5f099188,2,1,0,0.02228480572483249
5f1b07e1,2,1,0,0.9886329161909644
5f281a62,2,2,0,0.5103242841191007
5f37ceb1,2,1,1,0.9689891345678223
5f574f3d,2,2,0,0.40343030225686183
5f7537cf,2,2,0,0.8381735250760343
5f78f7b9,2,2,0,0.3087237663728195
5fa91358,2,2,0,0.4956202182013807
5fdfbe47,2,2,0,0.23840310912316776
605d6e05,2,3,0,0.6359798870800031
606e979d,2,2,1,0.8175350864879503
60c1ff37,2,2,0,0.5428265059092384
60d1fdee,2,1,0,0.05107452025017767
60f8462b,2,1,0,0.17514622264871466
60fb7cb9,2,3,1,0.8370773341884792
612487a5,2,2,1,1.4147188917469258
612dd900,2,1,1,0.21643703400847636
613fc399,2,1,0,0.6010968604080139
613fc53d,2,1,0,0.2318665055388312
614d5517,2,2,1,0.6588473765530634
61823525,2,3,0,0.15732068102354968
6187d0dc,2,3,0,0.01850789824658383
6192e6b6,2,3,1,0.7622008263711095
6197a2ce,2,3,0,0.7120893074416712
622bb412,2,2,0,0.12808916872678483
624869b6,2,3,2,0.8725730136705161
624b9e34,2,2,0,0.3467433365374081
626a608e,2,1,2,1.0348772493622165
6282e693,2,1,0,0.0540954106085515
62839132,2,3,0,0.348316007595565
6291fddd,2,2,2,0.513762615758086
62cd5c74,2,3,2,0.7366010996037562
62d0cf97,2,3,2,0.6928775981825157
62f77d2f,2,2,1,0.6216343376500706
632eca98,2,3,0,0.6208605413495799
6332ad59,2,3,0,0.2816695053301421
63334478,2,2,0,0.38066050794104395
6344bba1,2,1,2,1.312334633820486
635554d2,2,1,0,0.5055811452759157
63a00e40,2,3,0,0.4550260112266122
63d810bb,2,1,0,0.8507302457530213
63dd16ec,2,2,0,0.27538960579763194
641697e6,2,2,0,0.2994407642702368
641a2b87,2,1,0,0.38397611175389124
646a4c0e,2,1,2,0.7174391618692668
64b4005d,2,3,1,0.620851327029269
64ed48c4,2,2,2,1.24017308905682
64fc556b,2,1,0,0.06446938934818225
650bf252,2,1,0,0.10387781578687383
6514c337,2,3,0,0.47227125458850205
6515ef94,2,1,0,0.1852185019857438
6595d479,2,1,1,1.2069527564912492
65af9f2a,2,1,0,0.40469331189694246
65dc81f5,2,3,0,0.7228190077572998
65dfe4b9,2,3,0,1.2446927730595938
65f9369d,2,3,0,0.44466725923156125
65fe69c0,2,2,1,1.3468307432781996
66094cfd,2,2,0,0.5219411368829573
6622b302,2,3,0,0.32475994379384215
665abfda,2,3,1,0.42916625261293784
66665e95,2,2,2,0.6174041181837083
6666aed3,2,3,1,0.7370583160142268
6672e527,2,2,0,0.12706646152094236
668a2fea,2,3,0,0.4181602040589134
6699c999,2,1,0,0.21001397369919633
66d86d0b,2,1,0,0.8733668172535336
66ed301e,2,3,0,0.32895082804175846
673a7e2a,2,2,0,0.10384967028522407
673e7be9,2,1,1,0.554423508803737
677038b5,2,1,0,0.06472891878759324
6774ba64,2,2,0,0.24945639894077165
678598dd,2,1,0,0.104739212003374
6795027a,2,1,0,0.4309281400151753
67b54cdb,2,2,0,0.18081166457832842
682327c3,2,2,0,0.336024535094801
6826f0be,2,2,1,0.8407578580729037
683464ff,2,3,0,0.5973485052974934
68572a28,2,2,0,0.019158694952700617
68688509,2,2,0,0.6397537165087657
687c85e7,2,3,0,0.5597854862881133
6885737e,2,1,1,0.7197417394254918
68a59e56,2,3,1,0.2929739082305877
68be5113,2,2,0,0.008021259896463184
68d49292,2,3,0,0.26840014007840285
68e514dc,2,3,0,0.6588727908567062
68e61f96,2,2,0,0.32971200757408103
68e7140b,2,2,0,1.5516502878979532
69742f6f,2,3,2,1.2367667005427891
697d894b,2,2,1,1.3073794003113086
698b9067,2,3,1,0.32055914477140285
69b65679,2,2,0,0.28877801017420773
69ccea20,2,1,0,0.2795140391863863
69cdf9c3,2,1,1,0.551697944635948
69fabb6b,2,2,2,0.8749249000621706
6a04461f,2,3,2,0.1815162281586965
6a138911,2,1,0,0.36968884585160156
6a2fd807,2,1,1,1.2671220772296348
6a4df6ff,2,3,0,0.005313310436157681
6a6da46c,2,3,1,0.7967392255953927
6a7d07fb,2,3,0,0.2626439510874777
6a864b11,2,2,1,1.21583917378099
6a9f0db7,2,2,0,0.10873016792381945
6abd21d4,2,3,1,0.7926324226796746
6abd2bd4,2,1,1,0.8443283312637464
6abe8b60,2,1,0,0.2497282344136847
6ac5763a,2,3,2,1.0787535456748072
6ac5eaaf,2,3,1,0.3207327131658639
6ad91972,2,2,0,0.43915511336272994
6ae1473e,2,1,1,0.4384927761170131
6b4b8c14,2,3,1,1.1469212395627437
6b6467f4,2,3,2,0.7312280510947391
6b9a25e6,2,1,0,0.26392909116757146
6be0f069,2,1,0,0.5868777685070958
6becb599,2,1,0,0.05869460510496871
6c2edc91,2,3,0,0.7663983991257114
6d341798,2,3,0,0.2787238565969261
6d5944a9,2,2,0,0.30245224571088286
6d5c5afb,2,3,0,0.3904673363931755
6d70e716,2,3,2,0.5950529500152884
6d7ba819,2,2,1,0.14819453982597547
6d855495,2,1,0,0.4249265650936864
6db453ce,2,3,2,0.9376126069112616
6dfe4a75,2,1,1,1.0634485985446418
6e0d4774,2,2,1,0.8049536455589125
6e128c6b,2,3,0,1.0279244259482905
6e1d28b6,2,2,0,0.5190864079506712
6e5606d5,2,3,1,0.43785750287631564
6e68bcfd,2,2,1,0.5016740355108459
6e695d70,2,3,2,0.5930719088224016
6e6d895f,2,3,0,0.4006790892233014
6e85a624,2,2,2,0.4051227227028028
6e89cee5,2,2,0,0.700121818317242
6ea48a4e,2,3,0,0.5547453233208635
6ebfdc95,2,2,0,0.9894351660499494
6ecb430a,2,2,1,0.34231109995611264
6ed385f6,2,2,1,1.172302197356104
6eff29da,2,1,1,0.2471267741377145
6f49c8d0,2,1,0,0.15872397438969943
6f878799,2,3,0,0.5431245394528311
6fc6b5c4,2,3,0,0.5171423872761707
6fc95dfc,2,1,0,0.20429487971866644
6fcdcb2a,2,1,0,0.7046277235545113
7015528d,2,3,0,0.5289788395167785
707c82c4,2,1,1,0.26957543079411034
7092a6ce,2,3,2,0.9280783490987684
709457f3,2,2,1,0.4560718819543878
70de1c63,2,1,2,1.1359801861271344
7106a387,2,1,0,0.3886274621220447
7151d8b5,2,2,0,0.368790568198781
71850348,2,2,0,0.42763152052312364
71852781,2,1,0,0.40973794811623965
718975fe,2,3,0,0.41964916249249834
71c1b1d2,2,3,0,0.11646312998748654
71cf0f87,2,1,0,0.12349598678166496
71ee31f8,2,3,0,0.1970537650707621
71ffd0ba,2,2,0,0.3781317336453136
7214ad21,2,2,1,0.9065204884325981
721ea536,2,1,0,0.7621558916441642
72264d13,2,3,1,0.7824060112281646
72565f5c,2,3,0,0.5817508045264564
7265f1e5,2,1,0,0.22181517775062204
7290824a,2,2,2,1.560164199174746
72a0c969,2,1,0,0.35624115468239725
72afd4ca,2,3,0,0.9393111249406707
72bbfadf,2,3,1,0.7915690667090343
72c9c38d,2,2,1,0.5468474619045209
72cb1703,2,1,0,0.04184413723530789
72cc9a64,2,3,0,0.676267679375347
72fa40ba,2,1,2,0.7734348952561416
7305af8b,2,2,0,0.2721399432143064
7308d22c,2,1,1,0.599901405659384
732b2327,2,1,0,0.4689524168350036
738e7248,2,1,1,1.0166117618560067
73aa6aab,2,3,1,1.1013263393846646
73d0e0a0,2,2,0,0.5761922767030737
73ec551e,2,1,0,0.08543178128514978
73ffa609,2,2,0,1.0573565115348138
7494989e,2,2,0,0.0524378626159846
7498fbde,2,3,1,0.39479581867180125
74be50af,2,3,0,0.16175114385850187
74c2bd81,2,3,1,0.9446078132508848
7514c6f4,2,1,2,1.2446330725828396
75927c18,2,2,1,1.2474346492910224
759328e6,2,2,2,1.4220377545211216
75ad73ee,2,2,0,0.3201364307221715
75b0446f,2,1,0,0.5880159128398579
75bcc1e0,2,3,1,0.3872534744210629
75db1257,2,2,1,0.9543046829215505
75f26948,2,2,3,0.7751776682655626
764d8b42,2,2,0,0.0996068377470149
76781cd8,2,3,1,0.4066042308101654
7698543b,2,3,0,0.7689220296998787
76c9bf0e,2,3,1,0.7016956005034203
76dc0e9f,2,2,0,0.200812357064711
76dfa86c,2,1,0,0.13357187661129644
76f8f621,2,2,1,0.2856451274344435
76fb4afb,2,3,1,0.09985259268357999
76ff59f2,2,2,0,0.3051219596037398
7752d450,2,2,2,1.18818167399255
776d33af,2,3,1,1.2412258036060488
777a3e9d,2,3,2,1.0996979516991134
77941a98,2,2,0,0.3214787360412362
77a5b2ad,2,1,0,0.3339050348432757
77bfe07c,2,2,0,0.7897010166102201
7800a084,2,1,2,0.9867073095665059
781710fe,2,3,0,0.009081118930560517
782a0589,2,3,0,0.5712902640728728
782af70b,2,1,1,0.9813984123462123
7858fd16,2,2,0,0.3702305956456674
785d0663,2,2,0,0.9125613431695592
7860b64c,2,2,1,0.426632403090365
78667893,2,1,2,0.21897273098352987
78704d22,2,2,1,0.9601047422807529
787654dd,2,2,0,0.2071838784034804
788268a4,2,2,0,0.1479285486012788
78a34e5d,2,1,0,0.2524964162661592
78b488ff,2,1,0,0.24214462532675796
7914b38b,2,1,2,1.5150982937167088
792d2fa5,2,2,3,0.6474035539079711
793c2e31,2,3,0,0.3926793417017431
79483148,2,3,1,0.6678430898408267
7958e61b,2,2,1,0.6639218538447597
79629cf4,2,3,1,0.3471280358629867
7975694f,2,1,0,0.37156633262934285
79bd36b6,2,2,1,1.0497770503928716
79de3beb,2,3,0,0.5669616418115866
79e496f2,2,2,2,0.9149373066169566
7a0136e0,2,3,0,1.2297672341300017
7a5fccc9,2,3,1,0.37330624748358265
7aa3a145,2,2,0,0.08443788063081786
7ad92034,2,1,1,0.6515538886301472
7af8eac0,2,3,0,0.06992907902014711
7b0a4060,2,1,0,0.13555105862644873
7b543871,2,3,1,0.4367087057239035
7b78e634,2,3,2,0.9024258845020303
7b8842c3,2,3,2,0.7513920536229235
7b9690de,2,1,0,0.37028503880523095
7bbde46f,2,3,2,0.2719084383734415
7bdbf66f,2,2,2,0.36894368419658463
7c02f4ec,2,2,2,1.6113340630172086
7c194077,2,1,1,1.4868282120598788
7c1d7ddd,2,2,1,0.34247613935430926
7c21ad67,2,3,0,0.555873829924194
7c29e92d,2,3,1,0.7799958789028063
7c6ca1d4,2,2,1,0.8755897181083119
7c71edac,2,2,0,0.5300571921364202
7ca548f9,2,2,0,0.1478432694322498
7cb1e4c7,2,1,0,0.38117699658145454
7ccdb9f2,2,3,0,0.4258765209822576
7ce36c38,2,3,0,0.4567212998433081
7cf3bca6,2,1,0,0.5350592917265675
7d0a92d5,2,1,0,0.5748850335502707
7d22cd0a,2,1,1,0.2607035361035604
7d2f236b,2,2,0,0.11569731407601269
7d40a714,2,3,2,1.3110401157181388
7d666f0f,2,1,2,0.5907788724258046
7d751a6a,2,2,0,1.118143550217711
7d878d0d,2,2,1,0.6815380579138439
7d8f1716,2,1,1,0.5747733144623077
7d927bdf,2,3,0,0.6287704258650567
7dae6de9,2,2,1,0.3469597228893232
7dc65b92,2,3,0,1.0049717694012728
7dd54e69,2,2,2,0.5936152874148679
7e33976b,2,2,0,0.038913888232496086
7e41db05,2,1,1,0.9565203386011822
7e46b693,2,3,1,0.9074886511725476
7e71aa83,2,2,0,0.40800476822644033
7e87087b,2,1,0,1.1860211495668755
7ebca7c4,2,3,0,0.5431836030326933
7f04b4fc,2,1,1,0.5185105056344186
7f1063e4,2,1,1,1.0692747845383925
7f26f78c,2,1,1,1.2464575913816236
7f2715b4,2,1,0,0.3574780986732671
7f44236f,2,2,3,0.9940555402680695
7f5aeb05,2,2,0,0.32253092235543507
7f950ef2,2,1,3,1.1160176465350915
7fceb836,2,2,0,0.9351753099757902
7fcf0046,2,3,1,0.7730108256702777
7fd40f2b,2,1,1,0.6544078042188679
7fe0a99a,2,3,0,0.29576195217196055
8033847f,2,1,1,1.0072521229593003
8068fafb,2,1,0,0.2157318402768746
806d877f,2,3,1,0.5918104490022925
80784c40,2,3,0,0.6689878805919625
8078b7de,2,3,1,0.578717695910148
807d8908,2,1,1,0.4852128848395019
80a5f1e1,2,1,0,0.7713707327584101
80a9f2bb,2,3,0,0.2974978664912298
80d8829a,2,2,0,0.2213251867368729
80ed2bcf,2,2,1,1.353175829361029
81095901,2,2,0,0.2446288080722459
812f6873,2,2,0,0.5508176345653037
81364a4b,2,3,1,0.9991765799952044
81394e0e,2,3,1,0.5297665854455826
8148c785,2,3,3,1.527948506912253
816b0564,2,2,0,0.7001606583789233
81766b8a,2,1,0,0.38419323734480904
8189aa29,2,3,2,0.7014410035397446
819ad5f1,2,3,0,0.5380275772514375
81a4b826,2,1,0,0.4069577108987004
81c0b83c,2,3,1,0.2637496424467827
81d3ab22,2,2,0,0.8327107778654776
81d607bb,2,3,0,0.19131418586205895
81eaf4c1,2,3,0,0.10261221305963475
81f60502,2,3,1,0.5417497229782003
81feecad,2,3,0,0.685635671976864
8226bbd4,2,2,1,0.3935646294452608
828b31ca,2,1,0,0.15230254609323524
82a114c1,2,2,2,0.7943020813557344
82ec9747,2,2,0,0.14311785264025828
8328c8b3,2,1,0,0.8831666560071466
83379672,2,1,1,0.30559315981988583
836b4de3,2,2,0,0.6668651444528596
83846d0c,2,3,0,0.2695961473284875
83912085,2,3,0,0.3936507676525116
839b507a,2,2,0,0.05706444430991897
83c33097,2,1,0,0.28406826197468865
83eda373,2,1,0,0.32406366439161144
83fb5ee0,2,3,0,0.20215666615547073
840ff4b7,2,1,0,0.1151873558381124
844be9e4,2,2,0,0.23105383602422636
84875079,2,2,0,0.3113697653527372
84a16b14,2,3,0,0.5994175448709675
84b7d89d,2,3,1,0.9144830416517551
852adec2,2,3,0,0.3243801251232031
85452335,2,1,1,0.7267757292656043
855c6099,2,3,1,0.48156607001287666
8570ea5f,2,3,0,0.7188615415649563
8572d442,2,2,0,0.8866224096775139
857baaa6,2,3,0,0.5901542451072143
8581b9a1,2,2,1,0.6415306903722809
858ae6a3,2,1,2,0.6298361920524271
859cbb27,2,1,0,0.25413697717176376
85a1082c,2,1,0,0.5076068209243836
85ba333f,2,3,2,0.4264450697671127
85d99199,2,1,0,1.2607192428045555
85d9c915,2,3,0,0.31600518976848285
85f23af6,2,1,1,0.25456262972914184
860f4f9c,2,2,2,0.6003355997592175
861188f4,2,2,2,0.7356722379425642
861fd4a0,2,2,0,0.14518912689096775
863e40c7,2,1,0,0.7557070130617939
863f7033,2,3,0,0.8931928831080784
86a8e0d6,2,2,1,1.0510243383018267
871b2b19,2,1,0,0.38981601228751556
874a348f,2,2,2,0.7228994402888781
87509a7b,2,1,0,0.30829126548934394
876a929e,2,2,2,1.1148572304365345
8772f64b,2,2,0,0.8304011747759132
87a60251,2,1,0,0.03821482271139376
87af775e,2,1,2,0.4933691888685921
87b78ee3,2,2,2,0.814649936019832
884c429c,2,3,0,0.016122598229156626
8875387b,2,1,0,1.0994104757244867
888c45f9,2,1,1,0.09642376796805374
88cdb5bd,2,1,2,1.1054555635054317
891193eb,2,1,0,0.46221686407447216
891b8cd5,2,2,0,1.1294788718402078
89261ca6,2,2,0,0.34922664233540696
893293dd,2,3,0,0.03333818654572085
895f9725,2,2,0,0.7873509450886657
89739b1a,2,3,0,0.29011794644570793
897da2c8,2,2,0,0.29635943186520913
898096eb,2,3,0,0.28714664625789266
89bd10b7,2,2,2,0.9955300191765082
8a444a98,2,3,0,0.25702258180279186
8a44ea3a,2,3,0,0.293735832466213
8a4d341b,2,3,0,0.373310813273917
8a4e5d1a,2,1,0,0.9118723092443581
8a645723,2,3,1,1.347641849556352
8a6b6912,2,3,0,0.16506493728325722
8a77c3e9,2,1,1,1.0659451853771826
8a77d185,2,2,2,0.5477912994518674
8a78a063,2,2,0,0.16389431722952508
8a9cce44,2,3,2,0.30250428430633286
8a9e653f,2,2,0,-0.029669867674266492
8abbbc38,2,2,0,0.42377706575392626
8ad5e251,2,2,0,0.2876387967473724
8ae6a52f,2,1,0,1.2094402402383508
8b02eb7e,2,1,0,1.342759638561883
8b3c900f,2,1,0,0.5126290835550964
8b4b9648,2,2,1,0.6861364530316669
8b6a40f5,2,1,0,0.7418460339076028
8b802ca8,2,1,0,0.025389444358891566
8ba98f12,2,2,0,0.14280362036696553
8bc5199c,2,3,1,0.362209151835844
8bf72a9c,2,1,1,1.342174246699051
8c0ca955,2,3,0,0.6617239234203253
8c122779,2,3,0,1.0173297136469177
8c5a5a21,2,1,0,0.4856045764233613
8c6c52a2,2,3,0,0.2461082264061541
8c97411a,2,2,0,0.3632999128881149
8c9c253d,2,2,0,0.44533199444634963
8ca025c3,2,2,0,0.2641505626585451
8cab7bc4,2,2,0,0.5940608179622855
8cb19d64,2,2,1,0.16657065469673954
8cfcac79,2,2,2,0.9628525508030559
8d010562,2,3,0,0.46316108871256684
8d055cca,2,3,0,0.7612890497875632
8d11c14a,2,3,1,0.3978829225110734
8db09bb4,2,3,1,0.7322227797188143
8ddb6b8d,2,3,0,0.445524092851136
8e24b103,2,3,0,0.15838274463081325
8e380413,2,1,1,0.6720814573390248
8e59a69a,2,1,1,0.6082813908313207
8e749c85,2,1,1,0.9559728894661901
8e770d51,2,1,0,0.3341778287255436
8e93a873,2,3,1,1.1354373345066249
8ec2cc63,2,2,0,1.0384678020490712
8ef72e3e,2,1,0,0.0006635331840934011
8f015125,2,1,0,0.7587391328941595
8f112082,2,3,1,1.0110342832088395
8f13c52a,2,1,1,0.646292625501371
8f1e1df6,2,1,0,0.8475984850797933
8f21c613,2,3,1,0.8261998976724028
8f2d131f,2,2,1,0.6974478348487737
8f39a0e7,2,3,1,0.3677968276991552
8f68479b,2,1,3,1.0657036724904443
8f753551,2,3,0,0.5130445919451256
9027c805,2,1,0,0.22606156437552838
9052579b,2,1,0,0.34337210166369075
9061cc9c,2,1,0,-0.014105260396892083
90778278,2,3,0,0.18596604233452751
908b1207,2,2,2,0.7960068234698852
90a37530,2,1,0,0.07397950143026022
90fee6b1,2,3,0,0.344613739748458
9105b812,2,1,1,0.9010040944818529
91098060,2,2,0,0.6239121747038665
911d1406,2,1,0,0.6770096039922031
912a91b0,2,3,0,0.5759874223164416
9130a22e,2,3,0,0.33580843913516856
91386987,2,1,1,0.7397007794910272
91656d27,2,2,1,1.1813555821317436
916f7069,2,3,0,0.6415085253381518
9173f25b,2,1,2,0.8398629429893425
917990b2,2,3,0,1.1923363447630013
9181b136,2,1,0,0.12462201800796702
91930eec,2,1,0,0.23142231787320416
91942b42,2,3,2,0.5788083825201668
91a5d06e,2,2,0,0.03383026675266776
91e23cc5,2,1,2,1.242872587900445
91e86c47,2,2,0,0.41950116141943194
91fdc1e0,2,2,0,0.5798291702033528
92293b06,2,1,0,0.9294341116712463
926a64d8,2,1,1,0.9832774491259542
926b3a76,2,2,3,1.1067058841903945
926bd07e,2,3,0,0.421903245485311
92b18571,2,3,0,0.36533146820552476
92bb8516,2,1,0,0.30160541593419715
92bcf0e7,2,1,0,0.05373303127348583
930c567c,2,3,1,0.7441898967140412
932b5928,2,2,1,1.052288375410903
93363059,2,2,1,0.926387985013718
933da99b,2,3,0,0.8649768940974634
93507a1b,2,3,3,1.5487152263811925
93904b23,2,3,1,1.0879361914987413
93c72a97,2,3,0,0.9975775016942048
93cdae1c,2,1,0,0.43400842221478547
93f8b501,2,1,0,0.35875642649707873
93fd93c4,2,2,1,0.750721277077368
9402b885,2,3,0,0.7518979194118434
9405bad1,2,3,0,0.41596926754197794
9416d70e,2,2,1,1.270356839934343
948a7025,2,1,0,0.1459842994338572
948e1435,2,1,1,1.1214700319764317
9498cc26,2,2,1,0.9123127715597592
949f94e5,2,2,0,0.23759487252914768
94a1053b,2,2,1,0.9503093454844276
9508b72f,2,1,0,0.6456186880428022
95488452,2,3,0,0.05817159667532079
95d57ff9,2,3,0,1.034459522424115
95e04c4b,2,2,0,0.03609531062622218
96262441,2,2,0,0.1773716321762706
9646a500,2,2,0,0.15828797442004466
96595f1d,2,3,0,0.3074424363881636
966161e7,2,1,0,-0.02664267123499542
966fffd0,2,3,2,1.4616083297164368
9682cd0d,2,1,0,0.3028863646011496
96d6034f,2,1,0,0.14694395915507014
96de5f57,2,1,2,0.9394536345617954
96f13763,2,1,0,0.042988090549717195
979a5c76,2,1,1,0.7944639149747287
97bb0cc0,2,1,2,0.817014150634942
97d0593e,2,1,0,0.38814971315377517
981568fa,2,1,0,0.6344801115344423
983bcb5b,2,1,0,0.9797565506271728
98413061,2,3,0,0.161617800138101
9853fb61,2,1,0,0.6741792602895187
98a4be3f,2,2,0,0.7517911178095396
98a81a90,2,3,1,0.883108218102538
99328d2e,2,3,0,0.784696638339444
99752704,2,3,1,0.8076381211931889
998115f3,2,2,1,0.4644786487061824
998cfa64,2,1,0,0.1985694673717886
99a1711f,2,3,1,0.9545578279950938
99a8a9e7,2,3,0,0.20800989851071533
99b15811,2,2,0,0.3823253526382492
99f0cc53,2,1,0,0.22982470392329385
99f3be05,2,1,1,0.6277719394692716
99fe5b44,2,1,0,0.6239918031801379
9a2082cf,2,3,0,0.29561923242258464
9a5aed6c,2,3,0,0.9386913274524233
9a76906d,2,3,0,0.3163749535398967
9a7e4c38,2,3,0,0.5931691373706939
9aa1a2ae,2,3,1,0.32181457653277845
9aab3e36,2,1,0,0.45401708730709367
9ab4909f,2,2,1,1.0886695581593335
9af5548f,2,2,0,0.5743045452017288
9b328d6c,2,2,2,0.9176467682734237
9bc60f80,2,2,1,0.40160513799353303
9bd745aa,2,2,0,0.9201947816890492
9bf7051d,2,1,2,0.9557280896531168
9c1ea003,2,2,1,0.648458088133189
9c23dba9,2,3,1,0.7761194173291475
9c2df71f,2,2,0,0.06569192434110416
9c589c9d,2,1,0,0.04099820808872168
9c7a1561,2,1,0,0.13468419435147555
9c9cd7ef,2,1,1,0.370989729278115
9cb303cb,2,2,0,1.3997195917090863
9cb32129,2,2,0,0.22767081656939148
9ccbc70b,2,1,0,0.2902872989514026
9ce139d3,2,1,0,0.1047092164137276
9cee3c19,2,1,1,0.5598634888262742
9cf04c41,2,1,1,0.6603057624200372
9d0670dd,2,3,0,0.1352457494823026
9d1b2d2c,2,2,0,0.16548268505646213
9d29b706,2,1,2,0.75123311933456
9d65adbf,2,2,1,0.8862835398769446
9d6b1410,2,3,0,0.2722438615853199
9dbdbebf,2,1,0,0.0147723067575668
9dc74359,2,3,0,1.4364550070154813
9ddb06db,2,1,2,1.1603716464349412
9ddfb9e6,2,3,1,0.9078303114184653
9e027e04,2,1,0,0.26594350582745263
9e171735,2,2,0,0.5841065491448127
9e29b5d2,2,3,0,0.5283959914652826
9e4385f7,2,1,0,0.6933344408732364
9e7860ef,2,2,0,0.2741662287527987
9e964060,2,1,2,0.22584425742976016
9eb283e4,2,1,3,1.1747930376761062
9f3ca269,2,1,1,1.1761076333669638
9f5f15ef,2,3,1,1.043841981742297
9f6b9158,2,2,2,0.8381896729667584
9f70688f,2,2,0,0.014889663932541763
9f9be55c,2,3,2,0.7706950411022754
9fa5cdfd,2,1,0,0.3178157364057787
9fa68512,2,2,0,0.018143533008205037
9fb96ae3,2,1,2,0.9947825514120012
9fbc09a6,2,2,0,0.23503367541108966
9fec142f,2,2,1,1.0461482484142535
9ff73d95,2,3,0,0.36200208199989997
a00c3ab0,2,2,3,1.6972626947079135
a00c85e7,2,3,1,1.023713661507214
a0277c1c,2,2,0,0.3152358805605953
a032d7bb,2,1,0,0.36110012945641373
a0482f47,2,2,0,0.45796991554500976
a0497d5d,2,3,1,0.8250481343553026
a0510686,2,3,1,0.12230539820097491
a0522c83,2,2,2,0.532033055394928
a0811cc1,2,3,0,0.5035521113538891
a08ebf6e,2,2,3,1.0206633643841756
a0dffdeb,2,2,1,0.20021264977530834
a148b46f,2,2,0,0.30349184870947954
a17f6cfd,2,2,0,1.1975503181654679
a196148e,2,2,1,1.4947056651430617
a1df952c,2,3,1,1.4084587420867918
a1fe4f51,2,1,0,0.07914172426056221
a213c519,2,3,0,0.8606799507583799
a217e790,2,3,0,0.29628039680955925
a21ad8c0,2,2,1,0.8864654554966849
a221c60c,2,3,1,1.0991894758102339
a2240f50,2,2,2,0.7881517401516183
a263a68c,2,2,0,0.3031180512994252
a26c3e8f,2,2,1,0.2783125260550074
a28c7891,2,1,0,0.7474223262426427
a297d1b9,2,2,0,0.2064597565431554
a2994e55,2,3,2,1.1739753996047826
a2a8f352,2,1,0,0.0759461341880806
a302a015,2,1,1,0.4135670780180235
a30e6178,2,2,0,0.48173573467081876
a317c78a,2,2,0,0.5841752053866728
a3391798,2,2,0,0.21550194340491496
a3858c6a,2,3,0,0.9776817545689266
a38699a5,2,2,1,0.43314166126073217
a3abe528,2,3,2,0.5745870258427298
a3b146ca,2,3,0,0.2429107983434597
a3bd8858,2,3,1,1.0172039448096917
a3e53e34,2,3,1,0.8312043367996992
a3ec2999,2,3,1,0.4892375169586597
a402c6c8,2,2,0,0.36565993860169327
a40c8316,2,2,2,0.981458327368905
a45230f4,2,2,0,0.6590431873655165
a4530b41,2,1,0,0.15263919523080283
a49eda7f,2,3,0,0.7481704889130704
a4be0322,2,3,1,0.6063095877422743
a4c15213,2,1,0,0.3254222718323273
a4e0447e,2,1,0,0.3614441112754537
a5024ef9,2,3,2,0.42774765773083356
a5078c62,2,3,0,0.6660308275874117
a5099438,2,1,0,1.4996183088880057
a5356446,2,2,1,0.9834803644281548
a54d22e7,2,2,0,0.16706357269786942
a55b715d,2,3,1,0.622568760382325
a5710c0a,2,2,0,0.41716316985231733
a5974a7d,2,2,0,0.5708607769223883
a5a737f3,2,2,0,0.3064304875598602
a5dbb00a,2,2,1,0.5558824068051789
a60b8575,2,3,2,1.3079470450083337
a614af1b,2,2,0,0.4809104949146877
a62edc1c,2,1,1,0.08453950815570965
a65b2226,2,2,0,0.337360410744941
a6969e1a,2,2,1,0.37437790474952515
a69f89e2,2,1,0,0.3521912117708727
a6e72e9d,2,3,0,0.21710834077396035
a6fbb2e7,2,1,0,0.251595564982803
a70e9a7c,2,3,0,0.6119483677792497
a722f648,2,1,1,0.45692600767267477
a7639eb5,2,3,2,1.214504039497137
a774c63b,2,3,0,0.6011359548200654
a7b9546a,2,1,0,0.3952522466107416
a7d2852d,2,1,1,0.9657436335469207
a808ad0a,2,1,0,0.8799563301628697
a84922d2,2,1,0,0.5943912600077039
a8722cde,2,1,1,0.7909277991534853
a88cd304,2,1,1,0.9200242940992027
a8926a86,2,3,2,1.2874829478545928
a89284b2,2,1,0,0.14684121687686436
a8c1aab5,2,2,0,0.3165441857308232
a8d90be8,2,1,0,0.6965700921152695
a8d9de72,2,1,2,0.4257270978470904
a8dc2e05,2,1,0,1.1520227267130339
a952659d,2,2,2,0.6962679565278855
a9595acd,2,3,0,0.3437198308837055
a95b4487,2,3,0,0.4835641840404456
a9717f92,2,1,0,0.63017781176862
a971b3b1,2,3,0,0.08344210128114526
a9aa2336,2,1,0,0.6931107694370862
a9b84b96,2,1,0,-0.00449982032959062
a9c3b925,2,2,0,0.36732372976764033
a9c53cdb,2,1,1,0.24964803125427926
a9c5f872,2,3,0,0.5166846188480843
a9e5794a,2,3,0,0.6257028966448581
aa61d9da,2,2,0,1.0499239348336715
aacb0b33,2,2,0,0.7488617358774574
aae9800e,2,2,0,0.7162039068390625
aaefeff0,2,2,3,0.8280646457138947
ab16a20d,2,2,0,0.5140583500374377
ab1dc378,2,3,3,1.1500069078496078
ab2ad965,2,3,0,0.19538960554523616
ab36aa48,2,3,2,0.44334059838851425
ab4b6c15,2,2,1,0.820878186931564
ab54c39e,2,3,1,0.8027313024554216
ab5889ef,2,1,0,0.06164289055606498
ab6e1b81,2,2,0,0.1003099604846247
ab71f143,2,2,0,0.48397072972260324
ab8245da,2,1,2,0.28454022906377696
ab987c75,2,1,0,0.39529493604888827
abac67cc,2,1,0,1.1917678471654174
abb3b071,2,3,0,0.6100723682425886
abd1b232,2,1,2,1.2687024049784097
ac1ad4a7,2,3,0,0.20116924387587842
ac29ec80,2,3,0,0.19040117579581828
ac31e154,2,2,0,0.41415200180757683
ac3ba541,2,1,0,0.1780794297893103
ac5fad3b,2,2,0,0.12177545152832042
ac675a81,2,1,1,0.3922628853266633
ac67c949,2,2,0,0.17238592332726282
ac967bb9,2,3,2,1.0392539347679668
acb75c15,2,1,0,0.6177159327253549
acde8e47,2,2,1,0.6485940858122586
aceefa4f,2,1,1,0.9301029539581042
ad0bbf35,2,1,0,-0.0030496080128432634
ad319a21,2,3,1,0.7340999649201172
ad380962,2,1,0,0.11494374774663957
ad536dea,2,3,1,0.6214424570856404
ad8945e3,2,2,1,0.5590768156956901
ad9f821d,2,1,0,0.8080755731019211
adbd6839,2,2,0,0.46705473634196676
adc2d620,2,2,0,0.316749374836669
adc71322,2,2,0,0.5773499474244317
ade50eba,2,2,1,1.219892158551255
adfef47a,2,2,0,-0.011803420455771207
ae4fdae6,2,2,2,1.1628188810095088
ae6e4380,2,1,0,0.3037128294714745
ae712150,2,2,0,0.5483914847584684
aea92843,2,1,0,0.18040866866396232
aed29ee7,2,2,2,0.8774786635321592
af1c2775,2,2,2,1.1842400706630114
af485add,2,3,2,0.8027885938777061
af4f064e,2,3,0,0.22218548565006613
afa6cc9b,2,1,1,0.6676005032925034
afa92c37,2,1,1,0.7408346682452546
afae8244,2,2,1,0.32400321623532713
b01cb004,2,1,0,0.21468401449706354
b08423c5,2,3,1,0.8700819092489633
b092b360,2,1,0,0.6195268722735342
b0ab15a7,2,3,0,0.23011343868974898
b0b57cb7,2,2,1,0.37112145391964724
b120a337,2,2,0,0.5292085137721406
b13e0cd0,2,3,0,0.8337076560421064
b1883100,2,2,0,0.0883868742750753
b1a00510,2,3,1,0.4700614827451323
b1de4423,2,3,0,0.06912791933891171
b1f064ac,2,1,0,0.9012994363906079
b21f7b12,2,1,1,0.9713069178371738
b2290813,2,2,0,0.9516745118373562
b23b9220,2,2,0,0.6812742988811342
b2594910,2,2,0,0.4642648767799387
b25abc27,2,3,2,1.2464937721898073
b285eac6,2,1,2,0.24400007001204216
b2987a65,2,2,0,0.3830090067866906
b2b56219,2,3,1,0.6106392449935001
b2b792a7,2,1,0,1.2431758698058073
b318f1d9,2,3,0,0.3232336241421021
b31dd1bb,2,2,0,0.8216644813342457
b347b9cc,2,3,0,0.22068005891567394
b37281d5,2,1,2,0.4907765117243613
b39504a7,2,3,2,0.715302870805854
b397a73e,2,2,1,0.4728044126718148
b3b200af,2,2,0,0.35744054545033516
b3d74a58,2,2,0,0.006820050079357931
b3dade53,2,2,2,0.7025808716066511
b3e10f59,2,3,0,0.14439921060400118
b3e14267,2,2,0,0.8837501279613647
b3f5c066,2,1,0,0.5218179157217347
b4002374,2,2,1,0.6976560512043322
b412866b,2,3,1,0.9720542291164638
b41cee02,2,3,0,0.46505418049565733
b449ac61,2,3,2,0.909020427567485
b4885e6f,2,1,3,1.201145006545895
b4bd49a0,2,2,1,0.20205632533537188
b4cfd8d7,2,3,0,0.5827684724757602
b4e69f09,2,1,0,0.14490331251099176
b516ca6f,2,2,0,0.5137260747992282
b53a8f23,2,3,2,0.604387295291011
b55f7943,2,1,1,0.5429920967163779
b57e33a6,2,1,1,0.1236113934986805
b5c2bc50,2,2,0,0.31805621712426363
b62a320b,2,2,1,0.3408807741250909
b64856e9,2,1,1,0.6822653377468171
b6af12af,2,3,0,0.5744268245067071
b6caa7fb,2,3,0,0.41335182558966377
b6e9a65f,2,3,0,0.1850103743849662
b70db5d6,2,2,0,-0.014727165406231535
b712b69b,2,3,2,1.0996528553695046
b746cbe3,2,3,0,0.27425934699457544
b78d5d2e,2,3,0,0.5753343078429789
b7a61f8d,2,3,0,0.1515611565672046
b7ac57d5,2,1,1,1.2617248653035658
b7c3834f,2,3,3,1.5481676039033303
b7c410a9,2,3,0,0.5210220895390478
b7eb466c,2,2,0,0.6294715036393129
b7ec062d,2,1,1,0.9415019799990308
b802aec3,2,3,1,0.8144079666967461
b823508b,2,1,1,0.3845912496240693
b84754a9,2,2,0,0.5726232865546272
b89537ae,2,3,0,0.4222154597372508
b89b8154,2,2,0,0.33139211300584726
b8b48fbf,2,2,0,0.548573090674936
b8bf20f9,2,1,0,0.3771791574743671
b8df3d7c,2,2,0,0.41047420600707457
b92be605,2,1,0,0.5203366093057372
b9318815,2,1,1,1.0943248371410186
b93e1e41,2,3,0,0.49279321616565497
b94ec4a1,2,1,0,0.6451689606884188
b95aad8d,2,3,2,0.9635399818957431
b95da85d,2,1,2,0.6380118303491922
b9b22bff,2,2,0,1.24180906665827
b9c085ab,2,3,0,0.7659906558931603
b9d3616c,2,3,2,0.7651322734122583
b9dcf632,2,1,0,0.1704325406971482
b9e20ba6,2,1,0,0.5020890738970386
b9eeb8fa,2,1,0,0.27055883677440107
ba09d63f,2,1,0,0.45365571050237097
ba158a9c,2,3,0,0.6516448179477226
ba29cfb3,2,1,0,0.14619366629406855
ba42462b,2,2,0,0.31660455631120726
ba4294b3,2,1,0,0.4154083479455746
ba73bc7c,2,1,1,0.7176164549833628
bafc4389,2,3,1,0.3882183273319243
bb0d7d92,2,3,2,1.037960936122846
bb4821ee,2,2,1,0.5233046439826701
bb808a71,2,2,0,0.7741368700213576
bbbd61c9,2,2,0,0.06027168888391976
bbd71a7c,2,1,2,1.0153746334199412
bbe5bedd,2,2,0,0.3384073784373389
bc06600f,2,2,1,0.8110180049597344
bc0c0f03,2,1,0,0.2636231401128985
bc1ec029,2,3,0,0.6271529211685021
bc4eaf77,2,1,3,1.0099948919554844
bc66f41d,2,2,0,0.43822588837894494
bc6bd8b2,2,1,0,0.22237391446341997
bc790ce0,2,2,0,0.4645813500435656
bc817a4c,2,1,0,0.12448347628512602
bc95339a,2,2,0,0.21575738228918084
bccebc5a,2,3,0,0.7467551308535648
bd124dbc,2,1,1,0.4777071313907946
bd480331,2,3,0,0.5245518640841822
bd4ccd4c,2,3,1,0.5859176480018917
bd713fb8,2,1,0,0.3737268982710352
bd932d04,2,2,2,1.4888125024977819
bdbd1afd,2,1,0,1.0129036063084709
bdbff28b,2,3,0,1.1784849731017966
bdcc7d10,2,1,0,0.25347188919451424
bdcddd09,2,2,1,0.6095786083117479
be1c3b0e,2,1,0,0.9922468059783771
be210bc7,2,1,2,1.2065665612067122
be26335a,2,1,1,1.1109850972435225
bea525dc,2,1,0,0.6189050380540889
beafa6f9,2,2,2,0.8642818851167835
bebff291,2,3,0,0.15710729368576648
bee4eab0,2,1,1,0.5282727400246194
bee51adb,2,1,0,0.2876561017482193
bef89ce4,2,2,0,0.32951393957401726
bf0942bc,2,1,0,0.644460005796446
bf18965c,2,1,0,0.5213585992015906
bf280e13,2,1,1,0.6121471931104195
bf31e0a7,2,3,0,0.1933097995564253
bfb421f9,2,3,2,0.6483669502978581
bfb52472,2,2,1,0.863420473543834
c00c663c,2,2,1,0.6784123301726057
c03c0758,2,2,1,0.19197085278549125
c0442863,2,1,2,0.9644487290495857
c0869eb0,2,2,0,0.38417489728144577
c09d41cd,2,3,0,0.870523109896516
c0a7d046,2,3,0,1.0021134469311794
c0adc389,2,3,2,1.3817065926351821
c0c168fa,2,3,0,0.23770463126216523
c0d5b3f3,2,2,0,1.0202731365075426
c0f2a046,2,1,0,0.7164959037636156
c1200b71,2,2,0,0.11650958416714075
c1373df0,2,2,1,0.2158275826968699
c192715a,2,2,0,0.7474561400169337
c1add876,2,2,1,0.45313181983751916
c1ed20ef,2,2,1,0.3788125706023695
c274a243,2,2,0,0.12068988796680474
c2adf42c,2,2,1,0.7339348720007773
c2b40d6f,2,2,0,0.34972427679688567
c2bac6ad,2,2,2,1.1626595585653599
c2bac92a,2,1,0,0.6134700002267777
c2e15338,2,3,2,1.1440805190240877
c2ea6e54,2,3,0,0.3441333163924313
c3061b23,2,3,0,0.6563489373797009
c30f5122,2,3,2,1.1874055443295175
c31a5825,2,2,2,0.23816486202315273
c35218d4,2,2,0,0.20893734090713484
c3760eb9,2,3,0,1.2691954279341853
c37ef416,2,2,0,0.3641716800982777
c38585c5,2,2,1,0.31085812014394093
c38a5c9b,2,2,2,1.26124401667105
c391e9c0,2,2,1,0.4423034933250618
c3a3f61e,2,1,0,0.4485968193098697
c3a86e3e,2,1,1,0.21993816371729558
c3b87e5c,2,1,0,0.24664688827330972
c3d46daf,2,2,2,0.7766073667068518
c3dde859,2,2,0,0.24315560392342617
c409bc9d,2,3,0,0.11891158028754739
c40bb352,2,1,1,0.17547364591761988
c41274a7,2,3,0,1.1349975299324369
c42b7972,2,1,0,0.8194644597366179
c43b985c,2,1,0,0.4854926977504581
c4a681dc,2,1,1,0.15948348945441715
c4aa8d47,2,2,0,0.0697152371689318
c4c86e6f,2,3,1,1.2449492872100445
c51c1139,2,3,0,0.25039293057268175
c5462e87,2,2,1,0.3554430414375471
c55cc646,2,2,3,1.1413586658050783
c5cfaeae,2,1,2,0.7368564599071894
c5e91ebc,2,1,0,0.37853727128255854
c5f3d60c,2,1,0,0.08234382002920393
c6287031,2,1,1,0.8847088294378637
c6313b18,2,1,0,0.3682741870633997
c63f1965,2,1,0,0.32684878399721223
c6575d38,2,1,2,1.531015728235423
c66daa08,2,2,2,1.0181506379829381
c678730b,2,3,0,0.37105130594839947
c68c9809,2,2,1,0.6244680386738928
c69ffa09,2,1,0,0.970531687874201
c6a92a65,2,2,0,0.3680321750698418
c6b7811e,2,1,2,0.41272806305785237
c6cb894a,2,1,0,0.706410563701257
c6cc7467,2,1,0,0.7396995074706962
c6d4b453,2,3,1,0.2638098371302033
c6da0d4b,2,2,0,0.3434284558607647
c6fd800e,2,2,0,0.22639535687166662
c706a54d,2,1,0,0.06905223561507579
c715832b,2,3,0,0.5895568776837407
c731458f,2,3,1,0.7573773751812679
c73f149c,2,1,0,0.24385077350898182
c79039af,2,1,1,0.28378539911306266
c7d61396,2,1,1,0.38909146142642426
c7d9e964,2,1,0,0.2944370486368375
c7fd8939,2,2,0,0.18636464024713345
c805ebe7,2,3,0,0.11316462776596603
c8270746,2,1,1,0.854471245535623
c829500d,2,2,0,0.3622234247921513
c892f324,2,3,0,0.232848720836134
c8cc2e1b,2,1,0,0.2768131092331733
c8d6b871,2,1,0,0.5125316148328041
c9133895,2,3,1,0.5454514902715709
c9537127,2,3,0,0.7900317369817955
c9600298,2,3,0,0.31648839320088373
c96b9609,2,2,0,0.17108345508811262
c9879365,2,1,0,0.5827020846366299
c9a57335,2,1,0,0.18165011661927577
c9ad9c75,2,2,0,0.8105538381644624
c9d47171,2,3,2,0.4034160297247092
c9dabad5,2,1,0,0.4750201775617676
ca1bdcd3,2,1,0,0.2916841297764255
ca3204b0,2,3,0,0.7795508025661323
ca33a5e7,2,3,2,0.40448703527754126
ca724703,2,2,0,0.5310940139535565
cac0f438,2,3,0,0.33523595060210887
cad3bc70,2,1,2,1.133606951269202
cae0531e,2,1,1,1.0558899876951655
cae31194,2,2,0,0.34070756484088827
caec8d59,2,2,2,1.1932320467532096
cb054226,2,1,2,0.4807929268963025
cb2752bc,2,1,1,0.6313720885259555
cb3b7c3c,2,1,1,0.7316280270917902
cb73fed9,2,2,0,0.2578112595556623
cba1c8b5,2,2,0,0.7019690472103508
cba39753,2,3,0,0.7933942433239696
cbb1ddec,2,1,2,0.734499531754699
cbcf8cf2,2,2,0,0.7581740415510698
cc010b72,2,1,0,0.1473826323848983
cc16d472,2,2,2,0.9691629268936208
cc224be2,2,2,0,0.5172544879891745
cc25e136,2,2,2,1.0523715353022685
cc477243,2,3,0,0.4234148978665634
cc5143df,2,2,0,0.5678002663510392
cca40abb,2,1,0,0.10035419428865217
ccc9db97,2,2,1,1.5629424451968625
ccd0fe74,2,1,2,0.8369367726140418
ccdb4ae5,2,3,0,0.48386283640383354
cceddb57,2,1,0,0.7480203989917699
cd1fff5a,2,2,0,1.175117988069413
cd36e51d,2,2,2,0.9766574842978806
cd39e576,2,2,0,0.4449142121404888
cd68643b,2,1,0,0.0794613304643107
cd703872,2,2,0,1.106230534119061
cd89d5f1,2,1,0,0.8702950174554535
cd8f3c61,2,1,0,0.1478080832971334
cd92eaf6,2,3,0,0.3711841408999508
cda90e9e,2,1,0,0.5991289903562322
ce031b1b,2,1,0,0.363293761935953
ce379a6a,2,2,1,0.6338659637543517
ce95b2e1,2,3,2,1.1702578603710196
cea35700,2,2,0,0.29759588814101723
cea73edd,2,3,0,0.5841495621149777
cedf96c5,2,1,0,0.3809940070834752
cefdb7fe,2,2,1,0.8464778215205524
cf0d6d38,2,2,0,0.16334201244484658
cf1b9d44,2,3,0,0.6654452435026379
cf2e4065,2,2,2,0.35204683020125527
cf86987d,2,2,2,1.1767778283356993
cfbbdd3d,2,3,1,0.557668223966628
cfcf9dc9,2,1,2,0.26681176918804006
cfe4cf40,2,2,1,0.7034150449888618
cff4bcee,2,1,0,0.25279886521896516
d00b493e,2,1,0,0.7335597820546976
d0429481,2,3,3,1.523023137997185
d05f5d71,2,2,2,0.5465893814465225
d08806a2,2,2,1,0.5463044498378264
d0ac4f1c,2,2,0,1.3257813066616009
d0ef0744,2,3,0,1.150169474721289
d11428bd,2,3,0,0.673041006481004
d1145910,2,3,1,0.6976280581237926
d14d79b5,2,3,0,0.35527279028537906
d19e1025,2,3,1,0.5103230813816056
d1a38988,2,2,0,0.25561801077112767
d1aa6625,2,2,0,0.4208498417217126
d1ab95e5,2,1,0,0.4183520708950866
d22e7168,2,1,0,0.45694533517619795
d28f0d44,2,3,0,0.6298669271449163
d2b84f45,2,1,1,0.917385299595189
d2bcca68,2,3,0,0.3732172030816089
d2d9b474,2,1,0,0.6583032479633338
d2fcde50,2,1,0,0.33831763709497775
d3b860ab,2,2,1,-0.004521320854642963
d3bf6d28,2,2,1,0.7923390661397578
d3da09e8,2,3,1,0.9228954502093656
d3e45961,2,3,0,0.6883084807576537
d42454d4,2,1,0,0.3123110578793767
d445fb74,2,3,2,0.8765650397178691
d476f528,2,1,2,0.6469143057057705
d4a81b97,2,1,0,0.7912668192622938
d4b935f8,2,3,0,1.0706198256105628
d4bfc83f,2,1,1,0.12327120801820324
d4c2e9a1,2,2,0,0.17369824132274242
d4f3e585,2,1,2,0.8237298612515142
d506f4c7,2,2,1,0.9304407427581295
d50a8c3c,2,2,1,0.9284438716898369
d547d0da,2,2,1,0.474591603433396
d565ccf6,2,1,0,0.5471069000515998
d57380cf,2,3,2,0.9767125658239321
d57802c5,2,2,0,0.30828170997357623
d57f6c9e,2,3,2,0.7671260856226054
d5874bad,2,3,1,0.8909027387304355
d5a8d9b0,2,2,2,1.1052876238306921
d5b089a4,2,1,1,0.574991788138595
d5cebbfc,2,2,1,0.4916211957146127
d5fb07d2,2,2,1,0.8124589438893196
d5fde276,2,1,1,0.43342557943822185
d6007386,2,2,1,0.48230254027718517
d61359ee,2,3,0,-0.004260035535076145
d6251195,2,2,0,0.09974514708357296
d661ddf7,2,1,1,0.6804299532201515
d66aed49,2,1,0,0.26244736431960236
d6723b39,2,2,0,0.2544694910157079
d6776176,2,3,0,0.1963507509441103
d6be0a92,2,1,2,0.4146815551888753
d6c4d9eb,2,2,0,0.5398421161015667
d6c6baa5,2,2,0,0.6906280306979251
d6cca65e,2,1,2,0.8881434801057017
d6e613bc,2,2,0,0.622464056884953
d74e4d7c,2,3,1,0.9972064921063757
d766a1c8,2,1,0,0.8985078039786776
d788a6a8,2,1,1,0.2042031880125158
d78c55fb,2,1,2,0.8673070919243087
d78f437c,2,1,0,0.15486233909130087
d791703f,2,1,1,0.8807374297076282
d7c063b4,2,2,1,0.11484816455488112
d8037389,2,2,1,0.7159008202799256
d80b8bb6,2,3,1,1.208656441886688
d8196954,2,2,0,0.1997672825373174
d81f28d3,2,3,0,0.1712907682242748
d82e9b87,2,3,0,0.1522988272326224
d859115e,2,3,0,0.8516884066077651
d85a62b3,2,1,2,0.42585698911543535
d85b7c71,2,2,1,0.4332031948769462
d87d3d03,2,2,0,0.3813217852147671
d87e2d01,2,3,1,1.0490932236103427
d8a78157,2,1,1,0.8346904847760445
d8b066ad,2,3,2,0.7613606700084831
d90900e1,2,2,0,0.36956206658350804
d94c91bf,2,2,0,0.285485965035036
d9ae9a13,2,3,1,0.8349146877724558
d9f16cd2,2,3,0,0.5055553502902617
da0001de,2,2,1,0.22525799848405292
da09ed4b,2,2,0,1.0196668453294353
da15064a,2,1,1,0.5712391628965987
da19c97e,2,2,0,0.15443091475336046
da1b21b1,2,3,0,0.1973552433851794
da5a8921,2,2,0,0.17910778464313643
da94e67d,2,1,2,1.1824672275691401
daa9b0aa,2,1,0,0.18379286956500712
dacc2f83,2,3,0,0.7444256839187436
dacfdb2c,2,3,0,0.1584133207743631
daf3969c,2,2,2,1.185389614849826
db175ab6,2,2,0,0.22655497151927717
db23fbe4,2,3,0,0.6152571030106802
db38d1f9,2,1,1,0.6656829905780288
db3b1dd1,2,1,0,0.22790149040776775
db49ac7c,2,3,0,0.8469858081399538
db746de0,2,2,0,0.7144306439208354
db9353fd,2,2,0,0.2225178879271137
db9eae59,2,3,0,0.7720194780790117
dc168599,2,3,0,0.29072526061534343
dc33dcef,2,1,0,0.41454636005709944
dc4e9e2f,2,2,0,0.5962117732892251
dc52906a,2,3,1,0.42294170536797915
dc6870da,2,3,0,0.46852414323098124
dc81eac1,2,2,1,0.3882170956495628
dca065be,2,3,0,0.409529622050067
dcd2586d,2,2,0,0.6655201463499932
dce2a54d,2,2,1,0.29766454470735054
dcfcd574,2,3,0,0.5773478004916769
dcffa5d6,2,3,0,0.32427699870566057
dd02cfa1,2,3,1,0.3279382622849234
dd6679a9,2,2,1,1.1496819522043382
dd689eb0,2,3,0,0.10649599932899789
dd9c9576,2,1,0,0.26060987276166553
dd9ce3c4,2,1,0,0.5153712029062526
ddd0cb12,2,3,0,0.31830811027473904
ddd9a88d,2,3,0,0.9326709077835955
dde82df7,2,2,0,0.07473972802832696
ddfddd87,2,2,2,1.2469071245541454
de6797db,2,3,0,0.302688819950206
de742c5c,2,3,2,1.1911901961980444
de91310c,2,2,2,1.4556746134087166
de961552,2,2,1,0.19678121415937683
de9fe1e0,2,3,2,0.9254380642590043
dea0552b,2,2,1,1.0738157058504
dec9056d,2,3,0,0.09022892062565396
dee8b1bd,2,2,2,0.7345761104169787
dee9eb9c,2,2,0,0.6679525055567538
df4a0fee,2,1,0,0.4732718644038508
df4ab9b1,2,2,1,0.7466976055261192
df4d2085,2,2,1,0.4448172771616756
df556fd2,2,2,3,1.09240174488425
df98fbb4,2,1,2,0.5866523392652856
dfaa2a59,2,1,0,0.18975569062638536
dfd87763,2,3,0,0.38949421552086066
e016d96c,2,3,0,0.5908079341357375
e0271395,2,2,0,0.2019895621079359
e0283d3d,2,3,0,0.07733898826931596
e049dab1,2,1,0,0.5003630501913222
e0655da2,2,1,0,0.21633025605265194
e0706ce2,2,2,1,0.4961589907408206
e072b994,2,2,0,0.014413260154473084
e0736134,2,1,0,0.37140235179086567
e07fa0b1,2,3,2,1.1157484693424404
e0869709,2,2,2,0.9044847973718644
e0a7f42a,2,3,1,0.7595870387043752
e0ad6550,2,2,2,0.3722067982059959
e0c4e965,2,3,0,0.4502969414896574
e0db55b1,2,3,1,1.0462919789602343
e0e35d4e,2,3,1,1.3601633000872904
e0eb3ea8,2,2,2,0.5679747614307525
e11be9c1,2,1,0,0.8974845065233682
e15fe97b,2,2,0,0.5717724398110479
e16a4784,2,1,3,1.3916599133408765
e17b9cae,2,1,2,0.9936323531194009
e1958a83,2,2,0,0.08134515870849279
e1e02e28,2,3,0,0.335726213586909
e1ea8dd7,2,3,0,0.821448080016624
e21255e2,2,3,1,0.7443331002392306
e22cf08a,2,3,0,0.3761575964104937
e23a8a0a,2,2,0,0.4328692259924248
e243119c,2,1,0,0.4792030200948675
e252dcb6,2,3,2,1.2670189129762708
e25f7b9a,2,2,1,0.14798963390628878
e28c0bfa,2,3,1,0.8374389117031682
e296c5e4,2,3,0,0.22877706666544861
e2d370a2,2,3,1,0.7049750714612826
e2fcc91e,2,1,0,0.27213678804283087
e315fdd7,2,2,0,0.9329034102243722
e318ec9a,2,3,0,0.18682674772466962
e328a032,2,2,0,0.595139755390313
e345b271,2,2,1,0.3090916339506471
e34b9430,2,1,1,1.1919133322561142
e362108f,2,2,0,0.6319143327647154
e37d000b,2,3,0,0.22384782797083325
e3aa85a3,2,3,0,0.3505340659320433
e3aa9dcb,2,2,1,0.9554685952961204
e3bb3735,2,3,1,0.7971650211786796
e3bce7e1,2,1,0,0.9486702046744713
e3cec795,2,3,1,0.3244517854280621
e3d5aab8,2,2,0,0.11981375525202159
e3f71f7a,2,1,0,1.1255737197270834
e40319d7,2,1,1,0.5218369359219953
e4614ec6,2,2,1,0.19458577408207606
e46417a7,2,1,0,0.008022037616066902
e4762a2b,2,2,1,0.6322999225571757
e47c1eb7,2,2,1,0.6238611364306058
e4a2e3bc,2,3,2,0.468615523013669
e4ab3b12,2,2,0,0.13582943804826736
e4b47411,2,3,1,0.7198881947286808
e4c008b9,2,1,0,0.3272396501905348
e4d396d7,2,2,0,0.276940980746134
e4d5bf2b,2,1,1,0.6047943888606812
e4db6712,2,3,1,0.44137220143099665
e4e58096,2,3,0,0.46614313358793397
e4ee6ff3,2,3,0,1.13415576454581
e51193d1,2,2,2,0.24546066269410638
e515c971,2,2,1,0.6381370868568899
e5349ce2,2,3,0,0.19575421164730022
e537418f,2,3,1,0.9908353903963939
e5b902bc,2,2,2,0.5910125799197077
e5d77ff3,2,3,1,0.7525787899191999
e6169c6d,2,2,0,0.32907494686185224
e63000c5,2,2,0,0.06820846191697927
e63a0ea8,2,1,0,0.10466022239072575
e664dd71,2,3,1,0.10753468562669372
e683d2c9,2,1,1,0.7036007096213889
e71f347e,2,3,0,0.9133375633011428
e72af462,2,2,1,0.6264141110309808
e739c579,2,3,1,0.9826202706442915
e7401605,2,3,0,0.16970512390466147
e754411f,2,2,0,0.9377177732992046
e76ad778,2,1,2,1.0273359376260762
e79487a3,2,3,0,0.27137959104714215
e7bbb32e,2,3,1,0.6118622562557189
e7d08824,2,3,0,0.679796756024061
e7db9aef,2,2,2,0.740721013976026
e7e43817,2,2,1,0.25053389327490533
e7ee0921,2,2,0,0.12480826647699278
e8313da5,2,2,1,0.1666593383908484
e86bb780,2,2,0,0.09881961047773474
e88aa867,2,2,0,1.3162215802341939
e892aec6,2,1,1,0.1890443553833513
e8ac21d2,2,1,2,0.6705526668934032
e8b64419,2,2,0,0.6653168229671254
e8e82627,2,1,0,0.35543858588398247
e9030ab7,2,3,2,1.0032756494557793
e90a63d0,2,3,0,0.5947154978693217
e912c973,2,3,1,1.168033665857834
e934bf0a,2,1,1,0.5246444711156696
e93cce44,2,1,1,0.3887287982269881
e96763c1,2,1,1,0.6676286416427244
e9a6c514,2,2,0,0.2773456958471024
e9b642a3,2,2,1,1.1469650089459527
e9ca5586,2,1,0,0.34941384404904474
e9d94c4e,2,1,0,0.4666095458629969
ea38bd63,2,2,2,1.5349759622548067
ea4619ec,2,2,0,0.4156633364755631
ea544af3,2,1,0,0.7180576435837507
ea7277b4,2,2,0,0.5204327983415283
eaa4821d,2,1,0,0.1098142422088032
eaab7a96,2,2,0,0.7399234378613373
eac08386,2,2,0,0.18142140137540175
ead25f13,2,2,1,0.3371940781834374
ead871be,2,3,2,-0.026403538736913146
eb00abb3,2,1,1,0.06437932877000208
eb5c46b0,2,1,0,0.9865456990786003
eb749e46,2,1,2,1.067299310131089
eb891208,2,1,0,0.7044626597194854
eb90ee20,2,3,0,0.368928560957017
eb93a46a,2,3,0,0.22992025508060066
eb9a846d,2,3,0,0.5002736828991577
eba27772,2,1,0,0.11847960805165575
ebd6f819,2,1,1,0.7712050833926056
ebf2b0c9,2,1,0,0.5859086957855237
ebf30e46,2,1,0,0.8383248464914015
ec0f4afa,2,3,0,0.405801702287091
ec13a1b9,2,1,2,0.2931111122311414
ec220299,2,1,0,0.7739701698628391
ec4a1461,2,3,2,0.8174160895698462
ec619149,2,3,0,0.5255045780227455
ec65cd62,2,2,0,0.4101031669971894
ec850b10,2,3,0,1.0906677779924578
ec890dbd,2,2,1,0.5000817938368465
ec8f8f95,2,1,2,0.7682438256176928
ec9179b7,2,1,0,0.13514404502515948
ec9195be,2,2,0,0.418902083304334
ecb1c038,2,1,1,0.4440310117371775
ecd22509,2,1,2,1.0226291525614082
ecd25dd1,2,3,0,0.9138645162279504
ed0b3906,2,1,2,1.0400669942264678
ed50a6f6,2,2,2,0.6791399635755395
ed61b01e,2,2,0,1.1260670269552109
ed711416,2,3,1,0.48710736869897175
edb86a64,2,2,1,0.6264584834596018
edb9d0f3,2,2,0,0.29480860866672476
edbf35f3,2,1,2,1.4084457231655683
edeec50d,2,1,0,0.20957338825621047
edfe1f8d,2,2,1,0.8239956591623511
ee0fa75a,2,3,1,1.3388194088292409
ee21612e,2,1,2,0.8525537005022786
ee2bf575,2,3,2,0.9007815935605874
ee4e9eed,2,1,0,0.30967411422909563
ee654259,2,3,1,0.23262580763241802
ee67eb55,2,1,0,0.30821104254464016
ee74be35,2,1,0,0.5086512632594331
ee7de96c,2,1,0,0.019790599368550987
eea74d46,2,2,1,0.1802063015428263
eeedcd5e,2,2,1,0.8147414273123105
eeefa792,2,1,0,0.48587153472846434
eefeb431,2,1,0,0.8479949883034826
ef07f833,2,3,0,0.21016694235611483
ef9617e7,2,1,2,0.5904762320511243
efc2bc05,2,2,0,0.6689050060954811
efcef0d6,2,1,0,0.6100135833220164
efedde24,2,2,0,1.435444948264582
f028534c,2,1,0,0.5686587568013795
f0356a48,2,3,0,0.4031390198062954
f043be76,2,1,0,0.7944860261484814
f08a5ac3,2,3,0,0.636543187190272
f0957ca1,2,1,2,0.6755812112535322
f09a076a,2,3,1,0.9276774745768787
f09b02cd,2,3,0,0.501857379290348
f09e7b33,2,2,2,0.736882052045897
f0b5d026,2,3,2,0.6330331504875947
f0ed5690,2,2,0,0.4354578833812963
f0f3e41f,2,3,0,0.8015397608057955
f11e17c0,2,3,1,1.063151290328193
f14e55d7,2,2,0,0.6389472363404151
f15dca1b,2,1,1,0.65935651244934
f1702318,2,2,1,0.4570430307513142
f1a16e58,2,3,1,0.6377361875036788
f1baabc1,2,3,1,0.3013152365869582
f1baae47,2,3,1,0.7278352438464625
f1bd0f59,2,3,0,0.92121317859631
f1c3cb6b,2,3,1,0.7973246062590892
f1ed2e85,2,2,0,0.31525481273140754
f1ee75bf,2,1,1,0.4397454246404655
f220a837,2,3,1,1.0196449757099741
f2260009,2,2,0,0.42627854207942967
f240387a,2,2,1,0.43600339720425074
f2499682,2,1,0,0.2701613401868774
f285b43c,2,1,1,1.1346285815668367
f29d4094,2,2,1,0.9653725030417302
f301e7a9,2,1,0,0.3288539105753644
f32a9580,2,2,0,0.32937784209859394
f35b607c,2,2,0,0.5492221795292436
f3aac45a,2,3,1,1.0106636555758735
f3d22832,2,3,0,0.5764424164749717
f3fbe6c9,2,2,0,0.7128548233619774
f4114031,2,2,1,0.6443440850093561
f4223e3a,2,2,2,0.5165606596110153
f44f1227,2,2,0,0.38157336525469243
f47a67cc,2,1,0,0.052234492300735846
f47abc42,2,1,0,0.5104809748048016
f497dd7b,2,2,0,0.4526908350306214
f4ece6b5,2,3,0,0.18385423289905345
f52a2597,2,2,0,0.6302126655960475
f54eebeb,2,3,1,1.29879858046679
f566e5cc,2,1,1,0.7701193515705673
f57de847,2,1,0,0.6994266597220117
f584742f,2,3,1,1.3354551735450806
f58ddd4a,2,3,1,0.6186647268307591
f5ad7abc,2,1,0,0.1195418749420834
f5b2acf0,2,2,1,0.380028682701954
f5d4c82e,2,3,1,0.9947915262816003
f5e64c94,2,2,1,0.5936307046129342
f6284dcb,2,1,0,0.4309493849188176
f64e1d85,2,2,2,0.2715760538057713
f67908e7,2,2,0,0.3703906742870313
f68f158d,2,1,0,0.662589830318496
f6b719ee,2,2,0,0.16866477222544135
f6c0e2b7,2,3,1,1.1851023863323862
f6c20447,2,1,0,0.12986178648615376
f6cc80a9,2,2,0,1.331396973051366
f6d3a5ad,2,1,0,0.3595034706481547
f6d6f400,2,2,0,0.9356731130488372
f6d879aa,2,3,1,1.0304101553326204
f74c45c1,2,1,1,0.7629059527795135
f74eda33,2,2,2,0.9588513807505921
f75c957f,2,2,0,0.11608111357591794
f77c2636,2,1,1,1.0146967901689243
f7b1374e,2,3,1,0.7875762841606154
f7fc97cf,2,2,0,1.024322395653835
f81598bf,2,2,1,0.6552941974748142
f817f33a,2,2,0,0.17593432811388143
f848f42b,2,2,1,0.32985882151589196
f869d220,2,3,1,1.248576112869632
f8b08332,2,1,0,0.4964844245534533
f8b36382,2,2,1,0.44909572298015776
f8bf4a1c,2,2,0,0.9564874582997887
f8d293a0,2,2,0,0.061774895942393715
f8ff0bc8,2,1,0,0.9468111853491845
f9384fa2,2,1,1,0.862147206502974
f958efdc,2,2,0,0.6588775129386517
fa293db8,2,2,0,0.39479808704724334
fa29ab47,2,1,0,0.1493961103687247
fa34f945,2,1,1,1.2632275501658836
fa3e1e21,2,2,0,0.3177367530899181
fa4f0329,2,3,0,0.4418637763238383
fa62d7b1,2,2,0,0.5773074151681727
fa633e39,2,3,0,0.5878812470816699
fa9a0add,2,3,0,0.08899726577901629
fab75c2c,2,2,0,0.31881299525526
fad07fce,2,2,0,0.5121673511335567
fb04f7dd,2,1,2,0.2963325389807363
fb22e454,2,1,0,0.8310464193846765
fb2c4db6,2,2,0,-0.05875342361019098
fb2ddbd1,2,3,2,0.5588647814395845
fb3c2c87,2,3,0,0.4548599303468204
fb9982a2,2,2,0,0.199455103621472
fb9b060f,2,3,2,1.3364677253400945
fb9c5a33,2,3,0,0.4915874399976135
fbb39bfe,2,3,2,1.0695999872712794
fbbd97b1,2,1,0,0.5529767382484279
fbc6ade7,2,2,1,0.049513072863661134
fc2c2c08,2,2,0,0.4039908680793468
fc41be2f,2,3,0,0.15587002325557003
fcc6347f,2,3,0,0.2865664960928111
fcd9a6bb,2,3,0,0.25477658630397393
fd028ecc,2,2,0,0.33901884555076406
fd0d9bca,2,2,0,0.1184069271046026
fd5589f6,2,1,0,0.17349155683772544
fd56e059,2,2,0,0.2749434184949046
fdc11b96,2,1,0,1.2629189485481858
fdea7d9e,2,1,1,0.9251820433781306
fdf4691f,2,2,0,0.5859462770433455
fe2bc235,2,1,2,0.5453845048905381
fe3cbf02,2,3,0,0.1622278798071986
fe5e2dc9,2,2,2,0.4576143384431215
fe6afaf9,2,1,0,0.5491930922694315
fecc07d6,2,3,0,0.09331135054181589
fee07f32,2,3,0,0.32009593552428633
fefaffe0,2,2,0,0.5424900066602576
ff18b749,2,3,0,0.5113704399231167
ff60112d,2,1,1,1.2927383873405125
ff6c2bb8,2,3,0,0.4453745517689496
ff759544,2,2,1,0.23035212436920505
ffcd4dbd,2,2,1,0.8991968602540739
ffed1dd5,2,3,0,0.9364865419640033
00008ff9,3,2,2,0.43182578478103395
000fd460,3,2,0,0.42040265615376216
00105258,3,1,0,0.5793008730497035
00115b9f,3,1,1,0.394878577540196
001f3379,3,1,1,0.5097437407999503
0038ba98,3,3,0,0.53801738123623
00abe655,3,3,0,0.556751412660629
00ae59c9,3,1,1,0.9072753916567671
00c0cd71,3,1,2,0.4764082644981181
00d56d4b,3,3,0,0.05689467312458141
00f332d1,3,3,1,0.9825841360196648
00f574e9,3,2,0,1.1789901543921264
01085eb3,3,2,0,1.0809413205321268
01182ce3,3,2,2,1.4643749163618895
012cadd8,3,1,0,0.34295878604572494
012e3869,3,3,0,0.15845348941379506
014c303e,3,3,0,0.36075386556853956
015ba5b1,3,2,2,1.0717922133351387
02073150,3,2,0,0.16244723972523395
0219f64a,3,2,2,0.5202355874590645
02347f13,3,1,0,1.0650108284740483
026102c4,3,2,0,0.1387717043695043
02648a1c,3,1,0,0.4720050354442006
026fcbc3,3,3,0,0.5675401170484511
029a19c9,3,2,1,0.9846630489248672
02a01f18,3,3,0,0.2664946226735599
02c4cf7f,3,2,1,0.47437886001953455
02cf7384,3,2,0,0.8570979157421807
02dcf62a,3,3,0,0.3610396786247666
02e56a7c,3,2,0,0.41920964832505797
0347462d,3,3,1,1.3915685097994899
034f923b,3,2,0,1.0271494940515398
0357a10e,3,2,1,0.30339086223264194
035c96dd,3,3,0,0.4801201440829586
0380e709,3,2,2,0.760068743484229
03833cec,3,1,0,0.17587819381445957
0391e587,3,2,2,0.5433806324409827
03a5c2d6,3,2,0,0.6837526895823737
03bf5026,3,1,0,0.5261133809329993
03f1c1c8,3,2,2,0.8417939687910683
0417c91e,3,3,0,0.036338823375036466
04370442,3,3,2,0.33294574411717187
045a0a94,3,1,2,1.1806530505268307
0471236c,3,3,0,0.17440668188193542
0499c3e8,3,3,1,0.7064128021150499
04ad419d,3,2,0,0.42286742706524827
04af8fdd,3,2,0,0.492009685870354
04afb6f9,3,3,2,0.7179085251693269
04b3cc70,3,2,0,0.4740828094104561
04cb2c30,3,3,1,0.5529469225468503
04d06a9c,3,1,1,0.5565471824435416
04f094a8,3,1,1,0.8056606527519543
0506b9cd,3,2,1,1.3845505166997443
051680a0,3,1,1,0.45712498957385767
051f73ae,3,2,0,0.4637495146563266
052a1122,3,1,1,0.549814147334442
053d7d31,3,1,0,0.5600580926257324
055156e2,3,3,2,1.228078505565266
05777ce1,3,2,2,1.22562209932941
058990e9,3,2,1,0.8420541169802296
058d2812,3,1,2,1.0290141865879563
059e02ab,3,1,1,0.7885753668944631
059eed01,3,2,0,0.22667911558072956
05bbed1b,3,3,0,0.002624229697175129
05bc318e,3,2,1,0.7261433815526783
05db1b9b,3,2,0,0.4549859621281638
05e67680,3,1,0,0.5813727427837461
05e94f88,3,1,0,0.32312138520046263
05f2d1b5,3,2,0,0.2754065405683334
0610c066,3,3,0,0.22265099916611475
061f2866,3,1,2,1.271281257885835
0632d98a,3,1,0,0.41267574704179455
063353cc,3,2,0,0.9333848451532728
063b16fc,3,2,1,0.8545283316288299
06472198,3,3,0,0.07113055090760767
064e8da5,3,1,0,0.042534227784113754
065801e3,3,2,0,0.7219616466555987
0668373f,3,3,2,0.4365343317336694
0676ead5,3,3,0,0.4456401236931151
067de065,3,2,0,0.16053843168315052
06c7dcff,3,2,0,0.4512117042729544
06c8b2fb,3,2,0,0.057441993649787526
06ec8be3,3,3,1,0.3664910719177054
070386b2,3,1,0,0.6058442783893274
0720320e,3,1,0,0.5584281851811649
0745c390,3,1,1,0.5265731292700481
077ac7a2,3,1,1,0.2902563617789372
080698b7,3,3,0,0.610087898257094
082df556,3,1,0,0.6986050889848988
0844aee7,3,2,1,0.29718462611428953
08577722,3,3,0,0.20246499982108523
08660d12,3,2,2,0.9191654550413518
086d6e7f,3,3,0,0.1547569869261734
0884aca8,3,1,0,0.5258261386390609
08fa44ad,3,3,1,0.335628241552556
09039272,3,2,0,0.33793850365598843
092494ec,3,3,1,1.0673176438602967
0924b815,3,3,1,0.11925139909593113
092c29b9,3,2,0,0.2132084713355793
09331bb8,3,3,2,1.0329739070584247
096bf063,3,3,2,0.7195784693641174
0983654b,3,1,0,0.3026775844771446
098b5836,3,1,2,1.0907321165478379
099e3614,3,2,0,0.6142340447089235
09b29113,3,1,0,0.13738603354598217
09eeaba6,3,1,0,0.07657232663857705
09eeec14,3,1,2,0.4561617580393732
09f44fd2,3,2,0,0.27996004129552976
0a1afc11,3,3,0,0.2676194887066009
0a418b57,3,3,1,0.5499276295794023
0a431608,3,3,0,1.2466686814029022
0a4b1425,3,3,0,0.1993727099641286
0a540797,3,3,0,0.39101594717353705
0a5f1214,3,2,0,0.34459064131116596
0a995f99,3,3,0,0.4068526366245172
0aa90ce7,3,3,0,0.48895472126431544
0aaf08ec,3,1,1,0.5338140251245846
0ac521c8,3,1,3,0.9557906323062033
0ac5e12f,3,1,1,0.32584572150185753
0acac70c,3,3,1,0.9084085482185976
0adf511d,3,3,1,0.48685211108888926
0af81037,3,3,0,0.5483704998905901
0afb2535,3,2,0,0.5893083996590242
0b4014f0,3,1,0,0.9849919920914278
0b4f597e,3,1,0,0.1450515157058142
0b50f3fa,3,2,1,0.6750329919981446
0b518637,3,1,0,0.14886071291724268
0b6b07f6,3,2,0,0.24589792874246785
0b7c6100,3,3,0,0.43673795605796306
0b7d9da6,3,1,0,0.23424735761809135
0b9fcc42,3,2,2,0.29019912736095915
0ba53e53,3,2,2,0.18174425480113443
0bdace00,3,2,0,0.3974150851600673
0bfe4fc9,3,3,1,0.7877036609668808
0c0a1576,3,2,0,0.03616006731533794
0c3d248f,3,3,0,0.21718853715837705
0c3d88cb,3,2,0,0.21733047996275956
0c4e2d68,3,3,0,0.008117775670649419
0c4eabac,3,2,0,0.1960275619699653
0c794cf7,3,2,0,0.11460061991432408
0c8efce0,3,1,0,0.02114369642290015
0c98f822,3,3,1,0.9055914220376955
0ca08054,3,2,2,0.646251510612543
0cbe4e54,3,3,0,0.5928078531541353
0cccc6bc,3,3,0,0.3208197151805715
0d01bbf2,3,1,0,0.4026430090700296
0d279d77,3,2,0,0.5793836575888128
0d34aee4,3,2,1,0.8497573169472101
0d394928,3,1,0,0.39214717558918827
0d4800c8,3,3,1,1.0175096918127102
0d4fa8f4,3,1,1,0.19635646552028246
0d570d3e,3,3,2,0.5936267977547021
0d74d0ed,3,1,0,0.7596127185945429
0d924604,3,2,0,0.2271472466800165
0df44f9e,3,1,2,0.8997272229322384
0df4c27d,3,1,0,0.7193554513186351
0e1cf9b8,3,1,0,0.2861071406382968
0e1f7fed,3,1,0,0.24985558541458708
0e951124,3,3,3,0.8743039567946658
0ec403df,3,2,2,0.983128525363153
0ed2a3c8,3,3,1,0.2350277254726354
0eddd8e5,3,2,0,0.44215186898579095
0ee70b3e,3,1,1,0.6028507170368009
0f4db4f2,3,1,0,0.797222991979513
0f6b71c4,3,2,0,0.40803249941176956
0f7f3bf3,3,3,1,0.6375483391028185
0f9b8e65,3,3,1,0.6947008123838742
0ff6ac09,3,1,0,0.4445308096862973
101774f0,3,1,0,0.07204819829051035
101c27f1,3,3,0,0.6080185632021887
105e3f96,3,3,0,0.7071557596988813
108b8659,3,3,0,0.241107685342694
10ad8c48,3,1,2,1.3931285516812726
10c0e99a,3,2,0,0.24693416866738266
10e46254,3,2,0,0.44659760445814445
113f5798,3,3,2,0.8711513242604383
11477ed0,3,3,0,0.8366421746277083
115d3db4,3,1,1,0.38005431299019243
11739de2,3,3,0,0.6878197640869111
1184a14a,3,3,0,0.2263323329131563
118b7733,3,3,1,0.45744576498545725
119d7562,3,3,1,1.218191794107435
119e181e,3,2,0,0.024949539198858006
11be5d2e,3,1,1,0.7728977192984506
11d1a5ac,3,1,0,0.48764048574843644
11f9b26c,3,3,0,0.12558622656292356
1225fd28,3,1,1,0.8057181033241544
12380b06,3,2,0,0.6503367579925259
1286dab7,3,1,0,0.23739995401231384
12a607f6,3,2,1,0.41152504037663695
12cfb064,3,3,0,0.15202824525045383
1301f65d,3,1,0,0.2690839433593404
136894bc,3,1,0,1.1061860132664476
137fc699,3,1,1,0.26616637424157474
13a5e288,3,3,0,0.35048229242410517
13be5672,3,1,0,0.26327857807189997
13cdb63a,3,1,0,0.10624629081724118
13d23890,3,3,0,0.8300239124191787
13d2c419,3,1,0,0.12090000848434962
13e46923,3,2,2,0.789160164163336
13eee030,3,1,1,0.7190170904395907
13fca10c,3,3,1,0.8271316901023933
14109652,3,1,2,1.0057523257163796
1420b16e,3,2,1,0.9004090639935765
1429abf1,3,3,0,0.4678433648700502
14391970,3,3,0,0.1674644085978299
144a9a79,3,2,2,0.43740338560700176
1455e657,3,3,0,0.2068713591138589
14568d61,3,1,1,0.2559399400045782
1458a9d2,3,2,0,0.3961365293355452
1470a1df,3,1,1,0.5691179940747043
147c4374,3,3,0,0.1774144283979252
14a6e58e,3,2,0,0.40636790009845464
14b3d6e5,3,1,0,0.0551528059069204
14b8dd2a,3,3,0,0.9899884120231957
14b999b6,3,1,0,0.5067288707178765
14c12974,3,1,0,0.15887320809419708
14dae995,3,3,0,0.6538800652329259
14e00ce0,3,1,0,0.13920883471830375
14eac885,3,2,2,0.8408769867672523
15227eef,3,1,0,0.744699110856446
1522fee1,3,2,2,0.8793091529409114
154d1191,3,1,1,0.08425198793317545
157b271f,3,3,3,1.036594307511725
15a2364d,3,3,1,0.9238100849032489
15dbc929,3,3,0,0.22804410143555792
15f217a6,3,2,1,0.6488016744914272
15f2e240,3,2,0,0.17188517211723392
1606f203,3,2,0,0.47334080621953745
1649ce22,3,2,0,0.2839904661397848
164edc75,3,1,2,0.8095013411852378
16deb306,3,2,0,0.23469136637921284
1704e646,3,3,1,0.9724568417109768
1713348a,3,2,0,0.5698103950904037
176f33fb,3,2,0,0.32616161607455485
177f25ab,3,2,1,0.5563705502285513
17b08109,3,1,0,0.2818874622354967
17c1ae23,3,3,1,0.32555756707785394
17e9cba0,3,1,2,0.963601609628356
18154f3a,3,1,1,0.9016078967841528
1824417f,3,3,3,1.1230388739737618
1837456f,3,1,0,0.812768841692607
18400e8e,3,3,1,0.6294818282771178
1843760e,3,3,1,0.6334084968878384
18506cf3,3,2,0,0.5783309382642489
1894884e,3,1,0,0.21198831398518841
18962676,3,1,0,0.1680876499450767
18ab47f8,3,3,0,0.22494288497427867
18b79e9b,3,3,2,0.2586282412410298
18e21bf1,3,1,0,0.2744497410255172
18f6e6db,3,3,0,0.35467987848137994
18fdbccc,3,2,0,0.3782495929424963
18feab0f,3,2,0,0.8974206623086214
1911731d,3,1,0,0.08787007770444161
19381499,3,2,2,0.7214478428984291
1943fb23,3,3,0,0.27520350248324016
19455336,3,2,1,0.6727066475236788
1949438b,3,1,2,0.41372130740283064
1957153d,3,1,2,0.5518650399328856
198e50c9,3,1,0,1.0187571092859273
19c49039,3,3,1,1.0233796907553603
19cc95e8,3,1,0,0.23188412955129684
1a2412b3,3,1,0,0.7490042381567563
1a803bfe,3,1,0,0.2756896219367772
1a9f8375,3,2,0,0.40688425189547534
1aae1de3,3,3,0,0.835351643230412
1afa48fe,3,2,0,0.42387266070797225
1aff6762,3,2,2,1.08399240542392
1b258140,3,2,0,0.05951024049303422
1b2cd439,3,3,0,0.6140907112756242
1b2eea8f,3,3,2,0.9233535751096139
1b32427b,3,2,0,0.8879943258898233
1b329556,3,2,2,0.8745033225874058
1b410106,3,3,0,0.22506065912217404
1b49c870,3,3,0,0.47919273167881893
1b5b34bc,3,3,1,0.5417923851627425
1b5fb26f,3,2,0,0.6965871933169752
1b6be334,3,2,2,0.8148272478852047
1b6fb363,3,1,1,0.6454826290101816
1b73fce0,3,3,0,0.2806614156333627
1bc6a98c,3,2,0,0.14176365519812373
1c063ebc,3,3,0,-0.02010006408095666
1c3b7f1a,3,3,0,0.46221703027073624
1c3c2b2f,3,2,1,0.2745387389242092
1c481537,3,2,3,1.1446363576395853
1c673231,3,3,2,0.731705912516065
1c6ac3d4,3,1,0,0.3600075610991228
1cd37b36,3,2,1,0.8754568359581305
1cf6dcef,3,2,1,0.29144373937273527
1d041232,3,3,0,0.7935123442982807
1d11d488,3,1,0,1.3293360733074566
1d78b3c3,3,2,0,0.6137906109661354
1d7edb86,3,1,2,0.9105346186362597
1da37c60,3,2,2,0.6047941360449834
1dd90b53,3,1,2,0.9368405795254309
1de3c240,3,2,0,0.16799003000536272
1e08b1dc,3,2,1,0.9003107262104528
1e2a1bd0,3,1,0,0.3025478069834829
1e5f6199,3,1,0,0.23392970786091583
1e7dd854,3,2,0,0.26545180674102736
1e87baed,3,1,0,0.5815701278014412
1eb206f0,3,2,0,0.5942485736944499
1eda934b,3,2,0,0.8465995136574526
1eea376f,3,1,0,1.251461149274937
1eea8df2,3,1,2,1.2977533898741485
1f2164a4,3,3,1,0.1461140236409395
1f400626,3,1,0,1.1934776030496672
1f5835cd,3,1,0,0.1382878441150081
1f5cefcc,3,1,1,0.7821207671830199
1f65fa82,3,3,1,1.2874220010596127
1f7bd44c,3,2,0,0.17995707986829856
1f7ec039,3,3,1,0.8151718052048142
1f881e3d,3,3,0,0.861484535376376
1feb42f2,3,1,2,0.6322213133110869
1fed3943,3,2,0,0.3311943942444815
1ffede3b,3,3,0,0.6622901337332602
206c8562,3,2,1,0.5028815629169874
2084c823,3,1,0,0.9886075361531439
20cefbaf,3,3,0,0.5205548348825491
20d7ecfd,3,1,1,0.5284852432648405
20df4cab,3,3,0,0.20650420883071824
20e8ca68,3,1,0,0.5271133916603501
214f46e8,3,3,1,0.6086941938707836
215ca39b,3,3,1,0.48539202072447496
217ce5e6,3,2,1,0.9845012517705791
21b835ac,3,2,0,0.1931962941502529
21c62163,3,2,1,0.4052305570318997
21eb6d47,3,1,0,0.9672260357213607
221e37e0,3,3,0,0.25482208893238173
223724b2,3,1,0,0.4959186929628869
22389051,3,3,1,0.4397632242563491
224fc39a,3,1,2,1.1912888891562967
22b4191a,3,1,1,0.746474313652389
22f43a12,3,1,0,0.37022349246681213
231f6db4,3,1,1,0.28536275821630364
232b7cb1,3,2,0,0.9074171992047841
233b9425,3,3,0,0.2985092709629385
2340e84a,3,1,0,0.46408926583462234
23418fa2,3,3,0,0.1965429293128687
23567787,3,2,1,0.45750979797418206
236d450e,3,2,1,0.40473937940659505
236ecde8,3,1,0,0.17085658946177928
23d71e37,3,3,0,0.5634653336064372
23dafdab,3,2,0,0.34466448214747836
23e024bd,3,1,0,0.8168552356226707
23e71e7c,3,2,1,1.2442460250092178
23e7f79b,3,1,1,0.486523850581523
24398aed,3,3,0,0.24707060716888163
24591f4d,3,1,0,0.3010174970489236
247172f9,3,1,0,0.5981039198006638
2496c491,3,2,0,1.2563807541797136
249d2266,3,3,0,0.17800804611081306
24a3b16d,3,3,1,0.8786333511573918
24ab10c6,3,2,1,0.16623946739774376
24b75658,3,1,0,0.14955126342223585
24dac645,3,2,0,0.49379547283316066
24fb56db,3,3,2,1.0850777539257763
252ebc5b,3,2,2,0.5384812083532315
25849c6c,3,3,1,0.5994148436687137
25e752c8,3,3,0,0.2284657895381642
25eba023,3,1,0,0.05766106679741734
260f542b,3,2,0,0.1892754970409128
26190ddd,3,2,0,0.39108850659381306
2625767f,3,3,0,1.240154205614997
262cff6d,3,2,1,1.364553092058129
26891dbd,3,2,0,0.640566741452397
269d9918,3,1,1,0.6197545011684915
26a4b61b,3,2,1,0.6239398129780994
26aeacdf,3,1,0,0.1699840028593395
26b1792f,3,2,0,0.35571698368453264
26b893f4,3,1,2,0.5314222219485495
26d541c2,3,1,0,0.6438122064331628
26f0e055,3,1,1,0.18660348059858323
2715347c,3,2,1,1.0362668128227768
273c8ebd,3,1,0,0.06530403850388677
2760be91,3,1,2,0.48062344991369266
27724073,3,2,1,0.6708252592950443
278e8a51,3,3,0,0.13696968503447193
27d363de,3,1,1,0.8584809294492419
27d7e5e4,3,2,0,0.20221325132280638
27e0ca6b,3,1,0,0.4469990991776766
281174c9,3,2,0,0.5728440845095832
2812951b,3,1,0,0.4897268948120241
2840643b,3,1,1,0.25090944797340703
287390e6,3,3,2,1.0061486722003075
287f1349,3,1,0,0.8857480609803254
2891e36b,3,3,0,0.6962268533781785
2898269f,3,3,0,0.18939083810490281
28e8b2b2,3,2,0,0.5242602205462995
28e973b1,3,3,0,0.7274184942235596
28f7e6ff,3,3,2,0.5446549698338747
2911ef94,3,1,2,0.9955074959832225
29587a31,3,1,0,0.3386983559287204
29886a85,3,1,0,0.2649461039164521
29a1d334,3,3,0,0.34579666936711906
29b37b4a,3,2,2,1.3480865084314888
29c54890,3,3,0,0.6988485087903519
29e4911b,3,2,0,0.039974516815726946
2a0b8386,3,1,0,0.5356189613570385
2a3fcf9a,3,3,0,0.09935500716939255
2a64085d,3,3,0,0.24151318330792526
2a6a6b92,3,1,0,0.6810594459383685
2a7b5b79,3,3,1,0.43599955390059675
2a81925b,3,1,1,0.6241793038194703
2a88cbe9,3,3,0,0.41032881270099064
2a922ca4,3,3,0,0.22585140185288238
2ac0bd9f,3,1,1,0.9073110489122103
2af3c8d8,3,2,1,1.3312787631973144
2afea280,3,2,1,0.9619516899428716
2b34dcf3,3,3,0,0.30038323339911777
2b574ef7,3,3,0,0.0789614608074648
2bbcfd43,3,2,0,0.2596609314753656
2bca454a,3,2,0,0.4848682665152394
2beaaf7a,3,2,1,0.5665883271148029
2c2dc20d,3,2,2,0.42222843497194296
2c3b09db,3,1,1,0.6519713702499157
2c406043,3,3,0,0.0268924224152296
2c483245,3,3,0,0.5999371383115107
2c49257f,3,3,0,0.4646721962780234
2c512f2f,3,3,1,0.5067730131763534
2c54d6c5,3,3,0,0.5247769213942981
2c56c930,3,2,0,0.4984531880633344
2c9a90e9,3,3,1,1.1069279011191646
2ca2206f,3,1,1,0.9393785637501249
2ca9811d,3,1,1,1.139882859319729
2cb0db2c,3,2,0,0.1694736587794099
2cc4b720,3,1,0,0.28165043099162196
2cd9b5a3,3,1,1,0.5656011142317534
2cda86bd,3,2,2,1.2629407547475622
2d043af7,3,3,0,0.7359383381064479
2d0bbbd3,3,3,0,0.64832748524041
2d286c59,3,1,0,0.5861637721211094
2d3ba6fa,3,1,1,0.1426982611807487
2d5365c6,3,2,2,0.6158431699263025
2da6bf6e,3,1,0,0.14211919206334833
2e16053c,3,1,1,0.7320297775243734
2e17c497,3,3,1,0.46177795553561474
2e293d08,3,3,0,0.3464452970154081
2e42573e,3,2,0,0.26420611747471057
2e4e045a,3,1,0,0.1498804639151089
2e5f5207,3,2,1,0.5936075583219259
2e7d888c,3,3,1,0.7120636876230073
2e8c9884,3,1,0,0.1191860195912352
2ea277d5,3,2,2,0.5332159185502762
2ee0a1e8,3,2,1,1.0173881893926868
2f16cad4,3,3,0,0.8960129548755416
2f1af08a,3,3,0,0.13235905500279316
2f6b484c,3,2,0,0.14516773028528746
2f72f441,3,3,0,0.07961709071279366
2f7f0eb7,3,2,0,0.2537193650168766
2f81950d,3,2,0,0.25574228230683976
2f8ec752,3,3,0,0.542979072481006
2f91f3c1,3,1,0,0.6141843502483885
2fba6cf4,3,3,0,0.3583987601517688
2fc568f6,3,1,1,0.9675680637042168
2fef897e,3,2,0,0.5369527301092301
2ff729d3,3,1,0,0.7926696178481197
3046a5c7,3,1,0,0.19956668967198687
307c91ee,3,3,0,0.2190865673593856
3093d29f,3,2,1,0.7206385079782394
30d2fd47,3,3,0,0.20604953021408606
31349d8b,3,2,0,0.8906929977906652
3134b69f,3,2,1,0.6967754431286814
3155ed01,3,1,0,0.6454252511546665
3162c492,3,2,1,0.41257553338852104
31648caa,3,1,0,0.03501521442007893
318ccc0e,3,3,0,0.3622477583959825
31b74cd4,3,3,1,0.5175147274406703
31d61741,3,3,1,0.4979434319188444
31d7a136,3,1,0,0.10786066083909684
31ddec50,3,2,0,1.01787985724792
31f01671,3,1,0,0.18158839057811021
3216b978,3,1,1,0.836247295545079
323ea319,3,1,0,0.4367190513358232
325afd3d,3,3,0,0.7921191399496923
3268c574,3,3,1,0.7998903131889634
326c23c2,3,3,0,0.5230621639487132
327736cd,3,2,0,0.09661378896610817
327ef356,3,1,1,0.7904789860501225
329a9c25,3,2,2,1.1251069958289714
32a9dac0,3,2,2,0.6922950250441888
32d0ebca,3,1,0,0.6931307586375193
32d262c2,3,2,0,0.4980377413925876
32dcc8ab,3,2,0,0.3561169119434865
32e18ccc,3,1,2,1.1711341335789962
3302713b,3,2,0,0.6957194281787801
3305a981,3,2,2,1.0865147878717998
331733c7,3,3,1,0.8921348701245675
3399795b,3,3,1,0.48018650667722856
33a499ce,3,1,1,0.7505889804306295
33d60f7d,3,1,2,0.4503741269650673
33e34de8,3,2,1,1.103341003125451
33fe1b04,3,2,0,0.729982483760401
342d43c7,3,3,1,0.9562727291006885
342edae9,3,2,1,0.34092629209457026
343460ab,3,1,3,1.5861865722240391
34362a9a,3,1,1,0.3225902852015835
3441fd41,3,1,1,1.2280362512418261
3466c72a,3,2,1,0.6973533821161767
347095fe,3,2,2,1.4055758444630406
34c30fad,3,3,2,0.758601770737749
34eb79f9,3,3,0,0.6605729866473949
34ec5de4,3,1,0,0.7279538763379988
350cf38b,3,1,0,0.2262402162379476
350dbeba,3,3,0,0.5615109463552979
351cd4ec,3,1,1,0.6071139588783216
35265670,3,3,1,0.5403471242354588
356ab908,3,2,1,0.77064222559032
35daea65,3,3,0,0.10504178891969568
35fa2ebf,3,1,3,1.2798046909228762
36146fe1,3,3,0,0.7741476436520924
36530d36,3,1,0,0.3776038509877281
3655395c,3,1,0,0.4052963092100884
36958957,3,1,2,0.7757107228557656
36b8c9e5,3,1,1,0.670483950681795
36e77bf0,3,2,1,0.49870999156869766
36fda5de,3,2,0,0.12429869079595268
370b47c4,3,3,0,0.7965739215323575
3714afd7,3,3,0,0.4438833097072217
372a7950,3,3,1,0.6988395564901532
3738db26,3,1,2,1.0219589127428312
37995242,3,1,0,0.030807121221678502
37ae1239,3,3,1,0.35675876043510735
3826be66,3,1,1,1.2893709158282247
38390669,3,1,0,0.224951010381493
384c3f27,3,2,0,1.2499310903355347
385819e6,3,1,1,0.24751349910192877
385a6557,3,3,0,0.3688642842001185
38cccd6d,3,1,2,0.89911372768017
38ee12e7,3,2,0,0.836136228169281
3901e707,3,2,0,0.15111283247264967
3913797d,3,1,0,0.4449963428506942
3934e29c,3,2,2,1.19797906213312
394a6219,3,3,0,0.21538624592419597
3950aa00,3,1,0,0.9422314852623818
3983d3cd,3,2,0,0.7044935134150709
3999e449,3,3,0,0.806000904823283
39bdbb00,3,2,0,0.08973193065440682
39cc2836,3,1,0,0.37920479136131147
39dd3538,3,1,0,0.04193396883018119
39fb1ad0,3,1,2,0.6245841439402158
3a594acf,3,3,1,0.6052193874117757
3a9d7bd6,3,1,0,0.19218363628888224
3ab0b1ff,3,1,1,1.1771377424164333
3ab539f0,3,1,0,0.2908542570791154
3acb5be3,3,1,0,0.2823249575776504
3ae4ee9b,3,1,1,0.9867306946999952
3b091b83,3,1,0,0.5097570467891365
3b112284,3,2,0,0.13327072537471474
3ba48ca7,3,2,0,0.4290390864870002
3bbf88cd,3,1,2,0.8102776385633781
3c0aba64,3,3,0,0.6406889327615599
3c2cf08e,3,1,0,0.27589963923076677
3c5c85e7,3,1,0,0.624998010564519
3c620257,3,3,0,0.27909963232556645
3c7a7f32,3,3,0,1.2676702933550068
3ca35642,3,3,1,0.726903913756395
3cc9cfa6,3,1,0,0.23789095495250578
3cd8802e,3,3,0,0.672038370814244
3cfeca85,3,1,0,0.13622220622837805
3d20d9a7,3,2,0,0.6350718567762184
3d2c0bc5,3,1,1,0.660477405507897
3d36fe8b,3,2,0,0.7376432565965643
3d3b87db,3,2,1,0.8254043620152165
3d3dd3ae,3,1,0,0.8724822586681928
3d3fb503,3,3,0,0.32697391290487504
3d46429f,3,3,2,0.8540160696968604
3d48430d,3,3,0,0.2968098102901936
3d5ad997,3,1,0,0.6499430155969802
3d736110,3,1,1,0.7380296323778154
3d8531f5,3,3,0,0.3520772108315049
3d970ce4,3,3,1,0.5910496962476068
3de1a622,3,3,0,0.1412002653970485
3de6a21c,3,3,0,0.18743033450453772
3e377cb7,3,2,0,0.4574287211156356
3e3c242c,3,1,0,0.23478640474951562
3e5ee48c,3,3,0,0.8341994209210506
3e9fd8d6,3,1,2,1.2672151941132177
3eb48980,3,3,1,0.46356398638980273
3ebfbb4c,3,2,1,0.13218732701827957
3ede35d1,3,3,0,0.6382279594415503
3f1cf5ba,3,2,1,0.6126394933507292
3f1f23e7,3,1,2,0.6354890841242563
3f20e14b,3,3,1,0.9604398579507233
3f2141da,3,1,0,0.47394785966934344
3f3a70c8,3,2,1,1.2532322593267309
3f3d3809,3,2,0,0.18344717186906728
3f51a21d,3,1,2,0.6415554171453987
3fcef947,3,2,0,0.3402647176618385
3fe59141,3,2,0,0.7767216970238643
3fe78116,3,1,0,0.7505372092871562
40898508,3,2,0,0.9783539699435099
408bed19,3,1,0,0.46555207931980647
4093774d,3,1,1,0.9292607394572441
40aae75f,3,1,0,0.9014725818218305
40cdadfc,3,3,0,0.2586464043184962
40e95163,3,1,0,0.21412063268204345
41052ced,3,3,0,0.5656624347969537
4128aee6,3,3,0,0.2126914767658618
4135cb0e,3,1,1,1.1730501906034712
4157be55,3,3,2,1.524221071596827
415d5a1a,3,1,0,0.933791831416608
416b6ba2,3,2,0,0.17627240310641273
4177e5e5,3,2,1,0.5388904207349636
41974cde,3,3,0,0.4154834294448755
419d05c6,3,1,2,1.119570858908549
41bacefb,3,1,0,0.8206618187375845
41badf5d,3,1,1,0.84913442389728
41cfd1db,3,3,3,1.1376048807366286
41d48900,3,3,0,0.7478507600734017
42309938,3,1,1,0.8192220720569673
423610ac,3,3,1,0.4810996130629944
4248261f,3,2,0,0.13904453952281387
4255e559,3,2,0,0.37928866393489413
4262ce3d,3,2,0,0.3504046453216244
427037b2,3,2,0,0.18425050831859707
427fad9e,3,2,2,0.9445975422993215
4280076d,3,1,0,0.36590657895969014
428970d4,3,2,1,0.8863051961776707
428c37ea,3,1,0,0.4119876017682743
429cc266,3,3,0,0.49189564208997716
42aa29fb,3,2,1,0.48443693449944647
42bf071e,3,2,2,0.45102051460310943
42c6f67a,3,1,0,0.17209044539679147
42dfc9dd,3,2,2,0.9998149801604306
42ebc3fd,3,2,0,0.6471659791842231
4307d287,3,1,1,1.2595057290831848
435bfa7b,3,1,1,0.47261981660680374
43629a34,3,1,0,0.040701130165292754
436dd613,3,3,0,0.3475239180577575
43720c15,3,3,0,0.861692973699475
43808706,3,2,2,1.0429079760341828
43a7386d,3,3,1,0.6787101276068981
43d43363,3,1,3,1.4545116317421498
43f44f6c,3,1,2,0.5525826001385568
43f5d3c5,3,3,1,0.45711623392815903
43fb80d6,3,2,0,0.6839150512657454
43fdba8b,3,2,0,0.37137239663329324
440acf4f,3,1,0,0.11488544557273611
4442c376,3,3,0,0.3506834725203153
4496d883,3,3,2,0.4900474069741791
44b8622c,3,1,0,1.0168127695881852
44cbf5c5,3,2,0,0.3070400472596312
44eaea78,3,3,2,0.847333721177196
4505724a,3,1,0,0.023963694575034777
4507da27,3,2,1,1.1324496162653235
451b0cd9,3,3,0,0.21858407569691618
451c11b3,3,2,0,0.5388430032671834
4570c8b8,3,1,0,0.3002529311050877
463bf3b2,3,1,0,0.13268927707832606
464a75fb,3,2,1,1.1392524343485726
4659aa1a,3,3,0,1.271142318436902
465d3273,3,3,1,0.5654521078769794
467c549f,3,2,0,0.25813356040282937
46850373,3,1,0,0.30757982511935056
471e4d12,3,2,2,1.2182914864602559
47240aa3,3,3,0,0.3113805818397392
47350ac6,3,2,0,0.7647934724416834
475ebe47,3,1,0,0.2022308215954336
4777151c,3,3,2,1.2585486584990038
47a52eb8,3,2,1,1.1362730565446229
47b3bea1,3,3,2,0.1895239781261598
47c1f368,3,3,2,1.1332986869879145
47c3b47c,3,3,1,0.29493929455937984
47c55e13,3,1,0,0.41168212609904364
481a1861,3,3,0,0.5323170520888032
4859a9f9,3,3,0,0.1844407097710375
485d7c69,3,3,0,0.4429741732850522
489fa831,3,3,1,0.5638428367830965
48c205d9,3,3,0,0.48948180497638727
48db8ecf,3,1,0,0.16982869560473174
48df987b,3,3,0,0.47119626478779814
4926b18a,3,3,0,0.3294741270043763
4940a214,3,1,1,0.6485070808693562
4950e24c,3,1,0,0.7438672946148555
499d4499,3,1,0,0.9572376568498767
49a1931d,3,3,0,0.32023039246024154
49e4eade,3,1,0,0.5011480013697716
49f38606,3,2,0,0.22896849339442832
4a0b1b9d,3,1,1,0.6383262351911709
4a3b6521,3,2,1,0.39065118074713956
4a475a9f,3,2,1,1.1253802777664028
4a4a0f78,3,1,2,1.3167300967103563
4a68d751,3,1,1,0.7675869719141086
4a69e534,3,3,0,0.13981005730947593
4a6af685,3,1,0,0.5309220010380914
4a9f92ca,3,3,0,0.17224177242599553
4aa87859,3,2,0,0.3794419212881167
4ac5c412,3,2,0,0.23332877684586356
4acac04e,3,2,2,0.501085134268948
4afa8a76,3,3,0,0.07960323513356915
4b0f961e,3,2,0,1.1477451906478104
4b1f6855,3,2,0,0.30415730601510127
4b20bce7,3,1,0,0.3047737420796339
4b328259,3,3,0,0.43464692210311673
4b3c7594,3,1,1,0.2716615100747628
4b3db4f4,3,3,0,0.370821454236389
4b51db3e,3,1,0,0.13322837998154646
4bc2bee9,3,1,0,0.5134669856985744
4be6f3c1,3,3,0,0.5112769825562581
4c238671,3,2,1,0.7796778883288349
4c37fb30,3,3,2,0.9300101732243818
4c8dfaf0,3,1,2,0.43255656405592474
4ca242ea,3,1,1,1.2427147520031387
4d19854c,3,1,1,0.5883004564522537
4d41bb62,3,3,0,0.08190000170037737
4d42caed,3,2,0,0.15983723950860268
4d5a8ce7,3,2,2,0.9256326068510576
4d61a44e,3,1,1,0.7725941509427185
4da4aba2,3,3,2,1.0089878534441545
4dc4ed56,3,3,0,0.5380503751140356
4dc86a42,3,2,0,0.329818625001907
4decbcd8,3,2,0,0.216639273361733
4e052db0,3,2,0,0.71593647544465
4e6c7a75,3,3,1,0.315780758893974
4e85505f,3,3,2,1.0236075909957807
4ea3963e,3,2,0,0.623829177466947
4ea4e6c9,3,2,0,0.28199409835224465
4eade67b,3,3,0,0.4565930769463591
4edb98d8,3,2,2,0.754220708861139
4f059221,3,1,0,0.04673990113721349
4f059a8a,3,3,0,0.903108128306352
4f20b188,3,3,0,0.4069146016035316
4f2d0925,3,3,1,0.6216265596809576
4f3b33ba,3,1,1,0.6297061861916357
4f3cd5c2,3,1,2,0.8130981739834372
4f93504a,3,1,0,1.1740657820347942
4f96d1e7,3,2,0,0.2264939516659697
4fd7e043,3,3,0,0.3252091532517305
4fe97569,3,3,0,0.8082546295423663
4ffa995b,3,1,0,1.2568248450516157
504ed32b,3,1,0,0.2072652421617645
50707f1e,3,2,0,0.534285374762284
50b2b84b,3,1,0,1.0981019998414108
5124169c,3,3,1,0.8497948393434556
5132511c,3,1,1,1.086816886486917
51364c23,3,3,2,0.6020136206991293
515402ee,3,2,0,0.37908175361350327
5198e7b3,3,1,2,0.4507648737579083
51a349db,3,2,0,0.7258596908689937
51c15d22,3,1,1,1.2849354648176068
51eb8d14,3,1,0,0.6088349331185923
51f38b37,3,1,1,1.2149661561018723
5216ef61,3,3,1,1.0886363384257347
52219dbb,3,3,1,0.5772619540834858
5264bb0e,3,1,1,1.0836221348423432
526f719b,3,2,0,0.2594379447507683
527e796c,3,2,2,0.7103010351594554
52bd147c,3,2,0,0.33106163305349334
52ce9b8b,3,2,0,0.24032260539892342
52e9e467,3,3,0,0.7206432819958182
5320dac6,3,3,0,0.799132632886242
537dc410,3,1,2,1.0924933051421442
53814642,3,3,1,0.2986486095601578
53cf99f2,3,1,0,0.2913869796489471
53d20dc3,3,3,0,0.09771043844418026
53ea1e7c,3,2,0,0.4786773929887475
54391716,3,2,0,0.7176513094505381
54854783,3,3,0,0.6008451740112686
54945f30,3,2,0,0.599132863491839
549712ab,3,3,2,1.1861875405284181
54b35de5,3,2,0,1.3983358953589042
54c87d3c,3,1,2,0.6428179002270326
54e592da,3,2,0,0.8827680478518386
54fef303,3,1,0,0.6946164362793732
54ffe872,3,3,1,0.30803307310367534
55464fb7,3,1,1,0.42275457213257867
554e46e9,3,2,2,0.5256393777859529
556604d2,3,3,2,1.061032483534591
5588f518,3,2,1,0.4552454534272073
55edb6ed,3,3,1,1.0701008087126553
55f9338e,3,2,0,0.2344413105247089
561f2797,3,3,0,0.2776263131559015
56210fdb,3,3,0,0.1754253020995694
5637a5a4,3,3,0,0.208344257744072
56418caf,3,1,2,0.7643506663555806
56443aba,3,3,1,0.498582673539912
56761daf,3,1,2,0.7928736047761303
567ecea5,3,1,0,0.43087090273694423
567fd23a,3,3,1,0.9482219335403397
56d9dead,3,3,0,0.07365926825720304
56ef356c,3,2,0,0.413333529158399
574599a8,3,1,0,0.2063346921340835
574cb902,3,2,0,0.24006254443851593
5775ec58,3,1,1,0.7781995620492606
5779f2e9,3,2,0,0.31832215811505715
579e50bd,3,1,0,0.6202477667478175
57c4f2b4,3,3,0,0.602615112745413
57d82f30,3,1,0,0.8930456702986993
57de6095,3,3,0,0.0935126291434375
57f6fa6c,3,1,0,0.0504442954586537
58391429,3,1,2,1.516055151146313
58a255e6,3,1,0,0.19943177695583153
58ada72e,3,1,1,0.6498455317479936
58de61f0,3,1,1,0.7528065142818787
58dfccdb,3,2,0,0.4173723339195412
58f11465,3,1,0,0.3431469376185068
592adca0,3,3,0,0.3864254883710462
592b3b7f,3,1,0,0.4443669250748358
59305d37,3,1,1,0.8778417597469612
59307c13,3,2,2,0.5694082180490386
593a7148,3,1,1,0.26929389496896367
59402969,3,2,1,1.0281679919799231
5985f299,3,2,0,0.20313302712583603
599850d0,3,3,0,0.30439547847209025
59b7fc28,3,1,0,0.07472613749577672
59d7a3a9,3,2,0,0.3741286996993495
59ea397f,3,2,0,0.03637291064658987
5a07e79f,3,3,1,0.263572019933138
5a2c7642,3,2,0,0.23595040457591593
5a3005de,3,3,2,0.8032455451282439
5a313293,3,2,1,0.9302668448293809
5a4b3725,3,3,1,0.929362539858863
5a5f6d41,3,1,0,0.663965478639492
5a5f9fb2,3,1,1,0.5630180910020635
5a8712ae,3,2,3,1.2206115824950214
5ac9eca0,3,3,0,0.2671842966918894
5ad85a02,3,3,0,0.3958348601933567
5af79adb,3,1,0,0.7498737586039034
5b299ae1,3,3,1,0.1541933119061739
5b2c9b83,3,2,1,1.1356580344914171
5b4d2604,3,1,0,0.42609660851160547
5b66b6f2,3,3,0,-0.005986499236213305
5b9ff85e,3,2,1,0.623888200452972
5ba201ba,3,1,1,0.6245555036894799
5bcf002a,3,2,0,0.48533217146448326
5c045867,3,3,1,0.9963153231034438
5c186496,3,3,0,0.23919869067353938
5c22f241,3,1,0,0.12196227175013769
5c2c136d,3,3,2,0.969209630136568
5c3b30d7,3,1,0,0.3050530514300382
5cd83147,3,3,0,0.7303526545663191
5d1d7e41,3,1,0,0.14495390829910176
5d3b6ea5,3,2,1,0.5592591868077244
5d762840,3,2,0,0.9211780547346111
5d805d83,3,3,0,0.6943003272047723
5d885b20,3,2,0,0.14403875781371378
5daa20e7,3,3,0,0.3114812847420536
5dad24ff,3,2,0,0.9386133286975411
5db3db12,3,2,1,0.7419655050360179
5ddbac80,3,2,0,1.1292362053401077
5e221c50,3,1,0,0.5864417330889133
5e2a9e63,3,3,1,0.20932885304047555
5e2c1349,3,2,1,1.0214249309537968
5e359a08,3,2,2,1.10856625179953
5e415f05,3,1,2,0.9491518083904706
5e55e9fd,3,2,3,1.062641382558343
5e57bd12,3,1,0,1.2825643561548814
5e614c1a,3,3,2,1.0786221134346756
5e6490e3,3,2,0,0.5266271266498403
5e6b528e,3,3,0,0.46548585658033526
5ea2c305,3,2,1,0.8329279496998804
5eb063e0,3,1,0,0.5373257339243083
5ed5f205,3,1,0,0.2751716423510809
5ee595e8,3,1,0,0.6273997743420171
5f099188,3,1,0,0.05358198556321814
5f1b07e1,3,3,0,0.8909932574153043
5f281a62,3,2,0,0.5569426432269577
5f37ceb1,3,1,1,1.0570598431606442
5f574f3d,3,2,0,0.27028110074652095
5f7537cf,3,2,0,0.9245134781098872
5f9dddb4,3,1,2,0.6887409726606367
5fa91358,3,1,0,0.6115242683280522
603ab4ee,3,2,1,0.09598070917271134
605d6e05,3,3,0,0.3827500393538725
606e979d,3,2,1,0.8423056325053351
60c1ff37,3,3,0,0.6352582462880799
60d2774d,3,2,0,0.24275445126062412
60f8462b,3,2,0,0.16480312149893606
60fb7cb9,3,3,1,0.7658711929841223
612b3ff9,3,1,0,0.4305149779043795
612dd900,3,1,1,0.20637435981410812
616fc21f,3,2,0,0.2578533483250437
61823525,3,1,0,0.12291940178651795
6187d0dc,3,2,0,0.061663472982480316
620536d0,3,2,1,0.36940038249208834
621066ff,3,3,2,0.5757280795476076
622bb412,3,2,0,0.1328138191607825
6247cc15,3,2,1,1.1053201298686728
624869b6,3,3,2,0.8470761004367682
6277e13c,3,1,0,0.48891921129407234
6282e693,3,1,0,0.03986233978703935
6291fddd,3,2,2,0.5643529561508347
62b873a2,3,1,1,0.3968896403478583
632eca98,3,1,0,0.5905796539070068
6332ad59,3,1,0,0.14103313613811858
63334478,3,3,0,0.3804184563867583
635554d2,3,3,0,0.5399769546961565
63d4ab9a,3,3,0,0.42266917779984287
63fc9770,3,3,2,0.9146236168507063
641697e6,3,2,0,0.23189742372970645
641a2b87,3,3,0,0.1885778150870147
649ff6d9,3,2,2,0.9344380406100831
64fc556b,3,2,0,0.09674971902081192
6515ef94,3,2,0,0.19819027996352728
654203ec,3,3,0,0.40344989146431826
658e66ec,3,2,2,0.8709827967387807
6595d479,3,3,1,1.1992258373189393
659fec57,3,3,0,0.5839552507552637
65af9f2a,3,2,0,0.46116789444965534
65dc81f5,3,3,0,0.7215920701582811
65dfe4b9,3,2,0,1.251017557804769
65f9369d,3,2,0,0.49368340856545584
65fe69c0,3,2,1,1.3576613398716773
66094cfd,3,1,0,0.7521178232149709
665abfda,3,2,1,0.5331011018086447
66665e95,3,1,2,0.733829454219829
6666aed3,3,2,1,0.7121323166082552
6672e527,3,3,0,0.07442506598814391
668a2fea,3,2,0,0.3673940981433935
6699c999,3,3,0,0.2297927114996885
66d86d0b,3,3,0,0.8877567877052545
66f044c7,3,2,1,0.5349845612785947
66f619e3,3,3,2,1.4174134037477788
6708fcd9,3,3,0,0.21562325179949815
672a32f1,3,2,0,0.1330514615984692
673a7e2a,3,2,0,0.11828188986950394
6774ba64,3,2,0,0.38419136860147596
678598dd,3,2,0,0.14832805938798665
6795027a,3,1,0,0.2403044831431027
679ce4b2,3,1,2,0.9261029967148029
67b54cdb,3,2,0,0.22420665395016326
683464ff,3,2,0,0.49101891373491025
68572a28,3,2,0,0.11295358794835603
685cc0f1,3,3,2,1.0556286979699536
68688509,3,1,0,0.7641670458078177
687c85e7,3,3,0,0.5748696100910057
68a59e56,3,1,1,0.23172779709515773
68be3d5c,3,1,0,0.24333091481735442
68be5113,3,1,0,0.05755231366936786
68e514dc,3,2,0,0.6313030181553191
68e61f96,3,1,0,0.3492301440273091
68e7140b,3,1,0,1.5287482162696753
68fa4631,3,2,0,0.4597648933646531
69074cf3,3,2,1,0.05884349536765332
69742f6f,3,2,2,0.8696149145282749
697c41d7,3,2,2,0.4747099470463564
698b9067,3,2,1,0.42971791446452356
69b65679,3,2,0,0.30287462545944727
69ccea20,3,3,0,0.2789214830776387
69cdf9c3,3,2,1,0.5421245488763182
6a04461f,3,1,2,0.3712179511283239
6a138911,3,3,0,0.596979282201901
6a16089d,3,2,0,0.4990224319742567
6a2c6073,3,1,1,1.0718115092201979
6a2fd807,3,3,1,1.2907913950273873
6a4df6ff,3,2,0,0.02951012982647161
6a6da46c,3,2,1,0.6427808745144213
6a7d07fb,3,3,0,0.22300652188227438
6a837387,3,1,0,0.15315130749233102
6a83a423,3,1,1,0.4621978220892041
6a864b11,3,2,1,1.1070406372177126
6a98537b,3,1,0,0.36803279924844623
6a9f0db7,3,2,0,0.1386314796144799
6abd21d4,3,2,1,0.8190052360394451
6abd2bd4,3,3,1,0.9174888426965733
6abe8b60,3,1,0,0.19572907376158494
6ac5763a,3,2,2,1.0832836452604984
6ad91972,3,1,0,0.4296853880887942
6ae1473e,3,3,1,0.4214909891256403
6b4b8c14,3,3,1,1.122211565552972
6b6467f4,3,1,2,0.8006414395432092
6b773506,3,1,1,0.8803755007271792
6b9a25e6,3,1,0,0.20282050259646545
6be0f069,3,3,0,0.647918094685864
6be56337,3,1,0,0.9930551359414769
6becb599,3,1,0,0.10571771619361137
6c0fe935,3,2,0,0.8063375588677353
6c2edc91,3,1,0,1.010680410518063
6c319d99,3,3,0,0.3541672029142554
6c4902c8,3,1,0,0.5890181586475093
6c6cd633,3,1,2,0.6026938605797668
6c737069,3,2,1,0.19265221080282185
6d341798,3,3,0,0.22115935315146723
6d5944a9,3,2,0,0.3020017258837796
6d5c5afb,3,1,0,0.42369921529506177
6d707ac3,3,2,2,0.9452977451322895
6d70e716,3,1,2,0.7225075323321957
6d855495,3,1,0,0.7358400115836161
6db14d48,3,2,1,0.5682649372691424
6db453ce,3,3,2,1.005381468772161
6dfe4a75,3,2,1,1.1126916116638732
6e0d4774,3,1,1,0.8921792274484768
6e0ec0fe,3,3,1,0.8187004938612685
6e128c6b,3,1,0,0.9114540693021485
6e1d28b6,3,2,0,0.5324976877457092
6e85a624,3,2,2,0.43090266579591296
6e89cee5,3,1,0,0.8070600627964587
6e9beaee,3,1,1,1.3378926579488088
6ea48a4e,3,3,0,0.48660617381260673
6eff29da,3,3,1,0.2794674945758017
6f49c8d0,3,1,0,0.3030775577274356
6f5677b7,3,2,0,0.818427769144662
6f5a31ea,3,1,1,0.40599716283744514
6f878799,3,3,0,0.5534868680828319
6fb28c2a,3,3,0,-0.0027291426151473397
6fc6b5c4,3,3,0,0.33343280985299767
7015528d,3,2,0,0.44672535233398913
707c82c4,3,3,1,0.314750270489268
7092a6ce,3,1,2,0.9629451210387643
709457f3,3,3,1,0.4024480493600898
710345b6,3,2,0,0.12884460492420713
7106a387,3,3,0,0.41439209433466123
7151d8b5,3,2,0,0.4317823179080883
71850348,3,1,0,0.492419073319238
71852781,3,1,0,0.4515972645256866
7187caec,3,1,2,0.9300900980829264
7192b2e8,3,3,0,0.2941262011077287
71c1b1d2,3,3,0,0.10047466497062973
71ee31f8,3,2,0,0.15664415415473282
71f21593,3,3,2,1.302474192203083
71ffd0ba,3,3,0,0.4070843517117282
7214ad21,3,2,1,0.9467942961736003
721ea536,3,1,0,0.8443020170721129
72264d13,3,2,1,0.6441215718468796
723ee34c,3,2,0,0.42618596320131563
7250264b,3,1,0,0.2348203382111677
72565f5c,3,3,0,0.5127623837331274
7265f1e5,3,2,0,0.2550619029395233
72a0c969,3,1,0,0.34723160677690224
72aa1a30,3,1,2,1.2203355594863026
72afd4ca,3,1,0,0.8961889411141779
72bbfadf,3,3,1,0.7332950551354165
72cb1703,3,2,0,0.14259414667785003
72cc9a64,3,2,0,0.5774422229950388
72fa40ba,3,3,2,0.8233824079050054
7305af8b,3,2,0,0.4120088439984251
7308d22c,3,3,1,0.4951292698810971
732b2327,3,1,0,0.5335323256971755
7347b54e,3,2,0,0.10919051468469282
738e7248,3,2,1,0.9826309821225028
73d0e0a0,3,2,0,0.5474923561430597
73ec551e,3,2,0,0.15087471403429326
73ffa609,3,2,0,1.0895439352378218
745e6065,3,3,1,0.5404780719773422
7494989e,3,3,0,0.06954885176822956
7498fbde,3,1,1,0.5547135062080926
74be50af,3,2,0,0.25341827980074416
74c2bd81,3,3,1,1.0199581444303565
7514c6f4,3,1,2,1.447849358415488
75311a3f,3,2,0,0.7809759564547961
7533a4a9,3,3,0,0.5544887424165474
759328e6,3,1,2,1.5720572184804473
75ad73ee,3,3,0,0.30816220976662806
75b0446f,3,1,0,0.5546726405905034
75b53bd4,3,1,1,0.29762103835324977
75bcc1e0,3,2,1,0.31709199843749347
75c13e08,3,3,1,0.46771054710245913
75db1257,3,1,1,0.9235930089529906
764d8b42,3,2,0,0.16525197161385818
76781cd8,3,3,1,0.37398286401547537
7698543b,3,3,0,0.7196928841373388
76dc0e9f,3,1,0,0.27348343118676016
76dfa86c,3,3,0,0.14063748706796259
76f8f621,3,3,1,0.3455363388899937
776d33af,3,2,1,1.133236266051215
777a3e9d,3,2,2,1.0947960097412968
77941a98,3,2,0,0.4283741058461833
77a5b2ad,3,2,0,0.2606912188650395
77bfe07c,3,1,0,0.8217789479674387
77e460ce,3,3,0,0.2986069213527541
7800a084,3,2,2,0.9913322233648655
782a0589,3,3,0,0.5777534036642145
782af70b,3,2,1,0.8607657430644651
7858fd16,3,3,0,0.3764031402201383
7860b64c,3,2,1,0.45254332279856924
78667893,3,1,2,0.08048636956330929
78704d22,3,2,1,0.9733574748247196
788268a4,3,2,0,0.21420212051433646
78a34e5d,3,1,0,0.2881074170157001
78b488ff,3,1,0,0.30523748341718
793c2e31,3,3,0,0.28766271132232907
7958e61b,3,1,1,0.7362103962425299
79629cf4,3,3,1,0.52182641436671
7975694f,3,3,0,0.34862363233553645
79bd36b6,3,2,1,1.1367465785299096
79de3beb,3,3,0,0.6443604936403826
79e496f2,3,3,2,0.8268545378489611
7a0136e0,3,3,0,1.2196185243874411
7a5fccc9,3,3,1,0.47657230444894244
7a6d26a2,3,1,0,0.7019527438065034
7a86fcd2,3,3,2,0.926895129521017
7ad92034,3,1,1,0.493100734102503
7af8eac0,3,3,0,0.0822405479906892
7b0a4060,3,3,0,0.2788447974225368
7b516283,3,3,0,0.39632017848898066
7b543871,3,3,1,0.41918805616345245
7b78e634,3,2,2,0.7124298345065702
7b8842c3,3,2,2,0.7364611702914352
7b9690de,3,2,0,0.4104765438435098
7bbde46f,3,3,2,0.24403912831534014
7c194077,3,2,1,1.324614110872503
7c1d7ddd,3,1,1,0.39958699552617505
7c21ad67,3,1,0,0.5310715559820649
7c29e92d,3,2,1,0.7086436108412726
7c39c8e5,3,2,0,0.3552759174998808
7c6cbfdd,3,3,0,0.13170952375375422
7c71edac,3,1,0,0.4871536748043842
7c8f0c95,3,3,2,1.2833353134501526
7ccdb9f2,3,1,0,0.47925855970632697
7ce36c38,3,3,0,0.5158086554282855
7d0a92d5,3,3,0,0.6357071241240555
7d22cd0a,3,2,1,0.3441182742582857
7d2f236b,3,2,0,0.2798739706737234
7d666f0f,3,2,2,0.6016723857281175
7d878d0d,3,2,1,0.8014303794742064
7d927bdf,3,3,0,0.567285109162992
7dae6de9,3,2,1,0.3185440048073517
7dc65b92,3,3,0,0.9905564873370589
7dd54e69,3,1,2,0.568784892903376
7deeb4fe,3,3,0,1.0130116563818812
7df487b1,3,2,0,0.7033739513872377
7e33976b,3,2,0,0.16210553963627872
7e46b693,3,3,1,0.8911393595187681
7ebca7c4,3,1,0,0.5819046913564732
7ec65d94,3,3,0,0.19182743233648697
7ecea16d,3,1,0,0.09071774734100163
7f04b4fc,3,2,1,0.471949944472296
7f1063e4,3,2,1,0.9998271431811142
7f26f78c,3,3,1,1.1819536204820187
7f2715b4,3,1,0,0.36918418539708553
7f44236f,3,3,3,0.8844402635177987
7f5aeb05,3,1,0,0.3745281196938709
7f950ef2,3,2,3,1.1507548994950192
7fa51811,3,1,2,1.1250845821667501
7fa7ccc4,3,2,0,0.3338771982715444
7fceb836,3,2,0,0.9730896577062991
7fd40f2b,3,2,1,0.5868291161739286
7fe0a99a,3,1,0,0.47554706487086296
8017f13e,3,3,0,0.8328373084336987
8033847f,3,2,1,0.9581637193691226
8068fafb,3,1,0,0.2943941065013769
806d877f,3,1,1,0.6256371082753078
8078b7de,3,1,1,0.6300165167293119
80a5f1e1,3,1,0,0.7129574037792942
80a9f2bb,3,3,0,0.25877932908418827
80b46ffb,3,1,1,1.2098827279161215
80d8829a,3,3,0,0.15022516750218007
80ed2bcf,3,2,1,1.2032954318890114
81095901,3,3,0,0.2787225706106434
812f6873,3,3,0,0.5397353662934712
81364a4b,3,3,1,1.0095031221122752
813e7f93,3,2,0,0.16702043775937858
8148c785,3,2,3,1.2844782747864318
81766b8a,3,2,0,0.5181180409195248
8189aa29,3,2,2,0.6945417923981707
819ad5f1,3,1,0,0.33724888290001137
81c0b83c,3,3,1,0.3254091442885535
81d3ab22,3,2,0,0.8427516761566395
81d607bb,3,3,0,0.23596790662812706
81eaf4c1,3,3,0,0.09273632758859507
81f60502,3,1,1,0.5546696537435162
8226bbd4,3,3,1,0.362880171581879
82422684,3,1,0,0.7810307451954129
8256a969,3,1,0,0.34872015112476995
828b31ca,3,2,0,0.25071127179282043
82923551,3,3,0,0.1029866426831697
82a114c1,3,2,2,0.6757498302513564
82ec9747,3,1,0,0.12197712560427432
8310a02f,3,3,0,0.42409394805362344
8328c8b3,3,3,0,0.8851750415429664
83379672,3,2,1,0.2901499450072267
836b4de3,3,2,0,0.6506266799307991
83711ef5,3,1,1,0.7805480282997593
8376acc5,3,2,0,0.21548400793892725
83846d0c,3,2,0,0.32224790824330773
83912085,3,1,0,0.3156322660722204
839b507a,3,2,0,0.14734553631356834
83eda373,3,1,0,0.35497608943180925
83fb5ee0,3,2,0,0.24085228658493435
840ff4b7,3,1,0,0.09896813790546355
844b87f8,3,1,0,0.30085749470311635
844be9e4,3,2,0,0.31083207528494955
84875079,3,3,0,0.41291686953509654
84a16b14,3,3,0,0.5093142440314186
851b425b,3,1,0,0.38339010483465213
854eb237,3,3,0,0.24005328028756684
85525f8d,3,3,0,0.3653947262105384
855c6099,3,3,1,0.42798934392038845
8570ea5f,3,1,0,0.5693529790782041
8572d442,3,2,0,1.0261564598569937
8581b9a1,3,2,1,0.6345078722281512
858ae6a3,3,1,2,0.9339836248628763
858be19a,3,1,1,0.6515273215879698
859cbb27,3,2,0,0.24006449243037725
85a1082c,3,3,0,0.47495661999042194
85b027ee,3,2,0,0.3793702473571776
85ba333f,3,3,2,0.47642088496706325
85d9c915,3,3,0,0.33138628868281816
85f23af6,3,2,1,0.1902455902703702
861188f4,3,1,2,0.9025467620154703
861fd4a0,3,1,0,0.22172376753207756
86335468,3,3,1,0.620589970220259
863f7033,3,2,0,0.9000662640718431
866a08b7,3,2,1,0.2382465067328381
86bd716a,3,3,2,0.8180894305101734
86e56299,3,1,1,0.6844487252037149
87050a09,3,2,0,0.5220005584076228
871b2b19,3,2,0,0.335149188845671
87509a7b,3,3,0,0.32589372894624624
8772f64b,3,2,0,0.7425348135344466
87a60251,3,2,0,0.14752425052803214
87b78ee3,3,1,2,0.8116492886225785
8823b020,3,1,1,0.46545358994510366
88300a4b,3,3,0,1.0539667979578229
884c429c,3,3,0,-0.009502471243188704
8875387b,3,2,0,1.1201692433869779
8877cdee,3,1,0,0.29137341518054244
888c45f9,3,2,1,0.12375909688003672
88c640b9,3,3,1,1.0677533051585149
88cdb5bd,3,2,2,1.0742166365513344
88e04d93,3,1,1,0.9130124977858753
891b8cd5,3,3,0,0.9414230702637372
89261ca6,3,2,0,0.41994982970946526
893293dd,3,3,0,0.06030449370970292
895f9725,3,1,0,0.8996616877413328
897da2c8,3,1,0,0.2430736465293698
89a26502,3,1,0,0.3685477003587672
89d475e2,3,1,2,1.2899608870644625
89d7d2c3,3,2,0,0.15050358944991943
8a44ea3a,3,2,0,0.29911099997850676
8a4d341b,3,1,0,0.4064752956557489
8a645723,3,1,1,1.242745618811477
8a6b6912,3,2,0,0.2842648129980775
8a77c3e9,3,1,1,1.087675859962669
8a77d185,3,2,2,0.5341715511951413
8a78a063,3,1,0,0.2764828524971751
8a9cce44,3,1,2,0.46382727955174774
8a9e653f,3,1,0,-0.024441785821693318
8abbbc38,3,1,0,0.474461229525288
8ad5e251,3,3,0,0.2946025385566538
8ae6a52f,3,3,0,1.042583845149275
8b02eb7e,3,3,0,1.4979660942218693
8b3c900f,3,1,0,0.6429355354148789
8b4b9648,3,2,1,0.5968168420431457
8b802ca8,3,1,0,0.1392031175539642
8bf72a9c,3,3,1,1.4073937477372076
8c0ca955,3,1,0,0.5827631950089311
8c1f9196,3,3,1,0.7970054061733769
8c9c253d,3,3,0,0.5220906556717964
8cab7bc4,3,1,0,0.47240834431445244
8cb19d64,3,3,1,0.28226389808104746
8cfcac79,3,1,2,1.0689885842410158
8d010562,3,1,0,0.5126793242462379
8d11c14a,3,1,1,0.30269777905910766
8d8b8553,3,1,2,0.6485014568751764
8db09bb4,3,2,1,0.7321445651200965
8ddb6b8d,3,3,0,0.47629438366048593
8e24b103,3,1,0,0.25718324663895814
8e380413,3,2,1,0.5008127067785318
8e59a69a,3,1,1,0.4775158092307706
8e749c85,3,2,1,0.9069768025113567
8e80deb7,3,1,0,0.8565707461556885
8e93a873,3,2,1,0.8859669427286823
8ec2cc63,3,1,0,0.9914376625080891
8f015125,3,3,0,0.7757760698626476
8f112082,3,2,1,0.7676452856593778
8f13c52a,3,3,1,0.7785705830476211
8f1e1df6,3,3,0,0.705132841475318
8f21c613,3,3,1,0.7182617706595107
8f2d131f,3,2,1,0.5846174015368272
8f39a0e7,3,3,1,0.379111001100887
8f68479b,3,3,3,1.0365101118044924
8f9c03c6,3,2,0,0.06996103530354592
90161e10,3,1,1,1.0720363755383064
9027c805,3,2,0,0.3979623769222005
9052579b,3,1,0,0.375391204077475
9061cc9c,3,2,0,0.027339075416591863
908b1207,3,3,2,0.742818753079727
9105b812,3,1,1,0.8144739309613711
911d1406,3,3,0,0.685220101375
912a91b0,3,2,0,0.5967859341542003
9130a22e,3,2,0,0.39574188507574837
91386987,3,3,1,0.6991789398238683
913bea9f,3,3,1,1.3264009675150228
91656d27,3,1,1,1.3037351477448236
916f7069,3,3,0,0.49774083790982315
917990b2,3,1,0,1.0463155517861802
9181b136,3,3,0,0.20034387775065654
91930eec,3,3,0,0.2698643127811092
91942b42,3,2,2,0.5454786531483192
91a5d06e,3,2,0,0.1642737824188087
91e23cc5,3,3,2,1.183323544086632
91e86c47,3,3,0,0.5812975209072817
92031591,3,2,0,0.6897299749801091
921146d1,3,1,0,0.4043637928885665
92293b06,3,1,0,0.814846378651622
92622443,3,3,1,0.4659435695086353
926a64d8,3,2,1,1.2039451664694845
926b3a76,3,2,3,1.140058914754889
926bd07e,3,1,0,0.3900042544034943
9271574b,3,3,0,0.44072255737723126
92b18571,3,2,0,0.3618364904434773
92bb8516,3,2,0,0.28098405037217344
93188a17,3,3,0,0.4906453196135075
932b5928,3,1,1,1.0510531984551772
93363059,3,3,1,1.0755460355127322
933da99b,3,3,0,0.8180758408280507
93559639,3,1,0,0.1437262981313363
93904b23,3,3,1,0.9659764412353672
93c06d4c,3,3,0,0.48131881245171954
93c72a97,3,2,0,0.9625907011972317
93c93585,3,1,0,0.48821729326748914
93f8b501,3,2,0,0.3776318580140865
93fd93c4,3,2,1,0.8273230982645055
93fda84a,3,2,0,0.08068937390152786
9402b885,3,3,0,0.8849127449484526
9416d70e,3,1,1,1.1058972794340685
945d802a,3,2,1,0.683813370783678
948a7025,3,1,0,0.34527379761940236
948e1435,3,2,1,0.9657795712880684
94902bc9,3,2,1,1.2974192211035265
9498cc26,3,1,1,0.6207024245386255
949f94e5,3,1,0,0.1776857452326997
94a1053b,3,1,1,0.9743599213913565
9508b72f,3,3,0,0.6354531226706075
9521093f,3,2,0,0.8412083996788681
9540fa8e,3,3,0,0.3755230421183837
95488452,3,2,0,0.06751810841653505
954a4c2e,3,2,1,0.6505960466012508
9568e659,3,2,2,1.2396186896657886
9570bfb7,3,3,0,0.09471459153359246
957dcb7f,3,2,1,0.17137438848874925
95cc96cc,3,3,0,0.14357774336253554
95d57ff9,3,2,0,0.8487314524016842
95e04c4b,3,2,0,0.14307251526701142
96262441,3,1,0,0.19794766706342354
9646a500,3,3,0,0.29882018278357714
96595f1d,3,3,0,0.21645590836159534
966161e7,3,1,0,-0.005996550142315149
966fffd0,3,3,2,1.192074115900429
9682cd0d,3,2,0,0.2584959321122823
96de5f57,3,3,2,1.0162627930058834
96f13763,3,1,0,0.13627180009542822
978218e6,3,2,0,0.47011872921851416
97bb0cc0,3,3,2,0.8948219347992801
97d0593e,3,3,0,0.5106669704066493
981568fa,3,1,0,0.5025157263184726
98413061,3,1,0,0.11034539451515935
9853fb61,3,3,0,0.6806254058972617
98a4be3f,3,3,0,0.791899814810992
98a81a90,3,1,1,0.810879600181954
98ed2153,3,2,2,0.9968714213098284
99205f42,3,3,1,0.796940920360321
994ee014,3,1,0,0.3796383115452844
99752704,3,1,1,0.587311282716128
9977fb0f,3,3,0,0.39150108169201964
998115f3,3,3,1,0.4256405167016858
998cfa64,3,3,0,0.22324846520889935
99a1711f,3,2,1,1.132344479443699
99b15811,3,3,0,0.463569759707798
99ec8c4a,3,2,0,0.4151517638031693
99f0cc53,3,3,0,0.2270865198154699
99f3be05,3,2,1,0.527790653279134
99fe5b44,3,2,0,0.8084789469254181
9a2082cf,3,1,0,0.30194389523381454
9a50d2d8,3,2,0,0.9479482834455318
9a5aed6c,3,1,0,0.870950288303101
9a76906d,3,2,0,0.30977870926997264
9aa1a2ae,3,3,1,0.46085395939682927
9aa36639,3,3,0,0.11564538084919473
9aab3e36,3,2,0,0.32307674198696684
9ab4909f,3,1,1,1.099324955356547
9af5548f,3,3,0,0.6761340072230846
9b328d6c,3,1,2,0.8698069001582641
9b5f13ec,3,2,2,0.9332325425927892
9b96b0e4,3,3,0,0.41789865972951196
9bc60f80,3,2,1,0.2934075899779878
9bd745aa,3,3,0,0.7139648791655772
9bdd6964,3,1,1,0.16287089019465645
9bf7051d,3,1,2,0.942121723368174
9c12f80d,3,3,0,0.19169750046443862
9c1ea003,3,2,1,0.5292328286297774
9c23dba9,3,3,1,0.7870500920689257
9c2df71f,3,3,0,0.02375763771727335
9c589c9d,3,3,0,0.07865251083695002
9c7a1561,3,2,0,0.23853763104472203
9c9cd7ef,3,1,1,0.44191798205967564
9cb32129,3,1,0,0.2216270246281431
9cba0d0e,3,1,1,0.5732986953195418
9ccbc70b,3,2,0,0.34861296255928326
9cee3c19,3,2,1,0.5732278399369939
9cf04c41,3,1,1,0.6317900595988523
9d0670dd,3,2,0,0.17122482372975778
9d1b2d2c,3,1,0,0.1342721059948654
9d29b706,3,1,2,0.6649312190924461
9d39f0da,3,3,2,0.6381882314760086
9d5826bb,3,1,1,0.48457628457613716
9d6b1410,3,2,0,0.28147478810559967
9ddfb9e6,3,1,1,0.8799400336419232
9de6a614,3,2,0,0.8768372584092995
9e052412,3,3,0,0.26224487927260826
9e29b5d2,3,1,0,0.498901716161133
9e4385f7,3,3,0,0.7494554612882525
9e7860ef,3,3,0,0.261137565867565
9e964060,3,2,2,0.2086518503491951
9eb283e4,3,1,3,1.0807994656432947
9ebb73c7,3,1,0,0.5306528577613103
9f3ca269,3,1,1,1.0747423248289398
9f5f15ef,3,2,1,0.837870698641356
9f6b9158,3,1,2,0.9416481983361398
9f70688f,3,2,0,0.0403702133500633
9f9be55c,3,1,2,0.7653657210865501
9fa5cdfd,3,1,0,0.24206176300359872
9fb96ae3,3,1,2,1.0228382000449503
9fbc09a6,3,2,0,0.2796692342879058
9fbf31f9,3,2,0,0.18869758268878445
9fbfa81b,3,2,0,0.15641074078199668
9fec142f,3,2,1,0.9849797678280299
9ff73d95,3,3,0,0.37376972926614876
a00c3ab0,3,3,3,1.434581964033415
a00c85e7,3,2,1,0.9139803313020858
a0182b17,3,2,0,0.739306223605362
a0277c1c,3,2,0,0.374004732784726
a032d7bb,3,2,0,0.4569930818832468
a0482f47,3,2,0,0.4780597471677358
a0510686,3,2,1,0.1124819311913855
a0522c83,3,3,2,0.6125036913529376
a07ec6fb,3,2,1,0.6029281950222771
a08ebf6e,3,2,3,0.9315918882039498
a17f6cfd,3,3,0,1.017172869730162
a1814875,3,1,2,0.6914454301351453
a1942b0b,3,1,0,0.3844955924450548
a196148e,3,3,1,1.137424221572125
a1ab89aa,3,3,0,-0.004461197796442717
a1df952c,3,2,1,1.1971116496213203
a1fe4f51,3,2,0,0.10941792850095966
a217e790,3,1,0,0.26753070940944534
a21ad8c0,3,3,1,0.9287262552999744
a221c60c,3,1,1,1.0604227786540164
a263a68c,3,1,0,0.3743506080965532
a28c7891,3,1,0,0.8672342297689535
a297d1b9,3,3,0,0.21171997823683564
a2994e55,3,2,2,1.30257699039388
a302a015,3,3,1,0.4241066456388085
a30e6178,3,2,0,0.5184808881798573
a3391798,3,3,0,0.21265178462830442
a3413f0a,3,1,0,0.2952753747920562
a363ec1b,3,2,1,0.9603996856286428
a38699a5,3,2,1,0.5398926721571895
a3b146ca,3,1,0,0.32642293480972623
a3bd8858,3,2,1,1.1182260819545666
a3e53e34,3,2,1,0.6453255787773443
a3ec2999,3,2,1,0.524691245906393
a402c6c8,3,1,0,0.3761090841998157
a40c8316,3,1,2,1.0833977612208083
a4481101,3,3,0,0.750845849956701
a45230f4,3,3,0,0.6961662074947754
a4530b41,3,1,0,0.14504117585396165
a457a4ab,3,3,0,0.2660561610279559
a49eda7f,3,3,0,0.7124477134841642
a4be0322,3,1,1,0.4539044804234344
a4f13c0d,3,1,0,0.9550182491825188
a5024ef9,3,1,2,0.45470287690584105
a5078c62,3,3,0,0.6230439932238376
a5099438,3,3,0,1.5358417246075327
a55b715d,3,1,1,0.7348126376788914
a5974a7d,3,3,0,0.5688335347345985
a59b2411,3,2,0,1.0820414080978875
a5c87de6,3,1,0,0.31246012754860614
a5dbb00a,3,2,1,0.5716098955505463
a60b8575,3,2,2,1.5159096830415462
a614af1b,3,2,0,0.5294248741729332
a62edc1c,3,3,1,0.08918834473846365
a65b2226,3,3,0,0.27963720247758717
a6e72e9d,3,2,0,0.2669576716703229
a6fbb2e7,3,3,0,0.3531079419342651
a70bb2c5,3,3,0,0.5354059079512962
a70e9a7c,3,3,0,0.5994749531605672
a722f648,3,3,1,0.6235816742226057
a774c63b,3,3,0,0.5974366724522716
a78766db,3,2,0,0.7956265671669107
a7b9546a,3,3,0,0.4490849167972848
a7d2852d,3,3,1,1.056117992605623
a808ad0a,3,2,0,0.7593750260850997
a814e825,3,3,0,0.5406330576515119
a84922d2,3,1,0,0.5757050430650352
a84ae7e0,3,2,1,0.653495402693059
a8722cde,3,1,1,0.9022156870945213
a886c07b,3,1,2,0.871914756002566
a88cd304,3,3,1,0.9180020062145812
a8926a86,3,2,2,1.186448553780072
a8b0428d,3,1,1,1.4890584241727278
a8c1aab5,3,1,0,0.334474266844771
a8d90be8,3,2,0,0.8153701176139723
a8d9de72,3,1,2,0.5639144721173812
a8dc2e05,3,2,0,1.0960820692930022
a922ef3f,3,3,2,0.3549462230315674
a952659d,3,2,2,0.7237687044495199
a95b4487,3,2,0,0.49060202923562285
a9717f92,3,2,0,0.6699870727029809
a971b3b1,3,1,0,0.126495705478198
a9b84b96,3,2,0,0.050331203826471715
a9c3b925,3,2,0,0.3980778660779383
a9c53cdb,3,1,1,0.34840481023710596
a9e5794a,3,3,0,0.6845099803815724
aa1700c7,3,1,0,0.3221912605948778
aa295760,3,1,0,0.28499929482147496
aa776ef6,3,1,0,0.020358854189769127
aacb0b33,3,2,0,0.8315836919986888
aae9800e,3,2,0,0.8131375912452538
ab16a20d,3,1,0,0.43235635002811834
ab1dc378,3,3,3,1.008317042025284
ab2ad965,3,3,0,0.20363800384006508
ab4b6c15,3,3,1,0.8370879280187691
ab4fe82b,3,3,2,0.796109208902056
ab54c39e,3,2,1,0.7503148410814554
ab5889ef,3,2,0,0.07109569897660462
ab6e1b81,3,1,0,0.12505820818033742
ab71f143,3,1,0,0.5160519779985856
ab8245da,3,3,2,0.3853930594025444
ab987c75,3,3,0,0.40126889278364
abac67cc,3,3,0,1.0073564206541472
abaf745c,3,1,0,0.13112213457744443
abd1b232,3,1,2,1.2698176320659393
ac1ad4a7,3,3,0,0.12427572442623275
ac29ec80,3,1,0,0.15501503927827603
ac31e154,3,1,0,0.5276776697263406
ac3ba541,3,2,0,0.21678648424738828
ac5fad3b,3,2,0,0.2215489925835341
ac66c144,3,1,0,0.02200773168690262
ac675a81,3,3,1,0.42846910193334753
ac67c949,3,1,0,0.17983645915671936
ac967bb9,3,3,2,1.0248127447423054
acb75c15,3,2,0,0.6973805760012098
aceefa4f,3,2,1,0.8647009566655118
ad0bbf35,3,1,0,0.027778262873139004
ad1dfc9a,3,3,0,0.971900873246688
ad319a21,3,3,1,0.6969046977195488
ad536dea,3,1,1,0.5786172488082532
ad8189bd,3,2,3,1.171688525078126
ad8945e3,3,3,1,0.5085146812239704
ad9f821d,3,3,0,0.7985067373930386
adaf7461,3,3,1,0.6874032690083915
adba23f0,3,1,1,0.3411971594740617
adbd6839,3,3,0,0.4655536890128833
adc2d620,3,3,0,0.31190933771158874
adc71322,3,2,0,0.508850377371028
ade50eba,3,3,1,1.3163522565261054
adf444ff,3,3,1,0.5155500875299517
adfef47a,3,1,0,0.10719399425339143
ae4fdae6,3,3,2,1.0087037070809326
ae6e4380,3,3,0,0.2764966888816054
aea63a78,3,1,0,0.26181700927233437
aea92843,3,1,0,0.17641417455181585
aecc7e74,3,3,2,1.189217306793053
aed29ee7,3,3,2,0.715195358594366
af485add,3,3,2,0.7803271056516539
af4f064e,3,1,0,0.2766493888341619
afa6cc9b,3,1,1,0.6160036995012534
afae8244,3,1,1,0.3526133471454652
aff48273,3,3,1,0.7087993151031167
b01cb004,3,3,0,0.29873217768947063
b074f33b,3,1,0,0.4823748707013105
b08423c5,3,1,1,0.9432806023802636
b08f0ca4,3,3,1,0.05161064441696506
b0ab15a7,3,1,0,0.19991237881612334
b0b57cb7,3,2,1,0.32872579979392397
b0e96997,3,3,1,0.46318052671916266
b13e0cd0,3,1,0,0.7985263635031397
b1a00510,3,2,1,0.29496889663311443
b1bc2fe4,3,1,0,0.03435197922190791
b1de4423,3,2,0,0.07896021686428467
b21f7b12,3,3,1,0.9982874506125132
b2290813,3,3,0,0.9690909353927379
b2382d94,3,3,0,0.1205652321876784
b23b9220,3,2,0,0.7274604406265948
b2594910,3,2,0,0.5758916112173988
b25abc27,3,1,2,1.2228443584565558
b2987a65,3,1,0,0.42706022872828275
b2a73566,3,1,0,0.8184546791887142
b2b792a7,3,1,0,1.2700418355631338
b308c03e,3,3,1,0.7953477885651916
b318f1d9,3,2,0,0.08691132769787108
b31dd1bb,3,2,0,0.801305272135165
b347b9cc,3,1,0,0.25450490953611093
b37281d5,3,1,2,0.326548410248096
b39504a7,3,3,2,0.9536595277218469
b397a73e,3,1,1,0.31329707316890415
b3b200af,3,3,0,0.4126019465878349
b3dade53,3,2,2,0.8351722264503392
b3e10f59,3,2,0,0.19919595247446015
b3e14267,3,1,0,0.7588894046016651
b3f5c066,3,2,0,0.5082231885305699
b4002374,3,1,1,0.7547770373202649
b412866b,3,2,1,0.8347374816802182
b41cee02,3,2,0,0.46601637454685063
b447e66d,3,1,1,0.3183930004119662
b449ac61,3,2,2,0.7538667201194216
b452f767,3,2,0,0.36289125796058963
b463e777,3,2,1,0.19517467729896915
b4885e6f,3,1,3,0.9789473631312922
b494401a,3,2,0,0.6973577007909402
b4bd49a0,3,2,1,0.16124997708693584
b4cfd8d7,3,2,0,0.5004367071511122
b516ca6f,3,3,0,0.5595045583222001
b53a8f23,3,3,2,0.33939102763063245
b55f7943,3,1,1,0.5910219581264111
b57e33a6,3,3,1,0.12225021118133161
b5a0707a,3,3,2,0.9278440539758368
b5b2d51c,3,3,0,0.33855750578525234
b5c2bc50,3,2,0,0.4351769497244269
b64856e9,3,1,1,0.6960751022103503
b69bf1f7,3,2,0,0.7481870863352431
b6af12af,3,3,0,0.4507414109591201
b6caa7fb,3,1,0,0.2774477670265112
b6e9a65f,3,2,0,0.1950826449247256
b70db5d6,3,3,0,0.08159263421552143
b746cbe3,3,2,0,0.1494457354761215
b78d5d2e,3,2,0,0.5872587024554669
b7ac57d5,3,3,1,1.0222112720170333
b7c3834f,3,1,3,1.2638429249225438
b7c410a9,3,1,0,0.542395016650516
b7eb466c,3,2,0,0.6201177248342026
b7ec062d,3,3,1,0.9293610976232476
b816d8d5,3,2,0,0.4964202086923633
b823508b,3,2,1,0.391444590967444
b84754a9,3,2,0,0.661648119894317
b89537ae,3,1,0,0.4506545540620065
b8b48fbf,3,1,0,0.5315798506856546
b8bf20f9,3,1,0,0.41757123391409523
b8df3d7c,3,3,0,0.4828602859605362
b92be605,3,3,0,0.5261240146335739
b9318815,3,2,1,0.9339806450292749
b93e1e41,3,2,0,0.35718852522756106
b94ec4a1,3,3,0,0.5636080221564265
b95aad8d,3,2,2,1.030637447921498
b96e3324,3,3,0,0.12345680001925557
b9b22bff,3,2,0,1.2018753725672373
b9c085ab,3,3,0,0.6391679722559518
b9cf3f7c,3,3,1,1.3164352464483908
b9e20ba6,3,2,0,0.5175954572579498
b9e90f7f,3,3,2,0.8747634820234602
b9eeb8fa,3,3,0,0.32047716249430364
ba29cfb3,3,3,0,0.12455444941736077
ba42462b,3,2,0,0.31971989060114303
ba4294b3,3,3,0,0.4850764786666595
ba73bc7c,3,1,1,0.6211444028130888
bafc4389,3,1,1,0.445864977518461
bb4821ee,3,2,1,0.5454012270382939
bba6ff20,3,2,0,0.6160236892548318
bbbd61c9,3,1,0,0.05297178146364756
bbd71a7c,3,1,2,0.9190995733724674
bbe5bedd,3,3,0,0.3870284710985754
bc0c0f03,3,3,0,0.26398756260444695
bc1ec029,3,3,0,0.590620344116275
bc437705,3,2,0,0.2419640044970759
bc66f41d,3,3,0,0.35761662574062236
bc790ce0,3,1,0,0.46784870094665776
bc817a4c,3,2,0,0.1287002229586765
bce32ada,3,1,1,0.5451503235006102
bd124dbc,3,3,1,0.5242379237193308
bd480331,3,2,0,0.5248117969915462
bd4ccd4c,3,3,1,0.6800207049681265
bd713fb8,3,1,0,0.2879302947767818
bd8397cb,3,2,0,0.8428053602719595
bd932d04,3,2,2,1.4540417927884801
bdbd1afd,3,2,0,1.0536036379259106
bdbdc4b5,3,1,0,0.30049272004279326
bdbff28b,3,1,0,1.140477231527073
be210bc7,3,3,2,1.0936903903868793
be26335a,3,1,1,0.9473417905090661
be9ba5f7,3,1,0,0.8485813928484452
be9e9a8e,3,1,0,0.34844274104499395
beafa6f9,3,2,2,0.7527870712630241
bebff291,3,1,0,0.13557623885861958
bedeb6f3,3,2,0,0.2007021031035114
bee51adb,3,3,0,0.4707785347689514
bef259fd,3,1,1,1.2990520533350578
bef89ce4,3,3,0,0.2730423267527853
bf0942bc,3,2,0,0.7734425025877809
bf18965c,3,2,0,0.5198018486922443
bf280e13,3,3,1,0.7227443801871467
bf31e0a7,3,1,0,0.15199747711650924
bfade1ba,3,3,0,0.2726312979191413
bfb52472,3,2,1,0.8903030477555794
c00c663c,3,1,1,0.70161830267552
c03c0758,3,1,1,0.22367745055613886
c0442863,3,1,2,1.1370263901711963
c087b48a,3,1,1,0.8557580690354898
c09d41cd,3,2,0,0.7499412863633541
c0a7d046,3,2,0,1.0154222952674545
c0adc389,3,3,2,1.125182724579006
c0c168fa,3,3,0,0.21823345068976518
c0d5b3f3,3,2,0,0.9234104461847383
c0f2a046,3,3,0,0.5014276168693046
c1200b71,3,1,0,0.12678828069339526
c1373df0,3,3,1,0.3282373190111057
c24c877a,3,2,0,0.08312954742675571
c294b507,3,3,1,0.6662742105734666
c2adf42c,3,1,1,0.7750437456591578
c2b40d6f,3,1,0,0.44554132489021947
c2bac6ad,3,1,2,1.1107459684218308
c2bac92a,3,1,0,0.7385769997179473
c2e15338,3,2,2,1.2394491083833328
c2ea6e54,3,1,0,0.38888410264278606
c3061b23,3,1,0,0.6739521807060346
c308b134,3,3,3,0.8481386290961328
c30f5122,3,2,2,1.2917056091114292
c35218d4,3,2,0,0.24860064138420662
c3760eb9,3,2,0,1.1748393475090833
c37ef416,3,2,0,0.42199403692380044
c38585c5,3,3,1,0.34297990485722196
c38a5c9b,3,1,2,1.233726329200952
c391e9c0,3,2,1,0.49959521938429025
c3a3f61e,3,1,0,0.5435948547551598
c3a86e3e,3,2,1,0.2899897194884729
c3adae87,3,2,2,0.8222503564464825
c3b87e5c,3,2,0,0.25535670798978866
c3d46daf,3,2,2,0.9037995378736889
c409bc9d,3,2,0,0.10977730983903633
c40bb352,3,2,1,0.2975531662710684
c41274a7,3,2,0,1.1403081643413326
c418e47a,3,3,1,1.0930173793324598
c43b985c,3,3,0,0.43220103444628
c446e1c5,3,3,2,0.8349137475177195
c45068a1,3,1,1,1.1800374627929342
c459095b,3,1,2,0.9919242689508572
c4a681dc,3,3,1,0.2972273063519792
c4aa8d47,3,3,0,0.17774328271632883
c4c2076b,3,1,0,0.18573859919648444
c4c86e6f,3,2,1,1.0251715482628594
c51c1139,3,2,0,0.3581201413373458
c5462e87,3,2,1,0.45218395321328575
c55187b4,3,3,0,1.190186273835773
c55cc646,3,1,3,1.166800952980894
c5c891c1,3,3,0,0.5613350008703548
c5cfaeae,3,3,2,0.843076358605171
c5e91ebc,3,1,0,0.3695132702120578
c5f3d60c,3,1,0,0.06516385326637064
c6287031,3,2,1,0.8292890582181947
c6313b18,3,2,0,0.3274018107897013
c6575d38,3,3,2,1.4312718175278025
c66daa08,3,2,2,1.072712761772937
c678730b,3,3,0,0.28373586772762427
c68c9809,3,2,1,0.611648542284121
c6a92a65,3,1,0,0.3821329088446549
c6cb894a,3,3,0,0.6286798009489822
c6d4b453,3,3,1,0.32355007841299155
c6da0d4b,3,2,0,0.40174472788144117
c6ead822,3,2,1,0.9401280143105912
c6fd800e,3,1,0,0.3245153194219064
c706a54d,3,1,0,0.07962169398625374
c715832b,3,1,0,0.6315884133736428
c73dd2e4,3,1,0,0.5346439643470512
c73f149c,3,1,0,0.35531411071865016
c79039af,3,3,1,0.26238792519760623
c7d61396,3,3,1,0.5391798208402624
c7d9e964,3,1,0,0.32190114408567855
c7fd8939,3,2,0,0.26189534741228016
c805ebe7,3,3,0,0.1430045731890514
c8270746,3,1,1,0.8464243560845609
c829500d,3,3,0,0.3772243378606284
c8cc2e1b,3,2,0,0.2909810009177265
c8d6b871,3,3,0,0.4608053827019363
c8fbbc8a,3,1,0,0.5138632166219831
c9133895,3,3,1,0.5600543304230859
c9600298,3,2,0,0.2757344595162199
c98527f7,3,3,0,0.29603486565270903
c9902f48,3,1,1,0.38651033801156487
c9d47171,3,1,2,0.29426603812318736
c9dabad5,3,3,0,0.4610812041061134
c9e419e7,3,2,0,0.3527481694044143
ca1bdcd3,3,2,0,0.24694291796305456
ca3204b0,3,3,0,0.6444702242301591
ca33a5e7,3,3,2,0.3706370816302025
ca724703,3,2,0,0.6093545108758659
cac0f438,3,2,0,0.3269626267396989
cad3bc70,3,3,2,1.0719968903922328
cadd4ae5,3,3,0,0.474508627349161
cae0531e,3,2,1,0.8225441344083135
cb054226,3,3,2,0.5889903978812154
cb2752bc,3,2,1,0.7245860083102524
cb3b7c3c,3,2,1,0.829077801010087
cb73fed9,3,3,0,0.1880749512574595
cbb1ddec,3,3,2,0.5242508021399221
cbca33a5,3,3,0,0.4922447096383548
cbcf8cf2,3,1,0,0.6753930699136771
cc16d472,3,3,2,0.8912114540387986
cc224be2,3,3,0,0.5623992338873143
cc477243,3,3,0,0.47246302318487243
cc5143df,3,2,0,0.5673539688188556
cca40abb,3,3,0,0.125456289340089
ccd3cb96,3,3,0,0.2584346949983531
cceddb57,3,1,0,0.6541677862487686
cd144127,3,2,0,0.34807528724199654
cd1fff5a,3,1,0,1.181652536955275
cd36e51d,3,3,2,0.8726329949041098
cd703872,3,3,0,0.9609303575611448
cd89d5f1,3,2,0,1.0405521084246523
cd8ec8ac,3,3,0,0.556493092547786
cd8f3c61,3,1,0,0.09461982584109507
cd92eaf6,3,2,0,0.4396638249573429
cda90e9e,3,2,0,0.8050125692418442
ce031b1b,3,3,0,0.36591539824304475
ce6eeadf,3,3,1,0.9442200665011866
ce95b2e1,3,2,2,0.963877064638334
cea35700,3,1,0,0.3519617659591839
cea73edd,3,3,0,0.5430142929929341
cedf96c5,3,3,0,0.40606372782570244
cf1b9d44,3,1,0,0.6302746696216168
cf2e4065,3,3,2,0.39211316555163045
cf86987d,3,3,2,1.0025120302281758
cfbbdd3d,3,2,1,0.5167816530050503
cfcf9dc9,3,2,2,0.2751780328951128
cfe4cf40,3,1,1,0.6600279682809403
cff4bcee,3,3,0,0.3084806772242181
d05f5d71,3,2,2,0.6416216558593156
d08806a2,3,1,1,0.5610905134542388
d0ac4f1c,3,3,0,1.1419047210391606
d0ef0744,3,3,0,0.9833594117295772
d14d79b5,3,1,0,0.41404201439928695
d19e1025,3,1,1,0.3806400233586762
d1aafc4e,3,3,1,0.9676729017363952
d1ab95e5,3,1,0,0.5333859527409098
d22e7168,3,2,0,0.5208736144346318
d28f0d44,3,1,0,0.5901591312704155
d3b860ab,3,1,1,0.05882509909094802
d3bf6d28,3,1,1,0.8325934392109327
d3da09e8,3,3,1,1.182157348311879
d3e45961,3,2,0,0.5936393023775848
d3eda827,3,2,0,0.022717547420857076
d42454d4,3,3,0,0.3879605765390126
d4337a28,3,2,0,0.3438427240471569
d445fb74,3,3,2,0.8084869912928195
d45bae93,3,3,0,1.3685627953936006
d4a81b97,3,1,0,0.8157207057091429
d4d2f272,3,3,1,0.7267045580380157
d4d9f7f9,3,3,0,0.2569562995588526
d506f4c7,3,1,1,1.1006331457725682
d53ead5c,3,2,0,0.4497645839507528
d547d0da,3,1,1,0.6597952225048307
d565ccf6,3,3,0,0.6066070378612946
d57380cf,3,2,2,0.9051457129203834
d57802c5,3,1,0,0.37760434654687924
d5874bad,3,3,1,0.887354540334736
d5b089a4,3,2,1,0.6934877700690817
d5cebbfc,3,2,1,0.5324259293245058
d5fde276,3,1,1,0.5617256946193214
d6007386,3,1,1,0.6124064870144308
d61359ee,3,2,0,0.06651191023470449
d661ddf7,3,1,1,0.5600085998812037
d66aed49,3,1,0,0.21178754717859122
d6723b39,3,2,0,0.39138727080622493
d6776176,3,1,0,0.15357222432328116
d6add300,3,2,1,1.159988437485771
d6be0a92,3,2,2,0.4533054319928206
d6c6baa5,3,1,0,0.7881836922317506
d6cca65e,3,2,2,0.7680041873566286
d6e613bc,3,1,0,0.6761285492214327
d74e4d7c,3,1,1,1.2609331406990405
d766a1c8,3,3,0,0.8321055232726353
d77ac332,3,3,2,1.1130597445768058
d788a6a8,3,2,1,0.2659777926252559
d78c55fb,3,1,2,0.853224105661921
d791703f,3,2,1,0.780818127860373
d80b8bb6,3,3,1,1.0395754348176123
d8196954,3,2,0,0.21872806027933223
d81f28d3,3,1,0,0.1759828116069112
d82e9b87,3,1,0,0.06626289681079667
d859115e,3,1,0,0.8348542820102072
d85a62b3,3,1,2,0.6022930185751245
d85b7c71,3,1,1,0.48469014543211
d87d3d03,3,1,0,0.4088712209924449
d87e2d01,3,2,1,0.972191641742138
d8a78157,3,3,1,1.0008293280337743
d8b066ad,3,3,2,0.4556586584899315
d90900e1,3,1,0,0.4245667078311408
d94c91bf,3,1,0,0.31701739448702076
d980da40,3,2,0,0.20869564445881206
d98be7a1,3,2,0,0.11084348996827703
d9c82502,3,2,2,0.31159452514207026
d9eb30bf,3,3,0,1.0004690087957973
d9f16cd2,3,1,0,0.5032996479144197
da0001de,3,1,1,0.27572139221742054
da09ed4b,3,2,0,1.1266901380460708
da15064a,3,2,1,0.5387712964920705
da19c97e,3,2,0,0.17811315148653167
da1b21b1,3,2,0,0.1723434344021056
dacc2f83,3,1,0,0.7485461782286735
dacfdb2c,3,2,0,0.24546037898079742
daf3969c,3,2,2,1.1305248009354147
db175ab6,3,2,0,0.26484675047494144
db23fbe4,3,1,0,0.5131136917971367
db38d1f9,3,1,1,0.6843149265660708
db3b1dd1,3,1,0,0.3609262378209186
db609511,3,1,0,0.03466616802426259
db9353fd,3,2,0,0.34032805633062113
db9eae59,3,1,0,0.7952331606218437
dbfa6d84,3,1,0,0.16420469898628853
dc4e9e2f,3,2,0,0.6377661832954654
dc81eac1,3,3,1,0.33313816957136844
dca065be,3,3,0,0.22806879377494438
dcd2586d,3,3,0,0.6198449513901317
dce2a54d,3,3,1,0.3855068451653173
dcfcd574,3,1,0,0.5469296957564629
dcffa5d6,3,1,0,0.3052374448934105
dd6679a9,3,3,1,0.988726987107241
dd689eb0,3,2,0,0.06690749717364264
dd747bba,3,2,0,0.28327347582771817
dd9ce3c4,3,1,0,0.4593670965182632
ddd0cb12,3,1,0,0.2990315643122681
ddd9a88d,3,3,0,0.9338853201225543
dde82df7,3,2,0,0.10594787540619327
ddfddd87,3,3,2,1.1397410013478153
de3750cc,3,3,0,0.12090445721359855
de3ecca9,3,1,2,1.0185095387610235
de6797db,3,1,0,0.3113838954888215
de742c5c,3,1,2,1.186312045790485
de91310c,3,3,2,1.0538043002210757
de9fe1e0,3,3,2,0.849299678607232
dec9056d,3,3,0,0.10083116889392663
dee8b1bd,3,2,2,0.8579670318602588
df4ab9b1,3,3,1,0.7966370274624642
df556fd2,3,2,3,1.128991648710777
df98fbb4,3,1,2,0.5907020865813766
dfaa2a59,3,3,0,0.21587841641625172
dfd87763,3,2,0,0.28148375964017674
e016d96c,3,1,0,0.46528661391921555
e0271395,3,1,0,0.1641490180919294
e049dab1,3,3,0,0.6015491498900203
e0655da2,3,1,0,0.23691290018526528
e0767d64,3,1,2,1.1193244318524538
e07fa0b1,3,3,2,1.1292424095863332
e0a7f42a,3,3,1,0.6746591320662909
e0ad6550,3,2,2,0.31698306954618527
e0db55b1,3,2,1,0.9406558475721642
e0e35d4e,3,3,1,1.0703167936925433
e0eb3ea8,3,1,2,0.6644511500117788
e0fb3838,3,3,0,-0.01571241611893104
e11be9c1,3,1,0,0.9323975484234632
e12c2944,3,1,2,0.9854197613405224
e15fe97b,3,2,0,0.5774118749395251
e16a4784,3,1,3,1.1747290522649387
e17b9cae,3,3,2,0.9791334930474911
e1958a83,3,1,0,0.07673770080799469
e199d438,3,3,1,0.8090949101116796
e1a4575f,3,2,0,0.3698345751871237
e1af39f8,3,1,1,0.3818656482570386
e1ccc3d1,3,2,0,0.2007039903446325
e1e02e28,3,1,0,0.2844264672140355
e1ea8dd7,3,3,0,0.8165695878433714
e21255e2,3,3,1,0.7936006389543966
e23a8a0a,3,1,0,0.45706744160545754
e243119c,3,3,0,0.4051071972583735
e252dcb6,3,2,2,1.2863308254785322
e25f7b9a,3,3,1,0.22195617112751437
e296c5e4,3,3,0,0.20722826568844077
e2cb8401,3,3,0,1.1992300321414673
e2d370a2,3,3,1,0.7246408396748841
e2fcc91e,3,1,0,0.23085197149836412
e315fdd7,3,3,0,0.7856290893101141
e328a032,3,2,0,0.6937944387140088
e345b271,3,2,1,0.22164441494926945
e34b9430,3,3,1,1.3770265996738806
e362108f,3,3,0,0.6039403601199103
e37d000b,3,3,0,0.21176828715561513
e3a6f97f,3,1,1,0.9298820073667978
e3aa85a3,3,3,0,0.33428204337117606
e3aa9dcb,3,1,1,0.9396748519200481
e3af914a,3,1,1,0.6169455909275577
e3bb3735,3,3,1,0.7627702897168802
e3bce7e1,3,2,0,0.8652009546367522
e3d5aab8,3,2,0,0.08563429444207377
e4614ec6,3,2,1,0.27318033725324903
e46417a7,3,3,0,0.023933557966270613
e4762a2b,3,3,1,0.6998207203726731
e47c1eb7,3,3,1,0.7632619148240062
e4a2e3bc,3,2,2,0.44362104100059996
e4ab3b12,3,3,0,0.1594751425671097
e4b47411,3,2,1,0.7666015842989693
e4c008b9,3,3,0,0.29911882879813106
e4d396d7,3,1,0,0.19813137565887567
e4d5bf2b,3,3,1,0.7379824571098959
e4db6712,3,3,1,0.3925183000934247
e4ee6ff3,3,2,0,0.9696843124169258
e51193d1,3,3,2,0.25854687089507905
e515c971,3,1,1,0.624132686080602
e56b2209,3,3,0,0.28867241775372054
e5b902bc,3,3,2,0.7275015996669509
e5d77ff3,3,3,1,0.854921590121314
e6169c6d,3,2,0,0.24154871599728395
e715739b,3,3,1,0.5163994052061734
e71f347e,3,1,0,0.8308958602402363
e739c579,3,3,1,0.9870617877885124
e7401605,3,2,0,0.2246799148912602
e76ad778,3,1,2,1.00998545722283
e79487a3,3,1,0,0.24376661814076678
e7bbb32e,3,3,1,0.6940976072017631
e7d08824,3,2,0,0.8618554249213617
e7db432d,3,3,0,1.12110154616474
e7e43817,3,1,1,0.1526392553525976
e7ee0921,3,1,0,0.1301363265654802
e8313da5,3,1,1,0.20376122753497422
e88aa867,3,2,0,1.3988840190564766
e892aec6,3,3,1,0.30022076832000705
e8af663d,3,1,0,0.5372775693593204
e8b64419,3,3,0,0.7668820506168069
e8d9d5ea,3,2,0,0.7355789353237158
e8e82627,3,3,0,0.5892877488745945
e9030ab7,3,3,2,1.021032278681742
e90a63d0,3,2,0,0.47718633592022486
e912c973,3,1,1,1.1394062384161265
e934bf0a,3,2,1,0.7057853691645884
e93cce44,3,3,1,0.44510068804386704
e96da61f,3,1,0,0.16134925206992135
e9b642a3,3,2,1,1.159630762534865
e9ca5586,3,2,0,0.3590938444706845
ea4619ec,3,3,0,0.34381031859021743
ea544af3,3,2,0,0.7813634795435889
ea7adcd6,3,1,0,0.9656688258365903
eaa4821d,3,3,0,0.20802114202144917
eaab7a96,3,2,0,0.768213727408912
eac08386,3,3,0,0.1692369831353125
eaedb188,3,1,0,0.5760060455870668
eb00abb3,3,3,1,0.07361915375317318
eb5c46b0,3,2,0,1.0017126387235906
eb749e46,3,3,2,1.2530227961889255
eb891208,3,1,0,0.9488524227132416
eb90ee20,3,3,0,0.38298754946146074
eb93a46a,3,2,0,0.25813512594205273
eb9a846d,3,2,0,0.499775270134315
eba27772,3,3,0,0.18078659163292382
ebd15fdc,3,2,1,0.750879755096004
ebd6f819,3,1,1,0.9260142784109993
ebf30e46,3,1,0,0.8588761978242985
ec015bbb,3,3,0,0.10159485076973623
ec13a1b9,3,2,2,0.36238429067789824
ec4a1461,3,1,2,1.0218321104719204
ec619149,3,1,0,0.6119601993480375
ec6b57b4,3,2,0,0.8556235026877193
ec850b10,3,2,0,1.0651954546823648
ec890dbd,3,1,1,0.46370324179976796
ec8f8f95,3,2,2,0.669018214780807
ec9044f5,3,3,0,0.7342214319723654
ec9195be,3,2,0,0.39818700584177913
ecb1c038,3,2,1,0.5512401200081815
ecbdbe55,3,2,0,0.21132377019893628
ecd22509,3,2,2,1.0583855599425611
ecd25dd1,3,3,0,0.7803332824770538
ed0b3906,3,3,2,0.9295951713942395
ed329c15,3,1,1,0.9255646376792764
ed50a6f6,3,3,2,0.7023450116814999
ed61b01e,3,1,0,1.2507531715856248
ed711416,3,1,1,0.3909152699098523
edb86a64,3,1,1,0.6409828125417734
edc44560,3,3,0,0.6611309800896067
edca760c,3,2,1,0.5597245474985467
edfe1f8d,3,3,1,0.7378049040156756
ee21612e,3,3,2,0.9164512590268508
ee4e9eed,3,3,0,0.2664120109791717
ee654259,3,2,1,0.22293848389298
ee67eb55,3,3,0,0.3309631630769577
ee74be35,3,1,0,0.5308668778244972
ee7de96c,3,1,0,0.07914096976815821
eec0d188,3,3,0,0.2923509911728994
eeedcd5e,3,1,1,0.739951907650676
eeefa792,3,2,0,0.5001825088453281
eef79620,3,2,0,0.9135588014311795
eefeb431,3,3,0,0.8168100904635274
ef07f833,3,2,0,0.13170913905863751
ef1b858a,3,1,0,0.164171149624516
ef4ae515,3,2,0,0.07526409449228477
ef58dd3c,3,2,0,0.8502460840150573
ef9617e7,3,1,2,0.7343758991407643
efa35d35,3,1,0,0.377443198602812
efc2bc05,3,3,0,0.6232172169762223
efedde24,3,1,0,1.5158635068503346
f015a18c,3,1,0,1.3029057487845126
f028534c,3,3,0,0.7447584957792649
f0356a48,3,3,0,0.34519213788404013
f043be76,3,2,0,0.6487763264412529
f08a5ac3,3,1,0,0.7733429562001655
f0957ca1,3,3,2,0.6827162047062946
f09a076a,3,2,1,0.7659776115303474
f09b02cd,3,3,0,0.5036268862692757
f09e7b33,3,3,2,0.8345337173736487
f0b5d026,3,3,2,0.6942148059856863
f0d76b32,3,1,1,0.7629028328980922
f0ed5690,3,1,0,0.43119778078168763
f0f3e41f,3,1,0,0.741448737303146
f1049268,3,3,1,0.5077075821837661
f11e17c0,3,1,1,1.223430991975238
f13cb65e,3,3,2,0.6467618133383731
f14e55d7,3,3,0,0.7419484549962112
f1702318,3,3,1,0.5597016925065877
f1baabc1,3,1,1,0.22865335788614372
f1baae47,3,2,1,0.6066623657999732
f1c3cb6b,3,2,1,0.8948151937761362
f1ed2e85,3,3,0,0.46486303818876523
f1ee75bf,3,3,1,0.34865757953167653
f2260009,3,1,0,0.44757121464855854
f240387a,3,2,1,0.494548475319333
f2499682,3,1,0,0.31432396952868785
f2649b91,3,1,1,0.7290882211067058
f285b43c,3,1,1,0.9973178515314352
f2d4efd8,3,3,2,0.8725319230740575
f301e7a9,3,1,0,0.45926372067410637
f3020788,3,1,2,1.102740010367395
f32a9580,3,2,0,0.32673281533447157
f35b607c,3,3,0,0.512133082586513
f3600deb,3,2,1,0.36453344510286145
f3a1dd3b,3,1,1,0.584086933546195
f3aac45a,3,3,1,1.000050640511629
f4114031,3,2,1,0.7104367299164321
f420b05a,3,3,0,0.10411628168763354
f4223e3a,3,1,2,0.4363351607843229
f44f1227,3,2,0,0.42484863565416137
f47abc42,3,2,0,0.5119859587281973
f497dd7b,3,3,0,0.5806806869745674
f4d2f5af,3,3,2,0.6801492984668914
f52a2597,3,3,0,0.5740483326988768
f5369cea,3,1,0,0.056215288518293716
f54eebeb,3,1,1,0.9461531117275128
f567a1af,3,2,0,0.17362800174142967
f57de847,3,2,0,0.734672726290734
f58ddd4a,3,3,1,0.542409146029276
f5ad7abc,3,3,0,0.19027191142835714
f5b2acf0,3,1,1,0.4744757739622337
f5e64c94,3,2,1,0.7664695142686645
f62b317d,3,1,0,0.8589999174334586
f64ae747,3,3,2,0.8957698710286586
f64e1d85,3,2,2,0.3519196920446611
f64f877b,3,2,0,0.3138204144063484
f67908e7,3,2,0,0.5114775626719232
f68f158d,3,2,0,0.6776018978402247
f6b719ee,3,3,0,0.07892608644895205
f6c20447,3,1,0,0.20417789124752928
f6d3a5ad,3,1,0,0.46969626980881607
f6d6f400,3,2,0,1.0634094402850844
f77c2636,3,3,1,0.896438741067447
f7fc97cf,3,2,0,1.0981052817601902
f804c9f3,3,2,1,0.9987835075254898
f817f33a,3,1,0,0.15487175729814612
f8674e15,3,3,1,0.7084269128900718
f8b36382,3,2,1,0.40036467125782627
f8bf4a1c,3,1,0,1.074055960658316
f8e3467e,3,3,1,0.462230590318384
f8ff0bc8,3,2,0,0.9567176580369541
f922ae21,3,1,0,0.6519680351322238
f93010a8,3,1,0,0.4928168532333261
f9334e08,3,2,1,0.0805987822171419
f9384fa2,3,1,1,0.8998682837453165
f958efdc,3,2,0,0.6430697844751372
f9897bf1,3,1,1,0.183025597325435
fa472647,3,1,1,0.6700094883768852
fa62d7b1,3,2,0,0.4964570876736114
fa633e39,3,1,0,0.5269473700942839
fa78d819,3,1,2,1.17054771339834
fab75c2c,3,1,0,0.3099735512319504
fb04f7dd,3,3,2,0.311560923033167
fb2c4db6,3,3,0,-0.0167247931112956
fb2ddbd1,3,2,2,0.44488546549521235
fb3c2c87,3,2,0,0.3859003101469709
fb9982a2,3,3,0,0.21534088785431504
fb9c5a33,3,2,0,0.5179071205526172
fbb39bfe,3,2,2,0.9862413338862895
fbbd97b1,3,3,0,0.5586168110565051
fbc6ade7,3,3,1,0.15451978764366248
fbda3966,3,2,1,0.551472401743161
fc1912e3,3,2,1,0.8197853502284714
fc2c2c08,3,1,0,0.5097810539331614
fc41be2f,3,1,0,0.10283015232366277
fc49ba65,3,1,0,0.15192885428570974
fc8e4de4,3,2,0,0.3662109790102397
fcc6347f,3,2,0,0.3328002667966721
fcd9a6bb,3,3,0,0.2765878336702091
fd3448d9,3,1,2,0.3952777297251341
fd5589f6,3,2,0,0.29792330449053794
fd56e059,3,1,0,0.3710678395762186
fdb6b48b,3,1,0,0.593006745280169
fdc11b96,3,3,0,1.160396402160575
fdd9799f,3,2,1,1.1739078443516484
fdea7d9e,3,2,1,0.9427801040437358
fdf4691f,3,2,0,0.5498680650572623
fe102a25,3,3,1,0.3686738767238831
fe2bc235,3,2,2,0.704879982735257
fe3cbf02,3,3,0,0.2163151631158935
fe5e2dc9,3,1,2,0.5251653727747347
fe6afaf9,3,1,0,0.4539362729039881
fe9c71d8,3,2,0,0.24139154110616495
feb53635,3,2,2,1.4579576498655076
fecc07d6,3,3,0,0.15852059538952334
ff60112d,3,2,1,1.2771004799608605
ff6c2bb8,3,2,0,0.4277252459152112
ff759544,3,2,1,0.28535686167487406
ff8a2de4,3,2,1,0.7045112784936554
ffcd4dbd,3,1,1,0.9813518522779283
ffed1dd5,3,2,0,0.7747130149205125
00105258,4,1,0,0.6359803947615928
00115b9f,4,2,1,0.21672408419728184
0038ba98,4,3,0,0.5081645315667328
00ae59c9,4,3,1,0.7744940945693704
00c0cd71,4,3,2,0.41529136047060167
00d56d4b,4,3,0,0.09901656040567824
00e6167c,4,3,0,0.48474487851758125
00f574e9,4,3,0,1.029871253674599
01085eb3,4,2,0,0.9422484523842183
01182ce3,4,1,2,1.4593503419929283
011e71c3,4,2,0,0.8354077657486996
012cadd8,4,3,0,0.3557340008425558
014c303e,4,1,0,0.3543493916733005
015ba5b1,4,2,2,1.021273884399695
01cae1ef,4,3,0,0.5551687097641378
02073150,4,1,0,0.1945815179580761
0219f64a,4,3,2,0.5699884570431222
02347f13,4,3,0,0.9533899900909857
026102c4,4,1,0,0.20830112336615436
026fcbc3,4,2,0,0.5735726089982045
029a19c9,4,1,1,0.8864546062402223
02a01f18,4,3,0,0.2981327734218118
02c4cf7f,4,2,1,0.30970256961520676
02cebf33,4,1,1,0.9154878439308793
02cf7384,4,1,0,0.7121401050956407
02dcf62a,4,1,0,0.35291623145519346
0347462d,4,3,1,1.0790007996728337
034f923b,4,2,0,1.072811161398433
035c96dd,4,1,0,0.42541662150819004
0380e709,4,3,2,0.6380511964821851
03833cec,4,3,0,0.18643610119196913
0391e587,4,3,2,0.673836801146091
03a5c2d6,4,2,0,0.5539178873152526
03a9019b,4,1,1,0.6646139454709635
03bf5026,4,2,0,0.5161386575698161
03f1c1c8,4,3,2,0.8799460026265438
0417c91e,4,3,0,-0.01466597611719378
04370442,4,2,2,0.3729307409408109
045a0a94,4,1,2,1.5159867922641
0471236c,4,1,0,0.15987402538276285
0499c3e8,4,1,1,0.6958323666847487
04ad419d,4,2,0,0.49078798936397394
04af8fdd,4,2,0,0.6079441300270697
04bb1a76,4,1,2,0.670478692072361
04cb2c30,4,2,1,0.5108749385668614
04d06a9c,4,3,1,0.6120798854257105
04dc7df1,4,1,1,0.42800943108289946
04f094a8,4,3,1,0.7072907854861681
0506b9cd,4,2,1,1.2633134437732965
051680a0,4,3,1,0.4807854651680125
051f73ae,4,3,0,0.6319034926157407
052a1122,4,1,1,0.5713273754529685
053d7d31,4,1,0,0.6304902564164854
055156e2,4,3,2,1.2366983224928214
05777ce1,4,2,2,1.2698465575002649
058990e9,4,1,1,0.7519034881293083
058d2812,4,2,2,0.939940663928698
0598f669,4,1,0,0.3525203164451127
059e02ab,4,2,1,0.7227205781280022
059eed01,4,1,0,0.19944618374003653
05bc318e,4,1,1,0.898704925277765
05d3d73a,4,2,0,0.2401732989947245
05db1b9b,4,3,0,0.47425758079082164
05e94f88,4,2,0,0.2320395610055055
05f2d1b5,4,2,0,0.28953702050060764
0610c066,4,3,0,0.10576747543971299
061f2866,4,2,2,1.1465250383810677
0632d98a,4,1,0,0.47186712640755196
063353cc,4,1,0,0.893969364720412
063b16fc,4,3,1,0.9311434951708248
06472198,4,1,0,0.08544785953481282
065801e3,4,3,0,0.6126745095981767
066343d4,4,2,0,0.5614711388900214
0676ead5,4,2,0,0.5401826579034505
067b9287,4,3,1,0.4102317639780239
067de065,4,3,0,0.18763128929657824
06c7dcff,4,2,0,0.37205388281631546
06c8b2fb,4,1,0,0.082119789728052
06eb8adb,4,1,0,0.12301846531051219
06ec8be3,4,2,1,0.4107808985952994
070386b2,4,2,0,0.6364073539475831
07048067,4,2,1,0.6982537505666567
0720320e,4,3,0,0.624284005429262
077ac7a2,4,2,1,0.2579238603839426
07d879cf,4,2,1,0.7816814585195937
080698b7,4,2,0,0.7078253057398313
08159c5e,4,3,0,0.5576182910658869
082df556,4,3,0,0.7121832946264364
0844aee7,4,1,1,0.24451335163114646
08577722,4,3,0,0.18092053053997226
08660d12,4,3,2,0.9793665774798721
086d6e7f,4,1,0,0.17591471669530945
089a6b19,4,1,0,1.1091651566554035
09039272,4,1,0,0.39787783862249976
092494ec,4,2,1,1.0604207953085591
092c29b9,4,3,0,0.1743054264449756
09331bb8,4,2,2,1.0444732622486208
096bf063,4,2,2,0.7453880431902128
0983654b,4,1,0,0.39957769956994904
098b5836,4,3,2,1.228878856058457
098d3c32,4,3,0,0.4143067249538278
099e3614,4,3,0,0.4242925361316351
09b29113,4,2,0,0.18808352174945075
09d80057,4,1,1,0.31426138401269144
09eeaba6,4,3,0,0.04561818697615738
09eeec14,4,3,2,0.36409219773806467
09f44fd2,4,2,0,0.3036234880191461
0a1afc11,4,3,0,0.2877325913214293
0a418b57,4,1,1,0.692012938944134
0a431608,4,2,0,1.1689933953337075
0a4b1425,4,2,0,0.2445873838614422
0a5f1214,4,1,0,0.47787986714949715
0a775819,4,1,2,1.2814860263585692
0a822c93,4,1,1,0.9216234370140604
0a9159f8,4,2,0,0.6351225934851261
0a995f99,4,3,0,0.28939857506283057
0ac5e12f,4,2,1,0.3754030936013497
0af81037,4,2,0,0.5946489048292143
0afb2535,4,2,0,0.5946921658651981
0b4014f0,4,2,0,0.827269307383539
0b4f597e,4,2,0,0.07227715169646698
0b50f3fa,4,3,1,0.6227002890753315
0b518637,4,2,0,0.2151322786612649
0b7c6100,4,3,0,0.4673018880671356
0b7d7aec,4,2,0,0.8223873619807471
0b7d9da6,4,3,0,0.1664380363940477
0b9fcc42,4,1,2,0.3339181758729856
0ba53e53,4,2,2,0.1713242460347712
0bd89878,4,1,0,0.2209400508292545
0bdace00,4,1,0,0.3625940185434523
0c3d248f,4,3,0,0.19570355704831305
0c4e2d68,4,3,0,-0.03702962073691818
0c4eabac,4,1,0,0.0958656977135976
0c794cf7,4,3,0,0.04139406274786395
0c83af0f,4,1,2,0.7391966096996724
0c8efce0,4,2,0,0.15712875370056378
0c98f822,4,1,1,1.1649668028892932
0ca08054,4,1,2,0.48013327934042427
0cbe4e54,4,3,0,0.7179351239113088
0cccc6bc,4,2,0,0.33721013262651583
0d01bbf2,4,2,0,0.259208790027133
0d279d77,4,3,0,0.4661168405887264
0d34aee4,4,3,1,0.9440101426376183
0d4fa8f4,4,2,1,0.1823792137867502
0d570d3e,4,3,2,0.4763329882114433
0d74d0ed,4,3,0,0.7684656774393195
0ddab8ff,4,2,0,0.3305709035640748
0de01ae7,4,1,1,1.089546079504005
0df44f9e,4,2,2,0.9762635304063294
0df4c27d,4,2,0,0.8219818204194382
0e1cf9b8,4,3,0,0.27277329422473556
0e1f7fed,4,1,0,0.1789271199576285
0e3b0bd2,4,3,0,0.11833589837017217
0e951124,4,3,3,1.0510692325482296
0e9c1be6,4,2,1,0.5219701540544694
0ec403df,4,2,2,0.8359268591618447
0eddd8e5,4,3,0,0.40034798870840194
0ee70b3e,4,3,1,0.5859191783335072
0f4db4f2,4,3,0,0.7021822814383263
0f6b71c4,4,3,0,0.21086525425995528
0f7f3bf3,4,3,1,0.6399611027872644
0f9b8e65,4,2,1,0.5628544313634719
0fbb3ca5,4,1,1,1.2698693865849733
0fc19fd9,4,3,0,0.16352274849326964
0ff6ac09,4,2,0,0.5166329898362092
101774f0,4,1,0,0.03258924395525287
101c27f1,4,2,0,0.5265581085161625
10258585,4,3,1,0.1966492285036252
105e3f96,4,3,0,0.6301716685118861
108b8659,4,3,0,0.1915088086013173
10be7f09,4,1,0,0.16485294328452688
10c0e99a,4,3,0,0.23648268128480404
10e46254,4,2,0,0.43612589521646544
113f5798,4,3,2,0.7625576602003177
11477ed0,4,2,0,0.7808126592902176
11739de2,4,3,0,0.7450522464189473
1184a14a,4,3,0,0.15285675731270104
118b7733,4,2,1,0.4524960714507176
119dd2e1,4,1,1,0.40228142380906096
11be5d2e,4,1,1,0.8349400057495249
11f7253c,4,3,3,1.499771628766046
1225fd28,4,1,1,0.7349974415413074
1286dab7,4,3,0,0.23458767803827224
12a607f6,4,1,1,0.3521029355548847
12cbf30c,4,2,0,0.7260199111172769
12f37ff2,4,2,1,0.2485977250916921
1301f65d,4,1,0,0.31674920945663193
1307c41a,4,2,0,0.2539114832263531
1314bc8c,4,1,0,0.927226117172971
136894bc,4,1,0,1.0663593730897791
137baaec,4,2,2,0.6054941375329489
137fc699,4,3,1,0.2789928604611477
13be5672,4,1,0,0.30182132651148214
13cdb63a,4,2,0,0.09258218936326706
13d23890,4,3,0,0.9506456373443801
13e46923,4,2,2,0.7301717900039009
13fca10c,4,1,1,0.7234667268274962
14109652,4,1,2,1.1593318911040282
1420b16e,4,2,1,0.870349489673309
1429abf1,4,3,0,0.400658260066285
14391970,4,3,0,0.1943567958876236
144a9a79,4,1,2,0.5487049493138471
1455e657,4,3,0,0.10270612337905272
14568d61,4,3,1,0.12472329333966631
1458a9d2,4,3,0,0.40883899578145394
1470a1df,4,2,1,0.7066138377453938
14b3d6e5,4,1,0,0.11929993832041064
14b8dd2a,4,1,0,0.7624324681564209
14b999b6,4,2,0,0.4569813676684714
14c12974,4,3,0,0.06877818499237454
14dae995,4,1,0,0.7690602254111942
14e00ce0,4,2,0,0.22550989812574984
14eac885,4,3,2,0.9366873399841391
15227eef,4,2,0,0.8584677889470358
1522fee1,4,1,2,1.0216373816168032
1551c806,4,2,1,1.0924145608507903
1562998a,4,3,0,0.7518830921719648
15d702f8,4,3,0,0.3669878102236632
15dbc929,4,2,0,0.28460382361997877
15f2e240,4,2,0,-0.01931072100098552
164b29ed,4,2,0,0.27230488059386676
164edc75,4,3,2,0.8380827830100797
16bf9efe,4,2,0,0.7983660370451717
16deb306,4,2,0,0.27493332921970204
16e277aa,4,1,0,0.7472871308067179
1704e646,4,3,1,0.9964398016766286
1713348a,4,2,0,0.5892644122336648
176f33fb,4,1,0,0.31173351167088803
177f25ab,4,3,1,0.5623133697094368
17b08109,4,2,0,0.3453068873272441
17e9cba0,4,2,2,0.9502881060474787
18154f3a,4,1,1,0.7076256730063488
1824417f,4,1,3,1.4694177627050022
1837456f,4,3,0,0.6365983783870702
1843760e,4,1,1,0.7813307836588346
18506cf3,4,3,0,0.532892532911646
1894884e,4,2,0,0.2411045218942363
18962676,4,2,0,0.19579651328517472
18ab47f8,4,1,0,0.13899841170576094
18b8b2f6,4,1,1,0.2640033241467688
18e21bf1,4,3,0,0.1783307241325237
18f6e6db,4,2,0,0.3573824461588877
18feab0f,4,2,0,0.7863850446086786
19098ef0,4,3,0,0.6766537978803469
19381499,4,1,2,0.7156852195982492
19455336,4,1,1,0.6585241086429656
1949438b,4,1,2,0.4171410802865464
1957153d,4,2,2,0.302206291580918
19b095d5,4,2,0,0.3016758779963656
19c49039,4,1,1,0.9691372199598371
19cc95e8,4,2,0,0.3159583016385419
1a1e8ac5,4,3,0,0.09911625307646454
1a23d282,4,2,1,0.6431740331198783
1a9f8375,4,1,0,0.4335169043821424
1aae1de3,4,3,0,0.8272267595893951
1afa48fe,4,2,0,0.3193063877566981
1b258140,4,1,0,0.05889627768847272
1b2cd439,4,2,0,0.5890788684267728
1b2eea8f,4,3,2,0.8925389642037318
1b32427b,4,1,0,0.6052682306418645
1b329556,4,3,2,0.7810711893142759
1b410106,4,2,0,0.26365236414853205
1b5fb26f,4,3,0,0.5563120107884405
1b6be334,4,1,2,0.9181507980097641
1b73fce0,4,3,0,0.22167899021993404
1bc6a98c,4,2,0,0.182669631981758
1c063ebc,4,1,0,0.046320647764142575
1c23295e,4,1,0,0.8828214067748479
1c3b7f1a,4,2,0,0.4553068640863994
1c3c2b2f,4,1,1,0.27303378883314466
1c481537,4,1,3,1.0585873062701454
1c5ba087,4,1,1,0.8960435509483708
1c66daf4,4,3,0,0.9315133581212272
1c673231,4,2,2,0.7563926626425614
1c6ac3d4,4,1,0,0.4096249973948014
1ccf44f0,4,2,0,0.17968331573391333
1cd37b36,4,2,1,0.8656224920998905
1cf6dcef,4,1,1,0.2962947990421907
1d02812a,4,1,0,0.9853235960151716
1d041232,4,3,0,0.7353976387190502
1d11d488,4,3,0,1.2663748809643303
1d78b3c3,4,1,0,0.5043449957150652
1d7edb86,4,1,2,0.8444578474065798
1da37c60,4,1,2,0.5826636217529405
1de3c240,4,2,0,0.22247222327030303
1dfd6433,4,1,1,0.6439613230407575
1e2a1bd0,4,1,0,0.29644548279678606
1e5f6199,4,1,0,0.2578130526950499
1e7dd854,4,3,0,0.32532053425410296
1e87baed,4,3,0,0.5415786870735022
1e986f93,4,1,0,0.07406748809492714
1eb206f0,4,1,0,0.5146711358239512
1eda934b,4,2,0,0.8698715346951132
1eea376f,4,2,0,0.8733928399719458
1eea8df2,4,1,2,1.517688920531832
1eedf45e,4,1,1,0.6204864832449435
1f2164a4,4,3,1,0.06866559688084828
1f400626,4,3,0,1.0281337951678284
1f5835cd,4,3,0,0.07152787500006874
1f5cefcc,4,2,1,0.6310847397109279
1f65fa82,4,2,1,1.2541685955224944
1f7ec039,4,2,1,0.8351088106470983
1f881e3d,4,3,0,0.961090679323617
1fc07a80,4,1,0,0.5365597408923188
1fed3943,4,2,0,0.4209521329201828
1ffede3b,4,1,0,0.6818823180937246
206c8562,4,1,1,0.4526681071249071
2084c823,4,2,0,0.9390397829159485
20cefbaf,4,2,0,0.5221623514147017
20df4cab,4,3,0,0.23568137966494512
20e8ca68,4,2,0,0.3991727902253296
2114473a,4,3,0,0.32810265908191255
214f46e8,4,3,1,0.5774972106263566
217ce5e6,4,2,1,0.9503300090877167
218faf6f,4,2,0,0.1443157642530285
21a76448,4,3,1,0.7297951360728638
21b835ac,4,2,0,0.24585176706442408
21e5833c,4,2,0,0.7201754103509109
21eb6d47,4,1,0,0.7854126253368124
21f58fba,4,2,0,0.24529196257540664
221e37e0,4,2,0,0.267979985290381
223724b2,4,1,0,0.5610099515990236
22375702,4,3,1,1.5135975148191791
22389051,4,2,1,0.42261679756872145
22447a95,4,3,0,1.3185770780927357
224fc39a,4,1,2,1.0598256931373353
22536a61,4,1,0,0.7218329795975266
22a71606,4,1,0,0.10510693241205149
22b4191a,4,3,1,0.6259289901176788
22c72c4e,4,2,2,0.5482049953404527
22e44415,4,2,0,0.40730579057617855
22f43a12,4,3,0,0.4625275699027128
231f6db4,4,1,1,0.27632966720608226
232b7cb1,4,2,0,0.8905794329096388
2340e84a,4,3,0,0.5541286131442061
23418fa2,4,1,0,0.22225093332632684
23567787,4,3,1,0.6261874595974339
236d450e,4,2,1,0.32940878497526765
23d1a58d,4,3,0,0.860313143942858
23d71e37,4,1,0,0.41797490190438347
23dafdab,4,2,0,0.22602208893079312
23e71e7c,4,3,1,1.2780979293514538
23e7f79b,4,3,1,0.44637428474273527
24398aed,4,2,0,0.28119991357784274
24591f4d,4,3,0,0.2170397985731901
247172f9,4,3,0,0.4955855994250398
2496c491,4,2,0,1.3056391665360199
249b6d68,4,3,0,0.8233075340030602
249d2266,4,3,0,0.20784544948606104
24ab10c6,4,1,1,0.13527043498960634
24b4bc6d,4,3,1,0.37779269140285265
24fb56db,4,1,2,0.9997418884569
253f5cb1,4,3,1,1.4050720654417819
25849c6c,4,2,1,0.42433285454817204
2586774b,4,1,0,0.5150263617317214
25a3a723,4,1,0,0.6364726168889389
26190ddd,4,2,0,0.5039322289407945
2625767f,4,1,0,1.1705807577356373
262cff6d,4,3,1,1.5281590656102813
26891dbd,4,2,0,0.9121211820505176
269d9918,4,1,1,0.5505908118850243
26a4b61b,4,3,1,0.5163298996480784
26aeacdf,4,2,0,0.1594720803428195
26b1792f,4,2,0,0.31981058268527235
26b893f4,4,1,2,0.5652940882941211
26d31613,4,3,1,0.9457573515264445
26d541c2,4,3,0,0.5622298889940448
26f0e055,4,1,1,0.18973954168537965
2715347c,4,1,1,1.267617544135239
273c8ebd,4,2,0,0.16949103523777953
2760be91,4,3,2,0.4701690659327387
27724073,4,2,1,0.6596615272921408
277f5b32,4,3,2,1.0308552282865489
278e8a51,4,2,0,0.18370087974612676
279d0ec4,4,3,0,0.5450473377906675
27cd2a6c,4,1,2,0.9505308009495944
27d363de,4,3,1,0.8010615081424993
27e0ca6b,4,2,0,0.3787994038150745
287390e6,4,2,2,0.933506260193963
2891e36b,4,1,0,0.6733472190908771
2898269f,4,2,0,0.22781707833751075
28b91cf3,4,1,0,0.09125156189383066
28ba92e9,4,3,0,0.42310018813551725
28e8b2b2,4,3,0,0.48030706234957565
28e973b1,4,2,0,0.7993271743802254
28f99ddb,4,2,0,0.5575601126103853
29587a31,4,2,0,0.36914022956244164
29886a85,4,1,0,0.21195981037011025
29b37b4a,4,2,2,1.3248449351419378
29c54890,4,3,0,0.6224545750429841
29e4911b,4,1,0,0.06921602590884768
2a0b8386,4,2,0,0.661621472982052
2a3fcf9a,4,3,0,0.10375678116907378
2a64085d,4,2,0,0.2884687261548267
2a6a6b92,4,1,0,0.6539970131126398
2a7b5b79,4,1,1,0.3683618964566281
2a81925b,4,1,1,0.49523162983222324
2a85889c,4,3,1,0.6241125616148849
2a88cbe9,4,1,0,0.3602113312753313
2a922ca4,4,1,0,0.1857351141152367
2a9e0dee,4,3,0,0.45453067364485134
2aa15e6b,4,2,1,0.23096052549929275
2aab37ac,4,3,0,0.5873068363717417
2b34dcf3,4,1,0,0.18332588655864474
2b574ef7,4,1,0,0.11849640935308076
2bac0893,4,3,0,1.0277592380091556
2bad0db7,4,2,0,0.742215022710808
2bbcfd43,4,1,0,0.16982446717113425
2bca454a,4,3,0,0.46471851421002186
2bfc9187,4,3,0,0.6367129749119503
2c3b09db,4,3,1,0.5367676945979009
2c406043,4,1,0,0.05044240055272586
2c483245,4,3,0,0.5576859446617217
2c49257f,4,3,0,0.4128055496559335
2c512f2f,4,1,1,0.4067776851335476
2c54d6c5,4,1,0,0.3812120277137693
2c56c930,4,1,0,0.49356802483678847
2c9a90e9,4,1,1,1.2532305927825405
2ca9811d,4,3,1,1.090709340086514
2cb0db2c,4,1,0,0.08886490268636427
2cc4b720,4,2,0,0.2787579179887983
2cda86bd,4,1,2,1.3032711970073874
2d043af7,4,3,0,0.7223741846565526
2d0bbbd3,4,2,0,0.6282600072302549
2d286c59,4,1,0,0.6438987524255779
2d3ba6fa,4,3,1,0.18195786412452097
2d5365c6,4,2,2,0.5422684330851526
2da6bf6e,4,2,0,0.16438632397662972
2dbdfe11,4,2,2,0.5081426243452668
2e16053c,4,3,1,0.638329362272643
2e17c497,4,1,1,0.2897997868386255
2e293d08,4,2,0,0.27387464014325813
2e4e045a,4,3,0,0.21763954310090172
2e7d888c,4,2,1,0.8209510389813719
2e8c9884,4,2,0,0.18671026188231588
2ea277d5,4,2,2,0.5095661119389375
2ebdadbc,4,2,0,0.3983160028315412
2ee0a1e8,4,3,1,1.0191982542176319
2f0f2949,4,3,0,1.0590047341556357
2f12de00,4,3,1,0.6193803605716901
2f154763,4,1,0,0.16084151890302412
2f16cad4,4,2,0,1.0962038973329056
2f1af08a,4,3,0,0.07297554255305916
2f7f0eb7,4,1,0,0.13274269863918592
2f81950d,4,3,0,0.28120957082102055
2f8ec752,4,2,0,0.42548773018049324
2f91f3c1,4,1,0,0.7392261927999756
2fba6cf4,4,2,0,0.43636652288239514
2fc568f6,4,2,1,0.918875434459976
2fef897e,4,3,0,0.6647612731518062
3046a5c7,4,2,0,0.27551162194220735
3055881a,4,2,0,0.852223912530957
3065aa2f,4,3,0,0.599330676783428
307c91ee,4,1,0,0.22558355317954298
3093d29f,4,3,1,0.7458496672339778
30ac8a84,4,3,2,0.579815846274609
30b3f203,4,3,2,1.0322639820341293
30ba4252,4,3,0,0.2717573824019353
30d2fd47,4,2,0,0.23066550545092185
3133a6c9,4,2,1,0.4662353647033213
31349d8b,4,1,0,0.7736528371916893
3134b69f,4,2,1,0.6092877301448272
3146f878,4,3,0,0.22735982544796096
3155ed01,4,1,0,0.766683756820491
3162c492,4,2,1,0.3317885829211727
31648caa,4,1,0,0.051398465513194935
318ccc0e,4,1,0,0.40202900784982676
31b74cd4,4,3,1,0.4554014941906941
31d61741,4,3,1,0.39641412564765494
31ddec50,4,3,0,0.9301755280104065
31f01671,4,3,0,0.15497486702055613
321202d4,4,3,1,0.548813430519131
3216b978,4,2,1,0.9508352028976507
323ea319,4,1,0,0.472335938589156
325afd3d,4,2,0,0.7667798520070936
327736cd,4,1,0,0.131123459849459
327ef356,4,1,1,0.6239690805572828
329a9c25,4,1,2,1.0252932939745043
32a9dac0,4,3,2,0.6484924413057152
32b8490d,4,2,0,0.4657124141728214
32d262c2,4,3,0,0.5388228447277459
32dcc8ab,4,2,0,0.41268431149390117
32e18ccc,4,1,2,0.9635940218151762
3302713b,4,2,0,0.6956971595594064
3305a981,4,1,2,1.036366304976385
331733c7,4,1,1,0.6238498084300947
333be478,4,1,1,0.6050887128786837
338146bd,4,2,0,0.5991397057284725
3399795b,4,1,1,0.5305669122720658
33a499ce,4,1,1,0.7752242064007904
33d60f7d,4,2,2,0.6089456597558798
33e34de8,4,3,1,1.0388902780144555
33fe1b04,4,2,0,0.7372094621828758
342edae9,4,3,1,0.21422237495792673
343460ab,4,3,3,1.550525908725967
34362a9a,4,1,1,0.29113309150685535
3441fd41,4,2,1,1.135259680628892
347095fe,4,2,2,1.517005920052205
34eb79f9,4,1,0,0.5600983403553734
34ec5de4,4,3,0,0.7801848655459169
350cf38b,4,3,0,0.2553984229838415
350dbeba,4,2,0,0.626988777679103
35198c2d,4,1,2,1.095899273061426
351cd4ec,4,2,1,0.4858541986785727
35265670,4,1,1,0.391212921777516
356ab908,4,1,1,0.6962351652750721
35d2aa41,4,1,0,1.3204291636978707
35daea65,4,1,0,0.09916952349937341
35fa2ebf,4,2,3,0.983161955527351
36473697,4,3,1,0.7492907344479418
36530d36,4,1,0,0.29658040201426655
36958957,4,1,2,0.9463992217305492
36b8c9e5,4,1,1,0.5388194333914972
36c060b9,4,2,2,1.4015443402154593
36c1f189,4,3,0,0.1832198218995168
36e77bf0,4,1,1,0.548676382276564
36fda5de,4,1,0,0.14397261174771925
3714afd7,4,2,0,0.5089634059831645
372a7950,4,1,1,0.6882256296044658
3738db26,4,1,2,0.9287654442431738
376e617f,4,2,2,0.8034382025838386
37ae1239,4,3,1,0.4304181095532974
37bcfa7e,4,3,0,0.8566779389796592
380029ef,4,2,0,0.413985713857563
3820a945,4,3,0,1.104078327156218
3826be66,4,3,1,1.2584596874385787
38390669,4,2,0,0.3023001717897409
384c3f27,4,3,0,1.410065288000816
385a6557,4,3,0,0.32818859746505685
3875d4de,4,1,0,0.8437299587287985
38cccd6d,4,3,2,0.7813616144716267
38d53b92,4,3,0,0.5620174479697512
38ee12e7,4,1,0,0.7039561493114685
3901e707,4,1,0,0.17237333265622168
3913797d,4,3,0,0.5322292920216564
3918d854,4,1,0,0.14205797412843213
3934e29c,4,2,2,1.1294774409948378
394684ae,4,3,0,0.7239089563577141
394a6219,4,2,0,0.235969933707963
3950aa00,4,2,0,0.8188827088796637
397efe7a,4,1,0,0.3389352873002741
3983d3cd,4,1,0,0.4801460151672965
3999e449,4,3,0,0.8231773268448223
39bdbb00,4,3,0,0.05769390723241152
39c20e2a,4,2,0,0.6163053287781873
39cc2836,4,1,0,0.3683822103135357
39d626f4,4,3,0,0.5504007640690769
39fb1ad0,4,1,2,0.8096892826636681
3a33d579,4,1,1,0.5086518406420573
3a594acf,4,2,1,0.5972984249717784
3ab0b1ff,4,3,1,1.0736570384396933
3ab539f0,4,3,0,0.17979183190455938
3ae4ee9b,4,3,1,1.022922311556857
3b047021,4,1,0,0.20003913192765388
3b091b83,4,3,0,0.4052384770571255
3b112284,4,3,0,0.06282460225743114
3b1b9538,4,2,1,0.844080535008652
3ba48ca7,4,1,0,0.46571051933550345
3bbf88cd,4,3,2,0.7240010492094215
3c0aba64,4,2,0,0.7487923180771784
3c2cf08e,4,3,0,0.22158030213729518
3c5c85e7,4,2,0,0.590534650313504
3c620257,4,1,0,0.29088975181889304
3c7a7f32,4,2,0,1.070992687785958
3c8f474a,4,3,0,0.32647882744409734
3ca35642,4,2,1,0.8533782230562703
3cd8802e,4,1,0,0.6652623446966638
3cfeca85,4,2,0,0.18871447745248493
3d36fe8b,4,3,0,0.7116935218276168
3d3b87db,4,2,1,0.7876689691809609
3d3dd3ae,4,1,0,0.7756467263452347
3d3fb503,4,2,0,0.36964238868631794
3d46429f,4,3,2,0.9932336388184824
3d48430d,4,2,0,0.3723957657729734
3d5ad997,4,2,0,0.5990632846210951
3d6143f3,4,1,0,0.17227961059373997
3d736110,4,3,1,0.8037951653910825
3d970ce4,4,1,1,0.5478448237061354
3dcbc164,4,3,1,0.9561541509762552
3de1a622,4,3,0,0.11906385720610457
3e377cb7,4,3,0,0.5315676177372386
3e398bf9,4,1,2,0.964352751252721
3e3c242c,4,2,0,0.20277149093228813
3e5d5b58,4,3,1,0.09013002269248399
3e5ee48c,4,1,0,0.9909775557530625
3e7ee995,4,3,1,1.3742975163165232
3e9fd8d6,4,2,2,1.2483305771387374
3eb48980,4,2,1,0.31525792697583827
3ede35d1,4,2,0,0.4967822085936263
3f1cf5ba,4,3,1,0.6869263606984425
3f1f23e7,4,3,2,0.5436985757139797
3f20e14b,4,2,1,0.9827428630242735
3f3a70c8,4,1,1,1.3146602558471048
3f3d3809,4,1,0,0.31465386920547267
3f51a21d,4,1,2,0.498301391081588
3fcef947,4,1,0,0.41875649470502746
3fe59141,4,1,0,0.8138990420531946
3fe78116,4,1,0,0.6659219865113348
40087bc5,4,1,2,1.0791693485038114
40898508,4,1,0,0.9016437699728639
408bed19,4,3,0,0.49044352552705
40aae75f,4,3,0,0.8328705781713646
40b904b3,4,3,1,0.5926157002971313
40cdadfc,4,3,0,0.38619671383853993
40e95163,4,2,0,0.24947878533205542
41052ced,4,1,0,0.6519893245174084
41185f8e,4,3,2,0.9449184362498586
4135cb0e,4,2,1,1.0501142329141633
416b6ba2,4,2,0,0.2283300093158217
41974cde,4,3,0,0.24567758823307007
41bacefb,4,2,0,0.806345269216888
41badf5d,4,1,1,0.7965407983664992
41d48900,4,2,0,0.5933373456766045
42309938,4,3,1,0.7800600989558373
423610ac,4,2,1,0.4320315032789487
4255e559,4,1,0,0.534845987637977
4262ce3d,4,3,0,0.3248336432449167
427037b2,4,1,0,0.24109812354908355
427fad9e,4,1,2,0.9504253709454924
428970d4,4,2,1,0.839486849365582
428c37ea,4,2,0,0.3103105911664284
42bf071e,4,1,2,0.4527183846452691
42ebc3fd,4,1,0,0.5831648590321639
4307d287,4,2,1,1.1575309812057888
432a4c21,4,1,1,0.8325324833516925
432aff11,4,2,0,0.2347013729111319
435bfa7b,4,3,1,0.4644363704149707
43629a34,4,2,0,0.07854865788384435
436dd613,4,1,0,0.2705381145052586
43720c15,4,2,0,0.9580947608541652
43808706,4,2,2,1.0826473914750618
43a7386d,4,1,1,0.6529263896681462
43d43363,4,3,3,1.3638420400067417
43e54b20,4,1,1,0.9718148968037517
43f5d3c5,4,2,1,0.43339828393015944
43fb80d6,4,2,0,0.76209393147723
43fdba8b,4,1,0,0.3746544375644527
440acf4f,4,3,0,0.07603866977081031
444131bc,4,1,0,0.18752694727881974
4442c376,4,2,0,0.40004056814691147
446757cb,4,2,1,1.0484865818969067
4496d883,4,3,2,0.5356204411085204
44cbf5c5,4,1,0,0.2534945647259646
44eaea78,4,2,2,0.9438213517050382
4505724a,4,3,0,0.0735839238375936
4507da27,4,1,1,1.1327966807045564
4518ed77,4,2,0,0.3082374183253314
451b0cd9,4,3,0,0.19755671269202846
451c11b3,4,2,0,0.3615575509189515
4570c8b8,4,3,0,0.3147568576485557
45ea366f,4,1,0,0.09864347192875944
45eb32f2,4,2,2,1.0893967758658938
46170319,4,2,0,0.15371658341237776
463bf3b2,4,1,0,0.17891614176616916
464a75fb,4,1,1,1.197754333461614
4659aa1a,4,1,0,1.2083912075864753
466752d9,4,3,0,0.4462412536289527
46850373,4,2,0,0.37081217482411466
471e4d12,4,3,2,1.2746028805156389
47240aa3,4,1,0,0.2490683186217606
475ebe47,4,2,0,0.2205240399078342
4777151c,4,1,2,0.9359949333868085
47a52eb8,4,3,1,1.1981195254099717
47b3bea1,4,1,2,0.23740314143219227
47c1f368,4,2,2,1.2097592369039654
47fef4fc,4,2,0,0.1990928938943321
481a1861,4,1,0,0.4795402109173903
4829f7ca,4,2,0,0.7029921850975832
485d7c69,4,3,0,0.38393278068905096
48c205d9,4,2,0,0.5225470062199246
48df987b,4,1,0,0.30251369022856905
48e69212,4,1,0,0.31127957589130983
491bf457,4,1,0,0.5566769094597394
4926b18a,4,3,0,0.30650543097111477
4940a214,4,2,1,0.7041179524065041
494eba8a,4,2,0,0.3365680321404484
4950e24c,4,1,0,1.0222466458706032
49a1931d,4,1,0,0.35999442336776716
49e4eade,4,3,0,0.414986700385459
49f38606,4,1,0,0.2410637770858612
4a1440d9,4,3,2,0.32319409573029745
4a17b463,4,3,0,0.27421830957676413
4a21eb0c,4,1,0,0.8977188087005911
4a3b6521,4,3,1,0.3705390834360332
4a475a9f,4,1,1,1.1542110380737653
4a62661a,4,1,1,0.7485444593488134
4a68d751,4,2,1,0.8313710347209817
4a69e534,4,3,0,0.10659714217693672
4a6af685,4,2,0,0.5010539925648291
4a6ea9de,4,3,2,0.6637418182910771
4a9f92ca,4,2,0,0.22210329617208968
4ac5c412,4,1,0,0.23779501231483757
4acac04e,4,3,2,0.42813577248115064
4afa8a76,4,3,0,-0.0038163132353440377
4b0f961e,4,1,0,0.9982797478939326
4b328259,4,3,0,0.46161745736627524
4b3c7594,4,2,1,0.36460911819247876
4b3db4f4,4,3,0,0.3664065914545006
4b51db3e,4,1,0,0.14959431294582964
4b71830a,4,1,1,0.9741509176404417
4bc2bee9,4,1,0,0.5549849655222274
4be6f3c1,4,2,0,0.5149082533096702
4c238671,4,1,1,0.7107321800839751
4c37fb30,4,3,2,1.1522251461077395
4cabd7aa,4,3,0,0.9581318795399203
4cde1e34,4,3,1,0.887680452738768
4d19854c,4,2,1,0.6066195197539764
4d2d9ef3,4,2,0,0.17241251179523182
4d42caed,4,3,0,0.19380197028047003
4d61a44e,4,2,1,0.6528185500039181
4dc4ed56,4,2,0,0.4697567442926915
4dc86a42,4,2,0,0.39570424236608753
4decbcd8,4,3,0,0.27236493309948917
4dfb4e1d,4,2,2,0.9416561387766562
4e052db0,4,2,0,0.7235374091306821
4e314e47,4,2,0,0.16796999442671745
4e58d463,4,3,0,0.5303606514997683
4e6c7a75,4,2,1,0.31062932747627
4ea3963e,4,2,0,0.4217833286916768
4ea4e6c9,4,3,0,0.2784487660836295
4edb98d8,4,3,2,0.8072535236238472
4f059221,4,3,0,-0.03296817739485147
4f059a8a,4,1,0,0.9323170479435664
4f20b188,4,2,0,0.4353561696876199
4f2d0925,4,1,1,0.5383448031582697
4f3b33ba,4,1,1,0.598296169372972
4f3cd5c2,4,3,2,0.8570817765747447
4f96d1e7,4,2,0,0.13588621056096367
4fd7e043,4,3,0,0.28887059237474777
4ffa995b,4,1,0,1.1311331912230371
50242fa0,4,1,1,0.21510641578042095
504ed32b,4,2,0,0.27655538278958897
50707f1e,4,3,0,0.5400717854158849
508a0f98,4,3,2,0.8972583511179251
50a90725,4,2,1,0.9586053493734157
50b2b84b,4,2,0,1.2277208054237327
5124169c,4,1,1,0.9117684282766061
5132511c,4,1,1,1.0408846692853289
51364c23,4,2,2,0.6151274908146027
515402ee,4,2,0,0.4499071464472841
515dd683,4,2,1,0.8657686426326265
5180ff75,4,1,0,1.5359308038782644
518e5ae6,4,2,0,0.24716804765097
5198e7b3,4,2,2,0.4688158004979929
51a349db,4,2,0,0.5712349030057223
51eb8d14,4,3,0,0.5667827255126889
51f3feb4,4,1,0,0.30614367551571076
5216ef61,4,2,1,1.008317122024786
5264bb0e,4,2,1,1.0079173561471402
526f719b,4,1,0,0.23940247273820447
527e796c,4,2,2,0.5280408643235891
528db82d,4,3,1,0.7086275862296064
52bd147c,4,1,0,0.2582850334880164
52ce9b8b,4,2,0,0.284743996513147
52e9e467,4,2,0,0.931686601234077
5320dac6,4,3,0,0.8619226123404549
53621b84,4,1,0,1.0269711563214008
53814642,4,3,1,0.3111228372874592
53905a2c,4,3,1,0.2912626615082626
53cf99f2,4,1,0,0.2581288416617325
53d20dc3,4,1,0,0.10564516301494403
53faf893,4,1,0,0.06988002718601927
54391716,4,1,0,0.7753391182863447
546bfb18,4,1,0,0.2079244791061733
54868027,4,2,0,0.17929294784997812
54945f30,4,2,0,0.6353574882502757
549712ab,4,3,2,1.1507705833002295
54c87d3c,4,1,2,0.39303477836910217
54e592da,4,1,0,0.8337132507389501
54fef303,4,1,0,0.6354847755456712
54ffe872,4,2,1,0.39212109089504593
556604d2,4,3,2,0.9629207385806985
5588f518,4,1,1,0.5130233022451242
55edb6ed,4,1,1,1.141454940277221
55f9338e,4,2,0,0.10984908001574406
561f2797,4,1,0,0.21194285348756903
56210fdb,4,1,0,0.14775891748648123
5637a5a4,4,1,0,0.1858157634498318
563ebc00,4,2,1,0.2649934882639291
567ecea5,4,2,0,0.5420580099914163
567fd23a,4,3,1,1.014732202715734
568eb64b,4,1,2,1.2271152305899158
56c99b23,4,3,0,0.2818379467734659
56cb7161,4,1,0,0.24012212855614673
56d9dead,4,1,0,0.08162811436018813
56ef356c,4,3,0,0.20386934827402536
571907fc,4,3,0,0.58869390551608
574cb902,4,1,0,0.27043102527914326
5779f2e9,4,2,0,0.34324209864680166
579e50bd,4,2,0,0.7069806236841103
57c4f2b4,4,3,0,0.7350227133167915
57d82f30,4,2,0,0.948870136791738
57de6095,4,3,0,0.0596529336257694
57f6fa6c,4,1,0,0.10385985479018484
580a30c5,4,3,2,1.0458812843604415
58391429,4,1,2,1.338527785876782
58900fd0,4,2,0,0.10978747955634521
58ada72e,4,1,1,0.5383838807640174
58f11465,4,3,0,0.3659113427172502
592adca0,4,3,0,0.3510613161988355
592b3b7f,4,2,0,0.5443145763026989
59305d37,4,1,1,0.8163379840017453
59307c13,4,3,2,0.530240259522818
593b5cfa,4,3,0,0.16976398861943282
59402969,4,1,1,0.954969306323353
5985f299,4,2,0,0.2553205879341023
599850d0,4,2,0,0.20478957392481045
59b7fc28,4,3,0,0.04730721266865323
5a07e79f,4,1,1,0.3125309670686176
5a2c7642,4,3,0,0.09926852694024019
5a3d5e05,4,1,1,0.4450299641769228
5a4b3725,4,3,1,0.9370242875816102
5a5f9fb2,4,1,1,0.5198375932269421
5a8712ae,4,2,3,1.2171756053421323
5ac9eca0,4,2,0,0.2082734489418412
5b299ae1,4,3,1,0.20865930916390774
5b2c9b83,4,2,1,0.8234388602642156
5b66b6f2,4,3,0,-0.044537164613172475
5b9ff85e,4,1,1,0.7730521401865438
5ba201ba,4,3,1,0.596356429951068
5bcf002a,4,3,0,0.4747347237037777
5c045867,4,1,1,0.9677330510972055
5c186496,4,2,0,0.27879627150246694
5c22f241,4,1,0,0.17396087244056935
5c2c136d,4,2,2,0.9882936804860694
5c3b30d7,4,1,0,0.3443235225937953
5cd83147,4,1,0,0.7271234800980375
5d04624a,4,3,1,0.725349419104056
5d1d7e41,4,2,0,0.07993987252202017
5d3b6ea5,4,1,1,0.5173707552139573
5d48a5b0,4,1,0,0.09027174924326131
5d762840,4,2,0,0.9468216862883783
5d805d83,4,2,0,0.8663657782162622
5d885b20,4,1,0,0.1658682172049447
5daa20e7,4,1,0,0.35676735512037183
5dad24ff,4,1,0,0.8930209282194981
5db3db12,4,3,1,0.7172702277424738
5dc62fec,4,3,0,0.21272748628718263
5ddbac80,4,2,0,1.143934792794924
5e08237d,4,2,1,0.4097742336939667
5e2c1349,4,3,1,1.1358295313741698
5e55e9fd,4,2,3,1.09761647287896
5e57bd12,4,3,0,1.3633655084502054
5e614c1a,4,2,2,1.1216713605993014
5e6b528e,4,1,0,0.22836388318884265
5ea2c305,4,3,1,0.9334077046492631
5eb063e0,4,2,0,0.6492030379549298
5ef3d64e,4,2,2,0.9904144193889343
5f099188,4,1,0,0.07084982795851713
5f37ceb1,4,2,1,0.8756875095215724
5f574f3d,4,2,0,0.25828905674190883
5f78f7b9,4,1,0,0.45227877800106453
5f9dddb4,4,2,2,0.5749665808288216
5fa91358,4,3,0,0.40191681202154633
5fdfbe47,4,2,0,0.2999774482639408
603ab4ee,4,3,1,0.04576570214455822
606e979d,4,1,1,0.7828596889276951
60d1fdee,4,2,0,0.10388933252236843
60d2774d,4,2,0,0.2657005041604492
60fb7cb9,4,2,1,0.8003387451625232
612487a5,4,1,1,1.2368589296115802
612b3ff9,4,3,0,0.5440513979506895
612dd900,4,2,1,0.2609153416743856
613fc399,4,1,0,0.5445851103290348
613fc53d,4,2,0,0.3906607626309453
614d5517,4,2,1,0.5896774687654477
616fc21f,4,3,0,0.13413565104309455
61823525,4,3,0,0.20073432040021727
6187d0dc,4,3,0,-0.0042321988408521305
6192e6b6,4,3,1,0.8443882309402315
6197a2ce,4,1,0,0.7440253995354428
620536d0,4,1,1,0.43797461976090934
621066ff,4,3,2,0.5417642142726037
622bb412,4,3,0,0.13923045048883526
6247cc15,4,3,1,1.136798662336484
624869b6,4,2,2,0.8506152797740936
624b9e34,4,2,0,0.3879897060351658
626a608e,4,2,2,1.01635047134674
6277e13c,4,3,0,0.6024816033618262
6282e693,4,2,0,0.13344398853844713
62839132,4,3,0,0.42888919776654455
6291fddd,4,1,2,0.4856782824194167
62b873a2,4,3,1,0.41939877537989506
62cd5c74,4,3,2,0.7712674709432034
62d0cf97,4,1,2,0.9443781702446323
62f77d2f,4,3,1,0.43992669429792597
632eca98,4,2,0,0.5348390473129181
6332ad59,4,3,0,0.181272907382597
63334478,4,3,0,0.361598549832335
6344bba1,4,3,2,1.3208669801840913
635554d2,4,3,0,0.5492164682506846
63a00e40,4,2,0,0.29863626717897385
63d4ab9a,4,3,0,0.3923419117529806
63d810bb,4,1,0,0.8686333719455688
63dd16ec,4,3,0,0.13868195244037695
63fc9770,4,1,2,1.0209324444965997
641697e6,4,3,0,0.2806936311753929
641a2b87,4,1,0,0.2912282446393275
646a4c0e,4,1,2,0.5992510541794207
649ff6d9,4,3,2,1.0079159397956008
64b4005d,4,3,1,0.672487039639555
64ed48c4,4,3,2,1.3241505798757105
64fc556b,4,3,0,0.07738103471803226
650bf252,4,3,0,0.15609379661154377
6514c337,4,1,0,0.42938726771297886
6515ef94,4,2,0,0.23336266783638887
654203ec,4,1,0,0.4269600524979028
658e66ec,4,1,2,0.9073116501272618
6595d479,4,2,1,1.1141359692939963
659fec57,4,2,0,0.5619238543822775
65dfe4b9,4,3,0,1.2003269084578647
65f9369d,4,1,0,0.4641028997262559
65fe69c0,4,2,1,1.2716134998832045
6622b302,4,1,0,0.31212754670378823
665abfda,4,3,1,0.5134910613756568
66665e95,4,2,2,0.6580196304855809
6672e527,4,1,0,0.14144438932867642
6699c999,4,1,0,0.27840871623030095
66d86d0b,4,1,0,0.9553750136621809
66ed301e,4,1,0,0.2824373388703941
66f044c7,4,1,1,0.40105183762964874
66f619e3,4,2,2,1.1893420362780764
6708fcd9,4,3,0,0.1576160003133646
672a32f1,4,2,0,0.002066515112463585
673e7be9,4,2,1,0.5769303184616382
677038b5,4,2,0,0.11348532279889145
6774ba64,4,2,0,0.3861845920222611
678598dd,4,3,0,0.07518690662575578
679ce4b2,4,2,2,0.9594929733828174
67b54cdb,4,1,0,0.15295441894719575
682327c3,4,1,0,0.26785174607228185
6826f0be,4,2,1,0.7428076445557709
68572a28,4,2,0,0.12869582682080305
685cc0f1,4,1,2,1.1643333523288697
687c85e7,4,3,0,0.5295171613819097
6885737e,4,2,1,0.47912139738372667
68a59e56,4,1,1,0.2576928611005904
68be3d5c,4,3,0,0.33088776133642167
68d49292,4,3,0,0.22650443802438014
68e514dc,4,3,0,0.6021470158953185
68fa4631,4,1,0,0.4992941901603339
69074cf3,4,2,1,0.07839787817981125
697c41d7,4,2,2,0.4123724910245442
697d894b,4,2,1,1.1574152179934631
69b65679,4,1,0,0.3755517623323792
69ccea20,4,2,0,0.21604874262998647
69fabb6b,4,2,2,1.0644780544999828
6a04461f,4,3,2,0.33753998399525875
6a138911,4,2,0,0.5788032571152445
6a16089d,4,1,0,0.44494526915987176
6a2c6073,4,2,1,1.0295451442673231
6a2fd807,4,3,1,1.2198090630451273
6a7d07fb,4,1,0,0.33078229128479697
6a837387,4,3,0,0.12878208622357074
6a83a423,4,3,1,0.4856843906365033
6a864b11,4,1,1,1.3126338570650056
6a98537b,4,3,0,0.3903586820816946
6abd21d4,4,3,1,0.7130499344947977
6abd2bd4,4,1,1,1.0058138916743702
6abe8b60,4,2,0,0.2856729827813688
6ac5763a,4,1,2,0.9577927087664571
6ac5eaaf,4,1,1,0.251870194285506
6ad91972,4,3,0,0.6125198932354825
6b6467f4,4,2,2,1.0406714259278889
6b773506,4,1,1,0.7162781743423396
6b9a25e6,4,3,0,0.25290591291237674
6be0f069,4,3,0,0.5824148602915072
6be56337,4,2,0,0.9835116144044203
6becb599,4,3,0,0.0741702300845547
6c0fe935,4,2,0,0.7889705445899982
6c2edc91,4,3,0,0.9281538166693396
6c319d99,4,3,0,0.3271447624274753
6c4902c8,4,1,0,0.5804041470878579
6c6cd633,4,1,2,0.4948011257915922
6c737069,4,1,1,0.23324479121294073
6d341798,4,1,0,0.32493784272720094
6d5c5afb,4,3,0,0.45224424131315605
6d707ac3,4,3,2,0.7649634472736174
6d70e716,4,1,2,0.7482725615312569
6d7ba819,4,1,1,0.2560320802523432
6db14d48,4,2,1,0.5156327061848792
6db453ce,4,3,2,1.2826196792601654
6dfe4a75,4,1,1,1.0619868294549302
6e0d4774,4,2,1,0.8408289004572689
6e0ec0fe,4,1,1,0.6175420488847927
6e1d28b6,4,2,0,0.5595865372885624
6e5606d5,4,3,1,0.4190382665341231
6e68bcfd,4,1,1,0.6396855181900911
6e695d70,4,2,2,0.4053293638228994
6e6d895f,4,2,0,0.4838298194336706
6e89cee5,4,3,0,0.6403227364211762
6e9beaee,4,2,1,1.3631386998574486
6ea48a4e,4,1,0,0.5148273087066824
6ebfdc95,4,1,0,0.9742131574858122
6ecb430a,4,3,1,0.3959628201138626
6ed385f6,4,2,1,1.0361303413428025
6eff29da,4,3,1,0.2788149760696449
6f49c8d0,4,2,0,0.2736197815579381
6f5677b7,4,3,0,0.9138692934308346
6f5a31ea,4,2,1,0.3417821404995832
6fb28c2a,4,1,0,0.07141584487386077
6fc6b5c4,4,1,0,0.3894191788193201
6fc95dfc,4,1,0,0.22966462963584888
6fcdcb2a,4,1,0,0.7656272744595761
7015528d,4,2,0,0.4735436501779897
709457f3,4,2,1,0.3486980893876274
70de1c63,4,3,2,0.952292844765315
710345b6,4,3,0,0.08460125416532827
7151d8b5,4,1,0,0.4563381227323635
71850348,4,2,0,0.3640938829927709
71852781,4,2,0,0.5266703742573194
7187caec,4,1,2,0.6711197692445203
718975fe,4,3,0,0.545894535357919
7192b2e8,4,1,0,0.3012525485440768
71c1b1d2,4,2,0,0.16042097486427176
71cf0f87,4,1,0,0.1349210831788763
71ee31f8,4,1,0,0.1856806823724651
71f21593,4,2,2,1.357073191880894
7214ad21,4,2,1,0.9431943452349838
721ea536,4,1,0,0.8657727131317179
723ee34c,4,3,0,0.47587266412867657
7250264b,4,3,0,0.156466143265248
72565f5c,4,1,0,0.5002079604233023
7265f1e5,4,3,0,0.2767597373002662
7290824a,4,1,2,1.4412350007991979
72aa1a30,4,3,2,1.2144870208752843
72afd4ca,4,2,0,0.8063432605027201
72bbfadf,4,2,1,0.683732471659179
72c9c38d,4,3,1,0.5908791094867996
72cb1703,4,2,0,0.04274690903196454
72cc9a64,4,2,0,0.36752788559270244
72fa40ba,4,1,2,0.7302904541458533
7308d22c,4,3,1,0.618455548132202
732b2327,4,1,0,0.569654535737004
7347b54e,4,3,0,0.06842371852305584
738e7248,4,1,1,0.878001216871689
73aa6aab,4,2,1,0.8401342647975873
73d0e0a0,4,1,0,0.6033032897103138
73ec551e,4,2,0,0.17703558831271415
73ffa609,4,3,0,1.0734688859441037
745e6065,4,3,1,0.5922542502415566
7494989e,4,2,0,0.12465642506996316
7498fbde,4,3,1,0.5340160255728988
74be50af,4,1,0,0.3024434313954184
74c2bd81,4,1,1,0.8385915799776005
75311a3f,4,1,0,0.8472232873859347
7533a4a9,4,1,0,0.532713970852541
75927c18,4,1,1,1.0034037268463187
759328e6,4,3,2,1.3616235204931841
75b53bd4,4,2,1,0.32568765558689766
75bcc1e0,4,3,1,0.35741217220012556
75c13e08,4,2,1,0.36408350279182644
75db1257,4,3,1,0.7178756507826882
75f26948,4,2,3,0.7840564629008706
7698543b,4,2,0,0.8632406462687666
76c9bf0e,4,2,1,0.6393404159465044
76dc0e9f,4,1,0,0.2046850136155487
76dfa86c,4,2,0,0.10304120087397972
76f8f621,4,3,1,0.3577161181336084
76fb4afb,4,2,1,0.12544410017255647
76ff59f2,4,3,0,0.4210258678242866
7752d450,4,1,2,1.0083277989195532
77941a98,4,2,0,0.46860312198423637
77a5b2ad,4,1,0,0.3239645055574683
77bfe07c,4,3,0,0.907153949174666
77e460ce,4,3,0,0.2855868255631323
7800a084,4,2,2,0.9997202441011717
781710fe,4,2,0,0.14352536631712498
782a0589,4,3,0,0.5636392391021288
782af70b,4,1,1,0.77010036766875
7858fd16,4,1,0,0.39524891350830693
785d0663,4,1,0,0.9029965616715738
7860b64c,4,2,1,0.39450700492054
78704d22,4,3,1,0.9632120048400934
787654dd,4,1,0,0.21956417027839098
788268a4,4,2,0,0.23691937839129817
78a34e5d,4,1,0,0.30331911409815154
7914b38b,4,3,2,1.4025076370520637
792d2fa5,4,2,3,0.6372659787600008
793c2e31,4,1,0,0.3200299812049359
79483148,4,2,1,0.5779437485217661
7958e61b,4,2,1,0.6060398323093344
79629cf4,4,3,1,0.4510746146528981
79de3beb,4,2,0,0.5358638471502305
7a0136e0,4,1,0,1.2368776084851936
7a5fccc9,4,3,1,0.41737328712355126
7a6d26a2,4,1,0,0.7152206761695815
7a86fcd2,4,2,2,0.8826754004304844
7aa3a145,4,2,0,0.13737472368504933
7ad92034,4,1,1,0.6601335089724102
7af8eac0,4,3,0,0.02009636525679348
7b0a4060,4,2,0,0.2571281981614782
7b516283,4,1,0,0.3707219966782097
7b78e634,4,2,2,0.571446110819335
7b8842c3,4,1,2,0.7176947677458994
7b9690de,4,2,0,0.5024131392247683
7bbde46f,4,3,2,0.32485929909136035
7bdbf66f,4,1,2,0.3197759078960422
7c02f4ec,4,1,2,1.4968064501578893
7c194077,4,1,1,1.3922029403139782
7c21ad67,4,1,0,0.44984792775652765
7c39c8e5,4,2,0,0.383607516058024
7c6ca1d4,4,1,1,0.923734514760267
7c6cbfdd,4,1,0,0.13398992423039735
7c71edac,4,1,0,0.5588047631711023
7c8f0c95,4,2,2,1.1996601017871424
7ca548f9,4,3,0,0.13900721773223274
7cb1e4c7,4,2,0,0.4041117069456316
7ccdb9f2,4,2,0,0.5536286665259601
7cf3bca6,4,3,0,0.543732418627877
7d22cd0a,4,3,1,0.2583189317543381
7d2f236b,4,1,0,0.20755871978376939
7d40a714,4,2,2,1.3949709989797348
7d751a6a,4,3,0,1.1672284449929913
7d878d0d,4,2,1,0.8824074868865597
7d8f1716,4,2,1,0.6867770213668246
7d927bdf,4,3,0,0.5227904204123504
7dc65b92,4,1,0,0.7813095749811425
7deeb4fe,4,2,0,1.1363585703064674
7df487b1,4,3,0,0.4528602185289646
7e33976b,4,1,0,0.14527773453608506
7e41db05,4,2,1,0.7114664223574169
7e71aa83,4,2,0,0.5867153970034382
7e87087b,4,2,0,1.0802628631718876
7ebca7c4,4,1,0,0.5700808961629251
7ec65d94,4,2,0,0.1487727238558169
7ecea16d,4,2,0,0.17360760820730936
7f04b4fc,4,2,1,0.41640138655697034
7f1063e4,4,1,1,1.1432088313782636
7f26f78c,4,3,1,1.226811795166073
7f2715b4,4,3,0,0.341451927305385
7f44236f,4,1,3,1.007627765058411
7f950ef2,4,1,3,0.9788704149875463
7fa51811,4,2,2,1.1848851376826204
7fa7ccc4,4,2,0,0.3622699794644506
7fceb836,4,3,0,0.9877573993064723
7fcf0046,4,1,1,0.9285190000940808
7fd40f2b,4,3,1,0.5920132903702736
7fe0a99a,4,1,0,0.613537694994472
8017f13e,4,2,0,0.9083410200524009
8033847f,4,2,1,0.854685023587975
8068fafb,4,1,0,0.33066383661955334
806d877f,4,2,1,0.6270647743759517
80784c40,4,2,0,0.5080888694693455
807d8908,4,2,1,0.6086837101488082
80b46ffb,4,3,1,1.1079752377574215
80d8829a,4,1,0,0.11465778556413686
80ed2bcf,4,1,1,1.377731289027875
812f6873,4,2,0,0.5068524012589264
81364a4b,4,1,1,1.1425023025278578
81394e0e,4,2,1,0.4992701608742931
813e7f93,4,1,0,0.19862831407655335
8148c785,4,3,3,1.3725487544309685
816b0564,4,1,0,0.9294912330800399
81766b8a,4,3,0,0.5890262701679284
8189aa29,4,2,2,0.6028819065294274
819ad5f1,4,1,0,0.26158321438649984
81a4b826,4,3,0,0.3630755654709969
81c0b83c,4,1,1,0.3135422114644022
81d3ab22,4,1,0,0.9826573616072507
81d607bb,4,2,0,0.263994654173324
81feecad,4,1,0,0.6602317274852958
82422684,4,2,0,0.7622115823795516
8256a969,4,1,0,0.3019839229609908
828b31ca,4,3,0,0.21783315535407133
82923551,4,1,0,0.10058132864602015
82a114c1,4,1,2,0.8307881282605274
82ec9747,4,3,0,0.0977886165690407
8310a02f,4,3,0,0.500173210895943
8328c8b3,4,3,0,0.9169768841328135
836b4de3,4,3,0,0.8263985956712472
83711ef5,4,1,1,0.5902917250696225
8376acc5,4,3,0,0.21276503542884828
83912085,4,1,0,0.3117761755172275
83c33097,4,3,0,0.35754623626095083
83eda373,4,3,0,0.3227812434090101
83fb5ee0,4,3,0,0.2025450230030319
840ff4b7,4,3,0,0.11776525627677209
844b87f8,4,3,0,0.1383376355200855
844be9e4,4,2,0,0.24066906060768095
84a16b14,4,1,0,0.6994282278741224
84b7d89d,4,3,1,0.804460035909082
851b425b,4,3,0,0.3414546070589745
852adec2,4,2,0,0.373475654316148
85452335,4,2,1,0.590858068722357
854eb237,4,2,0,0.26517754551264944
85525f8d,4,3,0,0.3558936925458061
855c6099,4,3,1,0.38360788794777745
857baaa6,4,1,0,0.5708316973501951
858ae6a3,4,2,2,0.8455485201972192
858be19a,4,1,1,0.8361799242976212
859cbb27,4,3,0,0.19184511627652306
85b027ee,4,1,0,0.3389521076419789
85ba333f,4,1,2,0.43419092079175897
85d99199,4,1,0,1.2620147874692704
85d9c915,4,1,0,0.35160697315570744
85f23af6,4,3,1,0.1969134298568831
860f4f9c,4,3,2,0.7069521543488951
86335468,4,2,1,0.6567160243645436
863e40c7,4,3,0,0.6904970949257369
863f7033,4,1,0,1.049000654313678
866a08b7,4,3,1,0.2305889730803654
86a8e0d6,4,3,1,1.178285273937684
86bd716a,4,2,2,0.8032915109274996
86e56299,4,1,1,0.7924327656197176
87050a09,4,3,0,0.47689238668280365
874a348f,4,3,2,0.951311316186418
876a929e,4,1,2,1.1719855602121068
8772f64b,4,3,0,0.8088496598146615
87af775e,4,3,2,0.40880499595402875
87b78ee3,4,1,2,0.8021451526728316
8823b020,4,2,1,0.5934491693178757
88300a4b,4,2,0,1.1159052365194437
884c429c,4,3,0,-0.0583358148525962
8877cdee,4,2,0,0.2613142922343446
888c45f9,4,1,1,0.13863415732031298
88c640b9,4,2,1,1.1228615187501314
88cdb5bd,4,1,2,0.9892039413112248
88e04d93,4,2,1,0.8419629138043657
891193eb,4,1,0,0.5194336538628875
891b8cd5,4,1,0,1.2571319229510949
89261ca6,4,1,0,0.41697904230688787
893293dd,4,1,0,0.09541720122186281
89739b1a,4,2,0,0.3004866616407945
898096eb,4,2,0,0.15011172130712447
89a26502,4,1,0,0.46481096264991584
89bd10b7,4,1,2,1.0157797740506291
89d475e2,4,1,2,1.1284598232572973
89d7d2c3,4,2,0,0.26580725051664056
8a444a98,4,1,0,0.2539219645129142
8a4d341b,4,1,0,0.4509073072263934
8a4e5d1a,4,2,0,1.0080800877551206
8a645723,4,2,1,1.1070893974858311
8a6b6912,4,3,0,0.24551886316695037
8a77c3e9,4,2,1,0.9722384096239416
8a9e653f,4,2,0,0.0807758000870944
8abbbc38,4,1,0,0.4450911021621597
8ad5e251,4,2,0,0.3099646765110882
8b02eb7e,4,2,0,1.3396624472227165
8b3c900f,4,1,0,0.5026150707685816
8b6a40f5,4,1,0,0.672538186329947
8ba98f12,4,2,0,0.14737528216012902
8bc5199c,4,2,1,0.4057872394137848
8c0ca955,4,2,0,0.8627730679242405
8c122779,4,2,0,0.921635837669466
8c1f9196,4,1,1,1.2050660713720491
8c5a5a21,4,2,0,0.7563834836990484
8c6c52a2,4,1,0,0.2460617444905831
8c97411a,4,3,0,0.2864573372154058
8c9c253d,4,1,0,0.5963742642794293
8ca025c3,4,3,0,0.2554816625169587
8cb19d64,4,1,1,0.24499015356188508
8cfcac79,4,2,2,1.0571367537474572
8d010562,4,1,0,0.4591032669405838
8d055cca,4,3,0,0.8957120925318448
8d8b8553,4,3,2,0.5893305257191116
8db09bb4,4,1,1,0.6976754015169772
8e24b103,4,1,0,0.27352129604888564
8e380413,4,1,1,0.6554693486173269
8e59a69a,4,2,1,0.47341072952907715
8e770d51,4,3,0,0.3115824072998356
8e80deb7,4,1,0,0.6378169388646336
8e93a873,4,3,1,0.7976702217432817
8ef72e3e,4,3,0,-0.019327119378891866
8f015125,4,1,0,0.8543589614243381
8f112082,4,1,1,0.7992228706392992
8f13c52a,4,1,1,0.7955785645634863
8f39a0e7,4,1,1,0.4834110790917305
8f753551,4,3,0,0.4741417092376461
8f9c03c6,4,1,0,0.09625359781071208
90161e10,4,1,1,1.3411413709001088
90778278,4,1,0,0.13188556687952468
90a37530,4,1,0,0.08351614737747698
90fee6b1,4,1,0,0.37965786854481076
9105b812,4,2,1,0.9228887037367998
91098060,4,1,0,0.7082818110158349
911d1406,4,2,0,0.6696623162246863
9130a22e,4,2,0,0.25258624124150625
913bea9f,4,1,1,0.9978162809809734
916f7069,4,3,0,0.528341818419078
9173f25b,4,3,2,0.886851206560118
917990b2,4,3,0,1.140972879790201
9181b136,4,1,0,0.13550739677446882
91e23cc5,4,2,2,1.2255712294109276
91fdc1e0,4,3,0,0.5530102605136413
92031591,4,2,0,0.6393692951165647
921146d1,4,1,0,0.25599387926944256
92293b06,4,2,0,0.8067035131175206
92622443,4,3,1,0.614851159510458
926a64d8,4,1,1,1.1065702458026734
926b3a76,4,1,3,1.1590340702070827
926bd07e,4,3,0,0.3873112442954372
9271574b,4,2,0,0.6159928321474529
92b18571,4,3,0,0.2693663807164946
92bb8516,4,2,0,0.2762173624482648
92bcf0e7,4,3,0,0.12625127415769066
930c567c,4,3,1,0.5054109721774701
93188a17,4,1,0,0.43183197224144637
93363059,4,2,1,1.0180391327647735
933da99b,4,1,0,0.722561446061101
93507a1b,4,3,3,1.4141688068656504
93559639,4,2,0,0.1532166728242524
93904b23,4,1,1,1.1488464783740007
93c06d4c,4,3,0,0.557242831692459
93c72a97,4,2,0,0.8789907700049897
93c93585,4,1,0,0.4063225711855904
93cdae1c,4,3,0,0.5067806107918522
93f8b501,4,2,0,0.3218104150051339
93fda84a,4,1,0,0.13071700107290618
9402b885,4,2,0,0.8436993271071845
9405bad1,4,1,0,0.24180597568920176
945d802a,4,2,1,0.5575092812566191
94902bc9,4,3,1,1.441388299328483
949f94e5,4,2,0,0.22811029344400613
94a1053b,4,3,1,0.8177172915848454
9508b72f,4,3,0,0.5679313657557948
9521093f,4,1,0,0.9708058835642047
9540fa8e,4,2,0,0.38687742479929277
95488452,4,3,0,-0.03284108964116017
954a4c2e,4,3,1,0.6620315292991424
9568e659,4,3,2,1.1841596994686683
9570bfb7,4,2,0,0.13459789854499776
957dcb7f,4,1,1,0.158349514406058
95cc96cc,4,3,0,0.04378743768823068
95e04c4b,4,3,0,0.07012085012642533
9646a500,4,2,0,0.36079112332656016
966161e7,4,2,0,0.10722268528057505
966fffd0,4,3,2,1.1923263625934601
96d6034f,4,3,0,0.049980488500262044
96de5f57,4,1,2,1.3358650862416548
978218e6,4,1,0,0.41032344853233893
979a5c76,4,1,1,0.8874063820829836
97bb0cc0,4,2,2,0.832351075355381
981568fa,4,2,0,0.6549485881483009
983bcb5b,4,1,0,1.369720235856861
98413061,4,3,0,0.12485081221665995
9853fb61,4,3,0,0.7610301469649754
98a4be3f,4,1,0,1.255631234663798
98a81a90,4,2,1,0.5970875672403707
98ed2153,4,1,2,0.9099730693420741
99205f42,4,2,1,0.5999369923618751
99328d2e,4,2,0,0.7323372569014638
994ee014,4,1,0,0.4130537026785659
9977fb0f,4,3,0,0.5169177502452209
998115f3,4,1,1,0.5781934002779843
998cfa64,4,1,0,0.24396602400181128
99a1711f,4,2,1,1.1849281025713987
99a8a9e7,4,3,0,0.20017594195028882
99ec8c4a,4,2,0,0.47263090968678995
99f0cc53,4,1,0,0.17919444228530623
99f3be05,4,2,1,0.6350288956850733
9a2082cf,4,3,0,0.38690080801913174
9a50d2d8,4,2,0,0.9173068875614401
9a5aed6c,4,2,0,0.7860117668915217
9a76906d,4,3,0,0.30453785336848344
9a7e4c38,4,2,0,0.5972416809432671
9aa36639,4,2,0,0.11401907403330908
9aab3e36,4,1,0,0.3760665423089672
9ab4909f,4,1,1,1.0998675013171382
9b328d6c,4,2,2,0.7648765762013432
9b5f13ec,4,1,2,0.8969088789682951
9b96b0e4,4,3,0,0.3900278179957727
9bc60f80,4,2,1,0.40578893878420996
9bdd6964,4,1,1,0.21853028212575742
9c12f80d,4,1,0,0.2070446077679689
9c1ea003,4,1,1,0.7150972438536692
9c2df71f,4,3,0,0.014451795868148931
9c589c9d,4,3,0,0.04938929809864856
9c7a1561,4,3,0,0.15606125757786476
9c9cd7ef,4,2,1,0.45894899109858195
9cb303cb,4,1,0,1.4384805889702124
9cb32129,4,1,0,0.23933445017244653
9cba0d0e,4,3,1,0.6662712588556974
9ce139d3,4,1,0,0.12953579046247093
9cee3c19,4,1,1,0.5901568875273403
9d0670dd,4,3,0,0.04313974542840049
9d1b2d2c,4,2,0,0.1396323328073965
9d29b706,4,3,2,0.7533955298640865
9d39f0da,4,2,2,0.48494131947019603
9d5826bb,4,2,1,0.5311201798273507
9d65adbf,4,1,1,0.8891457142151342
9d6b1410,4,3,0,0.2964489221109078
9dbdbebf,4,1,0,0.06658054504352173
9dc74359,4,2,0,1.239632758696873
9ddb06db,4,3,2,1.1917220877824963
9ddfb9e6,4,1,1,0.8795262496970826
9de6a614,4,2,0,0.8382956180016422
9e027e04,4,1,0,0.24857979434159733
9e052412,4,3,0,0.226257264713356
9e171735,4,1,0,0.7290755664082786
9e4385f7,4,3,0,0.7247883535373352
9e7860ef,4,2,0,0.15001635970853028
9e964060,4,3,2,0.27605587369774776
9ebb73c7,4,3,0,0.558823187897535
9f6b9158,4,3,2,0.8461402028317027
9f9be55c,4,2,2,0.6650487910674094
9fa5cdfd,4,3,0,0.22297472868375112
9fa68512,4,1,0,0.09018931899039695
9fb96ae3,4,2,2,1.1197073566760163
9fbc09a6,4,3,0,0.22250877270321556
9fbf31f9,4,1,0,0.28328758668377896
9fbfa81b,4,3,0,0.30048331848485926
9ff73d95,4,1,0,0.4111295341063609
a00c3ab0,4,2,3,1.4214425355701483
a0182b17,4,2,0,0.7842104757940829
a0277c1c,4,1,0,0.3718972212052195
a032d7bb,4,3,0,0.47453202418463875
a0482f47,4,2,0,0.4691479650017461
a0497d5d,4,3,1,0.7586924372858692
a0510686,4,3,1,0.11051950238915298
a07ec6fb,4,3,1,0.6487906859174521
a0811cc1,4,2,0,0.5150881917761108
a08ebf6e,4,2,3,0.9451408431643559
a0dffdeb,4,1,1,0.3047707399834118
a148b46f,4,2,0,0.4303792160964595
a1814875,4,2,2,0.8564773806437468
a1942b0b,4,3,0,0.34145280543323253
a196148e,4,1,1,1.4866669078749715
a1ab89aa,4,2,0,0.08375916264111821
a1fe4f51,4,1,0,0.10570044252396782
a213c519,4,2,0,1.0287065216874924
a217e790,4,1,0,0.3661335950653826
a21ad8c0,4,1,1,1.0577170262330153
a221c60c,4,2,1,1.0817369161726917
a2240f50,4,2,2,0.7860268489971611
a263a68c,4,2,0,0.4452017803438957
a26c3e8f,4,3,1,0.28434224350622533
a297d1b9,4,3,0,0.20909561275873828
a2994e55,4,3,2,1.2440763954324652
a2a8f352,4,2,0,0.15100216204539058
a302a015,4,2,1,0.28483588436760937
a30e6178,4,1,0,0.4404997830719737
a317c78a,4,2,0,0.536448134579548
a3391798,4,3,0,0.18916151794897862
a3413f0a,4,2,0,0.37146948766668914
a363ec1b,4,2,1,0.9789732916834192
a3858c6a,4,1,0,0.9962893159950745
a38699a5,4,2,1,0.3989367642760092
a3abe528,4,2,2,0.4779570146584452
a3b146ca,4,1,0,0.27739430050935965
a3bd8858,4,3,1,1.1664802889398498
a3e53e34,4,2,1,0.5995854465338218
a40c8316,4,1,2,0.9951515898855489
a4481101,4,2,0,0.6674946394626201
a45230f4,4,1,0,0.6827792713199022
a4530b41,4,1,0,0.15227758451205858
a457a4ab,4,2,0,0.25497334275288447
a49eda7f,4,2,0,0.6763343434398462
a4be0322,4,1,1,0.5786910041992385
a4c15213,4,3,0,0.35196920468235726
a4e0447e,4,1,0,0.49882377798963445
a4f13c0d,4,2,0,0.732171087842965
a5024ef9,4,2,2,0.4096553172131484
a5078c62,4,2,0,0.5822359693004253
a5356446,4,1,1,1.0379219101633224
a54d22e7,4,3,0,0.2844649519040172
a5710c0a,4,2,0,0.41773654391036463
a5974a7d,4,3,0,0.5542599846273562
a59b2411,4,2,0,1.0943002319451978
a5a737f3,4,1,0,0.3359343095084306
a5c87de6,4,1,0,0.3871993224891064
a5dbb00a,4,2,1,0.5248595514666798
a60b8575,4,2,2,1.3719415520967775
a62edc1c,4,3,1,0.10495736542246376
a65b2226,4,3,0,0.1841863243952565
a6969e1a,4,3,1,0.40252371845475843
a69f89e2,4,2,0,0.3249085196954147
a6e72e9d,4,1,0,0.1934831095900389
a6fbb2e7,4,3,0,0.36740198779076083
a70bb2c5,4,3,0,0.6611340846231716
a70e9a7c,4,3,0,0.5892437449649509
a722f648,4,3,1,0.5445310761006149
a7639eb5,4,3,2,1.2298810510216018
a774c63b,4,3,0,0.5468260837947425
a78766db,4,3,0,0.8107325427699821
a7b9546a,4,2,0,0.4510360378270889
a7d2852d,4,3,1,1.1471286896692083
a814e825,4,1,0,0.5690912312479103
a84922d2,4,2,0,0.5220138295891756
a84ae7e0,4,3,1,0.7934774497509938
a886c07b,4,1,2,0.8232894824377985
a88cd304,4,2,1,0.8743488361311931
a89284b2,4,2,0,0.24414261953697686
a8b0428d,4,2,1,1.1219236206812013
a922ef3f,4,3,2,0.36670848647294757
a9595acd,4,3,0,0.3492468360541446
a95b4487,4,1,0,0.5147702736178953
a971b3b1,4,3,0,0.11321333014142737
a9aa2336,4,3,0,0.7792356453638336
a9c3b925,4,1,0,0.37426587232000885
a9c53cdb,4,1,1,0.3416448476093731
a9c5f872,4,3,0,0.6819683585138349
a9e5794a,4,3,0,0.4758904182546239
aa1700c7,4,3,0,0.20573828468362654
aa295760,4,3,0,0.34210963714614284
aa61d9da,4,3,0,0.9474771318137085
aa776ef6,4,3,0,0.009078358563032407
aacb0b33,4,3,0,0.9662264452889796
aaefeff0,4,3,3,0.8047697892800303
ab16a20d,4,3,0,0.42830084034944454
ab1dc378,4,2,3,0.958337999313517
ab36aa48,4,1,2,0.388774595386189
ab4b6c15,4,1,1,0.6916774884695631
ab4fe82b,4,1,2,0.7092658643307921
ab54c39e,4,2,1,0.7338202368886177
ab5889ef,4,2,0,0.1353097514541144
ab71f143,4,1,0,0.5249092681898925
ab987c75,4,1,0,0.44802509903840415
abac67cc,4,1,0,1.2819006014521659
abaf745c,4,2,0,0.24968657644182907
abb3b071,4,3,0,0.5763400118578865
abd1b232,4,3,2,1.2923960195007989
ac29ec80,4,2,0,0.18321668445317052
ac31e154,4,1,0,0.563618112777708
ac66c144,4,3,0,0.006237088024626636
acb75c15,4,1,0,0.7584363161035965
acde8e47,4,3,1,0.565342076990992
ad1dfc9a,4,1,0,1.2745748487450865
ad380962,4,1,0,0.15352375484825204
ad8189bd,4,3,3,1.1194076451240043
ad8945e3,4,3,1,0.6346473466292745
adaf7461,4,1,1,0.5918958743124066
adba23f0,4,2,1,0.19748700601532282
ade50eba,4,1,1,1.399601871415312
adf444ff,4,1,1,0.4240300243093783
adfef47a,4,3,0,0.02908332696993232
ae712150,4,1,0,0.698011637968433
aea63a78,4,1,0,0.3081836911436466
aea92843,4,1,0,0.2512071575225252
aecc7e74,4,3,2,1.1578316879164445
af1c2775,4,3,2,1.1134048522527236
af485add,4,1,2,0.796428134394903
af4f064e,4,3,0,0.23193026468353095
afa92c37,4,1,1,0.8281860327893437
afae8244,4,2,1,0.32127967073793995
aff48273,4,1,1,0.652844702160574
b01cb004,4,3,0,0.25327494128658
b074f33b,4,1,0,0.7939838611433337
b08f0ca4,4,3,1,-0.0016234649809886426
b092b360,4,3,0,0.6355924517760043
b0ab15a7,4,1,0,0.21619982100871926
b0e96997,4,3,1,0.3777876721144444
b120a337,4,1,0,0.5490368390192598
b13e0cd0,4,3,0,0.8637498791825645
b1883100,4,2,0,0.08963216537520746
b1a00510,4,2,1,0.228489514820496
b1bc2fe4,4,2,0,0.08409598800903778
b1de4423,4,2,0,0.14360047672343618
b1f064ac,4,1,0,0.8362171153929769
b21f7b12,4,1,1,1.043723098479841
b2382d94,4,2,0,0.12427019974352166
b23b9220,4,2,0,0.7316857346223209
b2594910,4,2,0,0.5768654890366729
b285eac6,4,2,2,0.16714629606809678
b2987a65,4,3,0,0.462377174854168
b2a73566,4,2,0,0.8694493876978338
b2b56219,4,3,1,0.37999002248016756
b308c03e,4,3,1,0.7347639490160303
b318f1d9,4,3,0,0.14084873682120758
b31dd1bb,4,1,0,0.8031521812403775
b347b9cc,4,3,0,0.23555435308233996
b39504a7,4,1,2,0.8346689507993913
b397a73e,4,2,1,0.36000899783455814
b3d74a58,4,2,0,0.14184442843769846
b3dade53,4,2,2,0.7859106447349217
b4002374,4,2,1,0.8243786758722074
b412866b,4,2,1,0.9155205672359357
b447e66d,4,3,1,0.24202507569181947
b452f767,4,1,0,0.3362056514811077
b463e777,4,1,1,0.22128191946382364
b4885e6f,4,3,3,1.1407290607702496
b494401a,4,3,0,0.5729872037904126
b4cfd8d7,4,3,0,0.6082486635729294
b4e69f09,4,3,0,0.16244644213988435
b516ca6f,4,3,0,0.5272318102670647
b53a8f23,4,1,2,0.4200264037713498
b55f7943,4,1,1,0.5864633646606938
b57e33a6,4,3,1,0.03992076420358215
b5a0707a,4,1,2,0.9591259021990519
b5b2d51c,4,1,0,0.3109771070496465
b5c2bc50,4,3,0,0.3723941702430956
b62a320b,4,3,1,0.3122286667027449
b64856e9,4,1,1,0.6362260197245363
b69bf1f7,4,1,0,0.7857723730402427
b6e9a65f,4,3,0,0.19520194204705926
b70db5d6,4,2,0,0.12448620991021075
b712b69b,4,2,2,0.9867411617309818
b746cbe3,4,3,0,0.15967899125047458
b78d5d2e,4,1,0,0.5678314863031184
b7a61f8d,4,1,0,0.12889596561797317
b7c410a9,4,3,0,0.443831876098701
b7eb466c,4,3,0,0.5693478667151255
b7ec062d,4,2,1,0.9849330780870134
b802aec3,4,3,1,0.8772391433612856
b816d8d5,4,1,0,0.5204830562091983
b89b8154,4,1,0,0.36700190133384125
b8b48fbf,4,2,0,0.5148537881852745
b8bf20f9,4,2,0,0.4081192203696733
b8df3d7c,4,1,0,0.349483422227054
b92be605,4,2,0,0.5224278868964273
b93e1e41,4,3,0,0.5299497087632054
b94ec4a1,4,1,0,0.4744689982995274
b95aad8d,4,3,2,1.0476525306497786
b95da85d,4,2,2,0.7186549161987663
b96e3324,4,2,0,0.13866790553095532
b9b22bff,4,3,0,1.2227057483192603
b9cf3f7c,4,3,1,1.1805791475196044
b9d3616c,4,1,2,0.9930672793695077
b9dcf632,4,2,0,0.25847489947123053
b9e20ba6,4,2,0,0.48227059633436287
b9e90f7f,4,2,2,1.0078100805828456
b9eeb8fa,4,3,0,0.2642612912617934
ba09d63f,4,1,0,0.4775771080275744
ba158a9c,4,2,0,0.7364529575215806
ba29cfb3,4,3,0,0.15194192099136444
ba42462b,4,3,0,0.2780430039333935
ba4294b3,4,1,0,0.5465998125663288
ba73bc7c,4,2,1,0.7630611919258157
bafc4389,4,2,1,0.3620262372325609
bb0d7d92,4,3,2,0.8946641790020033
bb808a71,4,3,0,0.7801211830796809
bba6ff20,4,1,0,0.48853924804733995
bbd71a7c,4,3,2,0.8811431250782265
bc06600f,4,1,1,0.9780658534172202
bc0c0f03,4,3,0,0.23614364370196173
bc1ec029,4,3,0,0.5847230931901604
bc437705,4,1,0,0.19989777060851532
bc4eaf77,4,1,3,0.9362319954212548
bc6bd8b2,4,3,0,0.27546964401960966
bc817a4c,4,2,0,0.1666399643686592
bc95339a,4,2,0,0.31215282001163736
bccebc5a,4,3,0,0.7184081507460225
bce32ada,4,1,1,0.5327892795800802
bd124dbc,4,3,1,0.5632522256538307
bd480331,4,3,0,0.5828563888624639
bd713fb8,4,3,0,0.3543971047210859
bd8397cb,4,1,0,0.9738696842126093
bd932d04,4,2,2,1.2356396985072844
bdbd1afd,4,1,0,0.9651548129736284
bdbdc4b5,4,3,0,0.3636289482315695
bdbff28b,4,2,0,0.9963161246572829
bdcc7d10,4,3,0,0.27692323592059026
bdcddd09,4,2,1,0.6158857087960117
be1c3b0e,4,2,0,1.034685737963756
be210bc7,4,3,2,1.1867129904360825
be26335a,4,2,1,0.956013700115814
be9ba5f7,4,2,0,0.9523473901501072
be9e9a8e,4,2,0,0.44808497233762656
bea525dc,4,3,0,0.6373124412521608
bedeb6f3,4,3,0,0.18984082729843837
bee4eab0,4,1,1,0.6770596930007236
bee51adb,4,3,0,0.4011317605980016
bef259fd,4,2,1,0.9897125227780278
bef89ce4,4,3,0,0.2578139110920197
bf0942bc,4,1,0,0.6427836490534484
bf31e0a7,4,1,0,0.13337676170254936
bfade1ba,4,3,0,0.2093809427067475
bfb421f9,4,3,2,0.6317256329479134
c00c663c,4,3,1,0.7053596509872367
c0442863,4,3,2,1.0089009293998839
c0869eb0,4,1,0,0.4185318527860809
c087b48a,4,2,1,0.9459451276952678
c09d41cd,4,2,0,0.7467008881743211
c0a7d046,4,1,0,1.064408918422849
c0adc389,4,2,2,1.074925499789609
c0d5b3f3,4,1,0,0.7614308171572906
c0f2a046,4,3,0,0.6218124846806988
c1200b71,4,3,0,0.06734187180697027
c1373df0,4,3,1,0.2672220595828942
c192715a,4,3,0,0.7505443344261141
c1add876,4,3,1,0.4887483013795006
c1ed20ef,4,2,1,0.3267901565549261
c24c877a,4,3,0,0.01862879442810461
c274a243,4,1,0,0.13319209497844975
c294b507,4,2,1,0.5260339870081541
c2adf42c,4,3,1,0.9138113716518992
c2b40d6f,4,2,0,0.4867719877221874
c2bac6ad,4,2,2,1.0690430451677773
c2bac92a,4,2,0,0.701058863453562
c2ea6e54,4,1,0,0.2940108899949318
c3061b23,4,3,0,0.5454802653473342
c308b134,4,2,3,0.8839150455728596
c31a5825,4,3,2,0.20809858877995446
c37ef416,4,1,0,0.45336205456985623
c38a5c9b,4,2,2,1.11555821705175
c391e9c0,4,2,1,0.5343646307153566
c3a3f61e,4,1,0,0.40630863607102186
c3adae87,4,1,2,0.6349224894509715
c3b87e5c,4,3,0,0.1647638788244521
c3d46daf,4,3,2,0.8477601125629365
c3dde859,4,1,0,0.2625110675331917
c409bc9d,4,3,0,0.041390857813756954
c40bb352,4,1,1,0.2677822356881986
c418e47a,4,3,1,1.1176258796300638
c42b7972,4,3,0,0.7503322278046266
c446e1c5,4,1,2,0.948922818221154
c45068a1,4,3,1,1.040158622639665
c459095b,4,1,2,1.0613314787562198
c4a681dc,4,2,1,0.19908074953590804
c4aa8d47,4,2,0,0.1757040277166771
c4c2076b,4,1,0,0.22521400479554166
c51c1139,4,1,0,0.24888924418859992
c5462e87,4,2,1,0.3682267147319829
c55187b4,4,1,0,1.1499282599943306
c5c891c1,4,1,0,0.5978658783893909
c5cfaeae,4,3,2,0.7817245522648159
c5e91ebc,4,3,0,0.40601239658165933
c5f3d60c,4,2,0,0.1445965732699116
c6287031,4,1,1,0.8774718525797257
c6313b18,4,2,0,0.4222138950163433
c63f1965,4,2,0,0.4356835687559019
c6575d38,4,3,2,1.6008382798600436
c66daa08,4,1,2,0.9508473616270028
c678730b,4,3,0,0.3503278450470311
c68c9809,4,3,1,0.7062223941505322
c69ffa09,4,3,0,1.2058073645475982
c6b7811e,4,1,2,0.3226505383137723
c6cb894a,4,1,0,0.5385202241981887
c6cc7467,4,1,0,1.3156355863332376
c6d4b453,4,2,1,0.24129309253658793
c6da0d4b,4,2,0,0.4442406429175624
c6ead822,4,1,1,0.9418344019577577
c6fd800e,4,1,0,0.19058797127303356
c706a54d,4,1,0,0.09411357004174531
c731458f,4,2,1,0.695861952955636
c73dd2e4,4,1,0,0.6030252741521547
c73f149c,4,1,0,0.3753681588175254
c79039af,4,3,1,0.2218732177825003
c805ebe7,4,2,0,0.11323327423214602
c8270746,4,1,1,0.8508335842334345
c892f324,4,1,0,0.20562123703887203
c8cc2e1b,4,3,0,0.18118370725683974
c8d6b871,4,3,0,0.49201442239257004
c8fbbc8a,4,1,0,0.49992927451263247
c9133895,4,3,1,0.5899518000640437
c9537127,4,2,0,0.4903621691324499
c9600298,4,2,0,0.28722995996423567
c96b9609,4,1,0,0.17758200015980274
c98527f7,4,1,0,0.27951211600283515
c9879365,4,1,0,0.5404894617305868
c9902f48,4,3,1,0.36801468088577566
c9a57335,4,2,0,0.22083293948243832
c9ad9c75,4,2,0,0.9157167057440554
c9d47171,4,2,2,0.3651661757963335
c9dabad5,4,2,0,0.48346490993035757
c9e419e7,4,1,0,0.31039232642859255
ca1bdcd3,4,2,0,0.20973611512790247
ca33a5e7,4,3,2,0.3186684902680943
cad3bc70,4,1,2,1.1799358166500358
cadd4ae5,4,1,0,0.5003855227102312
cae0531e,4,1,1,0.9311955036967576
cae31194,4,3,0,0.32971548880686397
caec8d59,4,2,2,1.2016558317197221
cb2752bc,4,3,1,0.6925556862158972
cb73fed9,4,1,0,0.18147856604954832
cba1c8b5,4,3,0,0.6605443796168632
cba39753,4,2,0,0.8518219552120538
cbb1ddec,4,2,2,0.497757610744983
cbca33a5,4,3,0,0.4620135243314632
cc010b72,4,3,0,0.10989915690491098
cc224be2,4,3,0,0.3613428277843155
cc25e136,4,3,2,0.9748287564875912
cc477243,4,2,0,0.5322247969434524
ccc9db97,4,3,1,1.3103972313262622
ccd0fe74,4,1,2,0.9837126836055485
ccd3cb96,4,2,0,0.2761975542352519
ccdb4ae5,4,1,0,0.50897573061077
cd144127,4,2,0,0.39310246655118475
cd39e576,4,2,0,0.45689712653440573
cd68643b,4,2,0,0.13133230962387588
cd8ec8ac,4,1,0,0.4812532661188647
cd8f3c61,4,3,0,0.18220576264735844
cd92eaf6,4,2,0,0.45153863286466106
ce031b1b,4,1,0,0.4326068925498043
ce379a6a,4,1,1,0.7072378894278201
ce6eeadf,4,2,1,1.0627062943900891
ce95b2e1,4,2,2,0.9534325161143169
cea35700,4,3,0,0.3861371948268521
cefdb7fe,4,3,1,0.8478856896368183
cf0d6d38,4,2,0,0.2638884409806917
cf1b9d44,4,3,0,0.7791964066969808
cf86987d,4,2,2,1.149063624579305
cfcf9dc9,4,2,2,0.12267507905490216
cfe4cf40,4,3,1,0.6722797757023788
d00b493e,4,1,0,0.6596737279533019
d0429481,4,1,3,1.2901679286160865
d05f5d71,4,3,2,0.6937739629132919
d08806a2,4,3,1,0.5390164092544056
d0ac4f1c,4,3,0,1.184655458561606
d11428bd,4,3,0,0.6158242383787299
d1145910,4,2,1,1.0246693529284348
d14d79b5,4,1,0,0.3215383653065057
d1a38988,4,2,0,0.37962391448346167
d1aa6625,4,2,0,0.4523094901097634
d1aafc4e,4,1,1,0.9694178068127862
d1ab95e5,4,2,0,0.43529447479960637
d22e7168,4,1,0,0.5950444233131359
d2b84f45,4,2,1,0.9939540757699676
d2bcca68,4,2,0,0.4621809945549191
d2d9b474,4,3,0,0.6349507699224193
d2fcde50,4,3,0,0.2855508128060737
d3b860ab,4,3,1,0.03833307743627845
d3bf6d28,4,1,1,0.8177942173795548
d3da09e8,4,3,1,1.2260205933753765
d3eda827,4,1,0,0.054989264578938046
d42454d4,4,2,0,0.41384007701360254
d4337a28,4,3,0,0.23681477780410187
d45bae93,4,3,0,1.3802836940011591
d476f528,4,3,2,0.6866486112087257
d4b935f8,4,1,0,0.9545031588258268
d4bfc83f,4,3,1,0.05544730219917293
d4c2e9a1,4,3,0,0.13114039397699367
d4d2f272,4,2,1,0.7883233659904904
d4d9f7f9,4,1,0,0.2750084493852425
d4f3e585,4,2,2,0.9409083542015186
d50a8c3c,4,2,1,0.8433809801180663
d53ead5c,4,3,0,0.32862938398558234
d547d0da,4,3,1,0.4643268735619671
d565ccf6,4,2,0,0.6031696258146505
d57380cf,4,2,2,0.8611260200226172
d57802c5,4,2,0,0.4452226191829243
d57f6c9e,4,3,2,0.8517401691766396
d5874bad,4,2,1,1.0066049704613247
d5a8d9b0,4,3,2,1.0638228641653982
d5b089a4,4,1,1,0.6757945655394033
d5cebbfc,4,1,1,0.5017123549327267
d5fb07d2,4,3,1,0.7563696872310287
d5fde276,4,2,1,0.3843906807246348
d6007386,4,1,1,0.6480456709075453
d61359ee,4,1,0,0.049884020796851836
d6251195,4,1,0,0.1377633641796034
d661ddf7,4,1,1,0.6311289024956407
d66aed49,4,3,0,0.3249464132301677
d6776176,4,2,0,0.21294036424260882
d6add300,4,3,1,1.1188939214699585
d6be0a92,4,2,2,0.5097721298109347
d6c4d9eb,4,1,0,0.530921848337037
d6c6baa5,4,2,0,0.7318683128697506
d6e613bc,4,2,0,0.8359181741555697
d77ac332,4,3,2,1.1821089350655494
d788a6a8,4,2,1,0.2980724723272836
d78c55fb,4,3,2,0.9157157012425885
d78f437c,4,3,0,0.0674854561091397
d7c063b4,4,1,1,0.1783901050974741
d8037389,4,1,1,0.8040692543706511
d8196954,4,3,0,0.07077415247366725
d81f28d3,4,1,0,0.17908680042101882
d85a62b3,4,1,2,0.5446848468822234
d85b7c71,4,3,1,0.486021669443562
d87d3d03,4,1,0,0.42431371572300464
d87e2d01,4,1,1,0.8412258926432536
d8a78157,4,3,1,0.9081479150656484
d8b066ad,4,1,2,0.6326887309587605
d90900e1,4,2,0,0.4038302992957977
d94c91bf,4,3,0,0.16382364539702698
d980da40,4,2,0,0.1868056168778735
d98be7a1,4,2,0,0.09949990452663016
d9ae9a13,4,3,1,0.7256032800439445
d9c82502,4,1,2,0.27063017058907934
d9eb30bf,4,2,0,0.9859375733148982
da0001de,4,3,1,0.13268215358790453
da09ed4b,4,3,0,0.9865116474835622
da15064a,4,3,1,0.542693369718125
da1b21b1,4,3,0,0.1214918575490807
da5a8921,4,2,0,0.20274111941269218
da94e67d,4,1,2,0.9252903331503533
daa9b0aa,4,1,0,0.20733353876687466
dacc2f83,4,2,0,0.8957871091309004
dacfdb2c,4,3,0,0.199215129351954
daf3969c,4,1,2,0.9811924576779366
db38d1f9,4,1,1,0.7531579124826988
db3b1dd1,4,3,0,0.26338592408619904
db49ac7c,4,1,0,0.8086752976991188
db609511,4,2,0,0.08341954684369896
db746de0,4,1,0,0.654964025659728
dbfa6d84,4,3,0,0.049233353495792054
dc168599,4,3,0,0.3134312603808728
dc33dcef,4,1,0,0.4540979961897282
dc4e9e2f,4,3,0,0.6486646748926141
dc52906a,4,3,1,0.37505332131617136
dc6870da,4,2,0,0.4821401799092543
dc81eac1,4,1,1,0.4168548015483182
dce2a54d,4,2,1,0.4406963133791725
dcffa5d6,4,3,0,0.3406935223242
dd02cfa1,4,2,1,0.5794439135199563
dd689eb0,4,3,0,0.012651754668542736
dd747bba,4,2,0,0.359884998230265
dd9c9576,4,1,0,0.40537522902876694
ddd9a88d,4,3,0,0.9071505685605983
de3750cc,4,2,0,0.14479932335254342
de3ecca9,4,3,2,0.8364721648667224
de742c5c,4,1,2,1.026478748000324
de961552,4,1,1,0.2828179448924702
dea0552b,4,2,1,1.0406798758697606
dee8b1bd,4,3,2,0.7247111559118883
dee9eb9c,4,3,0,0.7083080701551271
df4a0fee,4,3,0,0.5358864499908548
df4ab9b1,4,1,1,0.961575499189659
df4d2085,4,3,1,0.5122265048956383
df556fd2,4,1,3,1.1083619680708057
df98fbb4,4,1,2,0.5796330017860148
dfd87763,4,2,0,0.3105727680950552
e016d96c,4,2,0,0.6382946236885385
e0271395,4,1,0,0.20625365668491474
e0283d3d,4,1,0,0.07982194279600086
e049dab1,4,3,0,0.509856113799207
e0655da2,4,3,0,0.1576409696940737
e0706ce2,4,1,1,0.4414168401465582
e072b994,4,1,0,0.0906333416838968
e0736134,4,3,0,0.39281605043079254
e0767d64,4,2,2,1.0928392798814377
e0869709,4,2,2,1.068193691096696
e0a7f42a,4,1,1,0.5887760743283408
e0ad6550,4,2,2,0.3456491995638244
e0c4e965,4,2,0,0.6550509608040725
e0db55b1,4,1,1,0.8961418607719371
e0e35d4e,4,3,1,1.1307327263788038
e0eb3ea8,4,2,2,0.5955312582645313
e0fb3838,4,1,0,0.05980057603004607
e11be9c1,4,1,0,0.6671452911478343
e12c2944,4,2,2,0.6652545382902285
e15fe97b,4,2,0,0.5773675503552199
e16a4784,4,1,3,1.4181406311684714
e17b9cae,4,1,2,1.1551212084792293
e199d438,4,2,1,0.8698174193700761
e1a4575f,4,1,0,0.34046206952015456
e1af39f8,4,2,1,0.5923585124020274
e1ccc3d1,4,1,0,0.208579164121241
e1e02e28,4,1,0,0.2361606125449795
e21255e2,4,2,1,0.7788554693170018
e22cf08a,4,3,0,0.21953440006056724
e23a8a0a,4,2,0,0.3098674303205389
e243119c,4,2,0,0.35056551952432713
e252dcb6,4,3,2,1.3205620594682395
e28c0bfa,4,1,1,0.7583885972080721
e296c5e4,4,2,0,0.2015690928408918
e2cb8401,4,3,0,1.2832460877485579
e2d370a2,4,2,1,0.7497010997026319
e2fcc91e,4,2,0,0.26172104316494166
e315fdd7,4,1,0,1.0114371222731258
e318ec9a,4,3,0,0.24274947530643304
e328a032,4,1,0,0.5884363979126686
e345b271,4,3,1,0.24688796649270695
e34b9430,4,1,1,1.1568063508425905
e362108f,4,1,0,0.6802462578423919
e37d000b,4,2,0,0.2530177710612808
e3a6f97f,4,2,1,1.029658057193914
e3aa85a3,4,3,0,0.3381238607629882
e3aa9dcb,4,2,1,0.8735444186850847
e3af914a,4,2,1,0.7854675694733908
e3bce7e1,4,2,0,0.7545605533423332
e3cec795,4,2,1,0.24381140693463504
e3d5aab8,4,3,0,0.04846172474979504
e3f71f7a,4,3,0,1.0369154934376668
e40319d7,4,2,1,0.5080579231106743
e46417a7,4,3,0,-0.05211418276709057
e4762a2b,4,2,1,0.6229850435125365
e47c1eb7,4,3,1,0.6298982927348633
e4a2e3bc,4,2,2,0.6003420240524321
e4ab3b12,4,2,0,0.233348492985261
e4b47411,4,3,1,0.6206677359814242
e4d5bf2b,4,1,1,0.7138609644285504
e4db6712,4,2,1,0.5260296889651218
e4e58096,4,1,0,0.5755254000718257
e4ee6ff3,4,3,0,1.019373546765919
e5349ce2,4,3,0,0.1623960622574191
e537418f,4,2,1,1.0496245677355462
e56b2209,4,1,0,0.38846557847200347
e5b902bc,4,1,2,0.8516875630482668
e5d77ff3,4,3,1,0.8414777630469723
e6169c6d,4,1,0,0.27323508651551054
e63000c5,4,1,0,0.056200386822349846
e63a0ea8,4,1,0,0.10445416657657203
e664dd71,4,3,1,0.01963404716385586
e683d2c9,4,3,1,0.7107982918228328
e715739b,4,2,1,0.5055468532437914
e72af462,4,3,1,0.7598593575531665
e739c579,4,3,1,1.0180104096565752
e7401605,4,3,0,0.06263605363509772
e754411f,4,2,0,0.8300362080705368
e76ad778,4,1,2,0.9256595118227902
e79487a3,4,2,0,0.2241539360720437
e7d08824,4,1,0,0.8383646890099786
e7db432d,4,1,0,1.0652763207543985
e7db9aef,4,2,2,0.7316140885243996
e8313da5,4,3,1,0.20583824225809105
e86bb780,4,3,0,0.0785645025889462
e88aa867,4,1,0,1.3260964696493736
e892aec6,4,3,1,0.22246048415920472
e8ac21d2,4,2,2,0.6346053471881382
e8af663d,4,3,0,0.5124200260458217
e8b64419,4,3,0,0.7628338740560991
e8d9d5ea,4,3,0,0.5695278194922408
e9030ab7,4,1,2,0.8833132166092885
e912c973,4,2,1,1.2605646474489636
e93cce44,4,1,1,0.4606310691884186
e96763c1,4,2,1,0.7861966923079295
e96da61f,4,1,0,0.22961957379181502
e9a6c514,4,1,0,0.33751476522665735
e9b642a3,4,3,1,1.2751533825108732
e9ca5586,4,3,0,0.37814510316573435
e9d94c4e,4,3,0,0.5624359817025405
ea38bd63,4,1,2,1.5114813416980322
ea4619ec,4,3,0,0.4109909966636771
ea544af3,4,1,0,1.1034606046239772
ea7277b4,4,3,0,0.44589969287234277
ea7adcd6,4,3,0,0.6870859723294099
eaa4821d,4,1,0,0.17541271747776416
eaab7a96,4,2,0,0.6696540415995387
eac08386,4,3,0,0.17046135305414684
ead25f13,4,2,1,0.29780841703809596
ead871be,4,3,2,-0.04854278020133096
eaedb188,4,2,0,0.4358895854349498
eb5c46b0,4,1,0,1.3899168878771992
eb749e46,4,3,2,1.177057233602615
eb93a46a,4,2,0,0.2634359580530962
eb9a846d,4,2,0,0.5458977044808951
eba27772,4,2,0,0.13457733271847916
ebd15fdc,4,2,1,0.6322681732993772
ebd6f819,4,1,1,0.8406361890934848
ebf2b0c9,4,2,0,0.4881766626775331
ec015bbb,4,2,0,0.08459647874718534
ec0f4afa,4,2,0,0.3993911952173008
ec13a1b9,4,1,2,0.34864430681306613
ec220299,4,2,0,0.8473729175528681
ec4a1461,4,3,2,0.9977817133252218
ec619149,4,2,0,0.6652870106222311
ec65cd62,4,3,0,0.41067655212293097
ec6b57b4,4,3,0,0.7041639591725671
ec850b10,4,1,0,0.9767718501591915
ec890dbd,4,2,1,0.4255823996662802
ec9044f5,4,1,0,0.6370255231816466
ec9179b7,4,1,0,0.1198729741777263
ecb1c038,4,1,1,0.5099532273924278
ecbdbe55,4,3,0,0.1868114778945133
ecd25dd1,4,1,0,1.2284216172493396
ed0b3906,4,1,2,1.4985541555801758
ed329c15,4,1,1,0.9490068825762096
ed50a6f6,4,3,2,0.7221806178006301
ed711416,4,2,1,0.41742932385844866
edb9d0f3,4,2,0,0.32323290517355585
edbf35f3,4,1,2,1.2496314769289452
edc44560,4,1,0,0.7290324442142508
edca760c,4,2,1,0.6294593223082317
edeec50d,4,1,0,0.2951313542692329
edfe1f8d,4,3,1,0.7376205070474798
ee0fa75a,4,2,1,1.0712701314258706
ee2bf575,4,3,2,0.915909667953255
ee654259,4,1,1,0.2036675696454665
ee74be35,4,2,0,0.5377585296105788
eea74d46,4,2,1,0.17799336899873475
eec0d188,4,2,0,0.2426377076101326
eeedcd5e,4,3,1,0.761529386279291
eeefa792,4,3,0,0.4406342505034569
eef79620,4,2,0,0.9349478394031884
eefeb431,4,2,0,0.7852480427911401
ef07f833,4,3,0,0.10983624831806132
ef1b858a,4,2,0,0.21638221849769168
ef4ae515,4,2,0,0.12240184265195703
ef58dd3c,4,1,0,0.6954164261695995
efa35d35,4,2,0,0.4318598824605271
efc2bc05,4,2,0,0.6736186582077393
efcef0d6,4,1,0,0.7208948583278448
f015a18c,4,3,0,1.1747698406840343
f043be76,4,3,0,0.8239043016565558
f0957ca1,4,2,2,0.6320808562880315
f09a076a,4,2,1,0.8220244250206619
f0b5d026,4,3,2,0.7193187305156135
f0d76b32,4,3,1,0.49518229424989
f1049268,4,1,1,0.7093743573297354
f11e17c0,4,3,1,1.2071638473469022
f13cb65e,4,2,2,0.571602812498668
f14e55d7,4,2,0,0.9431637245726054
f15dca1b,4,1,1,0.6575439702893546
f1702318,4,2,1,0.5859512553552316
f1a16e58,4,3,1,0.5333799623136665
f1baabc1,4,2,1,0.3554638245291737
f1bd0f59,4,3,0,0.782057751757627
f1c3cb6b,4,1,1,0.9896695424577217
f1ee75bf,4,1,1,0.35229087377168045
f220a837,4,3,1,0.8465787349657804
f240387a,4,2,1,0.30393502818817764
f2499682,4,2,0,0.16703646307686715
f2649b91,4,2,1,0.799036095792972
f285b43c,4,2,1,1.0240067311134207
f29d4094,4,1,1,1.1173233594221301
f2d4efd8,4,2,2,0.8554721891825128
f301e7a9,4,1,0,0.38280425415427854
f3020788,4,1,2,1.190393866975629
f35b607c,4,1,0,0.7851610548058165
f3600deb,4,3,1,0.37704923211609515
f3a1dd3b,4,1,1,0.6760605623439524
f3aac45a,4,3,1,1.0127466993439636
f3d22832,4,2,0,0.35185299356895783
f3fbe6c9,4,1,0,0.8243091146759275
f4114031,4,1,1,0.7550396977930515
f420b05a,4,3,0,0.11690707944991618
f4223e3a,4,1,2,0.4822921569132984
f44f1227,4,1,0,0.4119542384835414
f47a67cc,4,2,0,0.08378179023617693
f497dd7b,4,1,0,0.6228992188468848
f4d2f5af,4,3,2,0.7487115949194036
f4ece6b5,4,1,0,0.24768947151985177
f5369cea,4,1,0,0.12635235469750639
f566e5cc,4,3,1,0.7921531280756944
f567a1af,4,1,0,0.1584379291857016
f584742f,4,3,1,1.1767072151389728
f58ddd4a,4,1,1,0.5984043323306605
f5b2acf0,4,1,1,0.47741625103507795
f5d4c82e,4,3,1,1.0788064380212388
f5e64c94,4,2,1,0.7041784124954182
f6284dcb,4,2,0,0.4584012171403989
f62b317d,4,1,0,0.8123529929824064
f64ae747,4,3,2,0.7785648397497874
f64e1d85,4,3,2,0.304800989423607
f64f877b,4,1,0,0.33200997916722075
f67908e7,4,2,0,0.32672473642598326
f6b719ee,4,2,0,0.13242539317505592
f6c0e2b7,4,2,1,1.0718704040078617
f6cc80a9,4,2,0,1.0856570622164583
f6d3a5ad,4,3,0,0.46659320197437976
f6d6f400,4,2,0,0.9966980175028299
f6d879aa,4,2,1,0.960974203738697
f74c45c1,4,3,1,0.8993538858288022
f74eda33,4,3,2,0.7497731431387935
f75c957f,4,2,0,0.10172274701644102
f77c2636,4,3,1,0.9387040778513885
f7b1374e,4,2,1,0.8281791666070017
f7fc97cf,4,3,0,1.1489894689351137
f804c9f3,4,1,1,0.9461702201259992
f81598bf,4,2,1,0.5841120648524922
f848f42b,4,3,1,0.4122964384989359
f8674e15,4,3,1,0.6087284767468945
f869d220,4,3,1,1.3042403431389484
f8b08332,4,3,0,0.5202290258675905
f8bf4a1c,4,1,0,1.285061893255247
f8d293a0,4,2,0,0.17115773508409243
f8e3467e,4,1,1,0.3970735030857809
f922ae21,4,1,0,0.5936024957657976
f93010a8,4,2,0,0.46232028704175554
f9334e08,4,1,1,0.06742370203727321
f9384fa2,4,3,1,0.9702018909463758
f958efdc,4,3,0,0.7860144976736485
f9897bf1,4,1,1,0.23848370754833637
fa293db8,4,2,0,0.341568948497303
fa29ab47,4,2,0,0.20341905447043795
fa34f945,4,3,1,1.3011406461109598
fa3e1e21,4,2,0,0.25736507693055793
fa472647,4,2,1,0.61461136176106
fa4f0329,4,2,0,0.4274086926364381
fa62d7b1,4,2,0,0.5709532731740358
fa633e39,4,3,0,0.5066937215603126
fa78d819,4,3,2,1.3205775834894327
fa9a0add,4,2,0,0.13471497125344745
fad07fce,4,1,0,0.5031894939515007
fb04f7dd,4,2,2,0.36034476568581575
fb22e454,4,1,0,0.7896650802661187
fb2ddbd1,4,1,2,0.5573723242320267
fb9982a2,4,3,0,0.19603924042716042
fb9b060f,4,2,2,1.3170789034047983
fbb39bfe,4,1,2,0.920693095714521
fbc6ade7,4,2,1,0.13086734528659716
fbda3966,4,1,1,0.6460646489643973
fc1912e3,4,3,1,0.6936506104426755
fc2c2c08,4,2,0,0.3714575593346078
fc49ba65,4,1,0,0.16259745586179414
fc8e4de4,4,2,0,0.2886426116910087
fd028ecc,4,2,0,0.20064073919050962
fd0d9bca,4,3,0,0.014337066608039462
fd3448d9,4,1,2,0.4834438353061642
fd5589f6,4,3,0,0.16398797305976764
fd56e059,4,1,0,0.33666209727726815
fdb6b48b,4,1,0,0.5852967244117082
fdc11b96,4,1,0,1.2356194769748257
fdd9799f,4,3,1,1.2238370055176877
fdea7d9e,4,3,1,0.9960405973281233
fdf4691f,4,2,0,0.5825844661702274
fe102a25,4,3,1,0.3560926425277171
fe5e2dc9,4,3,2,0.5263663600733428
fe9c71d8,4,1,0,0.1992090849796863
feb53635,4,1,2,1.508332603168029
fecc07d6,4,1,0,0.08554816588081954
fee07f32,4,2,0,0.27515594323148146
fefaffe0,4,2,0,0.5464052253816446
ff18b749,4,2,0,0.476961332582291
ff6c2bb8,4,2,0,0.4877032114141341
ff759544,4,1,1,0.1962110016579084
ff8a2de4,4,3,1,0.8099959639750566
ffcd4dbd,4,2,1,0.8355521886822277
00008ff9,5,3,2,0.4631483247509381
000fd460,5,2,0,0.32789675451317957
00105258,5,3,0,0.512947683560401
00115b9f,5,3,1,0.2164175176448746
001f3379,5,2,1,0.6796227472040174
0038ba98,5,1,0,0.6651831435994857
00abe655,5,3,0,0.5035187868684644
00ae59c9,5,3,1,0.7981506058929295
00d56d4b,5,3,0,0.0008659847195049419
00e6167c,5,1,0,0.5401762753596421
00f332d1,5,2,1,0.8978935111988671
00f574e9,5,2,0,1.1262315782032544
01085eb3,5,1,0,0.9645926549989348
011e71c3,5,3,0,0.8638596221614647
012cadd8,5,3,0,0.4225003658365194
012e3869,5,2,0,0.13754725507848953
015ba5b1,5,1,2,1.088741352045751
01cae1ef,5,2,0,0.7182043881813248
02073150,5,1,0,0.20628740589951927
0219f64a,5,2,2,0.422829361496061
02347f13,5,2,0,0.7630173288005238
026102c4,5,2,0,0.1885345466809577
02648a1c,5,2,0,0.6395530485622851
026fcbc3,5,3,0,0.7347352375545175
02a01f18,5,2,0,0.24262005821643945
02cebf33,5,2,1,1.0299885588480635
02cf7384,5,3,0,1.031129260932346
02e56a7c,5,1,0,0.42168839786841383
034f923b,5,3,0,1.30310814450027
0357a10e,5,1,1,0.2872717802170885
035c96dd,5,1,0,0.5647380308640594
0380e709,5,2,2,0.6346357412099892
03833cec,5,2,0,0.21081993082077083
03a5c2d6,5,1,0,0.5528201964853424
03a9019b,5,3,1,0.6631603035910726
03bf5026,5,3,0,0.4589617543629458
03f1c1c8,5,3,2,0.8286279310581428
045a0a94,5,2,2,1.0570916476451577
0499c3e8,5,1,1,0.5979991921214599
04af8fdd,5,1,0,0.5190620689340681
04afb6f9,5,3,2,0.7939446219502734
04b3cc70,5,1,0,0.48129655200677157
04bb1a76,5,2,2,0.6722246507334229
04cb2c30,5,2,1,0.49605902022188086
04dc7df1,5,3,1,0.36793707003302106
04f094a8,5,2,1,0.5583545277940257
0506b9cd,5,3,1,1.2507371650768144
051680a0,5,2,1,0.3289594301884725
051f73ae,5,3,0,0.49370390697583605
055156e2,5,1,2,1.1323448124994036
05777ce1,5,3,2,1.6039007862171113
0598f669,5,1,0,0.4921720198177146
059e02ab,5,1,1,0.8651113170630343
05bbed1b,5,3,0,-0.03504974533338079
05bc318e,5,3,1,0.8690821359979662
05d3d73a,5,3,0,0.24971864498519258
05db1b9b,5,2,0,0.41614870709721064
05e67680,5,1,0,0.624059899781574
05e94f88,5,2,0,0.34248474548774727
05f2d1b5,5,3,0,0.16494133882050854
0632d98a,5,3,0,0.43295271567550453
063b16fc,5,1,1,0.8430538331771232
064e8da5,5,3,0,-0.03028195089214869
065801e3,5,3,0,0.774968431647807
066343d4,5,2,0,0.2922357236100667
0668373f,5,3,2,0.44761750072966455
067b9287,5,3,1,0.44911017478282866
06c7dcff,5,3,0,0.42341165543689624
06c8b2fb,5,2,0,0.1173502066617263
06eb8adb,5,3,0,0.11905709298090184
06ec8be3,5,1,1,0.40650561242539374
070386b2,5,1,0,0.6820718470114513
07048067,5,1,1,0.6620445274442692
0745c390,5,3,1,0.5871832677421505
077ac7a2,5,2,1,0.24605011126322762
07d879cf,5,2,1,0.7531100179134378
080698b7,5,3,0,0.4887450536197826
08159c5e,5,3,0,0.6659375385828846
08660d12,5,1,2,0.9548227961749286
086d6e7f,5,2,0,0.2737991732300584
0884aca8,5,1,0,0.4567489932609728
089a6b19,5,2,0,0.9284389670779607
08fa44ad,5,1,1,0.3326398164836729
092494ec,5,2,1,1.1750642985310735
0924b815,5,3,1,0.0942465425256529
092c29b9,5,2,0,0.3107089681282448
096bf063,5,2,2,0.7711114535742138
0983654b,5,2,0,0.381372478306462
098b5836,5,1,2,0.9862699890115453
098d3c32,5,1,0,0.3240867135091352
099e3614,5,2,0,0.57642926895326
09b29113,5,1,0,0.23214184740297167
09d80057,5,3,1,0.3266873540122356
09eeec14,5,2,2,0.376277083642985
09f44fd2,5,1,0,0.2791574224890141
0a1afc11,5,2,0,0.24574707880658092
0a418b57,5,3,1,0.5305619810383808
0a540797,5,3,0,0.3251581906956756
0a775819,5,2,2,1.1242974339731138
0a822c93,5,1,1,0.9356173446880178
0a9159f8,5,3,0,0.377991651481811
0a995f99,5,3,0,0.42750470938901763
0aa90ce7,5,3,0,0.5945719266973095
0aaf08ec,5,3,1,0.7152533746267082
0ac521c8,5,3,3,0.9904673590600119
0ac5e12f,5,2,1,0.3071972187381716
0acac70c,5,3,1,0.9955128095471094
0adf511d,5,1,1,0.49072267839028944
0afb2535,5,3,0,0.4645786145405405
0b4f597e,5,2,0,0.22900860507720922
0b50f3fa,5,1,1,0.5948356279952777
0b518637,5,3,0,0.11099588362949925
0b6b07f6,5,1,0,0.28561307908007266
0b7d7aec,5,1,0,0.8496635370445078
0b7d9da6,5,3,0,0.22904676821213477
0b9fcc42,5,1,2,0.4188487956389369
0ba53e53,5,3,2,0.10202842577768328
0bd89878,5,1,0,0.2687873211497508
0bdace00,5,1,0,0.3866207291189522
0bfe4fc9,5,2,1,0.6613427515493522
0c0a1576,5,3,0,-0.03015228590240071
0c3d88cb,5,2,0,0.2225264744536512
0c4e2d68,5,3,0,-0.023563501251033014
0c4eabac,5,3,0,0.13348401645450764
0c794cf7,5,1,0,0.1803475697516247
0c83af0f,5,2,2,0.6268623253487065
0c8efce0,5,3,0,0.09413291897608567
0c98f822,5,1,1,1.0213733164801493
0ca08054,5,3,2,0.37737547554776785
0cbe4e54,5,3,0,0.6857626901208778
0d01bbf2,5,2,0,0.30552484848182837
0d279d77,5,3,0,0.5971292180881772
0d34aee4,5,3,1,0.8986647577791353
0d394928,5,3,0,0.3478708398564224
0d4800c8,5,1,1,0.9232408043908097
0d4fa8f4,5,2,1,0.17245904802519813
0d74d0ed,5,2,0,0.8363938749108634
0d924604,5,2,0,0.19674444752811648
0ddab8ff,5,2,0,0.25581584762845033
0de01ae7,5,3,1,1.0009717283019088
0df44f9e,5,1,2,0.8626874518632837
0e1cf9b8,5,2,0,0.27479485967973777
0e1f7fed,5,1,0,0.22833817374724047
0e3b0bd2,5,2,0,0.13161819118555218
0e951124,5,1,3,0.8426335919064512
0e9c1be6,5,3,1,0.46292159474914996
0ec403df,5,1,2,0.9662917741142907
0ed2a3c8,5,1,1,0.29894639586793054
0eddd8e5,5,1,0,0.49417487815679106
0ee70b3e,5,3,1,0.7379664631027769
0f9b8e65,5,3,1,0.5999732225936485
0fbb3ca5,5,3,1,1.462637422589566
0fc19fd9,5,1,0,0.15780296748831674
0ff6ac09,5,3,0,0.5684271900060318
101774f0,5,1,0,0.09910874992189067
10258585,5,2,1,0.21917771793359997
105e3f96,5,1,0,0.7332455061124893
108b8659,5,2,0,0.19012165607427522
10ad8c48,5,3,2,1.180833778445404
10be7f09,5,3,0,0.08827748006040803
113f5798,5,1,2,0.8510022273693758
115d3db4,5,3,1,0.4004209806833945
11739de2,5,1,0,0.6264340860785553
118b7733,5,2,1,0.4254134948342933
119d7562,5,2,1,1.1297502513091549
119dd2e1,5,2,1,0.3573519387255045
119e181e,5,2,0,0.08598211087440905
11be5d2e,5,1,1,0.676468619150097
11d1a5ac,5,1,0,0.5612368319439736
11f7253c,5,2,3,1.3316876303681888
11f9b26c,5,1,0,0.14434535214287325
12380b06,5,1,0,0.7154070562800291
1286dab7,5,3,0,0.12789246683876176
12a607f6,5,2,1,0.418210707475721
12cbf30c,5,3,0,0.9081458725969513
12cfb064,5,2,0,0.12744167533241318
12f37ff2,5,2,1,0.21917765904562236
1307c41a,5,3,0,0.3093220691670889
1314bc8c,5,3,0,0.947594401898348
136894bc,5,3,0,1.0681157731842903
137baaec,5,2,2,0.6735089532433992
13a5e288,5,3,0,0.30157997110289275
13cdb63a,5,2,0,0.12625464456261476
13d23890,5,2,0,0.8588577258707528
13d2c419,5,1,0,0.1573886745099246
13e46923,5,1,2,0.5101576166285746
13eee030,5,1,1,0.6382397243318981
14109652,5,1,2,0.982617154868704
1420b16e,5,2,1,0.8533796339939193
1429abf1,5,1,0,0.3147090337678417
144a9a79,5,3,2,0.4678666613540221
1455e657,5,1,0,0.13349595027188782
14568d61,5,2,1,0.2952809327161131
1458a9d2,5,1,0,0.36305086029373845
1470a1df,5,2,1,0.47949358959081056
147c4374,5,1,0,0.1591800712976963
14a6e58e,5,3,0,0.3557747496369016
14b3d6e5,5,1,0,0.12408782605733865
14b8dd2a,5,3,0,0.716646234271709
14b999b6,5,2,0,0.5171431435783942
14c12974,5,3,0,0.06513590358716526
14dae995,5,1,0,0.6786693179785224
14e00ce0,5,1,0,0.18819836043866045
14eac885,5,1,2,0.7426916097250114
15227eef,5,1,0,0.7827611492041671
154d1191,5,3,1,0.02776328035299236
1551c806,5,3,1,1.1548031425866172
1562998a,5,1,0,0.9710972102297236
157b271f,5,2,3,1.1419827587009577
15a2364d,5,2,1,0.7339238835527766
15d702f8,5,1,0,0.3529499544056399
15dbc929,5,3,0,0.18711946110631866
15f217a6,5,2,1,0.6453851443204093
15f2e240,5,1,0,0.20703027234000393
1606f203,5,3,0,0.4242036927308226
1649ce22,5,1,0,0.3004940006791984
164b29ed,5,1,0,0.2755687350989178
164edc75,5,1,2,0.9602213968453246
16bf9efe,5,1,0,0.6247556132896068
16e277aa,5,1,0,0.714971986625776
1713348a,5,3,0,0.37481214802193874
176f33fb,5,2,0,0.2815499250346515
177f25ab,5,2,1,0.4864774342287422
17b08109,5,1,0,0.2639042948212979
17c1ae23,5,1,1,0.3855612061754168
17e9cba0,5,3,2,1.0691058991915912
18154f3a,5,2,1,0.8303603152367716
1824417f,5,2,3,1.1301445186544221
1837456f,5,2,0,0.6232399216510397
18400e8e,5,1,1,0.7827226989673263
18506cf3,5,1,0,0.573183189641009
1894884e,5,3,0,0.10187664696960236
18962676,5,3,0,0.19550865050124583
18ab47f8,5,2,0,0.18319299329830313
18b79e9b,5,2,2,0.32583068093667855
18b8b2f6,5,1,1,0.3180955709360897
18f6e6db,5,2,0,0.2856300630990006
18fdbccc,5,3,0,0.4008936642516615
19098ef0,5,1,0,0.8221707277301964
1911731d,5,2,0,0.16124099274905868
19381499,5,1,2,0.6924878120483952
1943fb23,5,1,0,0.33369292177555737
19455336,5,3,1,0.911240878816368
1949438b,5,2,2,0.4120786130015254
1957153d,5,2,2,0.39231833100285
198e50c9,5,1,0,1.070580653826523
19b095d5,5,1,0,0.3323517025734124
19c49039,5,2,1,0.9696584567490989
19cc95e8,5,1,0,0.39413390227554956
1a1e8ac5,5,1,0,0.15798939092202247
1a23d282,5,1,1,0.7222347526533944
1a2412b3,5,2,0,0.5994844616257043
1a803bfe,5,1,0,0.33778139970547066
1a9f8375,5,2,0,0.5010994850681191
1aae1de3,5,3,0,0.8057634646462842
1afa48fe,5,1,0,0.34338734695591194
1aff6762,5,2,2,0.9986714120112035
1b2cd439,5,3,0,0.6712012491083472
1b2eea8f,5,1,2,0.9097491095679819
1b329556,5,2,2,0.7422139045571249
1b49c870,5,2,0,0.38192766743064976
1b5b34bc,5,3,1,0.4510263678280057
1b5fb26f,5,1,0,0.673433110750701
1b6be334,5,1,2,0.8013869898228188
1b6fb363,5,2,1,0.6334116401288362
1b73fce0,5,1,0,0.30523025116789515
1c063ebc,5,2,0,0.07269202164330046
1c23295e,5,1,0,0.7021746915397464
1c3b7f1a,5,2,0,0.43896443163245313
1c3c2b2f,5,2,1,0.24991709979378945
1c5ba087,5,3,1,0.9408972489561411
1c66daf4,5,3,0,0.8426821439631984
1c6ac3d4,5,1,0,0.33848825747443256
1ccf44f0,5,3,0,0.2228581569173559
1cf6dcef,5,1,1,0.32521363801822367
1d02812a,5,1,0,0.8924028445507752
1d041232,5,1,0,0.7630055886843518
1d11d488,5,3,0,1.2235394838787488
1d78b3c3,5,1,0,0.4882461103052294
1d7edb86,5,3,2,0.8591136030080788
1da37c60,5,1,2,0.6771522406368666
1dd90b53,5,1,2,0.7600710006706654
1de3c240,5,1,0,0.20549429200004982
1dfd6433,5,3,1,0.6816026795847359
1e08b1dc,5,2,1,0.8398324152041541
1e7dd854,5,3,0,0.20318177490413436
1e87baed,5,3,0,0.4429405041545399
1e986f93,5,2,0,0.13022646764312495
1eb206f0,5,2,0,0.6675542896263527
1eea376f,5,3,0,1.298550498841439
1eedf45e,5,1,1,0.593229497056701
1f2164a4,5,3,1,0.040202470116340705
1f5835cd,5,2,0,0.2255054645139536
1f5cefcc,5,1,1,0.7460247178062618
1f7bd44c,5,3,0,0.13735045376094718
1f881e3d,5,3,0,0.8964494640249117
1fc07a80,5,3,0,0.606971790321568
1feb42f2,5,3,2,0.6108420169713084
1fed3943,5,3,0,0.3537211266490489
1ffede3b,5,3,0,0.6413473469426606
20cefbaf,5,1,0,0.5947838704824059
20d7ecfd,5,2,1,0.6402812082100564
20df4cab,5,2,0,0.2603868856316737
20e8ca68,5,3,0,0.524581264678011
2114473a,5,3,0,0.4414283752504997
214f46e8,5,2,1,0.5837315418341408
215ca39b,5,1,1,0.4917748361872732
217ce5e6,5,3,1,1.1880087980106686
218faf6f,5,3,0,0.14753449564972965
21a76448,5,3,1,0.7611541066894475
21b835ac,5,2,0,0.22717091484960877
21c62163,5,3,1,0.44802861804589134
21e5833c,5,2,0,0.5050674052988242
21eb6d47,5,2,0,0.9577573719590893
21f58fba,5,1,0,0.3474148905632347
221e37e0,5,3,0,0.3230214225407995
22375702,5,1,1,1.3712313455746588
22447a95,5,3,0,1.4005331017845422
224fc39a,5,3,2,1.0417799670562553
22536a61,5,2,0,0.8098732466012274
22a71606,5,3,0,0.08374466223946386
22b4191a,5,1,1,0.6342848019572563
22c72c4e,5,2,2,0.5137939338897471
22e44415,5,3,0,0.4273715733615164
231f6db4,5,2,1,0.3009026465200963
232b7cb1,5,3,0,0.9402633962078006
233b9425,5,3,0,0.28424112466781043
2340e84a,5,3,0,0.4618096063755887
236d450e,5,2,1,0.3252828278607732
236ecde8,5,1,0,0.2633803537469486
23d1a58d,5,2,0,0.8125112640625595
23dafdab,5,1,0,0.4514737868720417
23e024bd,5,2,0,0.8724761251655835
23e71e7c,5,3,1,1.4203878717056835
23e7f79b,5,2,1,0.5544479991632255
24398aed,5,2,0,0.18090331347160477
247172f9,5,3,0,0.43537150947673786
249b6d68,5,3,0,0.9505723928578889
249d2266,5,3,0,0.16002121352016746
24a3b16d,5,1,1,0.9523593392426803
24b4bc6d,5,2,1,0.35855705197888366
24b75658,5,1,0,0.22473800062909027
24dac645,5,1,0,0.5299770938631588
24fb56db,5,2,2,1.063770705741239
252ebc5b,5,3,2,0.6206952513305954
253f5cb1,5,3,1,1.7360396172561317
25849c6c,5,3,1,0.4745981958370058
2586774b,5,3,0,0.5565627318466385
25a3a723,5,2,0,0.5635040232402883
25e752c8,5,3,0,0.14918616504930576
25eba023,5,3,0,0.06309386469975731
260f542b,5,1,0,0.2504785274534087
26190ddd,5,3,0,0.4272156398389142
2625767f,5,2,0,1.0091909738395535
26a4b61b,5,1,1,0.6397067884605994
26b1792f,5,2,0,0.2634219016133058
26b893f4,5,3,2,0.6170840249274224
26d31613,5,1,1,0.9725571068118518
26d541c2,5,2,0,0.5722747124979334
2715347c,5,1,1,0.9464222775948538
2760be91,5,2,2,0.46270361807160126
27724073,5,3,1,0.8096454017672768
277f5b32,5,2,2,0.7859755801798822
278e8a51,5,1,0,0.16922571637764977
279d0ec4,5,2,0,0.5525698690857979
27cd2a6c,5,3,2,0.8814423620723063
27d7e5e4,5,3,0,0.200961360690892
281174c9,5,1,0,0.6495491596754587
2812951b,5,2,0,0.5879115722742491
2840643b,5,1,1,0.2189755438185096
287f1349,5,2,0,0.8469500453382377
2891e36b,5,1,0,0.6792247612416205
2898269f,5,3,0,0.1331042751211171
28b91cf3,5,2,0,0.22489865511723978
28ba92e9,5,3,0,0.3699171376440611
28e8b2b2,5,3,0,0.33627220859725054
28f7e6ff,5,2,2,0.5711925202715221
28f99ddb,5,2,0,0.5768221362237524
2911ef94,5,2,2,0.9439655306077611
29587a31,5,3,0,0.29034521859628626
29886a85,5,2,0,0.3138571288180409
29a1d334,5,2,0,0.3525427766136995
29b37b4a,5,3,2,1.6361025367899877
29c54890,5,3,0,0.695522241040108
29e4911b,5,2,0,0.09797059421362203
2a0b8386,5,3,0,0.7450060440349681
2a3fcf9a,5,3,0,0.0841160730273578
2a6a6b92,5,3,0,0.6342135923576536
2a7b5b79,5,2,1,0.4471327521816871
2a85889c,5,1,1,0.5519095747083259
2a922ca4,5,1,0,0.21100660768496032
2a9e0dee,5,2,0,0.5942941646885596
2aa15e6b,5,3,1,0.27208790527522003
2aab37ac,5,2,0,0.4416403529825844
2ac0bd9f,5,3,1,0.7859181354614533
2af3c8d8,5,2,1,1.122816802393081
2afea280,5,1,1,0.9394387715847607
2b574ef7,5,3,0,0.11808825297981673
2bac0893,5,2,0,0.8615414506628098
2bad0db7,5,2,0,0.7905621313725955
2bbcfd43,5,3,0,0.16138271538152066
2bca454a,5,3,0,0.5860090326893336
2beaaf7a,5,2,1,0.6611278887056801
2bfc9187,5,2,0,0.7013429563564133
2c2dc20d,5,3,2,0.42185309168015456
2c3b09db,5,2,1,0.6105428885308133
2c406043,5,3,0,-0.016883454814587973
2c49257f,5,2,0,0.50485378220892
2c54d6c5,5,3,0,0.3551040040733762
2c56c930,5,1,0,0.5300935738912628
2c9a90e9,5,2,1,1.2248060488358135
2ca2206f,5,2,1,0.8548973055554463
2ca9811d,5,1,1,1.0177614260318602
2cc4b720,5,1,0,0.26336827164019094
2cd9b5a3,5,3,1,0.5479847358025057
2cda86bd,5,2,2,1.1834123781983745
2d0bbbd3,5,3,0,0.6079264793532286
2d286c59,5,1,0,0.6807080909577126
2d3ba6fa,5,3,1,0.23377280407300377
2da6bf6e,5,1,0,0.12185928862019768
2dbdfe11,5,3,2,0.48319393941823385
2e16053c,5,2,1,0.6624185607390841
2e17c497,5,3,1,0.31032189468592974
2e42573e,5,3,0,0.22319696979485215
2e4e045a,5,1,0,0.2368257693807322
2e5f5207,5,2,1,0.5885020626712897
2e7d888c,5,3,1,0.7203587045691476
2e8c9884,5,1,0,0.18778668584575675
2ea277d5,5,3,2,0.5355265865967191
2ebdadbc,5,3,0,0.32016565690238824
2ee0a1e8,5,1,1,1.033473056533098
2f0f2949,5,2,0,1.1016565179325433
2f12de00,5,1,1,0.5321209287671214
2f154763,5,2,0,0.15621554734968435
2f1af08a,5,2,0,0.1356119941021588
2f6b484c,5,3,0,0.07300576736510211
2f72f441,5,1,0,0.06496662490032323
2f7f0eb7,5,2,0,0.25684987605014153
2f81950d,5,1,0,0.17172410740631944
2f8ec752,5,3,0,0.36486080521671843
2fc568f6,5,2,1,0.9648158874714456
2fef897e,5,1,0,0.6138655091437418
2ff729d3,5,1,0,0.962092046769421
3046a5c7,5,2,0,0.3271624829180473
3055881a,5,1,0,0.9182791438848117
3065aa2f,5,1,0,0.6106588912658791
3093d29f,5,3,1,0.7394525195266095
30ac8a84,5,2,2,0.632188282145456
30b3f203,5,2,2,0.9191369627825766
30ba4252,5,3,0,0.2664921573506474
3133a6c9,5,1,1,0.5832311813645135
31349d8b,5,3,0,0.9544423555258811
3134b69f,5,3,1,0.6662284364659974
3146f878,5,1,0,0.35649230512924696
318ccc0e,5,2,0,0.39519107857230684
31d7a136,5,1,0,0.14836260332534668
31ddec50,5,2,0,0.9614326603776543
31f01671,5,3,0,0.028449288761896674
321202d4,5,1,1,0.5625983885670482
3216b978,5,3,1,1.0660629734842326
323ea319,5,1,0,0.5493674917589597
3268c574,5,3,1,1.2079275179919993
326c23c2,5,2,0,0.5691331355777701
327ef356,5,3,1,0.6771883359149614
32a9dac0,5,2,2,0.5435744737012623
32b8490d,5,1,0,0.525035358201947
32d0ebca,5,1,0,0.7164500901811834
32d262c2,5,2,0,0.42497546124841634
3305a981,5,3,2,1.2591209903047753
331733c7,5,1,1,0.7983833856008369
333be478,5,1,1,0.560466521881433
338146bd,5,1,0,0.6484971132554683
3399795b,5,1,1,0.42848107143062064
33a499ce,5,2,1,0.7560998251670684
33d60f7d,5,1,2,0.4487580975951093
33fe1b04,5,1,0,0.6405162537755122
342d43c7,5,2,1,0.8003637774281309
342edae9,5,3,1,0.16042348305021442
343460ab,5,1,3,1.5348272826631213
34362a9a,5,3,1,0.43577861788361244
3466c72a,5,3,1,0.48323983758192357
34c30fad,5,1,2,0.867545322501215
34eb79f9,5,1,0,0.7507233579450696
34ec5de4,5,3,0,0.7604760768997996
350dbeba,5,2,0,0.6266823794185248
35198c2d,5,1,2,1.076874093338595
351cd4ec,5,3,1,0.5348408036010176
35265670,5,1,1,0.412520226023264
35d2aa41,5,3,0,1.2777499074067213
35daea65,5,1,0,0.12996594941050188
35fa2ebf,5,3,3,1.219882329167047
36146fe1,5,2,0,0.9373679830935865
36473697,5,2,1,0.7265711941814006
36530d36,5,2,0,0.3120766958785747
3655395c,5,2,0,0.4033050735485192
36b8c9e5,5,2,1,0.5707530004772638
36c060b9,5,1,2,1.3296698168626537
36c1f189,5,2,0,0.26836253597416276
36e77bf0,5,1,1,0.5818673862748907
36fda5de,5,2,0,0.12882209893375018
370b47c4,5,1,0,0.8613557424392048
372a7950,5,3,1,0.7615826327324903
3738db26,5,2,2,0.8734373043340858
376e617f,5,3,2,0.9578793281719602
37995242,5,1,0,0.06001649941221432
37bcfa7e,5,3,0,0.9973666947829078
380029ef,5,2,0,0.38390620430888384
3820a945,5,3,0,1.275144746307208
3826be66,5,3,1,1.6586327134129772
384c3f27,5,1,0,1.2808623372206027
385819e6,5,1,1,0.22178985505902543
385a6557,5,1,0,0.45690282801662774
3875d4de,5,3,0,0.8050811577461632
38cccd6d,5,1,2,0.9464242896489335
38d53b92,5,1,0,0.4524951289695057
38ee12e7,5,3,0,0.8658444562977183
3901e707,5,3,0,0.1098649903013561
3913797d,5,1,0,0.4848481139270522
3918d854,5,3,0,0.027810011703096715
3934e29c,5,1,2,1.3144420492806692
394684ae,5,1,0,0.7224285726643658
394a6219,5,2,0,0.23068046084262456
3950aa00,5,3,0,0.8590310498768625
397efe7a,5,3,0,0.30473439080989545
3983d3cd,5,2,0,0.6550655411837021
3999e449,5,2,0,0.622092954435381
39bdbb00,5,2,0,0.12336157888819022
39c20e2a,5,2,0,0.7048507305376857
39d626f4,5,2,0,0.5489028254260295
39dd3538,5,1,0,0.1288967555648372
39fb1ad0,5,3,2,0.8485885323901421
3a33d579,5,1,1,0.5339102089627161
3a594acf,5,3,1,0.690216962076009
3a9d7bd6,5,2,0,0.24322424187462743
3ab0b1ff,5,3,1,1.1540928877739896
3acb5be3,5,1,0,0.280432446366531
3ae4ee9b,5,1,1,0.9490107090082598
3b047021,5,2,0,0.2878590587033763
3b112284,5,2,0,0.13526859783135597
3b1b9538,5,3,1,1.049508948604799
3ba48ca7,5,1,0,0.5022289117835899
3c2cf08e,5,3,0,0.1419396470726748
3c5c85e7,5,1,0,0.6466652923739554
3c7a7f32,5,1,0,1.1949807131297998
3c8f474a,5,1,0,0.3743046948067783
3ca35642,5,1,1,0.6482731835343243
3cc9cfa6,5,3,0,0.17914491407134592
3cd8802e,5,2,0,0.6153198267133483
3d20d9a7,5,1,0,0.6785893641058262
3d2c0bc5,5,2,1,0.8066738424716475
3d3dd3ae,5,3,0,0.7949959299170384
3d3fb503,5,3,0,0.25457599722621294
3d46429f,5,3,2,1.1391943413188481
3d48430d,5,3,0,0.2189761452816602
3d6143f3,5,2,0,0.17916308349602822
3d736110,5,3,1,0.922134157948566
3d8531f5,5,1,0,0.4063164925738078
3dcbc164,5,3,1,0.8614211121449832
3de1a622,5,2,0,0.17538593193164914
3de6a21c,5,2,0,0.17713924777321582
3e377cb7,5,1,0,0.5027434643037321
3e398bf9,5,3,2,0.926188499262844
3e5d5b58,5,1,1,0.1281597271207255
3e5ee48c,5,3,0,1.0111389294912887
3e7ee995,5,1,1,1.1604178303605766
3e9fd8d6,5,1,2,1.1644252709598288
3ebfbb4c,5,1,1,0.1600468786043528
3ede35d1,5,2,0,0.5331024424393092
3f20e14b,5,2,1,0.7496795054509652
3f2141da,5,3,0,0.4788811712040264
3f3a70c8,5,1,1,1.061229315853849
3f3d3809,5,3,0,0.09525607057593871
3fe59141,5,1,0,0.7709470894372578
3fe78116,5,1,0,0.6903124250965076
40087bc5,5,3,2,1.1684444983631848
40898508,5,3,0,0.9658968894975767
408bed19,5,2,0,0.4571902973898876
4093774d,5,2,1,0.8365846402585825
40aae75f,5,3,0,0.8106094548529865
40b904b3,5,1,1,0.5140554407132623
40cdadfc,5,3,0,0.25787282463355954
40e95163,5,3,0,0.26109456858277547
41052ced,5,2,0,0.48975310683309936
41185f8e,5,1,2,0.9864130495892428
4128aee6,5,2,0,0.301628160953187
4157be55,5,2,2,1.1411811527109441
415d5a1a,5,3,0,0.8762048898649004
416b6ba2,5,1,0,0.19421716590396831
4177e5e5,5,3,1,0.5536322445066665
41974cde,5,1,0,0.37353293138557053
419d05c6,5,1,2,1.0839628469738918
41cfd1db,5,3,3,1.5261664686081844
41d48900,5,1,0,0.7073469412143865
423610ac,5,2,1,0.4202196756273906
4248261f,5,1,0,0.16513896370724962
427037b2,5,1,0,0.1985533227167796
427fad9e,5,3,2,0.9036580527493454
4280076d,5,1,0,0.4330186910999849
428970d4,5,2,1,0.7210609956612286
428c37ea,5,1,0,0.4756425918016584
429cc266,5,2,0,0.3210397419347719
42aa29fb,5,2,1,0.4711778856177936
42c6f67a,5,2,0,0.24699946998127648
42dfc9dd,5,2,2,1.0211407009960114
4307d287,5,2,1,1.039546645131484
432a4c21,5,3,1,0.8566496969689599
432aff11,5,3,0,0.1355745592639846
43720c15,5,2,0,0.891174022030045
43d43363,5,3,3,1.6394608001771078
43e54b20,5,3,1,0.361907327448011
43f44f6c,5,2,2,0.6086308969495939
43f5d3c5,5,1,1,0.4310142838193516
43fdba8b,5,2,0,0.37784879284611683
440acf4f,5,2,0,0.1689506811218618
444131bc,5,1,0,0.2738046118490539
4442c376,5,1,0,0.311382410679175
446757cb,5,1,1,1.0490123052578066
44b8622c,5,3,0,0.951816042789946
44cbf5c5,5,2,0,0.25575482313436776
44eaea78,5,2,2,0.7178880302089179
4507da27,5,1,1,1.0027268944033128
4518ed77,5,3,0,0.2680070257690738
451b0cd9,5,2,0,0.19669182058221912
451c11b3,5,1,0,0.6691107239283797
4570c8b8,5,1,0,0.33562052366634854
45ea366f,5,3,0,0.1305567432913416
45eb32f2,5,2,2,0.9528371642784843
46170319,5,2,0,0.21868259537710139
464a75fb,5,1,1,1.3001049924671586
465d3273,5,2,1,0.825434138082044
466752d9,5,1,0,0.5548292545953561
467c549f,5,1,0,0.24036037299577978
46850373,5,2,0,0.36155062082406486
471e4d12,5,1,2,1.1301688471261229
47240aa3,5,3,0,0.2943824549512819
47350ac6,5,2,0,0.9126238036613578
475ebe47,5,2,0,0.2176358501162587
4777151c,5,1,2,0.9978886200195786
47a52eb8,5,1,1,1.1004490514034848
47c1f368,5,2,2,1.0646642816250926
47c3b47c,5,3,1,0.3206754699229041
47c55e13,5,2,0,0.5255488011475055
47fef4fc,5,1,0,0.3065536365128637
4829f7ca,5,2,0,0.7319845676692258
4859a9f9,5,1,0,0.17816609004043393
485d7c69,5,2,0,0.4367940864822692
489fa831,5,3,1,0.4882515949880561
48c205d9,5,3,0,0.5341397414887109
48db8ecf,5,1,0,0.2212870179534146
48e69212,5,2,0,0.4179658688786015
491bf457,5,2,0,0.6043470536619091
4940a214,5,1,1,0.723990828641124
494eba8a,5,2,0,0.4090353915060231
4950e24c,5,3,0,0.929121008828254
499d4499,5,1,0,1.0047077731959027
49a1931d,5,3,0,0.3670228895233377
49e4eade,5,1,0,0.5112360932388801
49f38606,5,1,0,0.2537526677471618
4a0b1b9d,5,1,1,0.6125682731898607
4a1440d9,5,3,2,0.4353868632356661
4a17b463,5,1,0,0.28122792264137103
4a21eb0c,5,3,0,0.9453991586946185
4a3b6521,5,1,1,0.3454436476917901
4a4a0f78,5,1,2,1.0631713117002226
4a62661a,5,2,1,0.5098111112816032
4a68d751,5,3,1,0.9093232132247984
4a69e534,5,3,0,0.10085508794765385
4a6ea9de,5,3,2,0.8062757542405248
4aa87859,5,2,0,0.36559137287975346
4afa8a76,5,3,0,-0.045436497504957596
4b1f6855,5,1,0,0.2660876379183826
4b20bce7,5,1,0,0.32104045376705703
4b3c7594,5,3,1,0.2763182979229737
4b3db4f4,5,3,0,0.37905430401766715
4b51db3e,5,1,0,0.07266094647351795
4b71830a,5,2,1,0.8027092863674253
4c238671,5,3,1,0.7372439605773784
4c8dfaf0,5,2,2,0.557184842312914
4ca242ea,5,3,1,1.2219023545564265
4cabd7aa,5,3,0,0.790708558517837
4cde1e34,5,3,1,0.3975387645917887
4d19854c,5,3,1,0.44528350514517573
4d2d9ef3,5,2,0,0.16457440497309384
4d41bb62,5,2,0,0.08907747077491524
4d5a8ce7,5,3,2,0.9834784245109301
4da4aba2,5,2,2,0.9318159172119949
4dc4ed56,5,2,0,0.4921300050013757
4dc86a42,5,2,0,0.34367553153193664
4dfb4e1d,5,2,2,0.9716171799417119
4e052db0,5,1,0,0.8171225426555379
4e314e47,5,3,0,0.1595968045631655
4e58d463,5,1,0,0.5821543482980042
4e6c7a75,5,2,1,0.4038139991314466
4e85505f,5,1,2,0.940207285574022
4ea4e6c9,5,1,0,0.2275223398469552
4eade67b,5,3,0,0.44205677330822724
4edb98d8,5,3,2,0.9039768131158725
4f059221,5,2,0,0.11000485688190631
4f20b188,5,1,0,0.45230595804338114
4f2d0925,5,2,1,0.6269085035228849
4f3b33ba,5,3,1,0.45344808091254496
4f93504a,5,1,0,1.1627465336118312
4f96d1e7,5,1,0,0.2301474883029635
4fd7e043,5,2,0,0.2886424928439156
4fe97569,5,3,0,0.8299967967909583
4ffa995b,5,1,0,1.2388690345045548
50242fa0,5,2,1,0.24112646766373858
504ed32b,5,3,0,0.16518643885505735
50707f1e,5,3,0,0.5392466180696271
508a0f98,5,3,2,0.9928193639414027
50a90725,5,1,1,1.0409252786523533
5124169c,5,1,1,0.9052203508424308
5132511c,5,1,1,1.1273115600616832
51364c23,5,3,2,0.7520775462960847
515dd683,5,1,1,0.7670358529515118
5180ff75,5,2,0,1.1685501455944993
518e5ae6,5,2,0,0.2089906328038349
51a349db,5,3,0,0.6752798233879935
51c15d22,5,1,1,1.1392108304989939
51eb8d14,5,3,0,0.5690902774296303
51f38b37,5,3,1,1.3182955574231852
51f3feb4,5,1,0,0.34022804720076705
5216ef61,5,2,1,0.9849684137636068
52219dbb,5,2,1,0.462343076122389
5264bb0e,5,3,1,1.224403683951559
526f719b,5,2,0,0.2472074481538259
527e796c,5,2,2,0.4902797214452771
528db82d,5,1,1,0.7424138531624042
52bd147c,5,3,0,0.37490552637013075
52e9e467,5,1,0,0.6357752894246558
5320dac6,5,2,0,0.8061058860716444
53621b84,5,3,0,1.2161334740476795
537dc410,5,3,2,1.320198464563715
53814642,5,3,1,0.42695115590963695
53905a2c,5,2,1,0.46189203721657085
53cf99f2,5,2,0,0.27689842917364643
53d20dc3,5,2,0,0.09940797922855776
53ea1e7c,5,3,0,0.2708108405327318
53faf893,5,2,0,0.07005311772731582
546bfb18,5,3,0,0.206211921579594
54854783,5,3,0,0.5677917279443747
54868027,5,3,0,0.18244836195558717
54945f30,5,1,0,0.6952013499238002
549712ab,5,1,2,1.1188429151217942
54b35de5,5,2,0,1.3379945163707436
54c87d3c,5,1,2,0.4489630762399255
54fef303,5,2,0,0.5678344157927113
54ffe872,5,3,1,0.238993459019553
55464fb7,5,1,1,0.41333441841759444
554e46e9,5,1,2,0.6076609023591214
556604d2,5,2,2,0.8926655429509243
5588f518,5,3,1,0.3548998426092838
55edb6ed,5,3,1,1.3849305780920687
55f9338e,5,1,0,0.3659984232017743
561f2797,5,3,0,0.23222437852468025
5637a5a4,5,2,0,0.2027588598276281
563ebc00,5,3,1,0.26523748769170347
56418caf,5,1,2,0.6095698386465682
56443aba,5,1,1,0.5479521697801891
56761daf,5,3,2,0.8989371859680122
567ecea5,5,1,0,0.44085943516952025
567fd23a,5,2,1,0.9782762163351488
568eb64b,5,1,2,1.0275218264380208
56c99b23,5,3,0,0.2117134914487332
56cb7161,5,1,0,0.2379956563977152
56d9dead,5,2,0,0.20923450251871795
56ef356c,5,2,0,0.2799854860083871
571907fc,5,3,0,0.477466012288127
574599a8,5,2,0,0.2153732752688785
574cb902,5,2,0,0.2316663271233516
5775ec58,5,1,1,0.7860739366900489
5779f2e9,5,2,0,0.3349271018878765
57c4f2b4,5,1,0,0.6302297242897426
57de6095,5,3,0,0.05102013521220172
57f6fa6c,5,3,0,0.048965815916785616
580a30c5,5,2,2,1.0398057688628202
58391429,5,2,2,1.2165218115751344
58900fd0,5,2,0,0.16556988971280218
58a255e6,5,1,0,0.24866664876833766
58ada72e,5,1,1,0.591549520062214
58de61f0,5,2,1,0.8866034703118626
58dfccdb,5,1,0,0.5097643633042687
592adca0,5,3,0,0.3515000480381457
59307c13,5,1,2,0.5735705879895194
593a7148,5,3,1,0.221516051853624
593b5cfa,5,3,0,0.1461387688990184
59402969,5,3,1,1.2639393754360402
5985f299,5,1,0,0.22149053859211537
599850d0,5,2,0,0.2552197847135522
59b7fc28,5,1,0,0.1447898348282296
59d7a3a9,5,1,0,0.31474503599717657
59ea397f,5,3,0,-0.04644261535409755
5a2c7642,5,2,0,0.2597230014283149
5a3005de,5,3,2,1.1747807191061606
5a313293,5,2,1,0.866702453076355
5a3d5e05,5,1,1,0.49323094382785276
5a4b3725,5,1,1,0.8955809591617258
5a5f6d41,5,3,0,0.5000102829464891
5a5f9fb2,5,2,1,0.4592254505546639
5a8712ae,5,1,3,1.108171450667335
5ac9eca0,5,2,0,0.1960677330616052
5ad85a02,5,3,0,0.4042429250539116
5af79adb,5,3,0,0.8953010300231505
5b299ae1,5,1,1,0.2347884752166406
5b2c9b83,5,3,1,0.631607544239306
5b4d2604,5,3,0,0.3116501868900581
5b9ff85e,5,2,1,0.5122016483245178
5c186496,5,1,0,0.2380727173766699
5c2c136d,5,3,2,1.1302439938354085
5d04624a,5,3,1,0.8561785272049675
5d3b6ea5,5,3,1,0.5515426762540583
5d48a5b0,5,2,0,0.1486718553740295
5d762840,5,1,0,0.9264245736454089
5d805d83,5,2,0,0.8434357921154261
5d885b20,5,3,0,0.06764678241978939
5dad24ff,5,3,0,0.9322901425673467
5db3db12,5,3,1,0.8984068836127013
5dc62fec,5,3,0,0.28527462247095836
5e08237d,5,3,1,0.5206822464948825
5e221c50,5,3,0,0.8425290141940774
5e2a9e63,5,3,1,0.21924093168014797
5e359a08,5,2,2,1.0254985413200495
5e415f05,5,1,2,0.7446254217744842
5e55e9fd,5,3,3,1.1406136792958526
5e57bd12,5,2,0,1.1663349645161603
5e614c1a,5,2,2,1.0880567166945276
5e6490e3,5,3,0,0.5360256685006745
5e6b528e,5,3,0,0.3419187178987975
5ea2c305,5,1,1,0.9926139172322919
5eb063e0,5,1,0,0.4627132004193113
5ed5f205,5,2,0,0.34688239620876604
5ee595e8,5,1,0,0.5497185371675736
5ef3d64e,5,3,2,0.7834314167049345
5f1b07e1,5,2,0,1.0305546081256156
5f281a62,5,1,0,0.5764299190896918
5f37ceb1,5,2,1,0.9792280413751213
5f7537cf,5,3,0,0.901827928828203
5f78f7b9,5,1,0,0.39142371256370856
5f9dddb4,5,1,2,0.686392760634577
5fa91358,5,2,0,0.5198630003265191
5fdfbe47,5,2,0,0.38116189778944487
603ab4ee,5,1,1,0.07606934591034431
605d6e05,5,1,0,0.46352341219622845
606e979d,5,2,1,0.7443514811171916
60c1ff37,5,3,0,0.5612069597968082
60d1fdee,5,1,0,0.19104496084154032
60d2774d,5,1,0,0.1955751025131009
60f8462b,5,3,0,0.16734584163504018
60fb7cb9,5,2,1,0.7034043015666382
612487a5,5,3,1,0.8099655416525388
612b3ff9,5,2,0,0.5727119012225063
613fc399,5,2,0,0.5386101001214302
613fc53d,5,2,0,0.323295825499187
614d5517,5,3,1,0.77285922814359
616fc21f,5,3,0,0.1855500543465739
6192e6b6,5,3,1,0.7484412510478708
6197a2ce,5,3,0,0.6923196921400355
620536d0,5,1,1,0.3089184291195522
621066ff,5,3,2,0.8632849263228224
622bb412,5,1,0,0.13433426322503228
6247cc15,5,3,1,1.1587624668134922
624b9e34,5,1,0,0.37218565193273695
626a608e,5,3,2,1.23091335925716
6277e13c,5,2,0,0.5238725354688357
62839132,5,3,0,0.370799658465461
62b873a2,5,1,1,0.4283819504479817
62cd5c74,5,3,2,0.6969603810581322
62d0cf97,5,2,2,0.9378665294562114
62f77d2f,5,3,1,0.5101705424296376
6332ad59,5,3,0,0.14145196166376345
63334478,5,2,0,0.33125247032214433
6344bba1,5,3,2,1.4933228553584672
635554d2,5,2,0,0.5607181645229581
63a00e40,5,3,0,0.3671624399499331
63d4ab9a,5,1,0,0.270193812896143
63d810bb,5,2,0,0.7150240617387859
63dd16ec,5,2,0,0.2363680087623125
63fc9770,5,2,2,0.8752280134364395
641697e6,5,1,0,0.27505454641143023
646a4c0e,5,2,2,0.6114875357824386
649ff6d9,5,1,2,0.9726692464182037
64b4005d,5,3,1,0.6341636894137265
64ed48c4,5,2,2,1.0391488632772188
650bf252,5,2,0,0.16834736723688304
6514c337,5,2,0,0.4544453681172687
654203ec,5,1,0,0.42984937969434484
658e66ec,5,1,2,0.9632126624154451
6595d479,5,1,1,1.0248840916955606
659fec57,5,1,0,0.5741073070122537
65af9f2a,5,2,0,0.34324518503872836
65dc81f5,5,1,0,0.7318543527882553
65fe69c0,5,1,1,1.2014571025640914
66094cfd,5,3,0,0.6243730736586691
6622b302,5,3,0,0.2860382102126638
665abfda,5,1,1,0.6214914904440447
66665e95,5,2,2,0.5194852059494174
6666aed3,5,1,1,0.7983968995507071
6672e527,5,2,0,0.2013665665549843
668a2fea,5,1,0,0.482298825312397
6699c999,5,2,0,0.31979699060134475
66d86d0b,5,3,0,0.8945619174821482
66ed301e,5,2,0,0.3087997847779199
66f044c7,5,2,1,0.5315913414916336
66f619e3,5,1,2,1.1876979413313098
6708fcd9,5,2,0,0.1581764343742496
672a32f1,5,2,0,0.22129961547192478
673a7e2a,5,1,0,0.14590940929174973
673e7be9,5,2,1,0.6475127558349141
677038b5,5,2,0,0.2731541678681183
6774ba64,5,3,0,0.30015011870148517
678598dd,5,3,0,0.10208199360875003
6795027a,5,1,0,0.3807576648986148
679ce4b2,5,1,2,0.8226773197405177
682327c3,5,3,0,0.2657140180911154
6826f0be,5,2,1,0.7225012673372796
683464ff,5,3,0,0.5839592037842842
685cc0f1,5,1,2,0.9495356933362742
68688509,5,2,0,0.5465227978258589
6885737e,5,3,1,0.5143071768307224
68be3d5c,5,1,0,0.3677490854347984
68be5113,5,2,0,0.10900670945992658
68d49292,5,2,0,0.3141970428505076
68e61f96,5,3,0,0.2599367673389764
68e7140b,5,2,0,1.2522684331845464
68fa4631,5,2,0,0.433119569992017
69074cf3,5,3,1,-0.0006036173823047442
69742f6f,5,3,2,1.0672413986554745
697c41d7,5,1,2,0.5954406609667634
697d894b,5,3,1,1.40025139254861
698b9067,5,3,1,0.41343902075872674
69ccea20,5,3,0,0.24099147504216623
69cdf9c3,5,2,1,0.5709485312139752
69fabb6b,5,2,2,0.9541112487384241
6a04461f,5,2,2,0.3660749902867779
6a138911,5,1,0,0.49041360087240937
6a16089d,5,1,0,0.5202516131072533
6a2c6073,5,1,1,1.1154922495352495
6a4df6ff,5,2,0,0.08869854642449132
6a6da46c,5,1,1,0.6438935266671378
6a7d07fb,5,3,0,0.29116386896622076
6a837387,5,1,0,0.1301527299602983
6a83a423,5,1,1,0.5352801801261843
6a864b11,5,1,1,1.105760152665805
6a98537b,5,1,0,0.2516543098282334
6a9f0db7,5,2,0,0.13722456830988305
6abd2bd4,5,3,1,0.8911705026713346
6abe8b60,5,2,0,0.25191175927378934
6ac5763a,5,2,2,0.8840226854818918
6ac5eaaf,5,2,1,0.25432588880110213
6ae1473e,5,3,1,0.26053729066059556
6b4b8c14,5,1,1,1.0207990728429646
6b6467f4,5,2,2,0.9091146987415304
6b773506,5,1,1,0.8339670898833601
6b9a25e6,5,1,0,0.20333083465965052
6be0f069,5,2,0,0.44489516765990633
6be56337,5,2,0,0.9030814065383086
6becb599,5,1,0,0.08904984805005178
6c0fe935,5,1,0,0.9221170186453519
6c2edc91,5,2,0,0.847229333367485
6c319d99,5,2,0,0.3606361422603404
6c4902c8,5,1,0,0.6355947254883881
6c6cd633,5,3,2,0.499442032769514
6c737069,5,2,1,0.24099698214157195
6d5944a9,5,3,0,0.10072832859067804
6d5c5afb,5,3,0,0.35823993335570525
6d707ac3,5,2,2,0.8887675088719835
6d70e716,5,3,2,0.4998120701225376
6d7ba819,5,1,1,0.1616393910670922
6d855495,5,1,0,0.6725216721847885
6db14d48,5,3,1,0.4330276485616429
6e0ec0fe,5,3,1,0.8349231511505002
6e128c6b,5,3,0,0.9383304877760034
6e5606d5,5,3,1,0.3245634093399296
6e68bcfd,5,2,1,0.6458267514572734
6e695d70,5,2,2,0.45951804988313744
6e6d895f,5,3,0,0.397144695245231
6e85a624,5,3,2,0.26975642289820634
6e89cee5,5,2,0,0.7420091035727161
6e9beaee,5,2,1,1.1524388378753894
6ebfdc95,5,1,0,0.9357200746545158
6ecb430a,5,1,1,0.31381686635673034
6ed385f6,5,3,1,1.2322770834612862
6eff29da,5,1,1,0.21358193908566347
6f5677b7,5,1,0,0.8298218932270762
6f5a31ea,5,3,1,0.3813157745682848
6f878799,5,2,0,0.5933556271388792
6fb28c2a,5,1,0,0.11455280150134456
6fc6b5c4,5,3,0,0.39731370099133967
6fc95dfc,5,3,0,0.23208125208361186
6fcdcb2a,5,1,0,0.7513568151919718
707c82c4,5,3,1,0.2866581679212428
7092a6ce,5,3,2,1.0267275362588286
709457f3,5,2,1,0.3874534587954071
70de1c63,5,3,2,1.1997101223484665
710345b6,5,1,0,0.11317004152669624
7106a387,5,1,0,0.43190361285245
7151d8b5,5,2,0,0.40775776420948856
71850348,5,1,0,0.4610043670395245
71852781,5,2,0,0.41122936197248844
7187caec,5,2,2,0.7447018616275197
718975fe,5,1,0,0.4053512966403964
7192b2e8,5,1,0,0.3172892805107372
71c1b1d2,5,2,0,0.18382493727252963
71cf0f87,5,1,0,0.22304717679921643
71f21593,5,1,2,1.2275206881007663
71ffd0ba,5,1,0,0.37338795800715996
72264d13,5,2,1,0.7393163686294363
723ee34c,5,2,0,0.4234876643719172
7250264b,5,2,0,0.20269529482011778
7265f1e5,5,2,0,0.23508638855304542
7290824a,5,2,2,1.2541606876047975
72a0c969,5,3,0,0.3973046422150849
72aa1a30,5,3,2,1.2865424274003643
72afd4ca,5,3,0,0.8031900127060533
72c9c38d,5,2,1,0.4426981621919467
7305af8b,5,2,0,0.383853578955844
7347b54e,5,2,0,0.12493308649066659
73aa6aab,5,3,1,1.0366959747532545
745e6065,5,2,1,0.5760364331747175
7498fbde,5,1,1,0.5327016386117442
74be50af,5,1,0,0.13218079394303583
74c2bd81,5,3,1,0.8193201098539679
7514c6f4,5,1,2,1.3408601039334513
75311a3f,5,1,0,0.815489654526206
7533a4a9,5,1,0,0.7154285601299362
75927c18,5,3,1,1.15928640172132
75ad73ee,5,1,0,0.35764838711365676
75b0446f,5,2,0,0.6689817987885855
75b53bd4,5,3,1,0.24814727203031384
75bcc1e0,5,3,1,0.40340477644912576
75c13e08,5,2,1,0.43140845283516016
75db1257,5,3,1,0.7647258225268924
75f26948,5,1,3,1.0125442724838738
764d8b42,5,2,0,0.2204492239770165
76781cd8,5,2,1,0.32987771061460436
76c9bf0e,5,2,1,0.6083978355623747
76dc0e9f,5,2,0,0.2923667520649628
76fb4afb,5,2,1,0.11889536297747066
76ff59f2,5,1,0,0.33530429517406757
7752d450,5,1,2,1.0916168431888493
776d33af,5,3,1,1.3586294647887311
777a3e9d,5,2,2,1.0908317927959885
77941a98,5,1,0,0.38568050961965217
77bfe07c,5,1,0,0.8062399029652447
77e460ce,5,3,0,0.41123026227153847
781710fe,5,1,0,0.11284851006527924
782a0589,5,2,0,0.5626427543151697
782af70b,5,2,1,0.8441717989548635
785d0663,5,3,0,0.930105830549976
7860b64c,5,1,1,0.4269616327344729
78667893,5,2,2,0.18848999977564895
78704d22,5,3,1,0.8689038810296028
787654dd,5,2,0,0.17967524339542545
788268a4,5,3,0,0.20771715211002506
78a34e5d,5,2,0,0.21758607415674375
78b488ff,5,3,0,0.31515170981454566
7914b38b,5,1,2,1.3967966581733156
792d2fa5,5,3,3,0.5196788531013885
79483148,5,1,1,0.6165140853117114
7975694f,5,1,0,0.36678430858033584
79bd36b6,5,3,1,1.109651810497576
79de3beb,5,1,0,0.5873441902120775
79e496f2,5,1,2,0.9603995783020893
7a6d26a2,5,1,0,0.5879035862554233
7a86fcd2,5,1,2,0.7640370805453263
7aa3a145,5,2,0,0.14086048810298246
7af8eac0,5,1,0,0.09469322285100418
7b0a4060,5,1,0,0.24002434198033268
7b516283,5,3,0,0.16753096641705412
7b543871,5,1,1,0.4439109817800081
7b78e634,5,3,2,0.7055197292591866
7b8842c3,5,1,2,0.7712905151795527
7bdbf66f,5,3,2,0.24740136412769176
7c02f4ec,5,1,2,1.3454176791089045
7c1d7ddd,5,2,1,0.3579682649978355
7c21ad67,5,3,0,0.4931530764513506
7c29e92d,5,2,1,0.5452349620301137
7c39c8e5,5,3,0,0.3004538809790116
7c6ca1d4,5,2,1,0.7769706573435897
7c6cbfdd,5,3,0,0.08514397232677495
7c8f0c95,5,3,2,1.4985973176095047
7ca548f9,5,2,0,0.20687965070879744
7cb1e4c7,5,3,0,0.44214520341336394
7ccdb9f2,5,3,0,0.5199962446875931
7ce36c38,5,1,0,0.5479446868577804
7cf3bca6,5,3,0,0.5395566304768722
7d0a92d5,5,3,0,0.47388464756767246
7d2f236b,5,3,0,0.12646021519264317
7d40a714,5,2,2,1.1867534452941986
7d666f0f,5,3,2,0.5853787834948937
7d751a6a,5,1,0,1.070097155390571
7d8f1716,5,2,1,0.6660014284239201
7dae6de9,5,2,1,0.40971020019163285
7dd54e69,5,2,2,0.620156377540381
7deeb4fe,5,1,0,1.2475976984364339
7df487b1,5,2,0,0.6315614157467626
7e41db05,5,1,1,0.9495418361939514
7e46b693,5,1,1,0.8692665370324026
7e71aa83,5,3,0,0.5162292562765294
7e87087b,5,3,0,1.3595035305531433
7ec65d94,5,2,0,0.16791830819228387
7ecea16d,5,3,0,0.10150144296438635
7f04b4fc,5,1,1,0.5455703807514922
7f26f78c,5,3,1,1.5440395750653644
7f2715b4,5,1,0,0.39600770469688584
7f5aeb05,5,3,0,0.4735536482184262
7f950ef2,5,2,3,1.1454136075112364
7fa51811,5,1,2,1.0499191019374883
7fa7ccc4,5,3,0,0.08429619993798837
7fceb836,5,1,0,0.9261329405164953
7fcf0046,5,3,1,0.7043851635447296
7fd40f2b,5,3,1,0.6532476171924176
7fe0a99a,5,1,0,0.6487036994883228
8017f13e,5,3,0,0.9334327447241781
8033847f,5,2,1,0.7977293268130472
8068fafb,5,2,0,0.3420415219867816
806d877f,5,2,1,0.5752320429556737
80784c40,5,2,0,0.4846118645769847
8078b7de,5,2,1,0.5105224662471533
807d8908,5,2,1,0.6025149702723851
80a5f1e1,5,3,0,0.8038193280160915
80a9f2bb,5,3,0,0.27274337593501274
80b46ffb,5,1,1,1.0822408051756467
80ed2bcf,5,1,1,1.1979558493339972
81095901,5,2,0,0.2972158724284122
812f6873,5,2,0,0.45116084928081857
81364a4b,5,1,1,0.9075028128193365
81394e0e,5,2,1,0.441019541045595
813e7f93,5,2,0,0.2275799375361635
816b0564,5,2,0,0.62461915445062
81766b8a,5,2,0,0.5298261121114216
81a4b826,5,2,0,0.35277040613558874
81eaf4c1,5,1,0,0.14628359484824505
81f60502,5,1,1,0.5797291796113412
81feecad,5,3,0,0.7420340126242544
8226bbd4,5,3,1,0.32904491108335304
82422684,5,3,0,0.9323599400706013
8256a969,5,2,0,0.2883349684838287
82923551,5,1,0,0.07699497757807872
8310a02f,5,2,0,0.392608597540112
83379672,5,1,1,0.2540277036302185
83711ef5,5,3,1,0.7669666388605572
8376acc5,5,1,0,0.2487279911959403
83846d0c,5,2,0,0.27220265872897503
83912085,5,3,0,0.20917411007281234
839b507a,5,1,0,0.20089148849178157
83c33097,5,1,0,0.4556121610735357
840ff4b7,5,2,0,0.14567096051803136
844b87f8,5,1,0,0.2580702264446269
844be9e4,5,1,0,0.2489198610278982
84875079,5,3,0,0.3090137209851517
84a16b14,5,1,0,0.5324623360000494
84b7d89d,5,2,1,0.9313401550750746
851b425b,5,2,0,0.42960007719640203
852adec2,5,3,0,0.36780332007934957
85452335,5,1,1,0.6133193571624206
854eb237,5,3,0,0.29597610934978297
85525f8d,5,1,0,0.426646832893106
855c6099,5,3,1,0.38588132130312247
8570ea5f,5,1,0,0.6995113595599304
8572d442,5,2,0,0.9812959932185695
857baaa6,5,1,0,0.5657235411896487
8581b9a1,5,3,1,0.6557191630196838
858be19a,5,1,1,0.6987356130183545
859cbb27,5,1,0,0.33248847159379813
85a1082c,5,1,0,0.3890356253570294
85b027ee,5,1,0,0.4541373494427673
85d99199,5,3,0,1.1746194775153411
85f23af6,5,3,1,0.32261609311114325
860f4f9c,5,2,2,0.5051174143353055
861188f4,5,3,2,0.6176964378918356
861fd4a0,5,3,0,0.24356922192324126
86335468,5,1,1,0.7917792648149719
863e40c7,5,1,0,0.6221872126485841
866a08b7,5,3,1,0.22418676698310952
86a8e0d6,5,2,1,0.8800605631750809
86bd716a,5,3,2,0.7515252384116906
86e56299,5,1,1,0.6213734725928267
87050a09,5,2,0,0.5694180694801716
871b2b19,5,1,0,0.346157197945538
874a348f,5,1,2,0.7650618896166519
87509a7b,5,2,0,0.31690674996279955
876a929e,5,2,2,1.042714580572068
8772f64b,5,1,0,0.7898995703597287
87a60251,5,2,0,0.16143950187352268
87af775e,5,3,2,0.42376508460975837
8823b020,5,2,1,0.5733598805849063
88300a4b,5,1,0,1.0732991559309168
8875387b,5,3,0,1.1638843946997812
8877cdee,5,3,0,0.3052885440670443
888c45f9,5,3,1,0.20107246849960447
88c640b9,5,1,1,0.9300572774186697
88cdb5bd,5,2,2,0.9885299122736151
88e04d93,5,3,1,0.8509366015651644
891193eb,5,2,0,0.5849783418652087
89261ca6,5,2,0,0.4045536060886344
893293dd,5,1,0,0.11028251686419943
895f9725,5,2,0,1.0875231600370023
89739b1a,5,1,0,0.33356993256972545
897da2c8,5,3,0,0.21601909471253178
898096eb,5,3,0,0.04333908718942192
89a26502,5,1,0,0.43344984106189655
89bd10b7,5,2,2,0.9021693081757429
89d475e2,5,3,2,1.1407328691504013
89d7d2c3,5,3,0,0.18337505217640798
8a444a98,5,3,0,0.2442884005980404
8a44ea3a,5,1,0,0.23416271718742643
8a4e5d1a,5,2,0,0.8475295264574094
8a6b6912,5,1,0,0.1785739148584809
8a77d185,5,3,2,0.7397100339964592
8a78a063,5,2,0,0.2401731314248186
8a9cce44,5,2,2,0.27901017476826573
8a9e653f,5,1,0,0.0572609092331654
8ae6a52f,5,1,0,1.2138363168685085
8b02eb7e,5,3,0,1.6250097561146177
8b4b9648,5,1,1,0.6298186041656818
8b6a40f5,5,3,0,0.6336737866064295
8b802ca8,5,3,0,0.06819588972496327
8ba98f12,5,2,0,0.22077098354345603
8bc5199c,5,2,1,0.45044033923128834
8bf72a9c,5,2,1,1.212538421874358
8c122779,5,1,0,0.9223402372055508
8c1f9196,5,1,1,0.8883181420393004
8c5a5a21,5,3,0,0.643703201373115
8c6c52a2,5,1,0,0.2551482669744372
8c97411a,5,3,0,0.2607299896390314
8c9c253d,5,2,0,0.5491601856692468
8ca025c3,5,1,0,0.22770923039946106
8cab7bc4,5,1,0,0.6671545325272656
8cfcac79,5,2,2,0.959696011070329
8d010562,5,3,0,0.29458456698343555
8d055cca,5,1,0,0.8374133265413675
8d11c14a,5,2,1,0.34722017869215177
8d8b8553,5,2,2,0.5749827092416134
8db09bb4,5,1,1,0.6223547892538672
8ddb6b8d,5,3,0,0.4741907944177203
8e24b103,5,3,0,0.156523181178987
8e380413,5,3,1,0.6049142672119373
8e749c85,5,3,1,0.9410442528720075
8e770d51,5,2,0,0.3868632867211309
8e80deb7,5,3,0,0.8763550993916793
8e93a873,5,2,1,0.9735141366782261
8ec2cc63,5,2,0,0.9015284956278786
8ef72e3e,5,2,0,0.08321713775340306
8f015125,5,2,0,0.6365367011757739
8f1e1df6,5,2,0,0.7050468540809782
8f21c613,5,3,1,0.8527680784720888
8f2d131f,5,3,1,0.6224015950870301
8f39a0e7,5,3,1,0.44710916140594836
8f68479b,5,1,3,1.1351660776841284
8f753551,5,2,0,0.5999197740968396
8f9c03c6,5,2,0,0.120242638815231
90161e10,5,1,1,1.1445940784993978
9027c805,5,1,0,0.34574199372461656
9052579b,5,3,0,0.29792874097217
9061cc9c,5,3,0,-0.02914999568906662
90778278,5,2,0,0.2879764592921805
908b1207,5,1,2,0.8757466792109159
90a37530,5,2,0,0.17096257186862346
90fee6b1,5,3,0,0.4912158382789968
9105b812,5,3,1,0.8838292313497143
91098060,5,1,0,0.6660336349319826
911d1406,5,3,0,0.603068788942287
912a91b0,5,1,0,0.5875746436132842
91386987,5,3,1,0.7583958197021782
913bea9f,5,3,1,1.2709890742476757
91656d27,5,1,1,1.1752821555697022
9173f25b,5,3,2,0.8728901330987282
917990b2,5,1,0,1.0408374133386078
91930eec,5,2,0,0.2559856627634096
91942b42,5,3,2,0.5356932318810268
91a5d06e,5,1,0,0.16721782281533387
91e86c47,5,1,0,0.5700502581496352
91fdc1e0,5,2,0,0.5862387320550811
92031591,5,1,0,0.8153681507969646
921146d1,5,3,0,0.2736371825683599
92622443,5,3,1,0.520472129292638
926a64d8,5,1,1,0.9902184268501475
9271574b,5,2,0,0.5385606122384557
92b18571,5,2,0,0.3229507502880537
92bb8516,5,3,0,0.30995079115038354
92bcf0e7,5,3,0,0.05549180535795961
930c567c,5,1,1,0.6131550144917656
93188a17,5,1,0,0.4131056213935173
932b5928,5,1,1,1.009852929817392
933da99b,5,1,0,0.8377154574598793
93507a1b,5,3,3,1.429727699562552
93559639,5,3,0,0.12938723060329083
93c06d4c,5,2,0,0.4249927500215496
93c72a97,5,3,0,1.0489664826999365
93c93585,5,1,0,0.4368699266214675
93cdae1c,5,3,0,0.6799214560872137
93f8b501,5,2,0,0.37506327489930946
93fd93c4,5,3,1,0.8164312867213496
93fda84a,5,1,0,0.09624227372674865
9402b885,5,1,0,0.8752285830430164
9405bad1,5,2,0,0.31029019262365565
9416d70e,5,2,1,1.0931128980464249
945d802a,5,1,1,0.535540880633399
948a7025,5,2,0,0.30348448741334844
948e1435,5,3,1,1.2219068974146023
94902bc9,5,2,1,1.2004736861963443
9498cc26,5,3,1,0.7717519614233675
949f94e5,5,2,0,0.21981292651636025
9521093f,5,3,0,0.9485310202996722
9540fa8e,5,2,0,0.3423313953395618
95488452,5,1,0,0.09647346582988753
954a4c2e,5,2,1,0.6397816073737841
9568e659,5,1,2,0.9963643886640177
9570bfb7,5,3,0,0.05540820295595872
957dcb7f,5,2,1,0.19312766410618037
95cc96cc,5,2,0,0.12370168066927101
95d57ff9,5,3,0,0.7857518527486437
95e04c4b,5,1,0,0.09733059818580214
96262441,5,2,0,0.21116620545823528
96595f1d,5,2,0,0.2445350255667521
966161e7,5,2,0,0.0936389986457078
966fffd0,5,2,2,1.0388382100917102
9682cd0d,5,1,0,0.27462058464212047
96d6034f,5,3,0,0.1351006826050432
96f13763,5,1,0,0.13093799032306513
978218e6,5,3,0,0.5195219601165194
979a5c76,5,2,1,0.8967963832716112
97bb0cc0,5,2,2,0.8163278957193407
97d0593e,5,1,0,0.3608160399536635
983bcb5b,5,3,0,1.2290942251637778
98413061,5,3,0,0.1499544267709353
98ed2153,5,2,2,0.8539414990040051
99205f42,5,3,1,0.8337895313340589
99328d2e,5,2,0,0.7293407233889726
994ee014,5,2,0,0.3297183758893482
99752704,5,2,1,0.566872992728072
9977fb0f,5,2,0,0.4144063297777213
99a8a9e7,5,1,0,0.3019596115593612
99b15811,5,2,0,0.4759048660289177
99ec8c4a,5,2,0,0.5232829116847749
99f0cc53,5,3,0,0.2363261865069764
99f3be05,5,1,1,0.46598100740895365
99fe5b44,5,3,0,0.7220641214100734
9a50d2d8,5,3,0,0.6685457326387609
9a5aed6c,5,2,0,0.764901737636178
9a76906d,5,2,0,0.25052615593163285
9a7e4c38,5,3,0,0.6430564650186289
9aa1a2ae,5,1,1,0.40248088357902867
9aa36639,5,3,0,0.06953482296864522
9aab3e36,5,2,0,0.36195516153182916
9af5548f,5,3,0,0.5857388868505656
9b5f13ec,5,1,2,0.9181656188737339
9b96b0e4,5,2,0,0.4348376716825321
9bd745aa,5,3,0,0.8802907125939328
9bdd6964,5,1,1,0.24229971553613155
9bf7051d,5,1,2,0.8805815976681506
9c12f80d,5,3,0,0.12336487652476386
9c1ea003,5,1,1,0.5904683357231827
9c23dba9,5,2,1,0.7319405412487743
9c7a1561,5,3,0,0.1902140097588742
9c9cd7ef,5,1,1,0.368732501836061
9cb303cb,5,3,0,1.7313690832930169
9cb32129,5,3,0,0.15738318456775807
9cba0d0e,5,2,1,0.512535296734711
9ccbc70b,5,2,0,0.25293268650975015
9ce139d3,5,2,0,0.1311595879151103
9cf04c41,5,1,1,0.7089975230763892
9d0670dd,5,1,0,0.16651360402094717
9d39f0da,5,3,2,0.40461307869014695
9d5826bb,5,2,1,0.6159373120590846
9d65adbf,5,2,1,0.9021541952448329
9dbdbebf,5,1,0,0.09683595365181219
9dc74359,5,3,0,1.691816670918181
9ddb06db,5,2,2,0.9625338030076533
9de6a614,5,3,0,0.7731260229337533
9e027e04,5,1,0,0.22121745493729827
9e052412,5,3,0,0.18004591768353667
9e171735,5,1,0,0.6047595019189285
9e29b5d2,5,1,0,0.5579096548945812
9e4385f7,5,1,0,0.6289448096231487
9eb283e4,5,2,3,1.0176658092042148
9ebb73c7,5,1,0,0.5618550091872369
9f3ca269,5,1,1,1.0179488779708845
9f5f15ef,5,2,1,0.7815310174954379
9f6b9158,5,3,2,1.0237801145731962
9f70688f,5,3,0,-0.03685767954269237
9fa68512,5,2,0,0.09765385872107962
9fb96ae3,5,3,2,1.1889699884620184
9fbc09a6,5,3,0,0.23533834776737284
9fbf31f9,5,3,0,0.19248905835075314
9fbfa81b,5,3,0,0.18472407945361197
9fec142f,5,2,1,0.9086071258359076
a00c3ab0,5,3,3,1.3123400817775261
a00c85e7,5,2,1,0.9110397449897588
a0182b17,5,1,0,0.7875550288107787
a0482f47,5,1,0,0.4558423066577212
a0497d5d,5,2,1,0.9485154210286517
a0522c83,5,1,2,0.5030671667638391
a07ec6fb,5,1,1,0.626731030041701
a0811cc1,5,1,0,0.4832612579168044
a0dffdeb,5,2,1,0.27654787105415396
a148b46f,5,1,0,0.3714596206430566
a17f6cfd,5,2,0,1.0089546949763977
a1814875,5,1,2,0.7414678233929105
a1942b0b,5,3,0,0.3070996843641367
a196148e,5,3,1,1.4192538807562576
a1ab89aa,5,2,0,0.09967680539376167
a1df952c,5,1,1,1.061111886711922
a1fe4f51,5,2,0,0.10639673652268777
a213c519,5,3,0,1.2244833076236321
a217e790,5,2,0,0.29587237051656656
a21ad8c0,5,2,1,0.8745417621503244
a221c60c,5,2,1,1.0260281854601387
a2240f50,5,3,2,0.8398850504129027
a263a68c,5,2,0,0.401804381909576
a26c3e8f,5,2,1,0.2805924423821492
a28c7891,5,3,0,0.7659033234895154
a2994e55,5,2,2,1.1328277109647713
a2a8f352,5,1,0,0.1068424473148522
a30e6178,5,3,0,0.4815807236336613
a317c78a,5,3,0,0.4733431250558933
a3391798,5,2,0,0.282943091839254
a3413f0a,5,1,0,0.3020595223046237
a363ec1b,5,1,1,0.7284940431725699
a3858c6a,5,1,0,0.8547531882725128
a38699a5,5,1,1,0.5213708043768029
a3abe528,5,1,2,0.5027050450488919
a3ec2999,5,1,1,0.49817705104849946
a402c6c8,5,1,0,0.3827076309209574
a40c8316,5,1,2,0.8972506887189455
a4481101,5,2,0,0.6975667436054845
a45230f4,5,1,0,0.7947379598929396
a4530b41,5,1,0,0.16067418464393757
a457a4ab,5,2,0,0.24289114494324687
a49eda7f,5,2,0,0.7198661596732185
a4be0322,5,1,1,0.5385278784594766
a4c15213,5,1,0,0.294612492363929
a4e0447e,5,3,0,0.3342411457934452
a4f13c0d,5,2,0,0.7249273904000928
a5024ef9,5,2,2,0.4083355131583918
a5099438,5,2,0,1.2553349921956425
a5356446,5,1,1,0.9462869190126422
a54d22e7,5,2,0,0.23505350746156273
a55b715d,5,2,1,0.7721240110021483
a5710c0a,5,1,0,0.4546225795220439
a5974a7d,5,1,0,0.6050595337152429
a59b2411,5,2,0,0.8708106618389655
a5a737f3,5,2,0,0.3301420722440392
a5c87de6,5,3,0,0.37799512808927016
a60b8575,5,1,2,1.307878935503942
a614af1b,5,3,0,0.36822051462794003
a6969e1a,5,1,1,0.4572131199017831
a69f89e2,5,3,0,0.3810911873323902
a6e72e9d,5,1,0,0.23834829071749142
a70bb2c5,5,3,0,0.5487353309255558
a70e9a7c,5,2,0,0.6014954721301079
a722f648,5,1,1,0.46998673767027865
a7639eb5,5,3,2,1.2998446509286372
a78766db,5,1,0,0.9236550223817606
a7b9546a,5,1,0,0.5345584189966883
a7d2852d,5,2,1,1.048070211561524
a808ad0a,5,3,0,1.1148145412677324
a814e825,5,3,0,0.557689163483005
a84922d2,5,1,0,0.6154964308215815
a84ae7e0,5,1,1,0.6646875211668073
a8722cde,5,1,1,0.7141220637643547
a886c07b,5,1,2,0.6905281012261568
a8926a86,5,2,2,1.08817812965334
a89284b2,5,3,0,0.2127815929671491
a8b0428d,5,3,1,1.4141985134101254
a8c1aab5,5,1,0,0.2927996560365601
a8d90be8,5,1,0,0.8122331283869015
a8d9de72,5,3,2,0.5207598954686057
a8dc2e05,5,2,0,0.9928140107102417
a922ef3f,5,2,2,0.26633283510959355
a952659d,5,1,2,0.8162579721704963
a9595acd,5,3,0,0.2792422267811244
a9717f92,5,3,0,0.5833358551508024
a971b3b1,5,1,0,0.14544272819585297
a9aa2336,5,2,0,0.8134291017794191
a9b84b96,5,1,0,0.11633794552598514
a9c3b925,5,3,0,0.3400362269813653
a9c5f872,5,2,0,0.5003167329637358
aa1700c7,5,3,0,0.2624454622841669
aa295760,5,3,0,0.29566944725530153
aa61d9da,5,3,0,0.8901347535816948
aa776ef6,5,3,0,0.055063359611787766
aae9800e,5,3,0,1.040854041020899
aaefeff0,5,1,3,1.0046917056191655
ab16a20d,5,2,0,0.5392081955393746
ab1dc378,5,3,3,0.9207616692211618
ab2ad965,5,3,0,0.15335346088011043
ab36aa48,5,1,2,0.35207265362397
ab4fe82b,5,3,2,0.8714328499565517
ab6e1b81,5,2,0,0.21605456791075905
ab71f143,5,2,0,0.5287707500318742
ab8245da,5,3,2,0.29350581764143935
ab987c75,5,2,0,0.411604710919523
abac67cc,5,2,0,1.0840823939711068
abaf745c,5,3,0,0.12023195852225277
abb3b071,5,1,0,0.5028778024237731
abd1b232,5,1,2,1.040516536700633
ac1ad4a7,5,2,0,0.23765281706835012
ac29ec80,5,2,0,0.24098950212042314
ac3ba541,5,1,0,0.23518766594968138
ac5fad3b,5,3,0,0.184666110831476
ac66c144,5,3,0,0.015610943180185188
ac675a81,5,2,1,0.42050839462794887
ac67c949,5,1,0,0.17454077046269822
ac967bb9,5,1,2,1.0527777546190356
acde8e47,5,3,1,0.7843576550642385
aceefa4f,5,1,1,0.9618103521251096
ad0bbf35,5,3,0,-0.04740412839853192
ad1dfc9a,5,3,0,1.287594020139106
ad319a21,5,2,1,0.7209880016665999
ad380962,5,2,0,0.3731174062153462
ad536dea,5,1,1,0.5785575947219875
ad8189bd,5,1,3,1.1873642049311368
ad9f821d,5,2,0,0.5768010664193615
adaf7461,5,3,1,0.5759352241445619
adba23f0,5,2,1,0.4418313745111661
adbd6839,5,2,0,0.411170048901969
adc2d620,5,1,0,0.3973894467211371
adc71322,5,3,0,0.6157216922568814
ade50eba,5,3,1,1.2858769663394862
adf444ff,5,3,1,0.4572748016530511
ae4fdae6,5,3,2,1.095643398272605
ae6e4380,5,2,0,0.26448155649827215
ae712150,5,1,0,0.7275757392107393
aea63a78,5,2,0,0.3321740507428728
aea92843,5,3,0,0.1692460804343079
aecc7e74,5,3,2,1.290591137851867
aed29ee7,5,1,2,0.8236740710776673
af1c2775,5,1,2,1.0478223375646851
af485add,5,2,2,0.610539983079739
af4f064e,5,1,0,0.3845023461670404
afa6cc9b,5,2,1,0.573919691938114
afa92c37,5,2,1,0.7336701221866017
aff48273,5,1,1,0.7433303169047775
b074f33b,5,2,0,0.48892086036800236
b08423c5,5,2,1,0.7953217625429001
b08f0ca4,5,2,1,0.1504562216881079
b092b360,5,2,0,0.516623529377721
b0ab15a7,5,3,0,0.1672470758153241
b0b57cb7,5,2,1,0.3631743702337724
b0e96997,5,1,1,0.5428799629219516
b120a337,5,3,0,0.487934459703241
b13e0cd0,5,2,0,0.9179922144206047
b1883100,5,1,0,0.10221457458050981
b1a00510,5,2,1,0.3045290918723424
b1bc2fe4,5,1,0,0.10964570707172405
b1de4423,5,3,0,0.06488586815655406
b1f064ac,5,3,0,0.9836246644419593
b2290813,5,2,0,0.9059133651992602
b2382d94,5,1,0,0.08613792413007809
b23b9220,5,2,0,0.7490164071724261
b25abc27,5,3,2,1.2623825490626412
b285eac6,5,2,2,0.3000423628776719
b2987a65,5,3,0,0.5221948887909214
b2a73566,5,1,0,0.756767394147232
b2b56219,5,2,1,0.705759290795932
b2b792a7,5,1,0,1.2533933516487161
b308c03e,5,2,1,0.6864599470372388
b318f1d9,5,2,0,0.14118577619765366
b31dd1bb,5,3,0,0.925941765498807
b37281d5,5,1,2,0.4954262731376738
b397a73e,5,1,1,0.37412103146851877
b3b200af,5,3,0,0.4232650884927074
b3d74a58,5,1,0,0.08672839043389274
b3dade53,5,1,2,0.7360106536540805
b3e10f59,5,1,0,0.16133716746299326
b3e14267,5,2,0,0.7861582852727047
b3f5c066,5,1,0,0.6118565502873954
b412866b,5,1,1,0.8611684969315069
b41cee02,5,2,0,0.3773065907799521
b447e66d,5,3,1,0.2951213526057075
b449ac61,5,3,2,0.8609300064611853
b452f767,5,1,0,0.35550045619472836
b463e777,5,1,1,0.21920641063676827
b494401a,5,2,0,0.677424060724586
b4bd49a0,5,3,1,0.05922364381126588
b4cfd8d7,5,3,0,0.4140048163249078
b4e69f09,5,2,0,0.19311964541057913
b5a0707a,5,2,2,0.8377361581141647
b5b2d51c,5,3,0,0.17803823957596093
b62a320b,5,3,1,0.30740639895024285
b64856e9,5,2,1,0.6594586277245799
b69bf1f7,5,2,0,0.6064941571240955
b6af12af,5,3,0,0.56302031682116
b6caa7fb,5,1,0,0.3637153788050115
b70db5d6,5,2,0,0.1003290724259388
b712b69b,5,2,2,0.7805660904781514
b78d5d2e,5,2,0,0.4352152574086976
b7a61f8d,5,3,0,0.0017489592587173197
b7ac57d5,5,1,1,1.035776790589361
b7c3834f,5,2,3,1.2051117839094798
b7c410a9,5,2,0,0.5240459671786334
b7ec062d,5,1,1,0.9023216914654302
b802aec3,5,3,1,1.0225997563098648
b816d8d5,5,1,0,0.401623634989836
b823508b,5,1,1,0.3316855195246584
b84754a9,5,2,0,0.572946880518905
b89537ae,5,1,0,0.4643060956901771
b89b8154,5,3,0,0.26368127415777515
b8bf20f9,5,1,0,0.3770349321282534
b8df3d7c,5,1,0,0.4050185924958073
b92be605,5,3,0,0.5981645850781838
b9318815,5,3,1,1.356811852147624
b93e1e41,5,3,0,0.49738318455948166
b94ec4a1,5,1,0,0.5399252289620525
b95da85d,5,1,2,0.9157341434115811
b96e3324,5,3,0,0.02193625464684723
b9b22bff,5,1,0,1.1882309623852392
b9c085ab,5,2,0,0.6030346925543897
b9cf3f7c,5,2,1,1.0463235774049866
b9d3616c,5,1,2,0.7845217468129542
b9dcf632,5,2,0,0.2295772532798993
b9e20ba6,5,2,0,0.48818546183442085
b9e90f7f,5,1,2,0.8611955106055134
b9eeb8fa,5,2,0,0.2370328712087426
ba09d63f,5,3,0,0.5286540345990712
ba158a9c,5,3,0,0.6475918931881994
ba29cfb3,5,1,0,0.15823333108066767
ba42462b,5,2,0,0.3259636599828545
bb0d7d92,5,2,2,0.9818154854587489
bb4821ee,5,2,1,0.5245565006626475
bb808a71,5,2,0,0.8258310985848931
bba6ff20,5,1,0,0.6563466438577357
bbbd61c9,5,1,0,0.1315723837862185
bbd71a7c,5,3,2,1.191498022199561
bbe5bedd,5,3,0,0.3647311242206891
bc06600f,5,2,1,0.8977475569133191
bc0c0f03,5,3,0,0.37285956334455783
bc1ec029,5,2,0,0.5935433843528837
bc437705,5,1,0,0.16382258244482006
bc4eaf77,5,2,3,0.9046292959630379
bc66f41d,5,2,0,0.5248976460472957
bc6bd8b2,5,1,0,0.2815138017946979
bc790ce0,5,1,0,0.5028049575542496
bc817a4c,5,3,0,0.24130789217469623
bc95339a,5,2,0,0.4008440346879306
bccebc5a,5,2,0,0.5827455793270463
bce32ada,5,3,1,0.511390675380295
bd4ccd4c,5,1,1,0.6253059809415615
bd713fb8,5,2,0,0.39249702803867537
bd8397cb,5,1,0,0.8823235338850115
bd932d04,5,1,2,1.0553182100971807
bdbd1afd,5,3,0,1.1485730209892449
bdbdc4b5,5,1,0,0.3850556211081384
bdcc7d10,5,2,0,0.21475502801166996
bdcddd09,5,1,1,0.6144434407299298
be1c3b0e,5,2,0,0.8873281160058654
be210bc7,5,1,2,1.2705599948246902
be9ba5f7,5,2,0,0.7846109636112346
be9e9a8e,5,1,0,0.5155735185970711
bea525dc,5,2,0,0.6143534459971459
beafa6f9,5,3,2,0.8061732520462452
bebff291,5,1,0,0.14625680871527563
bedeb6f3,5,1,0,0.2534598685425368
bee4eab0,5,1,1,0.5675624113470488
bee51adb,5,1,0,0.3218719609247644
bef259fd,5,3,1,1.194720909512991
bf0942bc,5,1,0,0.6656445362921541
bf18965c,5,2,0,0.5416457994019155
bf280e13,5,1,1,0.8365622365970351
bf31e0a7,5,3,0,0.09245490540192414
bfade1ba,5,3,0,0.202204838539901
bfb421f9,5,1,2,0.779963800152026
bfb52472,5,3,1,0.8145571120467774
c00c663c,5,1,1,0.737319665085725
c03c0758,5,1,1,0.23954060823346363
c0869eb0,5,2,0,0.3816483526275795
c087b48a,5,1,1,0.9323638153733045
c09d41cd,5,1,0,0.8191717013116231
c0adc389,5,3,2,1.4547668758098018
c0c168fa,5,2,0,0.2115847259272302
c0d5b3f3,5,2,0,0.7426316592516111
c0f2a046,5,2,0,0.5472557670474426
c192715a,5,1,0,0.8004475112717999
c1add876,5,1,1,0.5160865119804042
c1ed20ef,5,1,1,0.4334334366354582
c24c877a,5,3,0,0.07832092471051455
c274a243,5,3,0,0.037000232010843015
c294b507,5,1,1,0.7711757726795045
c2e15338,5,3,2,1.5071617450213166
c2ea6e54,5,3,0,0.2746780662219545
c308b134,5,2,3,0.7437529398082839
c30f5122,5,2,2,1.1304579179752028
c31a5825,5,3,2,0.28560852117525964
c35218d4,5,2,0,0.3030557326899472
c3760eb9,5,2,0,1.197104775209469
c38585c5,5,3,1,0.388781513657254
c3a3f61e,5,1,0,0.5290505668289837
c3a86e3e,5,1,1,0.2673525371938579
c3adae87,5,2,2,0.7922664477823164
c3d46daf,5,2,2,0.7660285758388099
c3dde859,5,1,0,0.2606280783575902
c40bb352,5,3,1,0.2000931290664656
c41274a7,5,1,0,1.1351246020660106
c418e47a,5,3,1,1.1672036928747742
c42b7972,5,1,0,0.499118956563076
c43b985c,5,3,0,0.5066100621666274
c446e1c5,5,1,2,0.9399699505495226
c45068a1,5,3,1,1.3567819569068207
c459095b,5,1,2,0.6220429862853223
c4a681dc,5,3,1,0.20108255929680535
c4c2076b,5,2,0,0.244191443895509
c4c86e6f,5,3,1,1.1951272122691208
c5462e87,5,3,1,0.49366037568974597
c55187b4,5,3,0,1.4955605168671458
c55cc646,5,2,3,1.0054175772005844
c5c891c1,5,1,0,0.5233355940005052
c5cfaeae,5,3,2,0.9132265874485093
c6313b18,5,1,0,0.3750825627689305
c63f1965,5,3,0,0.29973470728820956
c6575d38,5,2,2,1.3540264270652365
c66daa08,5,3,2,1.0705497276816405
c69ffa09,5,2,0,0.9549330028369987
c6a92a65,5,3,0,0.30717125543940427
c6b7811e,5,1,2,0.32632950186125653
c6cb894a,5,2,0,0.6846702136851449
c6cc7467,5,1,0,0.8302883661004754
c6d4b453,5,2,1,0.28802387406284014
c6ead822,5,2,1,0.7888157244316827
c6fd800e,5,1,0,0.2497107954863606
c706a54d,5,3,0,0.07287225306304024
c715832b,5,3,0,0.617800050549162
c731458f,5,2,1,0.6793772885688493
c73dd2e4,5,3,0,0.6100304979226975
c79039af,5,2,1,0.39023239123047293
c7d61396,5,3,1,0.43121346255613524
c7d9e964,5,1,0,0.39322067858225185
c7fd8939,5,3,0,0.23955880687523684
c8270746,5,1,1,0.8317721351696334
c829500d,5,2,0,0.35839311265619
c892f324,5,2,0,0.337543840898452
c8d6b871,5,1,0,0.4684299286773365
c8fbbc8a,5,3,0,0.4567410732153113
c9537127,5,1,0,0.5899559785507309
c9600298,5,3,0,0.3844872951232823
c96b9609,5,3,0,0.08128943854894372
c98527f7,5,1,0,0.21882785585481557
c9879365,5,3,0,0.6186117191609322
c9902f48,5,2,1,0.42785524046667334
c9a57335,5,2,0,0.22152160020092915
c9ad9c75,5,1,0,0.9211226159881648
c9d47171,5,2,2,0.3081345079284429
c9e419e7,5,2,0,0.30215207057199006
ca3204b0,5,3,0,0.5083349664978536
ca724703,5,3,0,0.6695499817700936
cac0f438,5,3,0,0.21146426211232872
cadd4ae5,5,2,0,0.45745398844604174
cae0531e,5,2,1,0.8729290936445477
cae31194,5,3,0,0.17671755510062465
caec8d59,5,3,2,1.2964348482020744
cb054226,5,2,2,0.4942028416097396
cb3b7c3c,5,3,1,1.0290244467716294
cb73fed9,5,3,0,0.14963754478397912
cba1c8b5,5,3,0,0.5975599121203123
cba39753,5,1,0,0.873626869781967
cbca33a5,5,1,0,0.5139401616533325
cbcf8cf2,5,3,0,0.6654052216909034
cc010b72,5,3,0,0.04471767943492355
cc16d472,5,3,2,0.9507770984264363
cc25e136,5,3,2,1.1104451872576315
cc5143df,5,1,0,0.6543150114844851
cca40abb,5,2,0,0.20681167280389084
ccc9db97,5,1,1,1.3158094306726364
ccd0fe74,5,2,2,0.6421669195587046
ccd3cb96,5,2,0,0.2355025371723536
ccdb4ae5,5,2,0,0.4079532577659529
cceddb57,5,2,0,0.7822197734539835
cd144127,5,1,0,0.47428422478635757
cd1fff5a,5,2,0,1.0360139896526657
cd36e51d,5,1,2,0.9541679165919583
cd39e576,5,2,0,0.4989283748651443
cd68643b,5,2,0,0.1247083579771825
cd703872,5,1,0,1.0181011922445995
cd89d5f1,5,1,0,0.7430426116812446
cd8ec8ac,5,2,0,0.5287957494152347
cda90e9e,5,3,0,0.7485203779090844
ce379a6a,5,2,1,0.6223853246772063
ce6eeadf,5,2,1,0.8326270257864883
cea73edd,5,1,0,0.383183231481947
cedf96c5,5,1,0,0.38877166094148186
cefdb7fe,5,3,1,0.7131447486351131
cf0d6d38,5,2,0,0.25092113654525744
cf1b9d44,5,1,0,0.6993934618483817
cf2e4065,5,1,2,0.3209610917749113
cfbbdd3d,5,1,1,0.6097244828528353
cfe4cf40,5,1,1,0.7014064662329068
cff4bcee,5,1,0,0.25456561850572723
d00b493e,5,3,0,0.6803540561896992
d0429481,5,1,3,1.3392646585117258
d08806a2,5,2,1,0.5072947182369574
d0ac4f1c,5,1,0,1.230635469595867
d0ef0744,5,3,0,0.8207160128814738
d11428bd,5,1,0,0.7076051698651267
d1145910,5,3,1,1.0147588251464406
d19e1025,5,2,1,0.3378522684187575
d1a38988,5,2,0,0.32410404737154
d1aa6625,5,2,0,0.3329804688023543
d1aafc4e,5,3,1,1.051185383098069
d1ab95e5,5,3,0,0.4110090366140664
d22e7168,5,3,0,0.368122148116921
d28f0d44,5,2,0,0.5590279831442313
d2b84f45,5,3,1,0.9139969522307615
d2bcca68,5,1,0,0.5618609718365665
d2d9b474,5,3,0,0.8125946278406486
d2fcde50,5,2,0,0.3366750586742565
d3da09e8,5,1,1,1.138989099480498
d3e45961,5,3,0,0.5786879268521317
d3eda827,5,2,0,0.07596420266334392
d42454d4,5,1,0,0.35489807067695156
d4337a28,5,3,0,0.2338142889855973
d445fb74,5,3,2,0.9520224053154603
d45bae93,5,3,0,1.765752896870418
d476f528,5,1,2,0.7376129223610268
d4a81b97,5,3,0,0.7647821286576479
d4b935f8,5,2,0,0.9758729562774358
d4bfc83f,5,3,1,0.11148754527128174
d4c2e9a1,5,1,0,0.21758355518160166
d4d2f272,5,2,1,0.7704515675099588
d4d9f7f9,5,2,0,0.3166699475608427
d4f3e585,5,2,2,0.9016958526687366
d506f4c7,5,3,1,0.8256925253924366
d50a8c3c,5,2,1,0.6973498073040093
d53ead5c,5,1,0,0.5151221063261142
d57380cf,5,3,2,1.0162990685597804
d57f6c9e,5,2,2,0.8495676589847251
d5874bad,5,1,1,0.6817163987690764
d5a8d9b0,5,3,2,1.212494030166628
d5cebbfc,5,1,1,0.45537288801531994
d5fb07d2,5,1,1,0.852075004355217
d5fde276,5,3,1,0.4551502614254377
d6007386,5,1,1,0.5493766633317989
d6251195,5,1,0,0.19325272448104114
d66aed49,5,2,0,0.2748347818543531
d6723b39,5,1,0,0.3792742004366866
d6776176,5,2,0,0.20545021373985872
d6add300,5,1,1,1.0267296953948148
d6c4d9eb,5,2,0,0.3814797196481074
d6c6baa5,5,2,0,0.7278135285225676
d6cca65e,5,3,2,0.8399006871570542
d6e613bc,5,2,0,0.5015570694950866
d74e4d7c,5,3,1,1.0624987344288377
d766a1c8,5,1,0,0.9068295277778513
d77ac332,5,3,2,0.9724990612324694
d78c55fb,5,1,2,0.6922926133322267
d78f437c,5,2,0,0.18852766642591035
d791703f,5,2,1,0.8542614492906764
d7c063b4,5,2,1,0.21219098772252515
d8037389,5,2,1,0.8136588628459114
d80b8bb6,5,2,1,1.008495416118779
d82e9b87,5,1,0,0.13660683379527766
d859115e,5,2,0,0.7249353600902997
d85a62b3,5,2,2,0.48373227089879073
d85b7c71,5,1,1,0.5239747359542042
d8a78157,5,3,1,0.8678367671801702
d8b066ad,5,1,2,0.5486482571409469
d980da40,5,3,0,0.11794792965490825
d98be7a1,5,1,0,0.21285889636259087
d9ae9a13,5,1,1,0.8590862663294249
d9c82502,5,2,2,0.2727875955813438
d9eb30bf,5,2,0,0.7950497221133093
d9f16cd2,5,1,0,0.32344091486906074
da0001de,5,3,1,0.2308088394661082
da09ed4b,5,2,0,1.154032499148697
da15064a,5,1,1,0.5414395096656686
da19c97e,5,2,0,0.19969196281409424
da5a8921,5,2,0,0.18918043238262044
da94e67d,5,1,2,1.0188110158110752
daa9b0aa,5,1,0,0.19504460856114175
dacc2f83,5,1,0,0.7329484302739688
daf3969c,5,2,2,1.0413258392770925
db175ab6,5,3,0,0.17590709510179592
db23fbe4,5,1,0,0.6415661840853938
db49ac7c,5,3,0,0.8222920719915406
db609511,5,1,0,0.05829493217392423
db746de0,5,1,0,0.731752767772645
db9353fd,5,2,0,0.2981711567474716
db9eae59,5,1,0,0.8092952939480418
dbfa6d84,5,1,0,0.21323777053969506
dc168599,5,3,0,0.2721179927968344
dc33dcef,5,2,0,0.5266909283163602
dc4e9e2f,5,3,0,0.8643384128023284
dc52906a,5,2,1,0.3812976254191819
dc6870da,5,3,0,0.39157708586405243
dc81eac1,5,2,1,0.5013019572713434
dca065be,5,2,0,0.2641534913612069
dcd2586d,5,1,0,0.6706234580880107
dcfcd574,5,1,0,0.5679825461755309
dd02cfa1,5,3,1,0.5119008925771952
dd6679a9,5,3,1,1.267179059027089
dd747bba,5,1,0,0.2819881672307904
dd9c9576,5,3,0,0.2928605170035138
dd9ce3c4,5,2,0,0.5847569147823003
ddd0cb12,5,1,0,0.3373147854926073
ddd9a88d,5,3,0,0.9187082799802428
dde82df7,5,3,0,0.017736273453524354
ddfddd87,5,3,2,1.0565072647998608
de3750cc,5,2,0,0.1619042081437726
de3ecca9,5,3,2,0.8201278411183724
de6797db,5,2,0,0.27470379250293075
de742c5c,5,3,2,1.4032269381695763
de91310c,5,2,2,1.2098673003608744
de961552,5,2,1,0.25584608658026947
de9fe1e0,5,2,2,0.9930784157311314
dea0552b,5,2,1,0.8867176936137503
dec9056d,5,3,0,0.10567537126608939
dee8b1bd,5,1,2,0.7713736472388273
dee9eb9c,5,2,0,0.6249703194755679
df4a0fee,5,1,0,0.39034687056212836
df4ab9b1,5,1,1,0.7686336539288365
df4d2085,5,2,1,0.4636570455444131
df556fd2,5,1,3,1.0387660174284492
dfaa2a59,5,1,0,0.2652678173029949
e0283d3d,5,1,0,0.16060436194062405
e049dab1,5,2,0,0.6814503234222851
e0706ce2,5,3,1,0.47127043017733894
e072b994,5,3,0,-0.10658183822525424
e0736134,5,3,0,0.4005297575451271
e0767d64,5,1,2,0.8665495975687016
e07fa0b1,5,1,2,1.2082258796730283
e0869709,5,2,2,0.9009323698319534
e0c4e965,5,3,0,0.6124180611285782
e0db55b1,5,2,1,0.8126205807421915
e0fb3838,5,2,0,0.08876877463249855
e11be9c1,5,3,0,0.771554498332204
e12c2944,5,2,2,0.7575853461531915
e15fe97b,5,2,0,0.5888443854729183
e1958a83,5,3,0,-0.040944036521297855
e199d438,5,2,1,0.790285706521914
e1a4575f,5,1,0,0.4425567069350559
e1af39f8,5,2,1,0.536735266294969
e1ccc3d1,5,1,0,0.24794549284151596
e1e02e28,5,3,0,0.25591438825556023
e1ea8dd7,5,2,0,0.6636041139473617
e22cf08a,5,2,0,0.2856124401487343
e25f7b9a,5,3,1,0.11862852909119298
e28c0bfa,5,2,1,0.7411100262052039
e2cb8401,5,1,0,1.2494432425564275
e2d370a2,5,2,1,0.6749417647743817
e2fcc91e,5,2,0,0.4096490230271706
e318ec9a,5,1,0,0.12733168889573787
e345b271,5,2,1,0.2643220429315285
e362108f,5,3,0,0.7479742380483712
e37d000b,5,1,0,0.2419890644867071
e3a6f97f,5,1,1,0.966660716831867
e3af914a,5,2,1,0.5670415780557645
e3bb3735,5,2,1,0.7971948616836098
e3bce7e1,5,3,0,0.9355827081352945
e3cec795,5,2,1,0.2629336161160851
e3f71f7a,5,1,0,1.0042766752862056
e40319d7,5,1,1,0.6082553875534339
e4614ec6,5,3,1,0.19636509068273017
e46417a7,5,3,0,0.015039455098879051
e47c1eb7,5,2,1,0.7071076883890409
e4b47411,5,2,1,0.630824693983548
e4c008b9,5,1,0,0.3229665465650781
e4d396d7,5,2,0,0.2894990667835109
e4d5bf2b,5,3,1,0.709238167696516
e4e58096,5,2,0,0.5676810099411397
e4ee6ff3,5,3,0,1.115555495721868
e51193d1,5,2,2,0.2918221662365262
e515c971,5,1,1,0.6977347820907949
e5349ce2,5,3,0,0.13357163380535708
e537418f,5,3,1,0.9431550262573691
e56b2209,5,1,0,0.36167793078478083
e5b902bc,5,3,2,0.8569920961202971
e63000c5,5,2,0,0.15016090551997102
e63a0ea8,5,3,0,0.029778455041535423
e664dd71,5,3,1,0.026153231747646166
e683d2c9,5,1,1,0.7870713586047828
e715739b,5,1,1,0.5138264240118366
e71f347e,5,2,0,0.8549957439564799
e72af462,5,2,1,0.8390318334440663
e754411f,5,2,0,0.9835670376114398
e76ad778,5,3,2,1.1304130002813593
e7bbb32e,5,2,1,0.6512831422982924
e7db432d,5,3,0,1.183070929032365
e7db9aef,5,2,2,0.6858716554869831
e7e43817,5,3,1,0.027339257959307806
e7ee0921,5,3,0,0.060782220789222796
e8313da5,5,1,1,0.22421452385678398
e86bb780,5,2,0,0.12632583209145426
e8ac21d2,5,1,2,0.7906504554969591
e8af663d,5,2,0,0.551465896900989
e8b64419,5,1,0,0.7452112027579252
e8d9d5ea,5,3,0,0.5499086127593266
e8e82627,5,2,0,0.49314457211731644
e90a63d0,5,1,0,0.3979693821034548
e934bf0a,5,3,1,0.5060454320950674
e93cce44,5,3,1,0.46000965488635903
e96763c1,5,3,1,0.8130009558229137
e96da61f,5,2,0,0.2503085741956291
e9a6c514,5,1,0,0.36472306778790264
e9ca5586,5,3,0,0.25970473601773775
e9d94c4e,5,1,0,0.5423100252780148
ea38bd63,5,1,2,1.4662378724590155
ea544af3,5,2,0,0.6994795725812317
ea7277b4,5,3,0,0.4512492427218524
ea7adcd6,5,2,0,0.8827402927307721
eac08386,5,3,0,0.2358355734462897
ead25f13,5,1,1,0.3834039045225358
ead871be,5,2,2,0.08978672281260697
eaedb188,5,1,0,0.5208900323963993
eb00abb3,5,2,1,0.20173187956022282
eb5c46b0,5,3,0,0.8656034795710019
eb749e46,5,1,2,0.8862394583553111
eb891208,5,3,0,0.9175111728160195
eb90ee20,5,2,0,0.36182983382607947
ebd15fdc,5,3,1,0.7579593126797879
ebf2b0c9,5,1,0,0.5802777283150093
ebf30e46,5,3,0,0.7219663906339844
ec015bbb,5,1,0,0.180997316727466
ec0f4afa,5,1,0,0.43280101745109556
ec13a1b9,5,3,2,0.3728890997790254
ec220299,5,3,0,0.9478740358895275
ec619149,5,1,0,0.548741522037292
ec65cd62,5,3,0,0.36485214927099285
ec6b57b4,5,2,0,0.729011292091341
ec850b10,5,3,0,1.2846755970921724
ec8f8f95,5,3,2,0.7299760537547424
ec9044f5,5,1,0,0.6123604252077927
ec9179b7,5,1,0,0.13431127464899867
ec9195be,5,3,0,0.3101410798301074
ecb1c038,5,1,1,0.5007670200267229
ecbdbe55,5,3,0,0.2001499773664397
ecd22509,5,3,2,1.2458722838559684
ed0b3906,5,2,2,0.9305921448492478
ed329c15,5,3,1,1.0244957063059914
ed61b01e,5,3,0,1.4439177480548688
edb86a64,5,2,1,0.5563570709131844
edb9d0f3,5,1,0,0.3344248188097405
edbf35f3,5,3,2,1.672303913034934
edc44560,5,3,0,0.7522600185831776
edca760c,5,1,1,0.5115759660718588
edeec50d,5,2,0,0.2685443974223288
ee0fa75a,5,2,1,1.0144635690529458
ee21612e,5,1,2,0.8387144450531573
ee2bf575,5,2,2,0.8644981067464226
ee4e9eed,5,2,0,0.3320863453417653
ee654259,5,3,1,0.17734297711758024
ee67eb55,5,1,0,0.3504163092001087
ee7de96c,5,3,0,0.05097825647663268
eea74d46,5,2,1,0.22455531981762156
eec0d188,5,2,0,0.37452087113296517
eeedcd5e,5,3,1,0.7116291233869432
eeefa792,5,2,0,0.4403104185584532
eef79620,5,3,0,1.0499371980310928
ef1b858a,5,3,0,0.10879834102859248
ef4ae515,5,1,0,0.11305762540320763
ef58dd3c,5,3,0,0.9922914052688989
ef9617e7,5,1,2,0.616600247267613
efa35d35,5,3,0,0.413036569521367
efc2bc05,5,2,0,0.7726037317072476
efcef0d6,5,3,0,0.7648285430767615
efedde24,5,3,0,1.781290947245543
f015a18c,5,1,0,1.098876086571444
f028534c,5,3,0,0.647482533232447
f0356a48,5,2,0,0.3702717069856046
f043be76,5,1,0,0.5871351345014304
f08a5ac3,5,3,0,0.5595374384373827
f09b02cd,5,2,0,0.44035053544801317
f09e7b33,5,1,2,0.7312846137637936
f0d76b32,5,3,1,0.6278590358243382
f0ed5690,5,2,0,0.39004374601969416
f0f3e41f,5,2,0,0.7459887452953267
f1049268,5,2,1,0.7006404632716463
f11e17c0,5,2,1,1.2444091158318273
f13cb65e,5,3,2,0.8788728275782067
f15dca1b,5,1,1,0.6222884784007735
f1a16e58,5,3,1,0.568720985830885
f1baae47,5,1,1,0.652588433501623
f1bd0f59,5,2,0,0.615970107255518
f1c3cb6b,5,2,1,0.856940607957069
f1ed2e85,5,2,0,0.31093400448249775
f1ee75bf,5,1,1,0.3918279442926512
f220a837,5,2,1,1.0356892576118955
f2260009,5,2,0,0.35138703976881513
f2649b91,5,2,1,0.7777086009693897
f285b43c,5,3,1,1.2689571893265983
f29d4094,5,1,1,1.1136526764525416
f2d4efd8,5,1,2,0.9699759623196056
f301e7a9,5,1,0,0.36492855383916645
f3020788,5,2,2,1.035602285865913
f32a9580,5,3,0,0.3493266203065009
f35b607c,5,2,0,0.4723552024354075
f3600deb,5,2,1,0.44140016361915413
f3a1dd3b,5,2,1,0.649656551659382
f3aac45a,5,3,1,1.138435822712915
f3d22832,5,1,0,0.4977916759453276
f3fbe6c9,5,1,0,0.7463579199149675
f420b05a,5,3,0,0.07606202940111861
f47a67cc,5,3,0,4.082990473297521e-05
f47abc42,5,2,0,0.36375290218559175
f4d2f5af,5,1,2,0.6585564422227693
f4ece6b5,5,1,0,0.2638549162527028
f52a2597,5,2,0,0.6432641199535687
f5369cea,5,1,0,0.12721836879148624
f54eebeb,5,3,1,1.339397240872552
f566e5cc,5,2,1,0.9728805951522964
f567a1af,5,2,0,0.21004091612879455
f57de847,5,1,0,0.7675480352335429
f584742f,5,3,1,1.5183448784271314
f5ad7abc,5,2,0,0.24690889209969852
f5b2acf0,5,3,1,0.45950771382928934
f5d4c82e,5,1,1,0.8703876214239747
f5e64c94,5,3,1,0.5883899381763212
f6284dcb,5,2,0,0.41704084510459905
f62b317d,5,1,0,0.9163350384588939
f64ae747,5,3,2,0.9507595611033841
f64f877b,5,3,0,0.24680985959416069
f68f158d,5,2,0,0.6605247255657926
f6c0e2b7,5,3,1,1.167685835052528
f6c20447,5,2,0,0.2347662226255703
f6cc80a9,5,2,0,1.14362648533474
f6d3a5ad,5,2,0,0.4658469564334704
f6d879aa,5,1,1,0.8957852089921066
f74c45c1,5,1,1,0.8709822792564583
f74eda33,5,2,2,0.8155594359631879
f75c957f,5,1,0,0.10539730058042579
f7b1374e,5,1,1,1.0168023629072203
f804c9f3,5,1,1,0.8212089225277572
f81598bf,5,1,1,0.7805580005595845
f817f33a,5,1,0,0.18683654069198208
f848f42b,5,1,1,0.4028628936149867
f8674e15,5,2,1,0.5932189206752317
f869d220,5,1,1,1.289205036896191
f8b08332,5,2,0,0.3783421721235667
f8b36382,5,1,1,0.4035087861810334
f8bf4a1c,5,1,0,0.9559099048029989
f8d293a0,5,2,0,0.19595707112660038
f8e3467e,5,2,1,0.4470949844158806
f8ff0bc8,5,1,0,1.0733998512645972
f922ae21,5,3,0,0.47217791938978704
f93010a8,5,1,0,0.5303670229608788
f9334e08,5,3,1,0.018315102029011432
f9384fa2,5,2,1,0.8457372182188484
f958efdc,5,3,0,0.7643461591599338
f9897bf1,5,1,1,0.1669491968736278
fa293db8,5,1,0,0.3981591595066743
fa29ab47,5,1,0,0.18155367862304994
fa34f945,5,2,1,0.9869132117215815
fa3e1e21,5,3,0,0.340633959246168
fa472647,5,1,1,0.6762543293005168
fa4f0329,5,3,0,0.40009569360732405
fa62d7b1,5,2,0,0.6154201400977891
fa78d819,5,2,2,1.1341663793899985
fa9a0add,5,2,0,0.10751452417499435
fab75c2c,5,1,0,0.25759331629537413
fad07fce,5,1,0,0.5672669118234335
fb22e454,5,3,0,0.8122632133943085
fb2c4db6,5,3,0,-0.048240931989435465
fb2ddbd1,5,1,2,0.40824977771847837
fb3c2c87,5,1,0,0.38520844005221855
fb9982a2,5,3,0,0.0968654538280797
fb9b060f,5,1,2,1.1641580087655308
fb9c5a33,5,1,0,0.5133444625057297
fbb39bfe,5,1,2,0.754065303266771
fbbd97b1,5,3,0,0.5496004751546407
fbc6ade7,5,2,1,0.11350868954353799
fbda3966,5,2,1,0.5712438889187427
fc1912e3,5,2,1,0.828495187286415
fc2c2c08,5,1,0,0.4816957811461542
fc41be2f,5,3,0,0.07664828130412549
fc49ba65,5,2,0,0.18845797379373214
fc8e4de4,5,1,0,0.49801807718263147
fcc6347f,5,3,0,0.21777331064485622
fcd9a6bb,5,1,0,0.19597363680905072
fd028ecc,5,3,0,0.31394560376314246
fd0d9bca,5,2,0,0.20318580310570195
fd3448d9,5,3,2,0.4908544996119951
fd5589f6,5,2,0,0.31231424453657214
fdb6b48b,5,2,0,0.5268954634709004
fdc11b96,5,2,0,0.9716096327387476
fdd9799f,5,3,1,1.1965965505556169
fdf4691f,5,1,0,0.6475571984577609
fe102a25,5,1,1,0.4951460747222628
fe2bc235,5,3,2,0.5675327871348325
fe3cbf02,5,3,0,0.13700668530185228
fe6afaf9,5,1,0,0.489961015462285
fe9c71d8,5,3,0,0.21279889106008892
feb53635,5,3,2,1.7702949753916586
fecc07d6,5,2,0,0.1296878064366408
fee07f32,5,2,0,0.2778105187457651
fefaffe0,5,2,0,0.6424066946643737
ff18b749,5,1,0,0.34090585282835545
ff60112d,5,1,1,1.3789387296777098
ff759544,5,1,1,0.14736336767139635
ff8a2de4,5,2,1,0.7560426135279212
ffed1dd5,5,3,0,0.8997034286719561
