id,outer_fold,inner_fold,y_true,catboost_prediction
00008ff9,1,2,2,0.5194901206395359
000fd460,1,2,0,0.3506434210565379
001f3379,1,3,1,0.6333832792387013
0038ba98,1,2,0,0.6776595438464748
00abe655,1,2,0,0.5570373164886627
00c0cd71,1,2,2,0.44242217124783484
00d56d4b,1,1,0,0.0665393542783902
00e6167c,1,2,0,0.5578939816220195
00f332d1,1,3,1,0.9416231766967758
01182ce3,1,2,2,1.2617953115911285
011e71c3,1,2,0,0.8560461379209996
012cadd8,1,1,0,0.3484120148018909
012e3869,1,1,0,0.09382183185239662
014c303e,1,2,0,0.3063528759876223
015ba5b1,1,3,2,1.0415028676827291
01cae1ef,1,2,0,0.6652950055581087
02073150,1,2,0,0.1943511079199684
02648a1c,1,2,0,0.6100294275482763
026fcbc3,1,1,0,0.6919134134766162
029a19c9,1,3,1,0.9286689797492768
02a01f18,1,3,0,0.22318478797404434
02c4cf7f,1,1,1,0.4471405072898466
02cebf33,1,1,1,1.0991282503768693
02cf7384,1,3,0,0.7564716691491783
02dcf62a,1,2,0,0.4058832492092137
02e56a7c,1,2,0,0.4160048647369404
0347462d,1,2,1,1.036525034820799
034f923b,1,2,0,0.9962288542612034
0357a10e,1,1,1,0.3469660429718653
0380e709,1,3,2,0.5291269302050495
0391e587,1,3,2,0.5627901209569476
03a9019b,1,3,1,0.5347751144787342
03f1c1c8,1,3,2,0.8504831389316869
0417c91e,1,1,0,0.033937068990875785
04370442,1,3,2,0.24291800849557982
045a0a94,1,1,2,1.1130790708780176
0471236c,1,3,0,0.07214465345849064
04ad419d,1,2,0,0.45977011864966744
04af8fdd,1,2,0,0.4687522869729159
04afb6f9,1,1,2,0.7547320105351095
04b3cc70,1,2,0,0.4612349374115907
04bb1a76,1,3,2,0.7008376558411298
04cb2c30,1,3,1,0.45578909828948855
04d06a9c,1,1,1,0.5052319345714053
04dc7df1,1,3,1,0.409586995912023
052a1122,1,3,1,0.36608761718304983
053d7d31,1,1,0,0.5997579021169148
05777ce1,1,1,2,1.2654788456425465
058990e9,1,3,1,0.751116441886335
058d2812,1,3,2,0.9907471653982681
0598f669,1,1,0,0.5710733334184781
059eed01,1,3,0,0.13791449225258545
05bbed1b,1,3,0,0.0966083941543106
05d3d73a,1,3,0,0.24402364338009774
05db1b9b,1,1,0,0.44734891867115445
05e67680,1,2,0,0.5615261143918511
0610c066,1,1,0,0.1712308833235056
061f2866,1,2,2,1.1290656527473315
063353cc,1,2,0,1.0062209619925215
063b16fc,1,2,1,0.9726987070581369
06472198,1,1,0,0.08725740525406295
064e8da5,1,2,0,0.07289522206867882
065801e3,1,2,0,0.6876960864301462
066343d4,1,1,0,0.3887113668866482
0668373f,1,2,2,0.45230236917254385
0676ead5,1,3,0,0.4112093992655241
067b9287,1,3,1,0.43385779577754124
067de065,1,2,0,0.13138191624429535
06c8b2fb,1,3,0,0.07012164839127166
06eb8adb,1,2,0,0.14261214486521862
06ec8be3,1,1,1,0.37618044480303436
070386b2,1,3,0,0.6077431439022691
07048067,1,1,1,0.680578231658328
0720320e,1,1,0,0.6384785661690906
0745c390,1,2,1,0.5313525842794553
077ac7a2,1,2,1,0.2665743606127343
07d879cf,1,3,1,0.6422604463914038
08159c5e,1,1,0,0.808717089562259
082df556,1,2,0,0.8215669907183805
0844aee7,1,3,1,0.20607932680173852
08577722,1,1,0,0.22271707755656406
08660d12,1,3,2,1.0246806279559795
086d6e7f,1,3,0,0.13889979549243997
0884aca8,1,1,0,0.5498682700423144
089a6b19,1,3,0,1.1144284348702067
08fa44ad,1,1,1,0.33464992643241565
09039272,1,1,0,0.45738440754171517
092494ec,1,1,1,1.2801707498239727
0924b815,1,2,1,0.10999822234877404
09331bb8,1,3,2,0.9387580230400054
096bf063,1,1,2,0.7501731894925063
098d3c32,1,2,0,0.36630687867465916
09d80057,1,3,1,0.25968505100091255
09eeaba6,1,1,0,0.06880761916840195
09eeec14,1,1,2,0.491230086036032
09f44fd2,1,1,0,0.2275610016103375
0a1afc11,1,3,0,0.21874863522003773
0a431608,1,1,0,1.1744829654508109
0a4b1425,1,1,0,0.1599729750315284
0a540797,1,1,0,0.35923616222711274
0a5f1214,1,2,0,0.45594801400613627
0a775819,1,2,2,1.3372339913371487
0a822c93,1,2,1,0.9260292103815295
0a9159f8,1,1,0,0.564440171912685
0a995f99,1,3,0,0.30654023679388137
0aa90ce7,1,3,0,0.511750934331991
0aaf08ec,1,3,1,0.6539469330066222
0ac521c8,1,1,3,0.984821693840602
0acac70c,1,1,1,1.0095237779972763
0adf511d,1,3,1,0.49362965599788056
0af81037,1,1,0,0.6351343567607913
0afb2535,1,2,0,0.5970128501783855
0b4014f0,1,1,0,0.6906134226089402
0b4f597e,1,1,0,0.1834533382420246
0b50f3fa,1,2,1,0.6441384896871103
0b6b07f6,1,1,0,0.31825498586973927
0b7c6100,1,3,0,0.6091182478455683
0b7d7aec,1,3,0,1.0133155661666153
0b7d9da6,1,2,0,0.3046531920810576
0ba53e53,1,2,2,0.2120691540258397
0bd89878,1,3,0,0.20261916290101423
0bdace00,1,3,0,0.4577472517058595
0bfe4fc9,1,3,1,0.7611888593702989
0c0a1576,1,3,0,0.11318293448160827
0c3d248f,1,1,0,0.20127320571491164
0c3d88cb,1,2,0,0.1873190553279262
0c794cf7,1,1,0,0.2120457515349808
0c83af0f,1,2,2,0.637621138931452
0c98f822,1,3,1,1.1019050919277547
0cbe4e54,1,2,0,0.8593656884931683
0cccc6bc,1,1,0,0.4041839588325822
0d01bbf2,1,3,0,0.33911197113559755
0d279d77,1,3,0,0.5857438339329888
0d394928,1,2,0,0.41825052847072236
0d4800c8,1,3,1,0.9039022587195249
0d570d3e,1,3,2,0.6359671803335012
0d924604,1,3,0,0.26149027674802194
0ddab8ff,1,2,0,0.26779627417746366
0de01ae7,1,3,1,0.9965433089823137
0df4c27d,1,3,0,1.005406789140252
0e3b0bd2,1,3,0,0.1131051663158858
0e951124,1,3,3,1.1091366489663979
0e9c1be6,1,1,1,0.39541026167626236
0ec403df,1,3,2,0.9065858639354679
0ed2a3c8,1,2,1,0.2296747037482496
0eddd8e5,1,2,0,0.5762814781306499
0f4db4f2,1,3,0,0.7066919665529587
0f6b71c4,1,3,0,0.3076459337348664
0f7f3bf3,1,1,1,0.7423995531899157
0f9b8e65,1,2,1,0.7688968831534837
0fbb3ca5,1,3,1,1.0419885931330186
0fc19fd9,1,1,0,0.1340928752519917
101774f0,1,1,0,0.0237660947515711
101c27f1,1,2,0,0.47181178819451647
10258585,1,1,1,0.18004373012095537
105e3f96,1,1,0,0.7046126989691937
10ad8c48,1,1,2,1.2453130287259393
10be7f09,1,1,0,0.296350171508378
10c0e99a,1,3,0,0.20977736262851215
10e46254,1,1,0,0.2985492500505797
113f5798,1,2,2,0.9125934779689766
11477ed0,1,2,0,0.8000346423178536
115d3db4,1,2,1,0.36381621136181497
11739de2,1,3,0,0.7223966545542684
1184a14a,1,2,0,0.2727964154417896
118b7733,1,1,1,0.4543612596359011
119d7562,1,2,1,1.1196508969524246
119dd2e1,1,2,1,0.34087009214177966
119e181e,1,1,0,-0.010859448562921536
11be5d2e,1,2,1,0.839302230590151
11d1a5ac,1,1,0,0.6061170502428106
11f7253c,1,1,3,1.0732946313724416
11f9b26c,1,3,0,0.08817074654049456
1225fd28,1,3,1,0.8012061918720037
12380b06,1,2,0,0.7646953790788398
1286dab7,1,1,0,0.29107670123914214
12a607f6,1,1,1,0.3775864022967024
12cbf30c,1,2,0,0.7123866906418529
12cfb064,1,2,0,0.1533347165316135
12f37ff2,1,2,1,0.19360232323741894
1301f65d,1,1,0,0.3175476039418161
1307c41a,1,3,0,0.2444519646634094
1314bc8c,1,1,0,0.9358752027547843
136894bc,1,2,0,1.0265767710935236
137baaec,1,2,2,0.6639767731501146
137fc699,1,3,1,0.31896414419782976
13a5e288,1,1,0,0.33604716081120023
13be5672,1,2,0,0.26138351518590114
13d2c419,1,1,0,0.16440743984288658
13eee030,1,1,1,0.6360139236647246
13fca10c,1,2,1,0.7189523819808139
14109652,1,2,2,0.9734776961033943
14391970,1,3,0,0.23447078691089973
1455e657,1,3,0,0.12317125020893532
1458a9d2,1,2,0,0.42572541778884654
1470a1df,1,2,1,0.6098700773310239
147c4374,1,1,0,0.09125875400614525
14a6e58e,1,2,0,0.4972392643117633
14b3d6e5,1,1,0,0.029468718090043367
14b999b6,1,1,0,0.6331274068137789
14c12974,1,1,0,0.1392536086597087
14dae995,1,1,0,0.6324487200737727
14e00ce0,1,1,0,0.2092470362969599
1522fee1,1,2,2,0.961256900488184
154d1191,1,1,1,0.08617650345122052
1551c806,1,3,1,0.9352696296843623
1562998a,1,2,0,0.8270050054727809
157b271f,1,2,3,1.1128267720351377
15a2364d,1,2,1,0.7736918534916978
15d702f8,1,1,0,0.3588287326877856
15f217a6,1,2,1,0.6459215879553736
1606f203,1,2,0,0.5185665538813194
1649ce22,1,1,0,0.3467307321830875
164b29ed,1,3,0,0.24939727906870512
164edc75,1,1,2,0.8783821567462529
16bf9efe,1,2,0,0.7021274116549246
16deb306,1,3,0,0.3026025237893255
16e277aa,1,3,0,0.7139259396317814
1704e646,1,1,1,1.0194582458646377
176f33fb,1,3,0,0.3260043169177783
17c1ae23,1,3,1,0.35171888398384865
17e9cba0,1,1,2,0.9746282178680141
1824417f,1,1,3,1.305327861264323
18400e8e,1,1,1,0.8693715372042108
1843760e,1,2,1,0.7392189080767063
18506cf3,1,1,0,0.6001501345814477
1894884e,1,2,0,0.18597416551585455
18962676,1,2,0,0.17364522205024446
18ab47f8,1,1,0,0.18591195457671972
18b79e9b,1,3,2,0.25932782445166314
18b8b2f6,1,1,1,0.3311523567514544
18e21bf1,1,3,0,0.2343335818724322
18f6e6db,1,1,0,0.2850285809751467
18fdbccc,1,2,0,0.305501428133695
18feab0f,1,2,0,0.8329821299558937
19098ef0,1,1,0,0.7512182521206751
1911731d,1,1,0,0.02714310200298542
1943fb23,1,3,0,0.23315459345732575
19455336,1,3,1,0.6925668177293557
198e50c9,1,2,0,1.2126003441704958
19b095d5,1,2,0,0.3143783620908403
19cc95e8,1,2,0,0.294338841186369
1a1e8ac5,1,3,0,0.17558491565643763
1a23d282,1,2,1,0.7057904535569344
1a2412b3,1,1,0,0.7090313897909634
1a803bfe,1,3,0,0.35441607992684276
1aae1de3,1,1,0,0.9746842524515067
1afa48fe,1,2,0,0.3275215196819659
1aff6762,1,3,2,1.1363510400631092
1b258140,1,2,0,0.06395786464616304
1b2cd439,1,2,0,0.613050161641587
1b2eea8f,1,3,2,1.0955232614283403
1b32427b,1,1,0,0.7189084324043016
1b410106,1,3,0,0.22045670601343798
1b49c870,1,3,0,0.37977232432086316
1b5b34bc,1,3,1,0.5323053361564859
1b6fb363,1,3,1,0.5880119461406959
1b73fce0,1,1,0,0.22069359059584842
1bc6a98c,1,2,0,0.1385016560723859
1c063ebc,1,3,0,0.08647545428548364
1c23295e,1,3,0,0.5657796069870756
1c481537,1,2,3,1.1320067512804082
1c5ba087,1,3,1,0.9393071307600902
1c66daf4,1,2,0,0.7701705071867289
1c673231,1,2,2,0.6462615237117174
1c6ac3d4,1,3,0,0.3119652456704653
1ccf44f0,1,1,0,0.36145206871497604
1cd37b36,1,1,1,0.8817728800516694
1cf6dcef,1,1,1,0.313963912718022
1d02812a,1,3,0,1.0256526035728268
1d041232,1,1,0,0.6911731077889567
1d11d488,1,2,0,1.3517361749417427
1d78b3c3,1,3,0,0.5347368066712337
1da37c60,1,1,2,0.6633677924825988
1dd90b53,1,1,2,0.7784291858538521
1de3c240,1,3,0,0.18981557175897917
1dfd6433,1,1,1,0.6881316993025353
1e08b1dc,1,2,1,0.9183426425841161
1e2a1bd0,1,3,0,0.24781532222951247
1e5f6199,1,1,0,0.23536055900054698
1e87baed,1,2,0,0.5829661905982468
1e986f93,1,2,0,0.06180139839812182
1eda934b,1,2,0,0.8347560450609015
1eea8df2,1,1,2,1.277884948797509
1eedf45e,1,2,1,0.6849131487489566
1f2164a4,1,3,1,0.10195508365712047
1f400626,1,3,0,1.046591287183053
1f5835cd,1,3,0,0.08819058611612379
1f65fa82,1,3,1,1.2458180032416744
1f7bd44c,1,1,0,0.1750603841127134
1f7ec039,1,2,1,0.882337313557948
1f881e3d,1,1,0,0.9597517641083071
1fc07a80,1,1,0,0.4573352409607006
1feb42f2,1,3,2,0.6242403637090392
1ffede3b,1,1,0,0.7286619720408323
206c8562,1,3,1,0.4283805480799485
2084c823,1,1,0,0.8804398500127857
20cefbaf,1,3,0,0.3969765922837718
20d7ecfd,1,2,1,0.6647905386631203
20df4cab,1,1,0,0.14969423714643298
20e8ca68,1,2,0,0.49293807749807206
2114473a,1,2,0,0.39202870550919044
215ca39b,1,2,1,0.5596188296005361
218faf6f,1,3,0,0.24476023175715522
21a76448,1,3,1,0.8775260613250584
21b835ac,1,3,0,0.17294182944590014
21c62163,1,1,1,0.360619549057957
21e5833c,1,3,0,0.5296463854018333
21f58fba,1,3,0,0.29676361113867245
221e37e0,1,3,0,0.19142174888914354
223724b2,1,1,0,0.6450775134476389
22375702,1,3,1,1.4454443108679704
22389051,1,3,1,0.3253561253842644
22447a95,1,3,0,1.3050413023727194
22536a61,1,1,0,0.8390386773295104
22a71606,1,3,0,0.08738657739014721
22b4191a,1,1,1,0.8675551594374338
22c72c4e,1,1,2,0.6147021797624741
22e44415,1,2,0,0.4009446746780083
22f43a12,1,3,0,0.41372146298895246
231f6db4,1,1,1,0.3061002324796134
233b9425,1,3,0,0.2603442735366103
2340e84a,1,2,0,0.5720181263390118
23418fa2,1,1,0,0.1557197315305544
23567787,1,1,1,0.5815127482180935
236ecde8,1,3,0,0.23455283663765047
23d1a58d,1,1,0,0.9188828679026173
23d71e37,1,1,0,0.5780232255522758
23dafdab,1,3,0,0.2901153884329647
23e024bd,1,2,0,0.7228071958610961
24398aed,1,2,0,0.1914693860424217
24591f4d,1,2,0,0.26979924766834334
247172f9,1,1,0,0.5360143779479896
2496c491,1,1,0,1.1475252548419288
249b6d68,1,1,0,0.8877456561643853
249d2266,1,1,0,0.15318360098053885
24a3b16d,1,3,1,0.8868307664986144
24ab10c6,1,1,1,0.09076027740794623
24b4bc6d,1,2,1,0.45082285264140654
24b75658,1,3,0,0.22610388318259994
24dac645,1,2,0,0.4414493448151383
252ebc5b,1,3,2,0.590333715351458
253f5cb1,1,3,1,1.4762225481614857
2586774b,1,1,0,0.49319240650176316
25a3a723,1,3,0,0.6558933291340137
25e752c8,1,1,0,0.14363967432729158
25eba023,1,2,0,0.1186333012818846
260f542b,1,3,0,0.18379822278084346
26190ddd,1,2,0,0.44550006465858827
262cff6d,1,3,1,1.5131071244444096
26891dbd,1,2,0,0.8143732680897164
269d9918,1,3,1,0.595688624157837
26a4b61b,1,1,1,0.5524063662057397
26aeacdf,1,3,0,0.126160520499078
26d31613,1,3,1,0.9991553156243539
26f0e055,1,3,1,0.24084178953064506
273c8ebd,1,3,0,0.07004728076560507
2760be91,1,3,2,0.5584175626485414
277f5b32,1,3,2,0.9682230957281844
279d0ec4,1,2,0,0.7844561678583092
27cd2a6c,1,3,2,0.7987147998506702
27d363de,1,2,1,0.7482448325142017
27d7e5e4,1,1,0,0.15565139666515693
27e0ca6b,1,3,0,0.4673786767774638
281174c9,1,3,0,0.5487120253198938
2812951b,1,1,0,0.45933233683170066
2840643b,1,1,1,0.2165318753546605
287390e6,1,2,2,0.9808245309617968
287f1349,1,1,0,0.7683470315581127
28b91cf3,1,2,0,0.13612406303035407
28ba92e9,1,3,0,0.3587669265164392
28e8b2b2,1,3,0,0.37440546612668035
28e973b1,1,3,0,0.5490443432073472
28f7e6ff,1,2,2,0.6096353913713335
28f99ddb,1,1,0,0.5645443040236315
2911ef94,1,3,2,1.0516627194447494
29a1d334,1,1,0,0.4647913727312929
29c54890,1,1,0,0.7028660531869432
29e4911b,1,2,0,0.060206259252751915
2a3fcf9a,1,1,0,0.11771177144835476
2a64085d,1,1,0,0.23695001766493357
2a6a6b92,1,3,0,0.7616434417560489
2a7b5b79,1,1,1,0.4046822025061346
2a81925b,1,1,1,0.41820803111098465
2a85889c,1,2,1,0.6724598970742537
2a88cbe9,1,3,0,0.46731836824933093
2a922ca4,1,1,0,0.18600653270915385
2a9e0dee,1,3,0,0.5759213170430334
2aa15e6b,1,2,1,0.22492143657296737
2aab37ac,1,2,0,0.4292379738996329
2ac0bd9f,1,2,1,0.8580631198015816
2af3c8d8,1,3,1,1.4280172464403746
2afea280,1,1,1,0.920461173312705
2b34dcf3,1,1,0,0.32381009427955304
2b574ef7,1,3,0,0.1918112227058265
2bac0893,1,1,0,0.8891546592416046
2bad0db7,1,2,0,0.7771751062914376
2bbcfd43,1,1,0,0.2957118956839109
2beaaf7a,1,1,1,0.6232557941376388
2bfc9187,1,1,0,0.6401839449994987
2c2dc20d,1,2,2,0.5035762094639098
2c406043,1,2,0,0.08427320105041242
2c483245,1,1,0,0.7922020990757073
2c512f2f,1,2,1,0.5463318600532983
2c54d6c5,1,1,0,0.5961184200062156
2c9a90e9,1,1,1,1.272893111768552
2ca2206f,1,3,1,0.9620684018603982
2ca9811d,1,3,1,1.1454139120206936
2cb0db2c,1,1,0,0.14676102069810304
2cd9b5a3,1,2,1,0.7949072182323413
2cda86bd,1,3,2,1.366552388441328
2d043af7,1,2,0,0.7197180209672384
2d286c59,1,3,0,0.6459402292818744
2d5365c6,1,3,2,0.5948178254784302
2da6bf6e,1,2,0,0.12596997894755502
2dbdfe11,1,1,2,0.5691241762502717
2e17c497,1,1,1,0.3304222279804718
2e293d08,1,2,0,0.24693213319260027
2e42573e,1,2,0,0.2271561501342675
2e5f5207,1,1,1,0.6353172274280859
2ebdadbc,1,1,0,0.44247299884270286
2ee0a1e8,1,1,1,0.9923460630801655
2f0f2949,1,3,0,1.0623121085730296
2f12de00,1,2,1,0.6096394863625403
2f154763,1,1,0,0.14642607482854736
2f16cad4,1,3,0,1.0811370705233463
2f6b484c,1,1,0,0.19977713509393047
2f72f441,1,1,0,0.09890669084327308
2f8ec752,1,1,0,0.6218407748371765
2f91f3c1,1,1,0,0.8321257920096865
2fba6cf4,1,1,0,0.3335240960719379
2fc568f6,1,1,1,0.9256865837295427
2ff729d3,1,2,0,0.8782576717710894
3055881a,1,2,0,0.7796704139945211
3065aa2f,1,2,0,0.6867120328742844
307c91ee,1,3,0,0.2235667970283574
3093d29f,1,2,1,0.6941491334015957
30ac8a84,1,3,2,0.5589294685858693
30b3f203,1,3,2,1.0727832115054186
30ba4252,1,2,0,0.3288106435257614
30d2fd47,1,2,0,0.16370044695342323
3133a6c9,1,2,1,0.5323650982528059
3134b69f,1,2,1,0.748716356589005
3146f878,1,3,0,0.34522827656971555
3155ed01,1,1,0,0.7821295706782463
3162c492,1,2,1,0.42429885770856324
31648caa,1,1,0,0.0057541348031382444
31b74cd4,1,3,1,0.47524306772860514
31d61741,1,1,1,0.510486703445244
31d7a136,1,2,0,0.20348639254780304
31f01671,1,2,0,0.18089996486885906
321202d4,1,2,1,0.648327862598283
323ea319,1,3,0,0.5222629699088257
325afd3d,1,3,0,0.7455310832306835
3268c574,1,1,1,0.8293305059136953
326c23c2,1,2,0,0.48313129804930605
327736cd,1,1,0,0.10330491993064267
327ef356,1,2,1,0.6446847260501813
329a9c25,1,3,2,1.0538066388437284
32a9dac0,1,3,2,0.7442800480365579
32b8490d,1,2,0,0.5428370824669042
32d0ebca,1,2,0,0.7690734078370072
32dcc8ab,1,2,0,0.3856135087180207
32e18ccc,1,3,2,1.1840907844595396
3302713b,1,1,0,0.7839995768568015
3305a981,1,1,2,1.0817928166597484
331733c7,1,2,1,0.7456197204150888
333be478,1,2,1,0.5123307878715284
338146bd,1,3,0,0.5279315424555135
3399795b,1,2,1,0.5466784666908924
33d60f7d,1,3,2,0.3999793110544886
33e34de8,1,1,1,1.0520301393044207
33fe1b04,1,3,0,0.7514725373547879
342d43c7,1,1,1,0.9041467317066978
342edae9,1,3,1,0.27241138710439194
343460ab,1,3,3,1.5492400660762267
34362a9a,1,1,1,0.3160592014514802
3441fd41,1,1,1,0.9921209879668262
3466c72a,1,3,1,0.652587917657037
347095fe,1,1,2,1.4155558411486737
34c30fad,1,2,2,1.0120692632452681
350cf38b,1,3,0,0.21107196739695122
350dbeba,1,2,0,0.7584592138454994
35198c2d,1,1,2,1.0154038994033099
351cd4ec,1,3,1,0.5901369113584088
35265670,1,1,1,0.3329579256207097
356ab908,1,3,1,0.8973174181607929
35d2aa41,1,3,0,1.217465692742214
35daea65,1,1,0,0.05325449597197651
36146fe1,1,1,0,0.8702817465297608
36473697,1,3,1,0.7265318439055245
36530d36,1,3,0,0.42328620855808397
3655395c,1,3,0,0.4183492051970177
36958957,1,2,2,0.871870656134877
36c060b9,1,2,2,1.468580771584849
36c1f189,1,2,0,0.21246909362819533
36e77bf0,1,1,1,0.48530098863820104
370b47c4,1,3,0,0.9664243234592491
3714afd7,1,1,0,0.501450055409318
372a7950,1,1,1,0.726980556341136
376e617f,1,3,2,0.8762894174975451
37995242,1,2,0,0.0564211108297461
37ae1239,1,1,1,0.3373855237228729
37bcfa7e,1,3,0,0.893154921209997
380029ef,1,1,0,0.3251399633560019
3820a945,1,3,0,1.1506544002982082
38390669,1,2,0,0.2507125282164676
385819e6,1,3,1,0.20548173154030897
3875d4de,1,2,0,0.9664542766024183
38cccd6d,1,1,2,0.9233615103138184
38d53b92,1,2,0,0.4686949902347416
3901e707,1,1,0,0.20519713293609004
3918d854,1,2,0,0.10124657381592872
394684ae,1,1,0,0.7701362385810279
397efe7a,1,2,0,0.34316134333033244
3983d3cd,1,3,0,0.49282000737664433
3999e449,1,1,0,0.8822371505502986
39c20e2a,1,3,0,0.8502195787394666
39cc2836,1,3,0,0.3207242200728409
39d626f4,1,1,0,0.6396445911441015
39dd3538,1,1,0,0.07178117297191089
3a33d579,1,3,1,0.5801980238023305
3a594acf,1,3,1,0.7592647068353182
3a9d7bd6,1,3,0,0.207829144111489
3ab0b1ff,1,1,1,1.0389308363148337
3ab539f0,1,1,0,0.19013820539059667
3acb5be3,1,1,0,0.20871620736282798
3b047021,1,1,0,0.14465199274159452
3b091b83,1,3,0,0.4142274212359158
3b112284,1,1,0,0.09307762959129362
3b1b9538,1,3,1,0.7810707747167649
3ba48ca7,1,3,0,0.5477988490981044
3bbf88cd,1,1,2,0.7931608399256029
3c0aba64,1,2,0,0.7488202330733906
3c2cf08e,1,2,0,0.24852101522020542
3c620257,1,1,0,0.2529713184493528
3c7a7f32,1,1,0,1.0959979561531994
3c8f474a,1,3,0,0.3236609411451249
3cc9cfa6,1,3,0,0.2335281855164253
3cfeca85,1,2,0,0.16170798641849032
3d20d9a7,1,3,0,0.6775885414820322
3d2c0bc5,1,2,1,0.8344091945833421
3d36fe8b,1,1,0,0.9046410383302403
3d3b87db,1,2,1,0.7504654878661692
3d3fb503,1,1,0,0.26983934422479045
3d5ad997,1,2,0,0.6035941442939274
3d6143f3,1,1,0,0.12743848335995922
3d8531f5,1,3,0,0.3892223137910795
3d970ce4,1,2,1,0.6662308906667943
3dcbc164,1,2,1,1.1630959144921778
3de6a21c,1,1,0,0.18510401341368343
3e377cb7,1,1,0,0.5473967426827095
3e398bf9,1,1,2,1.091143894692133
3e3c242c,1,2,0,0.2124163135893986
3e5d5b58,1,2,1,0.13522642556432501
3e7ee995,1,2,1,1.1830987873656964
3e9fd8d6,1,2,2,1.1119978033916476
3eb48980,1,2,1,0.4696563343436919
3ebfbb4c,1,3,1,0.14651689858735167
3f1cf5ba,1,3,1,0.5281523989233977
3f1f23e7,1,2,2,0.6259274720718446
3f2141da,1,1,0,0.49419366788764674
3f3d3809,1,2,0,0.28098308824927076
3f51a21d,1,3,2,0.48918340689485407
3fcef947,1,1,0,0.5046025696375172
3fe59141,1,3,0,0.8622828967133596
40087bc5,1,1,2,1.218311397299927
40898508,1,2,0,0.880985877821375
408bed19,1,3,0,0.43552168713341194
4093774d,1,1,1,0.7846920070530936
40aae75f,1,1,0,0.847092150772518
40b904b3,1,3,1,0.6491994270279161
40cdadfc,1,3,0,0.418528508473652
40e95163,1,2,0,0.22799310619684665
41185f8e,1,2,2,0.9030714436839389
4128aee6,1,3,0,0.26696506756169136
4135cb0e,1,2,1,1.0971530082360745
4157be55,1,1,2,1.3808533098110713
415d5a1a,1,1,0,0.9405939768783584
4177e5e5,1,2,1,0.5846382051386543
41974cde,1,3,0,0.25293178762914464
419d05c6,1,1,2,1.0950609878339983
41bacefb,1,1,0,0.9542388486782404
41badf5d,1,1,1,0.8927388892559776
41cfd1db,1,1,3,1.3728929698504464
42309938,1,3,1,0.8583398354745477
4248261f,1,1,0,0.07642449224711767
4255e559,1,1,0,0.5194654148770707
4262ce3d,1,1,0,0.3828924406884819
4280076d,1,3,0,0.3523712361614571
428970d4,1,1,1,0.7156724780644756
428c37ea,1,3,0,0.4774920910909664
429cc266,1,1,0,0.40800889827092535
42aa29fb,1,3,1,0.4774448405039909
42bf071e,1,1,2,0.5870837910714471
42c6f67a,1,1,0,0.22556041019362333
42dfc9dd,1,1,2,1.0914429470660005
42ebc3fd,1,2,0,0.7138166536955951
432a4c21,1,2,1,0.8252564503720694
432aff11,1,1,0,0.12501448820768213
435bfa7b,1,3,1,0.48350292457503247
43629a34,1,1,0,0.0091671820152458
436dd613,1,1,0,0.36813066621386065
43720c15,1,1,0,0.7348466026293543
43808706,1,1,2,1.242885237052155
43a7386d,1,1,1,0.6758188210345
43e54b20,1,2,1,0.791840391199618
43f44f6c,1,3,2,0.6295180204693324
43f5d3c5,1,3,1,0.4509332499024339
43fb80d6,1,2,0,0.6323327359207854
43fdba8b,1,3,0,0.44593025107537665
440acf4f,1,3,0,0.18370595529942196
444131bc,1,2,0,0.25913134808718424
4442c376,1,2,0,0.3125083879382011
446757cb,1,1,1,1.0775577415901656
4496d883,1,1,2,0.5923259440750547
44b8622c,1,2,0,1.0332463386503656
44cbf5c5,1,1,0,0.14900280608288302
4505724a,1,1,0,0.029626672249666974
4507da27,1,2,1,1.1427639889905163
4518ed77,1,1,0,0.2907902813884602
45ea366f,1,2,0,0.11501669285992616
45eb32f2,1,2,2,0.9701190249276858
46170319,1,2,0,0.15893966253046482
463bf3b2,1,3,0,0.1749703275676498
464a75fb,1,3,1,1.113207007376872
4659aa1a,1,2,0,1.038119931141082
465d3273,1,2,1,0.830441246582653
466752d9,1,2,0,0.4841493580563032
467c549f,1,2,0,0.23814876511055344
47240aa3,1,1,0,0.2127021148642187
47350ac6,1,2,0,0.8840618536597089
4777151c,1,1,2,1.1408877345704704
47a52eb8,1,3,1,1.0838357757209636
47b3bea1,1,1,2,0.17821244072053977
47c1f368,1,3,2,1.2049633405804954
47c3b47c,1,2,1,0.33615060007180697
47c55e13,1,3,0,0.49073389524646405
47fef4fc,1,1,0,0.29542796965286844
481a1861,1,3,0,0.3911253627581706
4829f7ca,1,3,0,0.7455505401885448
4859a9f9,1,3,0,0.09483964521847638
485d7c69,1,3,0,0.4339226057307424
489fa831,1,3,1,0.45347026839336
48c205d9,1,2,0,0.48671891453784777
48db8ecf,1,2,0,0.2300027067793976
48df987b,1,1,0,0.3584710588719303
48e69212,1,2,0,0.39888093188520074
491bf457,1,3,0,0.6530377640149083
4926b18a,1,1,0,0.3758444266605444
494eba8a,1,1,0,0.37901454352117603
499d4499,1,2,0,1.0264333710637226
4a0b1b9d,1,2,1,0.7696507728639227
4a1440d9,1,3,2,0.31905175506094846
4a17b463,1,3,0,0.32037224857504354
4a21eb0c,1,2,0,0.8767445132195169
4a475a9f,1,3,1,1.111729972312674
4a4a0f78,1,1,2,1.1712615496281868
4a62661a,1,2,1,0.7052343589676825
4a69e534,1,1,0,0.09231881677139497
4a6af685,1,2,0,0.5045615181993531
4a6ea9de,1,1,2,0.8675297759412499
4a9f92ca,1,3,0,0.12923178252830692
4aa87859,1,2,0,0.3490781739637445
4ac5c412,1,3,0,0.15486774125829866
4acac04e,1,3,2,0.4880956150804778
4b0f961e,1,3,0,1.0458514504315048
4b1f6855,1,3,0,0.2173638545241538
4b20bce7,1,2,0,0.37118950456694166
4b328259,1,1,0,0.4332256074723946
4b3c7594,1,2,1,0.289302183506754
4b3db4f4,1,3,0,0.394552761735253
4b51db3e,1,3,0,0.11471943859403666
4b71830a,1,3,1,0.916338365121371
4bc2bee9,1,3,0,0.5555553659298141
4be6f3c1,1,3,0,0.5032138636214247
4c37fb30,1,1,2,1.0694441643205341
4c8dfaf0,1,2,2,0.5351033033509567
4ca242ea,1,2,1,1.1165848480216196
4cabd7aa,1,3,0,0.8544389006437063
4cde1e34,1,1,1,0.8440185348687541
4d19854c,1,2,1,0.5864420710984545
4d2d9ef3,1,2,0,0.07698624808019316
4d41bb62,1,3,0,0.052852367642873266
4d42caed,1,1,0,0.13527369507193227
4d5a8ce7,1,1,2,1.0923001771616987
4d61a44e,1,1,1,0.8516790257668715
4da4aba2,1,2,2,0.8942357973060978
4dc4ed56,1,1,0,0.5402160667608321
4dc86a42,1,3,0,0.29098205983066255
4decbcd8,1,3,0,0.2018063126541933
4dfb4e1d,1,2,2,0.9398916230619588
4e314e47,1,3,0,0.22067927631927947
4e58d463,1,2,0,0.5642415255588449
4e85505f,1,1,2,0.951408001330459
4ea3963e,1,2,0,0.5116646693502049
4eade67b,1,3,0,0.4167377486109025
4edb98d8,1,2,2,0.9092254493318437
4f059a8a,1,3,0,0.994584457346847
4f20b188,1,3,0,0.4099829103372726
4f3b33ba,1,2,1,0.6645945134502769
4f3cd5c2,1,2,2,0.9487102415257682
4f93504a,1,3,0,1.0689259059978682
4fd7e043,1,1,0,0.2280750896601837
4fe97569,1,3,0,0.8802078866538023
4ffa995b,1,3,0,1.2947422639661825
50242fa0,1,2,1,0.1983239615498555
508a0f98,1,2,2,0.9189429155112334
50a90725,1,1,1,0.8685550207801669
50b2b84b,1,1,0,0.9618721184518275
5132511c,1,2,1,1.239633057828582
515402ee,1,1,0,0.3722771128345439
515dd683,1,2,1,0.6990738633172511
5180ff75,1,3,0,1.1857033834599
518e5ae6,1,2,0,0.16079348781687142
5198e7b3,1,2,2,0.44896644538163827
51a349db,1,2,0,0.6363808073875493
51c15d22,1,1,1,1.1562079822359443
51f38b37,1,1,1,1.1067548614842342
51f3feb4,1,2,0,0.370441114967503
5216ef61,1,3,1,1.144113007111105
52219dbb,1,2,1,0.5348466680331582
5264bb0e,1,2,1,1.0446520009293674
527e796c,1,3,2,0.6371188379265292
528db82d,1,2,1,0.8211065211510192
52bd147c,1,1,0,0.28227451967537015
52ce9b8b,1,3,0,0.23305036374074944
5320dac6,1,3,0,1.0001823227364437
53621b84,1,3,0,0.8814157575080324
537dc410,1,1,2,0.9830242371284766
53814642,1,1,1,0.4705011529775198
53905a2c,1,1,1,0.4381914672474192
53cf99f2,1,3,0,0.19739592663553535
53d20dc3,1,3,0,0.06258358206643977
53ea1e7c,1,1,0,0.412152123805995
53faf893,1,2,0,0.04216799808942295
54391716,1,3,0,0.9862109837063009
546bfb18,1,2,0,0.22152334448840888
54854783,1,1,0,0.8127418888987887
54868027,1,2,0,0.2084652849378813
54945f30,1,2,0,0.715775695694973
54b35de5,1,3,0,1.357643418377209
54c87d3c,1,3,2,0.4105870221728489
54e592da,1,2,0,0.7022846942131611
54ffe872,1,2,1,0.3266560538659732
55464fb7,1,3,1,0.4304988745137998
554e46e9,1,3,2,0.45337084713887243
5588f518,1,3,1,0.4993988567386845
561f2797,1,3,0,0.2532920160640864
56210fdb,1,1,0,0.13182998894690678
563ebc00,1,3,1,0.28634290445802624
56418caf,1,2,2,0.6840785420565224
56443aba,1,3,1,0.4849228749927037
56761daf,1,1,2,0.865589924858192
567fd23a,1,2,1,1.126363264656507
568eb64b,1,3,2,1.1185819041141132
56c99b23,1,3,0,0.23171608813572314
56cb7161,1,2,0,0.20649602394005223
56ef356c,1,3,0,0.32788887624734264
571907fc,1,2,0,0.4607838554709356
574599a8,1,2,0,0.13875584950100533
574cb902,1,2,0,0.1830088836492615
5775ec58,1,1,1,0.8868208376130586
579e50bd,1,1,0,0.5258439501777405
57c4f2b4,1,1,0,0.6671805944933501
57d82f30,1,3,0,0.9159030273539477
57de6095,1,1,0,0.043780153365991614
57f6fa6c,1,1,0,0.018363743922100273
580a30c5,1,2,2,1.0505315111330622
58900fd0,1,3,0,0.19651611470855068
58a255e6,1,1,0,0.18353412941521752
58ada72e,1,1,1,0.6445425378513128
58de61f0,1,2,1,0.7883176224113206
58dfccdb,1,2,0,0.44435844569984995
58f11465,1,2,0,0.4001684464656321
592b3b7f,1,2,0,0.4766315815700188
59305d37,1,3,1,0.9419519794327023
59307c13,1,1,2,0.5223807174434449
593a7148,1,3,1,0.34239232829320715
593b5cfa,1,1,0,0.11343723554269891
5985f299,1,3,0,0.251201347479458
599850d0,1,3,0,0.16612350868370546
59b7fc28,1,1,0,0.05494519853096114
59d7a3a9,1,3,0,0.2893677546610072
59ea397f,1,1,0,-0.03987462207850845
5a07e79f,1,1,1,0.3755500305635024
5a2c7642,1,1,0,0.15317051629680256
5a3005de,1,3,2,0.941633171128474
5a313293,1,2,1,0.8744248253164295
5a3d5e05,1,3,1,0.4572029919839384
5a4b3725,1,1,1,0.9468549964925937
5a5f6d41,1,3,0,0.5509372218318989
5a5f9fb2,1,3,1,0.5076286751672434
5a8712ae,1,3,3,1.262883727502226
5ad85a02,1,3,0,0.36426169725341345
5af79adb,1,2,0,0.7396978443636186
5b299ae1,1,3,1,0.19314594409554398
5b2c9b83,1,2,1,1.0620927640222904
5b4d2604,1,1,0,0.4537811430551394
5b66b6f2,1,3,0,0.09989740269372127
5b9ff85e,1,2,1,0.7762654569601553
5ba201ba,1,3,1,0.5445487567917007
5bcf002a,1,3,0,0.4670951993734899
5c045867,1,2,1,0.945590745163021
5c186496,1,2,0,0.27309384218410704
5c22f241,1,1,0,0.18420642213653304
5c3b30d7,1,3,0,0.37698727673507015
5cd83147,1,1,0,0.8031415880869976
5d04624a,1,1,1,0.8408686093771773
5d1d7e41,1,1,0,0.10723274053898452
5d48a5b0,1,1,0,0.10066662869762161
5d762840,1,3,0,0.9474726877937905
5daa20e7,1,1,0,0.2939254074341869
5dc62fec,1,3,0,0.19236209006366456
5ddbac80,1,3,0,1.1939934115857245
5e08237d,1,3,1,0.6233356412172745
5e221c50,1,3,0,0.7547105812151743
5e2a9e63,1,1,1,0.12192153614634377
5e2c1349,1,3,1,1.1896594884574823
5e359a08,1,3,2,1.1636569641307335
5e415f05,1,1,2,1.0801841770757727
5e6490e3,1,2,0,0.44155775461962243
5e6b528e,1,3,0,0.3440762912501162
5ed5f205,1,2,0,0.2510035700056682
5ee595e8,1,3,0,0.6559755823579292
5ef3d64e,1,3,2,0.8887849922489285
5f099188,1,3,0,0.09932958584156198
5f1b07e1,1,2,0,0.8938411866660916
5f281a62,1,2,0,0.5746875088368072
5f574f3d,1,1,0,0.22025683287845826
5f7537cf,1,2,0,0.9255016660552526
5f78f7b9,1,3,0,0.2619690161060495
5f9dddb4,1,1,2,0.6388353493017891
5fdfbe47,1,1,0,0.33876126461891987
603ab4ee,1,3,1,0.0717210471839066
605d6e05,1,1,0,0.512905318263426
60c1ff37,1,3,0,0.6427126634429035
60d1fdee,1,2,0,0.19171574141630876
60d2774d,1,2,0,0.22964061207791547
60f8462b,1,1,0,0.13547046974063864
612487a5,1,1,1,0.9990543208446603
612b3ff9,1,1,0,0.6223314188211292
612dd900,1,3,1,0.23538358865152054
613fc399,1,2,0,0.47761167730084875
613fc53d,1,3,0,0.2549313382660244
614d5517,1,3,1,0.6890559562888616
616fc21f,1,2,0,0.2720114617409063
61823525,1,1,0,0.11406553533643277
6187d0dc,1,2,0,0.06185715105163625
6192e6b6,1,3,1,0.6855104957138425
6197a2ce,1,1,0,0.824451549477338
620536d0,1,2,1,0.4846799901350056
621066ff,1,2,2,0.6492610672270334
6247cc15,1,3,1,1.2792521207534233
624869b6,1,2,2,0.9633734417621789
624b9e34,1,3,0,0.3035310188177385
626a608e,1,3,2,1.1768586915828068
6277e13c,1,1,0,0.5581796412465165
6282e693,1,3,0,0.09518549364466022
62839132,1,1,0,0.3972909580034752
6291fddd,1,3,2,0.6668790300027401
62b873a2,1,3,1,0.39546438338577855
62cd5c74,1,2,2,0.7943963399844858
62d0cf97,1,2,2,0.9264038994641705
62f77d2f,1,3,1,0.5177076959866557
632eca98,1,1,0,0.5611433686031508
6344bba1,1,1,2,1.2610467121453213
63a00e40,1,2,0,0.41087163534172033
63d4ab9a,1,2,0,0.3542756779695816
63d810bb,1,2,0,0.8072322366388556
63dd16ec,1,3,0,0.1491703145426712
63fc9770,1,3,2,0.9341455084228967
641a2b87,1,3,0,0.26005920334674343
646a4c0e,1,2,2,0.641248975052538
649ff6d9,1,2,2,0.9740629680541235
64b4005d,1,3,1,0.6577607522241624
64ed48c4,1,1,2,1.2037959939422977
64fc556b,1,3,0,0.08934766872012684
650bf252,1,1,0,0.08501358753313892
6514c337,1,3,0,0.41493979040276885
6515ef94,1,1,0,0.2352240729008071
654203ec,1,2,0,0.44672148146547463
658e66ec,1,3,2,0.9794746069150777
659fec57,1,1,0,0.641211210067016
65af9f2a,1,1,0,0.4339155636511367
65dc81f5,1,2,0,0.7314942997005184
65dfe4b9,1,1,0,1.3428948787771642
65f9369d,1,3,0,0.4569636071338179
66094cfd,1,1,0,0.6472537598044936
6622b302,1,1,0,0.3469770197962087
6666aed3,1,1,1,0.7891280702335448
668a2fea,1,2,0,0.41142526288463116
66ed301e,1,2,0,0.3058438867970137
66f044c7,1,3,1,0.5059881184457149
66f619e3,1,1,2,1.2294942479570097
6708fcd9,1,2,0,0.11438742013336473
672a32f1,1,1,0,0.17740242662264272
673a7e2a,1,1,0,0.09855042629628619
673e7be9,1,1,1,0.6407538847539234
677038b5,1,2,0,0.23306198261635658
6795027a,1,3,0,0.35146919250427205
679ce4b2,1,2,2,0.8602599827749391
67b54cdb,1,1,0,0.14407208172466446
682327c3,1,3,0,0.2682939788873571
6826f0be,1,3,1,0.8267547924762378
683464ff,1,2,0,0.5661419587758796
68572a28,1,1,0,0.03911295582968888
685cc0f1,1,2,2,0.9848562050889078
68688509,1,3,0,0.6716975252565768
687c85e7,1,3,0,0.6191646632137654
6885737e,1,3,1,0.6274681487076126
68a59e56,1,1,1,0.25588844111289505
68be3d5c,1,1,0,0.4411275603906316
68be5113,1,1,0,0.05516707008088273
68d49292,1,2,0,0.23891519690688567
68e514dc,1,1,0,0.5870815663012633
68e61f96,1,3,0,0.3312101674060117
68e7140b,1,3,0,1.4867348657626287
68fa4631,1,2,0,0.5159908117490828
69074cf3,1,1,1,0.020255825411723216
69742f6f,1,1,2,0.9931563546758668
697c41d7,1,3,2,0.572467240832548
697d894b,1,3,1,1.1730720302932824
698b9067,1,2,1,0.4907172649937894
69b65679,1,2,0,0.31101372336050215
69cdf9c3,1,3,1,0.6376398132501857
69fabb6b,1,3,2,1.0852833415352738
6a16089d,1,1,0,0.42059062843732353
6a2c6073,1,3,1,0.9740373066851575
6a2fd807,1,2,1,1.034465431510651
6a4df6ff,1,3,0,0.09429961556579436
6a6da46c,1,2,1,0.573650414228701
6a837387,1,3,0,0.1535424814104952
6a83a423,1,3,1,0.5982776923707332
6a98537b,1,2,0,0.4076160610514159
6a9f0db7,1,2,0,0.0691687876733813
6abd21d4,1,2,1,0.765778530696621
6ac5eaaf,1,2,1,0.22411105438745904
6ad91972,1,3,0,0.556690931875694
6ae1473e,1,2,1,0.5121792529297831
6b4b8c14,1,2,1,0.8642241154066722
6b773506,1,1,1,0.9366124953065211
6be56337,1,1,0,0.8045016097141715
6c0fe935,1,3,0,0.6541854965467692
6c319d99,1,1,0,0.4555616593973319
6c4902c8,1,1,0,0.650017003263832
6c6cd633,1,2,2,0.4997850664411269
6c737069,1,3,1,0.2277444242036326
6d341798,1,3,0,0.21022745801379472
6d5944a9,1,3,0,0.3199217061118044
6d707ac3,1,3,2,0.8917845544333689
6d7ba819,1,2,1,0.23363893754295384
6d855495,1,2,0,0.6408272051085445
6db14d48,1,2,1,0.6514547434051708
6db453ce,1,2,2,1.0371784887392226
6dfe4a75,1,1,1,1.1562897229614335
6e0d4774,1,1,1,0.9404109930259751
6e0ec0fe,1,1,1,0.7891758240076092
6e128c6b,1,3,0,0.7639599928919067
6e1d28b6,1,3,0,0.621966605626314
6e5606d5,1,2,1,0.37684958824166476
6e68bcfd,1,3,1,0.6643044660548683
6e695d70,1,2,2,0.517194808260264
6e6d895f,1,3,0,0.3649598499900848
6e85a624,1,1,2,0.5004255898277108
6e9beaee,1,2,1,1.2149774539450369
6ea48a4e,1,1,0,0.5931832599470739
6ebfdc95,1,1,0,0.9079030229598027
6ecb430a,1,1,1,0.36733581033139984
6ed385f6,1,3,1,1.1755801037016873
6f49c8d0,1,3,0,0.3177935027336155
6f5677b7,1,3,0,1.0011282844779543
6f5a31ea,1,3,1,0.30030487093652664
6f878799,1,2,0,0.6326123227880592
6fb28c2a,1,2,0,0.10886543238322505
6fc95dfc,1,2,0,0.32814184386966855
6fcdcb2a,1,2,0,0.855469209715408
7015528d,1,2,0,0.46085159326031777
707c82c4,1,2,1,0.3126127915635287
7092a6ce,1,2,2,1.0564059551754674
70de1c63,1,3,2,0.9897933480937589
710345b6,1,3,0,0.1080001764834882
7106a387,1,1,0,0.3763060385625527
7187caec,1,3,2,0.8895037555480076
718975fe,1,1,0,0.44147455921131984
7192b2e8,1,3,0,0.29860487298530974
71cf0f87,1,2,0,0.15970952148320738
71ee31f8,1,3,0,0.2239466899646122
71f21593,1,1,2,1.2837146831483395
71ffd0ba,1,2,0,0.4419052205064613
7214ad21,1,1,1,0.8525718736537234
721ea536,1,3,0,0.7170652222679343
72264d13,1,3,1,0.6307770614816118
723ee34c,1,2,0,0.4116579747575134
7250264b,1,2,0,0.15486449766710625
72565f5c,1,2,0,0.4858732113479065
7290824a,1,1,2,1.3182625705811049
72a0c969,1,1,0,0.28374165467752704
72aa1a30,1,3,2,1.2176155857811928
72bbfadf,1,2,1,0.7348400284561378
72c9c38d,1,3,1,0.5131933304210912
72cb1703,1,3,0,0.07247548573975426
72cc9a64,1,2,0,0.5186716862401989
72fa40ba,1,1,2,0.7754649914881846
7305af8b,1,1,0,0.3565190099012966
7308d22c,1,1,1,0.5502372580384531
732b2327,1,2,0,0.46114164740257757
7347b54e,1,2,0,0.13342856812939502
738e7248,1,2,1,1.003403344166901
73aa6aab,1,3,1,1.0526222805620167
73d0e0a0,1,3,0,0.6247991223562217
73ec551e,1,2,0,0.13850341373384956
73ffa609,1,3,0,1.157479818241252
745e6065,1,1,1,0.5123876508664201
7494989e,1,1,0,0.09053968544869412
7514c6f4,1,3,2,1.2553444588376734
75311a3f,1,1,0,0.8157408283442137
7533a4a9,1,3,0,0.5849700412040156
75927c18,1,3,1,1.181466384373201
759328e6,1,1,2,1.3342862276580938
75ad73ee,1,2,0,0.3950008016412132
75b0446f,1,1,0,0.7456588767233662
75b53bd4,1,3,1,0.3628239409516964
75c13e08,1,3,1,0.4155476421134181
75f26948,1,1,3,0.6776631550566152
764d8b42,1,2,0,0.14325778524232563
76781cd8,1,2,1,0.3737668448555074
7698543b,1,2,0,0.7819286123913503
76c9bf0e,1,1,1,0.6630721209541048
76dfa86c,1,1,0,0.09732822967918553
76f8f621,1,2,1,0.4021365031737629
76fb4afb,1,1,1,0.043809152207925584
76ff59f2,1,1,0,0.4276701984260425
7752d450,1,1,2,0.9185605272688449
776d33af,1,2,1,1.2365375031880395
777a3e9d,1,2,2,0.9325559528529083
77a5b2ad,1,3,0,0.32031085389550845
77e460ce,1,2,0,0.36735194819760975
7800a084,1,2,2,0.9524677543413984
781710fe,1,3,0,0.1327382065795164
7858fd16,1,3,0,0.3315127597378206
785d0663,1,1,0,0.792982311770456
78667893,1,3,2,0.1372592157596702
787654dd,1,1,0,0.18302373165802
78b488ff,1,3,0,0.23116240633821317
7914b38b,1,3,2,1.3979924802026886
792d2fa5,1,3,3,0.6045309920968187
793c2e31,1,3,0,0.2541037862316825
79483148,1,2,1,0.674891616638487
7958e61b,1,2,1,0.6453321956907457
79629cf4,1,1,1,0.39338234792571003
7975694f,1,3,0,0.3685419630069515
79bd36b6,1,3,1,1.0034030446233153
79e496f2,1,1,2,0.9445445044906169
7a0136e0,1,3,0,1.22967565199615
7a5fccc9,1,3,1,0.36148651153267325
7a6d26a2,1,2,0,0.6520370475133127
7a86fcd2,1,1,2,0.9180007045026843
7aa3a145,1,1,0,0.06428175081168486
7ad92034,1,1,1,0.7513387558406678
7b516283,1,3,0,0.319498626870512
7b543871,1,1,1,0.4626558116150339
7b9690de,1,3,0,0.42775994740112744
7bbde46f,1,1,2,0.2099310737317407
7bdbf66f,1,1,2,0.3344184373286617
7c02f4ec,1,3,2,1.608310361010178
7c194077,1,3,1,1.462748695454501
7c1d7ddd,1,2,1,0.3731193550942532
7c29e92d,1,2,1,0.6347523052257746
7c39c8e5,1,2,0,0.29005176817805983
7c6ca1d4,1,3,1,0.9757362458094182
7c6cbfdd,1,1,0,0.02213411126697118
7c71edac,1,3,0,0.644618111689919
7c8f0c95,1,2,2,1.114901164814693
7ca548f9,1,2,0,0.16176575832018114
7cb1e4c7,1,1,0,0.46036759306194774
7ce36c38,1,2,0,0.544926831527704
7cf3bca6,1,2,0,0.6264480198828822
7d0a92d5,1,1,0,0.7068877046493283
7d22cd0a,1,2,1,0.26042162338616065
7d40a714,1,1,2,0.9718134549833066
7d666f0f,1,2,2,0.5288844617987146
7d751a6a,1,3,0,1.1704205452159102
7d878d0d,1,1,1,0.6977626502401907
7d8f1716,1,1,1,0.7384631892130735
7d927bdf,1,2,0,0.5326825303550927
7dae6de9,1,3,1,0.41186093801427537
7dc65b92,1,3,0,0.7394074859955909
7dd54e69,1,1,2,0.6880747191178256
7deeb4fe,1,1,0,1.1620850294279426
7df487b1,1,3,0,0.4934975691769133
7e33976b,1,1,0,0.11619057388475706
7e41db05,1,3,1,1.0002571678873728
7e46b693,1,3,1,1.0333930466253438
7e71aa83,1,3,0,0.4333118992458407
7e87087b,1,2,0,0.9877764342046471
7ebca7c4,1,2,0,0.6988823995937636
7ec65d94,1,2,0,0.14121220115465416
7ecea16d,1,2,0,0.07624613698601512
7f1063e4,1,3,1,1.2162476471045631
7f44236f,1,3,3,0.98046083781474
7f5aeb05,1,2,0,0.4148891377240501
7fa51811,1,2,2,1.0838563348720376
7fa7ccc4,1,2,0,0.34419727825866253
7fcf0046,1,1,1,0.854697317782408
8017f13e,1,2,0,0.8765417324911418
80784c40,1,1,0,0.5266334263667284
8078b7de,1,3,1,0.574359226269356
807d8908,1,1,1,0.6833147459202523
80a5f1e1,1,3,0,0.8233146063268345
80a9f2bb,1,1,0,0.2910164949093003
80b46ffb,1,2,1,1.0499655863081405
80d8829a,1,2,0,0.184576926929093
81095901,1,3,0,0.3232640066559362
81394e0e,1,2,1,0.5047805982136113
813e7f93,1,2,0,0.189219042717798
8148c785,1,3,3,1.5019149980221216
816b0564,1,2,0,0.8298795422731287
8189aa29,1,1,2,0.7346593313635279
819ad5f1,1,3,0,0.3555445830029719
81a4b826,1,3,0,0.3887065562404031
81c0b83c,1,1,1,0.38352116042126133
81d3ab22,1,2,0,1.0073443655258743
81d607bb,1,3,0,0.19950148846741883
81eaf4c1,1,3,0,0.08402122197666717
81f60502,1,3,1,0.5998009297025815
81feecad,1,3,0,0.6448422307423304
8226bbd4,1,3,1,0.4287874246890334
82422684,1,3,0,0.6973090774953983
8256a969,1,3,0,0.3381070504187459
828b31ca,1,2,0,0.17915950140123904
82923551,1,1,0,0.07522863226684784
82a114c1,1,3,2,0.8000756678242205
82ec9747,1,3,0,0.15981782280978907
8310a02f,1,1,0,0.3894194250876067
8328c8b3,1,2,0,1.0422718555000128
83379672,1,1,1,0.2440143876296485
836b4de3,1,3,0,0.7695773274619498
83711ef5,1,1,1,0.6972696370983267
8376acc5,1,2,0,0.2504707217223923
83846d0c,1,2,0,0.32745619745447563
839b507a,1,2,0,0.15226522932447184
83c33097,1,3,0,0.3220673416345566
83eda373,1,3,0,0.3370826446299678
83fb5ee0,1,2,0,0.17748286932427065
844b87f8,1,1,0,0.1870929263398397
84875079,1,1,0,0.39479891419332364
84b7d89d,1,1,1,0.9736615616184627
851b425b,1,2,0,0.401951525371531
852adec2,1,1,0,0.34350150786572464
85452335,1,1,1,0.6675637335436936
854eb237,1,3,0,0.35940065744094607
85525f8d,1,3,0,0.314049806332399
8570ea5f,1,2,0,0.5580702121020615
8572d442,1,3,0,0.814405482324112
857baaa6,1,1,0,0.5810902213635779
8581b9a1,1,1,1,0.780086114287892
858ae6a3,1,3,2,0.7864909281413373
858be19a,1,1,1,0.7769316083067386
85a1082c,1,2,0,0.4103966022158446
85b027ee,1,2,0,0.36982482671764316
85ba333f,1,1,2,0.4353812158779865
85d99199,1,3,0,1.2248653978069255
85d9c915,1,1,0,0.3963037203451642
860f4f9c,1,1,2,0.6271846545192205
861188f4,1,2,2,0.7281739403042308
861fd4a0,1,1,0,0.2822610617946114
86335468,1,1,1,0.7521214327503369
863e40c7,1,1,0,0.6666938011518054
863f7033,1,3,0,0.9976214471854351
866a08b7,1,2,1,0.195789162436042
86a8e0d6,1,2,1,1.0928022837486233
86bd716a,1,1,2,0.963168509058325
86e56299,1,2,1,0.8010665216590467
87050a09,1,2,0,0.5131809625425593
871b2b19,1,3,0,0.3190423513962769
874a348f,1,1,2,0.9303437643314554
87509a7b,1,3,0,0.3088552008109924
876a929e,1,2,2,1.0096479925775093
87a60251,1,1,0,0.15033410175809547
87af775e,1,1,2,0.47408500073951276
87b78ee3,1,2,2,0.7678694873320918
8823b020,1,2,1,0.5066099254327919
88300a4b,1,1,0,0.9177625625477572
884c429c,1,2,0,0.04525348248349803
8875387b,1,3,0,1.0592926479485731
8877cdee,1,2,0,0.2402367209203926
88c640b9,1,1,1,0.9379728443238979
88e04d93,1,1,1,0.8759053973695159
891193eb,1,3,0,0.6326303754258452
891b8cd5,1,1,0,1.1744923825378661
895f9725,1,2,0,0.8097057141897951
89739b1a,1,3,0,0.31827759420917695
897da2c8,1,3,0,0.2899258559071095
898096eb,1,3,0,0.16182243220180592
89a26502,1,2,0,0.4138606407318234
89bd10b7,1,1,2,1.0540500350119202
89d475e2,1,1,2,1.1998569734170763
89d7d2c3,1,3,0,0.15383118248630667
8a444a98,1,3,0,0.2724475920057321
8a44ea3a,1,1,0,0.2436603358590101
8a4d341b,1,3,0,0.4407872184008275
8a4e5d1a,1,1,0,1.0151214453117108
8a645723,1,1,1,1.168987142636428
8a77c3e9,1,1,1,1.0187449205130474
8a77d185,1,2,2,0.5982162377934915
8a78a063,1,2,0,0.21196851322821575
8a9cce44,1,2,2,0.394575651744265
8abbbc38,1,1,0,0.5316773244839644
8ad5e251,1,1,0,0.22189909007677988
8ae6a52f,1,1,0,1.2336473043552245
8b3c900f,1,1,0,0.5902707364723537
8b4b9648,1,3,1,0.6160083924985683
8b6a40f5,1,3,0,0.620630250151334
8b802ca8,1,1,0,0.25211866088831625
8ba98f12,1,2,0,0.12750355851711176
8bc5199c,1,3,1,0.35234157753398965
8bf72a9c,1,2,1,1.231884386801798
8c0ca955,1,3,0,0.7654431535829962
8c122779,1,2,0,0.9524163133014041
8c1f9196,1,3,1,0.6670129926388316
8c5a5a21,1,2,0,0.602826796125429
8c6c52a2,1,1,0,0.3137841488143168
8c97411a,1,3,0,0.36762776371324296
8ca025c3,1,2,0,0.22939161111528378
8cab7bc4,1,3,0,0.5192668005044634
8cb19d64,1,2,1,0.27376504844615795
8d055cca,1,1,0,0.8255262492227775
8d11c14a,1,1,1,0.3346948343585025
8d8b8553,1,1,2,0.6811656127419379
8ddb6b8d,1,2,0,0.43781481875034045
8e59a69a,1,3,1,0.5659801268659268
8e749c85,1,2,1,0.9290340506770786
8e770d51,1,3,0,0.28869338810111755
8e80deb7,1,3,0,0.7871301389999985
8ec2cc63,1,1,0,1.0928159473600925
8ef72e3e,1,1,0,-0.041330010542297346
8f112082,1,1,1,0.8666021538061295
8f13c52a,1,1,1,0.8597767218710695
8f1e1df6,1,1,0,0.7489001478101205
8f21c613,1,3,1,0.7962473056561145
8f2d131f,1,3,1,0.5687233954626392
8f68479b,1,2,3,1.2486076473005574
8f753551,1,2,0,0.6094037610114031
8f9c03c6,1,2,0,0.08018733114643523
90161e10,1,2,1,1.1494383502398429
9027c805,1,2,0,0.29890470883042486
9052579b,1,1,0,0.342906051067981
9061cc9c,1,2,0,0.08150068084170925
90778278,1,3,0,0.2282511356960581
908b1207,1,1,2,0.9396457404517797
90a37530,1,2,0,0.09885496572463659
90fee6b1,1,2,0,0.4441515750970961
91098060,1,1,0,0.7126744923657832
912a91b0,1,3,0,0.5229853646283787
9130a22e,1,3,0,0.3689165551353434
91386987,1,3,1,0.8795007132676051
913bea9f,1,1,1,1.0704802762894043
91656d27,1,3,1,1.1451156788899262
916f7069,1,2,0,0.5599529981406111
9173f25b,1,1,2,0.8618498509274602
9181b136,1,3,0,0.1467310160063089
91930eec,1,1,0,0.2589681466084498
91942b42,1,2,2,0.5241481019764193
91a5d06e,1,2,0,0.1182239758740462
91e23cc5,1,1,2,1.1043737776289335
91e86c47,1,3,0,0.4748291542294388
91fdc1e0,1,2,0,0.5108431411431122
92031591,1,1,0,0.8959736461343357
921146d1,1,3,0,0.36457923053832303
92293b06,1,3,0,0.8865586401734991
92622443,1,2,1,0.6200121829657387
926b3a76,1,3,3,1.331279184932424
926bd07e,1,2,0,0.36736323618664624
9271574b,1,2,0,0.4482293928520472
92bcf0e7,1,2,0,0.12396131744263345
930c567c,1,3,1,0.5885979351726903
93188a17,1,3,0,0.4350188716327896
932b5928,1,1,1,1.0919032173363727
93363059,1,2,1,0.8555414653606774
93507a1b,1,2,3,1.5852573234819662
93559639,1,1,0,0.07281816731570867
93904b23,1,2,1,0.9817048821738208
93c06d4c,1,2,0,0.4747782174117583
93c93585,1,2,0,0.4855929566930546
93cdae1c,1,1,0,0.577961729045811
93fd93c4,1,2,1,0.7048901611831221
93fda84a,1,1,0,0.06167363542292015
9405bad1,1,3,0,0.20504926813876895
9416d70e,1,3,1,1.2424993121016645
945d802a,1,3,1,0.6351464079271341
948a7025,1,3,0,0.3150247958835359
948e1435,1,2,1,0.9429205084723968
94902bc9,1,3,1,1.4404495213330955
9498cc26,1,3,1,0.7374825785085974
94a1053b,1,1,1,0.8512327990824404
9508b72f,1,2,0,0.6606523118186433
9521093f,1,2,0,1.00813604492444
9540fa8e,1,2,0,0.3553380991407532
954a4c2e,1,1,1,0.7322797206547504
9568e659,1,1,2,1.1144287599534703
9570bfb7,1,2,0,0.08670753007157439
957dcb7f,1,2,1,0.16542514476649767
95cc96cc,1,2,0,0.1233292969793342
95d57ff9,1,2,0,0.9041173169691576
96262441,1,2,0,0.18696489617871198
9646a500,1,2,0,0.2673749218462447
96595f1d,1,3,0,0.23975022017264547
9682cd0d,1,3,0,0.2649825402083197
96d6034f,1,1,0,0.17799390009736699
96de5f57,1,3,2,0.9896002986497116
96f13763,1,1,0,0.07951875672075082
978218e6,1,1,0,0.4440041314020328
979a5c76,1,1,1,0.9396833393275198
97d0593e,1,1,0,0.39984639671683925
981568fa,1,1,0,0.6107626764802662
983bcb5b,1,1,0,1.1153967983961963
9853fb61,1,3,0,0.7443084638591116
98a4be3f,1,2,0,1.0117427750097756
98a81a90,1,1,1,0.9159443275398729
98ed2153,1,1,2,1.0368539188317614
99205f42,1,1,1,0.8070686677154941
99328d2e,1,2,0,0.7194349270999841
994ee014,1,2,0,0.42712653825976643
99752704,1,2,1,0.6906419250997357
9977fb0f,1,2,0,0.42464951356235076
998115f3,1,2,1,0.5425258351967043
998cfa64,1,2,0,0.20478329677940982
99a1711f,1,3,1,1.254913634008455
99a8a9e7,1,2,0,0.2583243321378668
99b15811,1,3,0,0.3695501885674096
99ec8c4a,1,1,0,0.6231286432537191
99fe5b44,1,1,0,0.713078651955634
9a2082cf,1,3,0,0.3253987901401872
9a50d2d8,1,2,0,0.9523918522130026
9a7e4c38,1,2,0,0.4776778072007161
9aa1a2ae,1,2,1,0.4197507972290967
9aa36639,1,2,0,0.06370475627381822
9ab4909f,1,2,1,1.0823447247376894
9af5548f,1,1,0,0.7410119841416531
9b328d6c,1,3,2,0.9517365762497477
9b5f13ec,1,2,2,0.8575107715633368
9b96b0e4,1,3,0,0.46130561948344073
9bc60f80,1,2,1,0.4111496721298622
9bd745aa,1,2,0,0.9283671422873343
9bdd6964,1,1,1,0.2247003641816236
9bf7051d,1,2,2,0.9655843942816147
9c12f80d,1,1,0,0.21439612402672786
9c23dba9,1,1,1,0.6482923189677698
9c2df71f,1,2,0,0.06701581580062765
9c589c9d,1,2,0,0.1097473077223517
9cb303cb,1,2,0,1.1713696486475846
9cba0d0e,1,1,1,0.6120251454634297
9ccbc70b,1,3,0,0.33960631892336973
9ce139d3,1,2,0,0.10779549670711613
9cee3c19,1,3,1,0.5796028695520266
9cf04c41,1,2,1,0.5873622667052026
9d1b2d2c,1,1,0,0.058874898475636095
9d29b706,1,3,2,0.5690955224380339
9d39f0da,1,3,2,0.5013761767186599
9d5826bb,1,3,1,0.6103543770925025
9d65adbf,1,2,1,0.9783427280132597
9d6b1410,1,2,0,0.21388699041161213
9dbdbebf,1,3,0,0.1419646590314202
9dc74359,1,3,0,1.346474931101257
9ddb06db,1,1,2,1.10515184971499
9ddfb9e6,1,3,1,1.0208670587391575
9de6a614,1,2,0,0.9122344908912561
9e027e04,1,2,0,0.2480791367521114
9e052412,1,1,0,0.22486261501399374
9e171735,1,2,0,0.6679904245179317
9e29b5d2,1,1,0,0.5863236302525399
9e7860ef,1,3,0,0.20700017106290547
9e964060,1,2,2,0.1980891496132567
9eb283e4,1,2,3,0.9358847612721295
9ebb73c7,1,2,0,0.479858546571831
9f3ca269,1,1,1,1.119831620933743
9f5f15ef,1,1,1,1.0017188826506624
9f70688f,1,3,0,0.08979043670862241
9f9be55c,1,3,2,0.793360193077792
9fa5cdfd,1,3,0,0.2563690951544264
9fa68512,1,3,0,0.08811721251369059
9fbf31f9,1,2,0,0.2763340038477966
9fbfa81b,1,3,0,0.26850244444200766
9fec142f,1,3,1,0.9679637664734346
9ff73d95,1,2,0,0.34118531525454426
a00c85e7,1,1,1,1.0854440980316258
a0182b17,1,3,0,0.7314002789611542
a0277c1c,1,3,0,0.3710486924470601
a032d7bb,1,2,0,0.4656713149993624
a0497d5d,1,1,1,0.7878926011262726
a0510686,1,2,1,0.1493558037949793
a0522c83,1,2,2,0.564005950039467
a07ec6fb,1,3,1,0.6844566495707096
a0811cc1,1,1,0,0.4127566150803259
a08ebf6e,1,2,3,0.9038848269173547
a0dffdeb,1,1,1,0.25528688009465106
a148b46f,1,1,0,0.3195642974292809
a17f6cfd,1,2,0,0.9796228665354116
a1814875,1,1,2,0.8642629979739417
a1942b0b,1,2,0,0.3138459955603046
a1ab89aa,1,3,0,0.07705717881886642
a1df952c,1,3,1,1.323261403289364
a213c519,1,1,0,0.9724799122841785
a2240f50,1,2,2,0.7711073199460715
a26c3e8f,1,1,1,0.2820250438688474
a28c7891,1,1,0,0.816971885454391
a297d1b9,1,2,0,0.16407792802726068
a2a8f352,1,2,0,0.11037476109761107
a302a015,1,2,1,0.39055404506257824
a317c78a,1,2,0,0.6167353376832073
a3413f0a,1,1,0,0.22833416875413642
a363ec1b,1,2,1,0.9452387866465646
a3858c6a,1,3,0,0.7641641718539004
a3abe528,1,2,2,0.5331676572866377
a3b146ca,1,2,0,0.2570635107915769
a3bd8858,1,2,1,1.188385291751652
a3e53e34,1,2,1,0.8107353332188003
a3ec2999,1,3,1,0.5728216766554828
a402c6c8,1,2,0,0.4251910633682844
a4481101,1,3,0,0.6388594804743984
a457a4ab,1,1,0,0.1805689230658834
a4c15213,1,1,0,0.3628552793192903
a4e0447e,1,2,0,0.5621789223030175
a4f13c0d,1,3,0,0.9876970810549244
a5078c62,1,1,0,0.6895578915298873
a5099438,1,1,0,1.3179706883018256
a5356446,1,2,1,0.7878432293625881
a54d22e7,1,1,0,0.26596046256046285
a55b715d,1,3,1,0.8039827243241667
a5710c0a,1,2,0,0.4507900717803638
a59b2411,1,2,0,1.0523438010249082
a5a737f3,1,1,0,0.3856242362708136
a5c87de6,1,1,0,0.31779106008222835
a5dbb00a,1,1,1,0.6443751459490918
a614af1b,1,1,0,0.5668713002988931
a62edc1c,1,1,1,0.12634371741420442
a65b2226,1,2,0,0.36406737163218583
a6969e1a,1,3,1,0.497539405597041
a69f89e2,1,1,0,0.3308050306827769
a6fbb2e7,1,3,0,0.4036249007624403
a70bb2c5,1,2,0,0.6629283243892041
a7639eb5,1,2,2,1.2088436524941024
a774c63b,1,1,0,0.5678138622359821
a78766db,1,1,0,0.9093636898447865
a808ad0a,1,3,0,1.0343212192380855
a814e825,1,2,0,0.6653145918038872
a84ae7e0,1,1,1,0.7287076427577398
a8722cde,1,2,1,0.8190789605976156
a886c07b,1,1,2,0.6889908007549683
a88cd304,1,3,1,1.1411490001721063
a8926a86,1,2,2,1.1576695312307974
a89284b2,1,2,0,0.1680879477722904
a8b0428d,1,2,1,1.2486987802614498
a8c1aab5,1,3,0,0.34752401831237856
a8d90be8,1,2,0,0.7593707688238512
a8d9de72,1,3,2,0.5003980485944568
a8dc2e05,1,3,0,1.0435517325178
a922ef3f,1,3,2,0.3128333783466688
a952659d,1,1,2,0.7931007072908274
a9595acd,1,1,0,0.43247029626338973
a95b4487,1,1,0,0.5856932193968004
a9717f92,1,1,0,0.40791683663789186
a9aa2336,1,3,0,0.8558325759796315
a9b84b96,1,2,0,0.06298384698943016
a9c53cdb,1,3,1,0.3082191812590256
a9c5f872,1,3,0,0.589727431286751
a9e5794a,1,3,0,0.5170397451577331
aa1700c7,1,3,0,0.2828710950511911
aa295760,1,2,0,0.3050922771175829
aa61d9da,1,2,0,0.9638246115473758
aa776ef6,1,1,0,-0.0038756926052178065
aacb0b33,1,1,0,0.9563399167181383
aae9800e,1,2,0,1.0335682218759241
aaefeff0,1,3,3,0.7183454688690942
ab2ad965,1,1,0,0.08865418461310759
ab36aa48,1,1,2,0.4068941936126722
ab4b6c15,1,2,1,0.8366376781581779
ab4fe82b,1,3,2,0.7172617268332001
ab54c39e,1,2,1,0.6583678222201259
ab5889ef,1,2,0,0.11809289227656455
ab6e1b81,1,1,0,0.1882907911328412
ab8245da,1,1,2,0.41640345885128915
abaf745c,1,2,0,0.21911877758904064
abb3b071,1,1,0,0.5203851034723501
ac1ad4a7,1,3,0,0.17465814871270607
ac31e154,1,3,0,0.442668714336792
ac3ba541,1,2,0,0.16642935754947102
ac5fad3b,1,1,0,0.15987239733198583
ac66c144,1,1,0,0.0005130722847365154
ac675a81,1,1,1,0.37826276069219766
ac67c949,1,2,0,0.12505851238335025
ac967bb9,1,1,2,0.99769783848653
acb75c15,1,2,0,0.6720776783097667
acde8e47,1,1,1,0.6859441909099753
aceefa4f,1,2,1,0.8298570063165388
ad0bbf35,1,2,0,0.13106895136857044
ad1dfc9a,1,2,0,0.9923455015280975
ad319a21,1,3,1,0.817800435544418
ad380962,1,3,0,0.18754645709268092
ad536dea,1,2,1,0.6997947966231052
ad8189bd,1,2,3,1.0706457101843296
ad8945e3,1,1,1,0.5605124080208664
ad9f821d,1,2,0,0.7225101477451369
adaf7461,1,1,1,0.6284150253487875
adba23f0,1,1,1,0.4219863699387628
adbd6839,1,1,0,0.3551424361559443
adc2d620,1,2,0,0.3039595800820957
adc71322,1,2,0,0.5564929921532774
adf444ff,1,3,1,0.5580011711997753
adfef47a,1,3,0,0.10110829909019081
ae4fdae6,1,3,2,1.1891603354734306
ae6e4380,1,3,0,0.3350966228731911
ae712150,1,2,0,0.7036429118580474
aea63a78,1,1,0,0.3368546352255686
aecc7e74,1,3,2,1.2692319151993583
aed29ee7,1,1,2,0.7616591485457584
af1c2775,1,3,2,1.2828626860085515
afa6cc9b,1,1,1,0.6869411244697338
afa92c37,1,2,1,0.8237409298817433
afae8244,1,3,1,0.2977786326067182
aff48273,1,3,1,0.7256549635195277
b01cb004,1,3,0,0.31823395374842195
b074f33b,1,2,0,0.4914208949081545
b08423c5,1,3,1,0.8597970016402949
b08f0ca4,1,1,1,0.06465821686859952
b092b360,1,1,0,0.6108116637783987
b0b57cb7,1,1,1,0.45470392209069715
b0e96997,1,1,1,0.397420008414499
b120a337,1,3,0,0.40983110775538123
b1883100,1,2,0,0.09953996678975985
b1bc2fe4,1,3,0,0.10143313821622063
b1f064ac,1,1,0,0.7304640646169114
b21f7b12,1,1,1,1.1739691473266136
b2290813,1,2,0,0.9040414394721541
b2382d94,1,1,0,0.12808997085039148
b2594910,1,3,0,0.5260779965008433
b25abc27,1,1,2,1.2897414825414786
b285eac6,1,2,2,0.21484835219899923
b2a73566,1,1,0,0.7852906093610583
b2b56219,1,1,1,0.6861442311339118
b2b792a7,1,2,0,1.2030893628094774
b308c03e,1,1,1,0.6953365136547337
b347b9cc,1,2,0,0.23866783138290237
b37281d5,1,3,2,0.46555272643321566
b39504a7,1,3,2,0.8704084052963723
b3b200af,1,3,0,0.41955649720131805
b3d74a58,1,3,0,0.061914791292790206
b3e10f59,1,2,0,0.09836892120562785
b3e14267,1,1,0,0.8350902067031177
b3f5c066,1,1,0,0.5032649684077707
b4002374,1,3,1,0.9600758797723214
b41cee02,1,3,0,0.47821182046434274
b447e66d,1,2,1,0.23743079612221812
b449ac61,1,3,2,0.8025442299417697
b452f767,1,2,0,0.34484766199131706
b463e777,1,1,1,0.18692724665207633
b4885e6f,1,1,3,0.8662993580267546
b494401a,1,2,0,0.6593211978893488
b4bd49a0,1,3,1,0.1290084840856907
b4e69f09,1,1,0,0.13418952858635302
b516ca6f,1,3,0,0.4203107875746003
b53a8f23,1,1,2,0.5147558057444396
b55f7943,1,3,1,0.6339095672938795
b57e33a6,1,1,1,0.06641137781590489
b5a0707a,1,2,2,1.092834720069046
b5b2d51c,1,1,0,0.3345207615882254
b5c2bc50,1,3,0,0.3040838879773886
b62a320b,1,2,1,0.34267815058869344
b69bf1f7,1,3,0,0.628947557963048
b6af12af,1,2,0,0.44444315916598714
b6caa7fb,1,1,0,0.30046087313641096
b6e9a65f,1,1,0,0.18789756920882755
b712b69b,1,3,2,0.9707416054004443
b746cbe3,1,2,0,0.17441764862539838
b7a61f8d,1,3,0,0.14156362125627658
b7ac57d5,1,2,1,1.2007424139756266
b7c3834f,1,3,3,1.1962872209249755
b7eb466c,1,2,0,0.686236124212771
b802aec3,1,1,1,0.9051509055526248
b816d8d5,1,1,0,0.5104370203399109
b823508b,1,2,1,0.3554386082516946
b84754a9,1,3,0,0.4960646775677909
b89537ae,1,1,0,0.41331882309230805
b89b8154,1,1,0,0.4466560312938587
b8b48fbf,1,2,0,0.46108412076776883
b9318815,1,2,1,1.1197171376216697
b95aad8d,1,3,2,0.7968787509401221
b95da85d,1,3,2,0.5476191887627201
b96e3324,1,3,0,0.06939437278353411
b9c085ab,1,1,0,0.6363243312367509
b9cf3f7c,1,2,1,0.8956632004461635
b9d3616c,1,2,2,0.8566489191652134
b9dcf632,1,2,0,0.16473665547945615
b9e90f7f,1,2,2,0.9705171092014733
ba09d63f,1,3,0,0.5237428866891864
ba158a9c,1,2,0,0.6180774021656545
ba4294b3,1,2,0,0.5632351239671257
ba73bc7c,1,1,1,0.9253125972966951
bafc4389,1,1,1,0.25369131522984273
bb0d7d92,1,2,2,0.9408075692156335
bb4821ee,1,3,1,0.5687314421177107
bb808a71,1,3,0,0.9074056304739825
bba6ff20,1,2,0,0.5764029346557754
bbbd61c9,1,1,0,0.06420902800351658
bbe5bedd,1,3,0,0.316520271769982
bc06600f,1,3,1,0.7731619279504033
bc437705,1,1,0,0.14733328585331762
bc4eaf77,1,1,3,0.9521999584623415
bc66f41d,1,3,0,0.5451764037837733
bc6bd8b2,1,3,0,0.33258860539586
bc790ce0,1,3,0,0.5999576666454691
bc95339a,1,3,0,0.29248922528296345
bccebc5a,1,2,0,0.5627409016408031
bce32ada,1,3,1,0.4181797685736208
bd124dbc,1,2,1,0.5915008420776887
bd480331,1,3,0,0.5294894794326728
bd4ccd4c,1,3,1,0.6260424483059572
bd8397cb,1,2,0,0.7963115478946353
bdbdc4b5,1,2,0,0.41555000987028756
bdbff28b,1,2,0,0.9854448218742502
bdcc7d10,1,2,0,0.19903649759819125
bdcddd09,1,2,1,0.6557302339075313
be1c3b0e,1,2,0,0.9133888856524077
be26335a,1,1,1,1.0688329166683563
be9ba5f7,1,2,0,0.991180599530795
be9e9a8e,1,1,0,0.514576903446038
bea525dc,1,3,0,0.5907893191500514
beafa6f9,1,3,2,0.7786020485874643
bebff291,1,1,0,0.07837908571102836
bedeb6f3,1,3,0,0.19382671601416168
bee4eab0,1,3,1,0.6920732208060898
bef259fd,1,2,1,1.0700413413295442
bef89ce4,1,1,0,0.3133849738331024
bf18965c,1,2,0,0.4389486512228791
bf280e13,1,1,1,0.7396404345528558
bfade1ba,1,3,0,0.244784739959988
bfb421f9,1,1,2,0.7699823519882882
bfb52472,1,1,1,0.9557578280574577
c03c0758,1,2,1,0.1999271473439581
c0442863,1,1,2,1.0140247101715207
c0869eb0,1,1,0,0.35668048893849347
c087b48a,1,3,1,0.9979183659986046
c0a7d046,1,2,0,1.113999934377357
c0c168fa,1,1,0,0.1915667178462983
c1200b71,1,1,0,0.11882211376015517
c1373df0,1,3,1,0.282825856962731
c192715a,1,3,0,0.9218199454918704
c1add876,1,2,1,0.5427254993884709
c1ed20ef,1,1,1,0.4762127183931623
c24c877a,1,1,0,0.012836410797199549
c274a243,1,2,0,0.1319282477581989
c294b507,1,3,1,0.534573206661339
c2adf42c,1,2,1,0.8269225085837472
c2b40d6f,1,1,0,0.4674715432337112
c2bac6ad,1,2,2,1.0149926457887055
c2bac92a,1,3,0,0.7420370987409551
c2e15338,1,3,2,1.4975461206782048
c3061b23,1,2,0,0.7229159302446213
c308b134,1,2,3,0.887183502848784
c30f5122,1,1,2,1.2645899141255006
c31a5825,1,2,2,0.2756827138820513
c35218d4,1,3,0,0.2939340398030827
c3760eb9,1,3,0,1.160647929520597
c37ef416,1,1,0,0.46045178257753305
c38585c5,1,1,1,0.41735455004823907
c38a5c9b,1,3,2,1.0922556992065462
c391e9c0,1,2,1,0.5421901813993071
c3a86e3e,1,2,1,0.28521351348732216
c3adae87,1,2,2,0.7967612028466102
c3b87e5c,1,2,0,0.26444514551696635
c3dde859,1,3,0,0.34464466961008733
c409bc9d,1,3,0,0.08426296431901792
c41274a7,1,3,0,1.2029037386280557
c418e47a,1,2,1,0.9681779821198813
c42b7972,1,3,0,0.6795092507737293
c43b985c,1,2,0,0.4048918880618968
c446e1c5,1,2,2,1.0128327345080672
c45068a1,1,2,1,1.0109048486892982
c459095b,1,2,2,0.9608101154139347
c4aa8d47,1,1,0,0.13823555423830614
c4c2076b,1,3,0,0.19260862578869536
c4c86e6f,1,1,1,1.1201116334113297
c51c1139,1,1,0,0.25655083813643437
c55187b4,1,1,0,1.0790002681897226
c55cc646,1,2,3,1.0707550836993056
c5c891c1,1,3,0,0.5626226532484008
c5e91ebc,1,1,0,0.4717213082821787
c5f3d60c,1,2,0,0.08849580935470619
c6287031,1,1,1,0.8857577044010322
c63f1965,1,3,0,0.3720785191565045
c678730b,1,3,0,0.3527676295887534
c68c9809,1,1,1,0.6067904043428305
c69ffa09,1,3,0,1.2266773997927514
c6a92a65,1,1,0,0.25448791229777373
c6b7811e,1,2,2,0.49939701054241653
c6cc7467,1,3,0,0.6205069798763814
c6da0d4b,1,3,0,0.3954508607327129
c6ead822,1,3,1,0.8996542680484925
c715832b,1,3,0,0.5426252087042291
c731458f,1,1,1,0.8008443879008645
c73dd2e4,1,1,0,0.4998495388255111
c73f149c,1,1,0,0.40334305596795883
c7d61396,1,3,1,0.48061859709897625
c7d9e964,1,2,0,0.3123354492792904
c7fd8939,1,2,0,0.21986831209587104
c805ebe7,1,3,0,0.0905791907712386
c829500d,1,2,0,0.2933161131326458
c892f324,1,1,0,0.15550488416531444
c8cc2e1b,1,2,0,0.2877575881693316
c8fbbc8a,1,3,0,0.6222780454824852
c9133895,1,1,1,0.5570401011330993
c9537127,1,1,0,0.659851949152807
c96b9609,1,1,0,0.12585999822735577
c98527f7,1,2,0,0.26573142816365164
c9879365,1,2,0,0.6452507296932211
c9902f48,1,1,1,0.40939081952060585
c9a57335,1,3,0,0.17264608173960233
c9ad9c75,1,3,0,0.9076911401754619
c9dabad5,1,1,0,0.48931337322444285
c9e419e7,1,3,0,0.377809187488821
ca1bdcd3,1,2,0,0.24659794701401327
ca3204b0,1,3,0,0.6665015821391919
ca33a5e7,1,3,2,0.41363621203264317
ca724703,1,1,0,0.5412427628402791
cac0f438,1,2,0,0.32307009830729827
cad3bc70,1,3,2,1.0225936565626297
cadd4ae5,1,3,0,0.3218939875691524
cae31194,1,1,0,0.286292691058094
caec8d59,1,1,2,1.1508807931765384
cb054226,1,3,2,0.5039019259842055
cb2752bc,1,2,1,0.9603508722879801
cb3b7c3c,1,1,1,0.9030319976925548
cba1c8b5,1,1,0,0.7472708202310263
cba39753,1,1,0,0.7927863445194839
cbb1ddec,1,2,2,0.5290186588009244
cbca33a5,1,2,0,0.5305150981718317
cbcf8cf2,1,1,0,0.6025203181899066
cc010b72,1,3,0,0.11733067418831833
cc16d472,1,1,2,1.0811277944994115
cc224be2,1,3,0,0.43232226033750115
cc25e136,1,3,2,1.1166326106293354
cc477243,1,2,0,0.5447330595987341
cc5143df,1,3,0,0.5016113282839453
cca40abb,1,3,0,0.05918882712362972
ccc9db97,1,1,1,1.402428787583014
ccd0fe74,1,3,2,0.5518207538890385
ccd3cb96,1,2,0,0.22551391169734103
ccdb4ae5,1,2,0,0.41747791865036843
cceddb57,1,1,0,0.859925224822461
cd144127,1,1,0,0.36132802919527696
cd1fff5a,1,2,0,1.35689977105719
cd36e51d,1,1,2,0.9856118101937843
cd39e576,1,1,0,0.5836852359887943
cd68643b,1,2,0,0.08974760709307894
cd703872,1,1,0,1.0974581289377061
cd89d5f1,1,2,0,0.8024787992035805
cd8ec8ac,1,2,0,0.557818685567847
cd8f3c61,1,3,0,0.22030913117065332
cd92eaf6,1,3,0,0.35836766288025107
cda90e9e,1,2,0,0.8420215089785991
ce031b1b,1,1,0,0.4017829073270023
ce379a6a,1,3,1,0.7346530903731492
ce6eeadf,1,1,1,0.8837506088740357
ce95b2e1,1,2,2,0.9837128601906668
cea35700,1,3,0,0.3492625389565002
cea73edd,1,1,0,0.45290393016714264
cedf96c5,1,1,0,0.37298842555167155
cefdb7fe,1,1,1,0.913333354651606
cf0d6d38,1,1,0,0.26767719192685285
cf2e4065,1,2,2,0.3997606834754352
cf86987d,1,1,2,1.1342049524354438
cfbbdd3d,1,2,1,0.6486691433861482
cfcf9dc9,1,2,2,0.29701556854881983
cff4bcee,1,3,0,0.24850093834106196
d00b493e,1,2,0,0.6460782784386242
d0429481,1,1,3,1.3570968686674172
d05f5d71,1,1,2,0.6656691639716661
d0ef0744,1,3,0,0.9752581355894117
d11428bd,1,2,0,0.6851834245269519
d1145910,1,2,1,0.9683042596935263
d14d79b5,1,3,0,0.34119088178625767
d19e1025,1,1,1,0.5207917152992438
d1a38988,1,2,0,0.3587814198834819
d1aa6625,1,2,0,0.4438159054861398
d1aafc4e,1,3,1,0.9703962948478488
d28f0d44,1,2,0,0.5602484700937376
d2b84f45,1,2,1,0.9550735327142823
d2bcca68,1,1,0,0.477184080673618
d2d9b474,1,3,0,0.7226519948890535
d2fcde50,1,2,0,0.2856357400789446
d3b860ab,1,2,1,0.12219669084915447
d3bf6d28,1,2,1,0.8427839576386253
d3e45961,1,2,0,0.5846739039015827
d3eda827,1,1,0,-0.017332253648082663
d4337a28,1,2,0,0.2500765614528474
d445fb74,1,2,2,0.8086492787080914
d45bae93,1,1,0,1.169713888157871
d476f528,1,1,2,0.8297771595084293
d4a81b97,1,1,0,0.7790573969114853
d4b935f8,1,3,0,0.8256669955778096
d4bfc83f,1,2,1,0.12756985049316194
d4c2e9a1,1,1,0,0.21514656976747432
d4d2f272,1,1,1,0.7704955615434712
d4d9f7f9,1,3,0,0.3313188579779438
d4f3e585,1,2,2,0.9962405239986165
d506f4c7,1,3,1,0.7793660271245227
d50a8c3c,1,1,1,0.813661334598926
d53ead5c,1,2,0,0.44832417118554285
d547d0da,1,2,1,0.4975991313024328
d565ccf6,1,1,0,0.5860533354917595
d57802c5,1,2,0,0.33843168057904516
d57f6c9e,1,3,2,0.8226617804436087
d5a8d9b0,1,3,2,0.7847276328135668
d5b089a4,1,2,1,0.7015891389364202
d5fb07d2,1,1,1,0.7835911334912417
d61359ee,1,1,0,0.032848521968242506
d6251195,1,1,0,0.09103831521538563
d661ddf7,1,3,1,0.5579314149747013
d6723b39,1,2,0,0.34080951620048694
d6add300,1,3,1,1.1229905951357926
d6be0a92,1,3,2,0.489837429800968
d6c4d9eb,1,3,0,0.510394392964746
d6cca65e,1,3,2,0.7707836984163228
d74e4d7c,1,3,1,1.2323736757081751
d766a1c8,1,1,0,1.074678992757753
d77ac332,1,2,2,0.9273143986163715
d788a6a8,1,1,1,0.2050956835149682
d78f437c,1,2,0,0.1390373061627594
d791703f,1,3,1,1.0354397213396558
d7c063b4,1,1,1,0.21790009681168893
d8037389,1,1,1,0.9092133518237919
d80b8bb6,1,1,1,1.3391226433008905
d8196954,1,3,0,0.1676357576251265
d81f28d3,1,2,0,0.22907853574452763
d82e9b87,1,2,0,0.11472401943149974
d859115e,1,2,0,0.7221421554163834
d87d3d03,1,2,0,0.4242044395000361
d87e2d01,1,2,1,0.9647842985871807
d90900e1,1,3,0,0.3610689258665174
d94c91bf,1,2,0,0.3035267118491628
d980da40,1,2,0,0.10562101104136246
d98be7a1,1,1,0,0.06843252593745097
d9ae9a13,1,2,1,0.8522802723670624
d9c82502,1,2,2,0.25609279446952704
d9eb30bf,1,2,0,1.007478943251662
d9f16cd2,1,1,0,0.41959466200737494
da19c97e,1,3,0,0.17254897020269155
da1b21b1,1,3,0,0.11708968956534782
da5a8921,1,2,0,0.16449784006545487
da94e67d,1,3,2,1.2136640754221035
daa9b0aa,1,2,0,0.15065804163924668
dacfdb2c,1,3,0,0.17128513507150345
db175ab6,1,1,0,0.2342301513830365
db23fbe4,1,2,0,0.6935248425281982
db38d1f9,1,1,1,0.704747926701976
db3b1dd1,1,1,0,0.337915383553938
db49ac7c,1,3,0,0.7875520082914905
db609511,1,3,0,0.07875996723976886
db746de0,1,3,0,0.77601200729109
db9353fd,1,1,0,0.23101706429271912
db9eae59,1,2,0,0.7581463778968149
dbfa6d84,1,1,0,0.1595764651795512
dc168599,1,1,0,0.34367429021611273
dc33dcef,1,1,0,0.5330410294046628
dc52906a,1,2,1,0.34746581976736257
dc6870da,1,1,0,0.418035662421233
dca065be,1,2,0,0.25889296605114914
dcd2586d,1,2,0,0.6593798328619153
dce2a54d,1,2,1,0.3979474505694447
dcfcd574,1,1,0,0.5052587091553411
dcffa5d6,1,2,0,0.3308875694117078
dd02cfa1,1,3,1,0.42608514149546894
dd6679a9,1,2,1,0.9583606173326218
dd689eb0,1,3,0,0.09742058376391965
dd747bba,1,2,0,0.29326349908395
dd9c9576,1,3,0,0.3932859546170664
dd9ce3c4,1,1,0,0.5096547460367944
ddd0cb12,1,2,0,0.31744194729054415
dde82df7,1,1,0,0.16034969285988315
ddfddd87,1,2,2,1.1700414075492513
de3750cc,1,2,0,0.13762659912203118
de3ecca9,1,1,2,0.8229111172940615
de6797db,1,1,0,0.3300959590107305
de91310c,1,1,2,1.1576519066921693
de961552,1,1,1,0.23101289432489136
de9fe1e0,1,3,2,0.976997906781992
dea0552b,1,1,1,1.0291318943149341
dec9056d,1,3,0,0.11274166938661939
dee9eb9c,1,1,0,0.6925974337589251
df4a0fee,1,2,0,0.4445163206997897
df4d2085,1,2,1,0.5231865457029302
df98fbb4,1,2,2,0.6758823986928638
dfaa2a59,1,3,0,0.27524081595952393
dfd87763,1,2,0,0.29541005578898455
e016d96c,1,2,0,0.4313878615853788
e0271395,1,1,0,0.24597044155518932
e0283d3d,1,2,0,0.1033982748551916
e0655da2,1,3,0,0.2421558114929916
e0706ce2,1,2,1,0.36551374012286436
e072b994,1,1,0,0.03382855529083928
e0736134,1,1,0,0.35554868699124836
e0767d64,1,3,2,1.0037580215860222
e07fa0b1,1,3,2,1.1206255993400176
e0869709,1,1,2,0.8509604498853532
e0a7f42a,1,2,1,0.6938113943434399
e0ad6550,1,3,2,0.31865932446743406
e0c4e965,1,3,0,0.5812909903714414
e0e35d4e,1,1,1,1.1135856424010766
e0eb3ea8,1,1,2,0.6269726985237045
e0fb3838,1,2,0,0.057931136671677375
e12c2944,1,2,2,0.7958347017575024
e16a4784,1,1,3,1.3102732708554452
e17b9cae,1,2,2,1.0916707375263472
e1958a83,1,1,0,0.03187455067004297
e199d438,1,1,1,0.8942441113112132
e1a4575f,1,1,0,0.29797828068417254
e1af39f8,1,3,1,0.4786524278214691
e1ccc3d1,1,1,0,0.30701612142709217
e1ea8dd7,1,2,0,0.7557086859656228
e21255e2,1,1,1,0.7134208559489211
e22cf08a,1,1,0,0.24236630135047743
e23a8a0a,1,1,0,0.6355640086179529
e243119c,1,3,0,0.4440179899431067
e252dcb6,1,1,2,1.29588350031141
e25f7b9a,1,3,1,0.201609186754019
e28c0bfa,1,1,1,0.8188456957889995
e296c5e4,1,3,0,0.15883284774902234
e2cb8401,1,1,0,1.2268555629922124
e315fdd7,1,2,0,0.9237750604935784
e318ec9a,1,3,0,0.2198580549410335
e328a032,1,1,0,0.6287157640878108
e34b9430,1,3,1,1.1484937685711527
e3a6f97f,1,2,1,0.8984603108996644
e3aa85a3,1,3,0,0.42389032967432927
e3aa9dcb,1,1,1,0.8889515696664002
e3af914a,1,3,1,0.6328968761962527
e3bb3735,1,2,1,0.8393583434545877
e3cec795,1,3,1,0.2996259884902682
e3d5aab8,1,2,0,0.07532201572995256
e3f71f7a,1,2,0,1.2381885489540836
e40319d7,1,2,1,0.6143344810358412
e4614ec6,1,3,1,0.19566866845331027
e4762a2b,1,3,1,0.8085529581520492
e4a2e3bc,1,1,2,0.47363797303184285
e4ab3b12,1,1,0,0.18611617826713917
e4c008b9,1,2,0,0.3356012691851019
e4d396d7,1,3,0,0.2643072050431568
e4db6712,1,2,1,0.4466300842431943
e4e58096,1,2,0,0.5060154661819345
e51193d1,1,2,2,0.2708151304533949
e515c971,1,1,1,0.559087460419807
e5349ce2,1,3,0,0.19937936632212389
e537418f,1,2,1,0.9648358399540782
e56b2209,1,3,0,0.3603732087976782
e5d77ff3,1,1,1,0.6937209825345514
e6169c6d,1,3,0,0.34531397532033914
e63000c5,1,1,0,0.056931496305148044
e63a0ea8,1,1,0,0.10563159742894568
e664dd71,1,2,1,0.10344495608672294
e683d2c9,1,2,1,0.9213842118783502
e715739b,1,2,1,0.6180855286458262
e71f347e,1,1,0,0.8781657838236904
e72af462,1,2,1,0.7326216801269368
e739c579,1,3,1,1.017583795790466
e7401605,1,3,0,0.20793295946942159
e754411f,1,1,0,0.952683599270445
e79487a3,1,2,0,0.30292257263572353
e7bbb32e,1,2,1,0.7116392005845396
e7d08824,1,3,0,0.8464413425408515
e7db432d,1,3,0,0.9655167172893104
e7db9aef,1,2,2,0.7229003840074442
e7e43817,1,2,1,0.2101570916942042
e7ee0921,1,1,0,0.09271881834832707
e86bb780,1,3,0,0.18253030474462512
e88aa867,1,1,0,1.3367014375163184
e892aec6,1,3,1,0.20467666312573374
e8ac21d2,1,2,2,0.8373482749701022
e8af663d,1,1,0,0.5497503144953634
e8d9d5ea,1,1,0,0.6023027487349957
e8e82627,1,1,0,0.5231599506963901
e9030ab7,1,3,2,0.9916779578869772
e90a63d0,1,2,0,0.4288861829786077
e912c973,1,2,1,1.1713618358960067
e934bf0a,1,2,1,0.5862806122950239
e96763c1,1,1,1,0.705943867201458
e96da61f,1,3,0,0.25219371963891785
e9a6c514,1,3,0,0.35111286474837156
e9b642a3,1,1,1,1.1498260772362046
e9d94c4e,1,3,0,0.4586298021124099
ea38bd63,1,3,2,1.5116878145898487
ea4619ec,1,1,0,0.5007952386386942
ea7277b4,1,3,0,0.40798163273549126
ea7adcd6,1,1,0,0.9117848933296231
eaa4821d,1,3,0,0.16578636462585072
eaab7a96,1,1,0,0.7620559829980309
ead25f13,1,1,1,0.37871636948188414
ead871be,1,1,2,-0.00709368653607223
eaedb188,1,1,0,0.7013693290201409
eb00abb3,1,3,1,0.11299661928119137
eb891208,1,1,0,0.6998048444185875
eb90ee20,1,1,0,0.4283273126176165
eb93a46a,1,1,0,0.22936330438236635
eb9a846d,1,3,0,0.4216347314270224
eba27772,1,3,0,0.08652222318343089
ebd15fdc,1,3,1,0.7665528222035951
ebd6f819,1,2,1,0.9466355498861916
ebf2b0c9,1,3,0,0.5589092106767105
ebf30e46,1,2,0,0.7317354682085904
ec015bbb,1,1,0,0.12094064881551703
ec0f4afa,1,2,0,0.3956003550906542
ec220299,1,2,0,0.67851361989578
ec4a1461,1,2,2,1.072596368241374
ec65cd62,1,1,0,0.49369583261889716
ec6b57b4,1,3,0,0.677244089259585
ec890dbd,1,3,1,0.5335844411003969
ec8f8f95,1,2,2,0.8644288056302376
ec9044f5,1,1,0,0.6877281584928449
ec9179b7,1,2,0,0.10866318872077196
ec9195be,1,1,0,0.5415405170991733
ecbdbe55,1,3,0,0.1523854713488883
ecd22509,1,1,2,1.236879218332851
ecd25dd1,1,1,0,0.9113465814955327
ed329c15,1,1,1,0.8364687559553281
ed50a6f6,1,1,2,0.671720735455737
ed61b01e,1,3,0,1.0502240810110004
ed711416,1,1,1,0.4086757001778311
edb86a64,1,1,1,0.6564115271237662
edb9d0f3,1,1,0,0.35531846409126083
edbf35f3,1,3,2,1.3059590704780173
edc44560,1,3,0,0.7683814321307662
edca760c,1,2,1,0.5324241637590815
edeec50d,1,2,0,0.2405291694666274
edfe1f8d,1,1,1,0.8210702781224409
ee0fa75a,1,3,1,1.1242645446963455
ee21612e,1,2,2,0.7427506161037201
ee2bf575,1,2,2,0.8653478115445765
ee4e9eed,1,2,0,0.35365264487807135
ee67eb55,1,3,0,0.26906032890567766
ee74be35,1,3,0,0.47151656427057587
ee7de96c,1,3,0,0.08791514514548093
eea74d46,1,1,1,0.20884188836178663
eec0d188,1,2,0,0.32878403906989623
eef79620,1,1,0,1.0047349985847933
eefeb431,1,2,0,0.9029536947337169
ef07f833,1,2,0,0.10232445156477571
ef1b858a,1,2,0,0.20940622364121042
ef4ae515,1,3,0,0.054959057577718795
ef58dd3c,1,2,0,0.7045321173440475
ef9617e7,1,2,2,0.607419182156506
efa35d35,1,1,0,0.3067944510184896
efcef0d6,1,3,0,0.7177784011014341
efedde24,1,2,0,1.2570716867351668
f015a18c,1,3,0,1.1274960527133508
f028534c,1,3,0,0.6540276205129518
f0356a48,1,1,0,0.388455450347713
f08a5ac3,1,3,0,0.7390507730464033
f0957ca1,1,1,2,0.7015825108934913
f09a076a,1,2,1,0.8309326498370573
f09b02cd,1,2,0,0.46421218075596055
f09e7b33,1,2,2,0.8799746084554487
f0b5d026,1,3,2,0.6558464376991364
f0d76b32,1,3,1,0.5822527020302677
f0ed5690,1,2,0,0.37913486397413304
f0f3e41f,1,2,0,0.7763281646228865
f1049268,1,3,1,0.7128229083013774
f13cb65e,1,1,2,0.745043508602362
f14e55d7,1,1,0,0.6266050143436208
f15dca1b,1,1,1,0.6401880015912494
f1702318,1,2,1,0.5258082430296309
f1a16e58,1,3,1,0.697410937607881
f1baabc1,1,3,1,0.2941730593921555
f1baae47,1,2,1,0.7493014449472549
f1bd0f59,1,3,0,0.6847685908196257
f1ed2e85,1,1,0,0.36802337613885616
f220a837,1,3,1,0.9899526192613961
f2260009,1,2,0,0.4950922219586838
f240387a,1,1,1,0.5225426050576438
f2499682,1,3,0,0.3167498486326277
f2649b91,1,2,1,0.7685388463259678
f29d4094,1,3,1,1.1496306541082344
f2d4efd8,1,2,2,0.8778654800196555
f3020788,1,2,2,1.0800211557125459
f32a9580,1,3,0,0.3469507421102843
f3600deb,1,3,1,0.42167213706916884
f3a1dd3b,1,3,1,0.663421996374286
f3d22832,1,3,0,0.5045472381550744
f3fbe6c9,1,2,0,0.8987895867930973
f4114031,1,2,1,0.8434685102463574
f420b05a,1,3,0,0.12588499408268056
f4223e3a,1,3,2,0.48567134874369
f44f1227,1,2,0,0.5164795157322581
f47a67cc,1,2,0,0.0842124143886877
f47abc42,1,2,0,0.48447439900822475
f497dd7b,1,3,0,0.4021144853850016
f4d2f5af,1,3,2,0.6588676200055115
f4ece6b5,1,3,0,0.1266275418890685
f52a2597,1,1,0,0.5387671940168921
f5369cea,1,1,0,0.07814283606416961
f54eebeb,1,3,1,1.0659207024161412
f566e5cc,1,1,1,0.7972699548210006
f567a1af,1,3,0,0.20144428572182604
f57de847,1,3,0,0.614753658969308
f584742f,1,3,1,1.047804571128164
f58ddd4a,1,3,1,0.5106092931141816
f5ad7abc,1,3,0,0.15695373797020773
f5d4c82e,1,1,1,0.7781632577832289
f6284dcb,1,1,0,0.47303632638372267
f62b317d,1,1,0,0.8692709722794174
f64ae747,1,2,2,0.89481772197935
f64e1d85,1,1,2,0.22648573695382196
f64f877b,1,1,0,0.3068577612187368
f67908e7,1,2,0,0.3377477638619377
f68f158d,1,2,0,0.7123210606275436
f6b719ee,1,3,0,0.1961674526655774
f6c0e2b7,1,1,1,0.9523627667016462
f6c20447,1,1,0,0.22335226004141995
f6cc80a9,1,2,0,1.2179597392820434
f6d6f400,1,2,0,1.0013190984932123
f6d879aa,1,1,1,1.0556948239068809
f74c45c1,1,3,1,0.9046880900472788
f74eda33,1,1,2,0.8515116916423959
f75c957f,1,2,0,0.1054192175406985
f77c2636,1,1,1,0.8443781838746933
f7b1374e,1,3,1,0.8716474906074192
f7fc97cf,1,1,0,1.1273304526387793
f804c9f3,1,1,1,0.8117954548648563
f81598bf,1,1,1,0.6759378011505844
f817f33a,1,1,0,0.13534092067534048
f848f42b,1,1,1,0.419793804518964
f8674e15,1,1,1,0.629973403449496
f869d220,1,2,1,1.2177605580879212
f8b08332,1,1,0,0.4468948360870017
f8b36382,1,3,1,0.46421142741473287
f8d293a0,1,1,0,0.1384730239130395
f8e3467e,1,2,1,0.44858774895357856
f8ff0bc8,1,1,0,0.865916956933755
f922ae21,1,1,0,0.6182605333021156
f93010a8,1,1,0,0.435390338074752
f9334e08,1,1,1,0.04738502751290463
f9897bf1,1,2,1,0.19810606645242318
fa293db8,1,2,0,0.37716244219611406
fa29ab47,1,3,0,0.1542437752308014
fa34f945,1,3,1,1.1271130020925468
fa3e1e21,1,3,0,0.30606246230470024
fa472647,1,2,1,0.6473797055963983
fa4f0329,1,2,0,0.4026798995321146
fa633e39,1,2,0,0.6461138378706573
fa78d819,1,3,2,1.2324358729396554
fa9a0add,1,3,0,0.11774019384928563
fab75c2c,1,2,0,0.24297567053487718
fad07fce,1,3,0,0.5127028252587296
fb04f7dd,1,2,2,0.26645083268798975
fb22e454,1,3,0,0.8290873403014615
fb2c4db6,1,3,0,0.08036416205105423
fb3c2c87,1,2,0,0.4485008941389672
fb9b060f,1,1,2,1.321514020292185
fb9c5a33,1,3,0,0.4746066728365494
fbbd97b1,1,2,0,0.47961351161840104
fbda3966,1,2,1,0.6361288226150076
fc1912e3,1,2,1,0.7159578993994523
fc41be2f,1,2,0,0.13721624228107343
fc49ba65,1,3,0,0.15279656124815244
fc8e4de4,1,3,0,0.39341967405080147
fcc6347f,1,3,0,0.3542800851396259
fcd9a6bb,1,1,0,0.15890215068884772
fd028ecc,1,1,0,0.3554446638037755
fd0d9bca,1,3,0,0.03604785963249757
fd3448d9,1,2,2,0.4949932321931763
fd56e059,1,2,0,0.27460973236454567
fdb6b48b,1,1,0,0.5140192586144824
fdd9799f,1,2,1,1.0825354650736037
fdea7d9e,1,3,1,0.9733419438144009
fe102a25,1,3,1,0.395858065906425
fe2bc235,1,2,2,0.7378976427837735
fe3cbf02,1,3,0,0.1893148959675054
fe5e2dc9,1,3,2,0.4964266962944247
fe6afaf9,1,1,0,0.5323372125363797
fe9c71d8,1,3,0,0.23738028101591158
feb53635,1,3,2,1.4486002523402477
fee07f32,1,3,0,0.2414165975739302
fefaffe0,1,1,0,0.5869512722761613
ff18b749,1,1,0,0.48289695369936053
ff60112d,1,1,1,1.3400368549295227
ff6c2bb8,1,1,0,0.39436027754934844
ff8a2de4,1,3,1,0.8469783247107112
ffcd4dbd,1,1,1,0.9360576027993543
ffed1dd5,1,1,0,0.7891941579137705
00008ff9,2,2,2,0.5783467790371516
000fd460,2,2,0,0.3314309154844898
00105258,2,2,0,0.4606167126510343
00115b9f,2,1,1,0.2427363936882747
001f3379,2,3,1,0.6852696908488619
00abe655,2,3,0,0.4950042529192125
00ae59c9,2,1,1,0.7180624318271805
00c0cd71,2,1,2,0.34403463907435583
00e6167c,2,2,0,0.6423819029174179
00f332d1,2,1,1,0.8336604235498528
00f574e9,2,3,0,0.7645814537771018
01085eb3,2,2,0,1.1699659464413443
01182ce3,2,3,2,1.3037874954564055
011e71c3,2,2,0,0.8306647064662864
012e3869,2,3,0,0.13840750064522217
014c303e,2,3,0,0.3880279732404299
01cae1ef,2,3,0,0.7191892165184105
0219f64a,2,3,2,0.5774004722257646
02347f13,2,1,0,0.9237777963877377
026102c4,2,3,0,0.13360801130839495
02648a1c,2,1,0,0.6501708058254593
029a19c9,2,3,1,0.7542027050631405
02c4cf7f,2,2,1,0.39438911583340464
02cebf33,2,3,1,1.1826682845716925
02dcf62a,2,3,0,0.4101197837341019
02e56a7c,2,2,0,0.37658463253223473
0347462d,2,1,1,1.2037331774783584
0357a10e,2,1,1,0.3600014476007598
035c96dd,2,1,0,0.5385716189159195
03833cec,2,3,0,0.2703385477140041
0391e587,2,2,2,0.5740375400171174
03a5c2d6,2,1,0,0.6026904958845726
03a9019b,2,3,1,0.5528540265615028
03bf5026,2,3,0,0.45150372424701707
0417c91e,2,2,0,0.051513936484178346
04370442,2,1,2,0.29009187526715957
0471236c,2,3,0,0.15287934244638113
0499c3e8,2,1,1,0.6885173726766847
04ad419d,2,2,0,0.4841431060456935
04afb6f9,2,1,2,0.7594398803037231
04b3cc70,2,2,0,0.43417439343037756
04bb1a76,2,1,2,0.6643055948206046
04d06a9c,2,1,1,0.6863936163502664
04dc7df1,2,3,1,0.3616641789016737
04f094a8,2,2,1,0.5631260383767783
0506b9cd,2,3,1,1.1895926993907446
051680a0,2,1,1,0.4062319938165251
051f73ae,2,1,0,0.6530530042214168
052a1122,2,3,1,0.6617394377652693
053d7d31,2,2,0,0.5033291643040927
055156e2,2,2,2,1.28820476906753
058990e9,2,3,1,0.7529652534676785
058d2812,2,1,2,0.9324402942187479
0598f669,2,1,0,0.46319661671388324
059e02ab,2,1,1,0.8090792502642885
059eed01,2,2,0,0.15503607850574352
05bbed1b,2,2,0,0.019183414707703128
05bc318e,2,2,1,0.8317668632746116
05d3d73a,2,2,0,0.194072642635659
05e67680,2,1,0,0.5869059405799772
05e94f88,2,3,0,0.4824642409285854
05f2d1b5,2,1,0,0.4076319874540033
0610c066,2,1,0,0.13692931219035664
061f2866,2,1,2,1.150208068645363
0632d98a,2,2,0,0.37660651425964226
063353cc,2,1,0,0.9625633806204564
06472198,2,1,0,0.11082611395594921
064e8da5,2,1,0,0.02505128453026062
066343d4,2,3,0,0.3726028846429361
0668373f,2,2,2,0.41700272602123095
0676ead5,2,2,0,0.36321393800209023
067b9287,2,3,1,0.5611534540893939
067de065,2,2,0,0.20952094121130665
06c7dcff,2,2,0,0.48907578233696314
06eb8adb,2,3,0,0.20805237031728746
07048067,2,1,1,0.6594118058980016
0720320e,2,3,0,0.6260307154354985
0745c390,2,1,1,0.6262185916977365
07d879cf,2,3,1,0.7856780571961647
080698b7,2,3,0,0.6051483522112097
08159c5e,2,1,0,0.6966149604172818
082df556,2,1,0,0.8360419346830641
0844aee7,2,3,1,0.3427735363173874
08577722,2,2,0,0.12643635744494403
0884aca8,2,1,0,0.567797416902545
089a6b19,2,2,0,0.9813795109267229
08fa44ad,2,1,1,0.3850665202800501
09039272,2,1,0,0.40708330184657937
0924b815,2,1,1,0.12249374292817733
092c29b9,2,3,0,0.20939133986587988
09331bb8,2,3,2,1.0102674905985138
0983654b,2,3,0,0.48046391952702083
098b5836,2,2,2,1.1955843637342594
098d3c32,2,1,0,0.3436714745590443
099e3614,2,1,0,0.44512502819917055
09b29113,2,3,0,0.14526922049956886
09d80057,2,1,1,0.2811902058690757
09eeaba6,2,1,0,0.06115462336530353
0a418b57,2,2,1,0.7455822971518533
0a431608,2,1,0,1.3634761266357902
0a4b1425,2,3,0,0.16354054338775037
0a540797,2,1,0,0.3743870331711289
0a5f1214,2,3,0,0.4306925673681584
0a775819,2,2,2,1.2729513674984059
0a822c93,2,1,1,0.9720642058072391
0a9159f8,2,1,0,0.5457285935884354
0aa90ce7,2,1,0,0.6948559048384906
0aaf08ec,2,1,1,0.6675647761572755
0ac521c8,2,3,3,0.9002529367686631
0ac5e12f,2,2,1,0.289595123656833
0acac70c,2,2,1,1.0340739611350687
0adf511d,2,3,1,0.4969079510784771
0af81037,2,1,0,0.6600327559950382
0b4014f0,2,3,0,0.6752147499013609
0b518637,2,2,0,0.1860318355484311
0b6b07f6,2,3,0,0.23508738747427943
0b7c6100,2,2,0,0.41337173124818327
0b7d7aec,2,1,0,1.0390198643461719
0b9fcc42,2,3,2,0.39371169455665633
0bd89878,2,3,0,0.29474737179516164
0bfe4fc9,2,1,1,0.7713704088679054
0c0a1576,2,2,0,0.02265090668516878
0c3d248f,2,1,0,0.24159265469630398
0c3d88cb,2,3,0,0.1981268212521876
0c4e2d68,2,3,0,0.060356818285771885
0c4eabac,2,1,0,0.12055148756986828
0c83af0f,2,1,2,0.7543403203140602
0c8efce0,2,2,0,0.07327296516756576
0ca08054,2,2,2,0.47023055426669735
0cccc6bc,2,1,0,0.3500335745697982
0d34aee4,2,2,1,0.7941500296705206
0d394928,2,1,0,0.2951645401031791
0d4800c8,2,1,1,0.8431747901881572
0d4fa8f4,2,2,1,0.16982460824953166
0d570d3e,2,1,2,0.392602555884745
0d74d0ed,2,3,0,0.7704842566156351
0d924604,2,1,0,0.26401446727762184
0ddab8ff,2,1,0,0.251612298785518
0de01ae7,2,1,1,0.7317836604430425
0df44f9e,2,3,2,0.809044695687383
0df4c27d,2,1,0,0.7831142214677206
0e1cf9b8,2,3,0,0.20477028024170368
0e1f7fed,2,2,0,0.16442630821650156
0e3b0bd2,2,2,0,0.10170708406835266
0e9c1be6,2,3,1,0.5086376074879333
0ed2a3c8,2,3,1,0.31084974435221685
0ee70b3e,2,3,1,0.7880499222532977
0f4db4f2,2,3,0,0.7190677294328135
0f6b71c4,2,2,0,0.2727409407646103
0f7f3bf3,2,1,1,0.6732431320157775
0fbb3ca5,2,1,1,1.1582822451794481
0fc19fd9,2,3,0,0.14683280873445714
0ff6ac09,2,2,0,0.4025735950393742
101c27f1,2,3,0,0.610806427724108
10258585,2,1,1,0.22135311009092962
108b8659,2,3,0,0.2021147556680607
10ad8c48,2,3,2,1.2793862277910908
10be7f09,2,1,0,0.18526618632931768
10c0e99a,2,1,0,0.23656943726433516
10e46254,2,3,0,0.39707016347304946
11477ed0,2,3,0,0.787189189694243
115d3db4,2,1,1,0.41530849137241965
1184a14a,2,3,0,0.290409678763851
119d7562,2,1,1,1.1782542041236468
119dd2e1,2,2,1,0.3109298433146201
119e181e,2,1,0,-0.0015144599012260063
11d1a5ac,2,1,0,0.4022451429679818
11f7253c,2,2,3,1.5781979768507033
11f9b26c,2,1,0,0.109853720572893
1225fd28,2,1,1,0.5885618779914255
12380b06,2,1,0,0.6520145369077459
12cbf30c,2,1,0,0.7161292306528033
12cfb064,2,1,0,0.1161175764683739
12f37ff2,2,1,1,0.2478730877255345
1301f65d,2,3,0,0.35605212717268536
1307c41a,2,3,0,0.35183188449935104
1314bc8c,2,2,0,0.8450261736679798
137baaec,2,2,2,0.6741561779016929
137fc699,2,2,1,0.18888807600719293
13a5e288,2,3,0,0.3495026208400085
13be5672,2,3,0,0.28529619281843627
13cdb63a,2,1,0,0.031526039240902914
13d23890,2,3,0,0.9160366362928004
13d2c419,2,2,0,0.25086285924716883
13e46923,2,1,2,0.5681301616715696
13eee030,2,3,1,0.5750968826021137
13fca10c,2,1,1,0.6448471757414581
1420b16e,2,3,1,0.911322908755794
1429abf1,2,3,0,0.41849514088543344
14391970,2,2,0,0.13941415801503726
144a9a79,2,3,2,0.5839730211277858
14568d61,2,1,1,0.2088031562732145
147c4374,2,1,0,0.11518481589232032
14a6e58e,2,3,0,0.4732040073027826
14b8dd2a,2,3,0,0.7322201472424578
14eac885,2,2,2,0.7296458685596671
15227eef,2,3,0,0.8678200137107984
1522fee1,2,2,2,0.9114396844777253
154d1191,2,2,1,0.13424846485499836
1551c806,2,2,1,0.8947316312570955
1562998a,2,2,0,0.7465913753805717
157b271f,2,3,3,1.1997001991130207
15a2364d,2,1,1,0.8341495310813591
15d702f8,2,2,0,0.30758081120902875
15dbc929,2,3,0,0.21406843017870691
15f217a6,2,3,1,0.5972001051686294
15f2e240,2,3,0,0.19126566059762817
1606f203,2,3,0,0.5496438163781756
1649ce22,2,2,0,0.43371576604484147
164b29ed,2,1,0,0.25303986201727957
16bf9efe,2,2,0,0.7030002385160994
16deb306,2,3,0,0.2541460397938957
16e277aa,2,2,0,0.6549097068890258
1704e646,2,2,1,1.0470462195794834
1713348a,2,2,0,0.4622912863899476
177f25ab,2,2,1,0.4499986537991418
17b08109,2,2,0,0.2329086306579805
17c1ae23,2,1,1,0.264757205104509
18154f3a,2,3,1,0.837078001004059
1837456f,2,3,0,0.6443051214420781
18400e8e,2,2,1,0.8779048965544394
1843760e,2,3,1,0.8929411116754178
18b79e9b,2,1,2,0.22037212198964312
18b8b2f6,2,3,1,0.34899497210998676
18e21bf1,2,1,0,0.21786545809752322
18fdbccc,2,3,0,0.38116604477408245
18feab0f,2,1,0,0.8396241776145594
19098ef0,2,1,0,0.6705616149991404
1911731d,2,3,0,0.06735331679334411
19381499,2,2,2,0.8108379773502623
1943fb23,2,1,0,0.3842693698844797
1949438b,2,2,2,0.40954965837505414
1957153d,2,3,2,0.504190447837942
198e50c9,2,2,0,0.9073726497807793
19b095d5,2,2,0,0.27484387096146723
19c49039,2,3,1,1.0457663234009607
1a1e8ac5,2,3,0,0.16831199235431898
1a23d282,2,1,1,0.5817907355384077
1a2412b3,2,1,0,0.6677037286045704
1a803bfe,2,3,0,0.3699383537679176
1a9f8375,2,1,0,0.39812572119538214
1aff6762,2,3,2,0.9948600499445086
1b258140,2,1,0,0.015341274540541905
1b32427b,2,1,0,0.6812772632759507
1b329556,2,1,2,0.7129649345439876
1b410106,2,3,0,0.21147851517277805
1b49c870,2,2,0,0.3145613820004905
1b5b34bc,2,3,1,0.6217963004305814
1b5fb26f,2,2,0,0.6627745986073397
1b6be334,2,2,2,0.7857374227446944
1b6fb363,2,2,1,0.5797098724369787
1bc6a98c,2,3,0,0.173004228189218
1c23295e,2,3,0,0.6717988802312781
1c3b7f1a,2,2,0,0.4633216540564279
1c3c2b2f,2,1,1,0.2725428630567827
1c481537,2,3,3,1.1774096873178101
1c5ba087,2,2,1,0.7824841247187366
1c66daf4,2,2,0,0.8497727610043595
1c673231,2,1,2,0.6902147169683257
1ccf44f0,2,2,0,0.27647769989754184
1cd37b36,2,1,1,0.7551832621169798
1d02812a,2,1,0,0.9657318066667685
1d7edb86,2,1,2,0.8504213252061433
1dd90b53,2,2,2,0.8656874653279255
1dfd6433,2,2,1,0.6881607606729632
1e08b1dc,2,1,1,0.7788553691390442
1e2a1bd0,2,3,0,0.35724445038791786
1e5f6199,2,3,0,0.2521152666023393
1e7dd854,2,3,0,0.3298136673454175
1e986f93,2,1,0,0.024022751880757198
1eb206f0,2,2,0,0.5231072875253547
1eda934b,2,3,0,0.7796157765879084
1eea376f,2,3,0,1.0585607396159151
1eea8df2,2,3,2,1.1840228526623808
1eedf45e,2,2,1,0.7030381254032445
1f400626,2,1,0,1.0351947090380191
1f5cefcc,2,3,1,0.8548585928716916
1f65fa82,2,3,1,1.0240155025561941
1f7bd44c,2,3,0,0.2355974975426619
1f7ec039,2,2,1,0.7460715253136069
1fc07a80,2,2,0,0.46345662689021916
1feb42f2,2,1,2,0.5142906962040104
1fed3943,2,3,0,0.3832636770360536
206c8562,2,3,1,0.45094622149861396
2084c823,2,3,0,1.0768687074189056
20d7ecfd,2,2,1,0.8193811167195698
2114473a,2,3,0,0.4509897499361859
214f46e8,2,1,1,0.6573146736460266
215ca39b,2,1,1,0.5381914376828266
217ce5e6,2,2,1,0.9008421573578473
218faf6f,2,3,0,0.34868527738206245
21a76448,2,1,1,0.5933681334257036
21c62163,2,3,1,0.40186610476663465
21e5833c,2,2,0,0.6016234396623277
21eb6d47,2,2,0,1.053436926745277
21f58fba,2,3,0,0.2752181956432775
223724b2,2,2,0,0.4843166433118835
22375702,2,3,1,1.3295638809264831
22389051,2,2,1,0.2926789342198325
22447a95,2,3,0,1.4121789347327287
224fc39a,2,3,2,0.9971436970232972
22536a61,2,1,0,0.6901521653669891
22a71606,2,3,0,0.10798312830957946
22c72c4e,2,1,2,0.6754205566682281
22e44415,2,3,0,0.40543868257006227
22f43a12,2,2,0,0.3738521912568893
232b7cb1,2,1,0,0.891664044886247
233b9425,2,3,0,0.2904657450429721
23418fa2,2,3,0,0.1478848017253222
23567787,2,1,1,0.6021671581583492
236d450e,2,1,1,0.5511544641808039
236ecde8,2,3,0,0.2209280028367111
23d1a58d,2,2,0,0.9021898375168929
23d71e37,2,2,0,0.501501425091385
23e024bd,2,1,0,0.8229420899686912
23e71e7c,2,1,1,1.1563803387864509
23e7f79b,2,3,1,0.39815974532517484
24591f4d,2,1,0,0.24918330081679285
2496c491,2,3,0,1.227623555677304
249b6d68,2,1,0,0.7812423731838011
24a3b16d,2,3,1,1.0696575595375768
24ab10c6,2,1,1,0.20200972696280056
24b4bc6d,2,3,1,0.350740561830329
24b75658,2,2,0,0.1618554032670163
24dac645,2,1,0,0.4754106978279362
24fb56db,2,2,2,1.1214941133523653
252ebc5b,2,3,2,0.6308003601283038
253f5cb1,2,3,1,1.4109281478613234
25849c6c,2,1,1,0.5694039089815105
2586774b,2,1,0,0.47750133625007196
25a3a723,2,3,0,0.6778090421922783
25e752c8,2,2,0,0.23896719084541435
25eba023,2,2,0,0.06502119507223059
260f542b,2,2,0,0.1923722470799923
2625767f,2,3,0,1.2403822636329644
262cff6d,2,1,1,1.4151037603875767
26891dbd,2,2,0,0.6833052875994857
269d9918,2,1,1,0.6899965788159605
26aeacdf,2,2,0,0.15463885358592105
26b1792f,2,2,0,0.30737954476560475
26b893f4,2,3,2,0.5653734862368847
26d31613,2,2,1,0.9372151657397819
26d541c2,2,1,0,0.6037064281341442
26f0e055,2,3,1,0.2759461202794218
2715347c,2,1,1,1.1633622541756146
273c8ebd,2,3,0,0.12723136233407123
27724073,2,2,1,0.5938994023934246
277f5b32,2,1,2,0.954198775328656
278e8a51,2,2,0,0.09831142017615013
279d0ec4,2,2,0,0.6137285177078285
27cd2a6c,2,2,2,0.8320810330639075
27d363de,2,1,1,0.9143202603376408
27d7e5e4,2,2,0,0.22355558962941485
27e0ca6b,2,3,0,0.5752892301433049
281174c9,2,1,0,0.5573299259974599
2812951b,2,2,0,0.545008527415716
2840643b,2,2,1,0.2541097965642509
287390e6,2,3,2,1.0525829827028699
287f1349,2,1,0,0.8833344678459143
2891e36b,2,2,0,0.6591756422346219
2898269f,2,3,0,0.23877000497511547
28b91cf3,2,2,0,0.11932420099981844
28ba92e9,2,2,0,0.3119910685650441
28e973b1,2,2,0,0.7299142241171221
28f7e6ff,2,2,2,0.5817985891416799
28f99ddb,2,3,0,0.6630039199011339
2911ef94,2,3,2,1.0185947564274962
29587a31,2,3,0,0.3195402223859802
29886a85,2,1,0,0.20858191403412024
29a1d334,2,3,0,0.347965870195109
29b37b4a,2,1,2,1.3315176016415113
2a0b8386,2,1,0,0.6556935414540231
2a64085d,2,3,0,0.23949054234576578
2a81925b,2,3,1,0.552858925162231
2a85889c,2,3,1,0.6248933899431478
2a88cbe9,2,2,0,0.38863608706995834
2a9e0dee,2,3,0,0.49153338551444886
2aa15e6b,2,1,1,0.2093948004545973
2aab37ac,2,3,0,0.4940186985088537
2ac0bd9f,2,1,1,0.7736658227235109
2af3c8d8,2,3,1,1.0275867312735265
2afea280,2,3,1,0.8603419927883418
2b34dcf3,2,1,0,0.25378748276296503
2bac0893,2,3,0,1.0477964756818243
2bad0db7,2,1,0,0.9556818188908669
2bca454a,2,2,0,0.49018930061267296
2beaaf7a,2,1,1,0.634236547120891
2bfc9187,2,3,0,0.7277491847498065
2c2dc20d,2,3,2,0.6287818827119572
2c3b09db,2,2,1,0.741929687067267
2c483245,2,2,0,0.8379987918144723
2c49257f,2,1,0,0.4685358363918598
2c512f2f,2,1,1,0.48095102473990525
2c56c930,2,1,0,0.42464102683585925
2ca2206f,2,1,1,1.0427851048645953
2cb0db2c,2,1,0,0.10943784708721482
2cc4b720,2,2,0,0.2040696184093886
2cd9b5a3,2,3,1,0.6085118537092605
2d043af7,2,2,0,0.6678094310092182
2d0bbbd3,2,3,0,0.6055623066422041
2d3ba6fa,2,2,1,0.14650358649108935
2d5365c6,2,1,2,0.7939399559756584
2dbdfe11,2,1,2,0.4945897810690745
2e16053c,2,1,1,0.6159463147074671
2e293d08,2,2,0,0.2801777507318144
2e42573e,2,1,0,0.2410330993827856
2e4e045a,2,2,0,0.19193942164558164
2e5f5207,2,3,1,0.6748466232425622
2e7d888c,2,3,1,0.7481482800824151
2e8c9884,2,1,0,0.2147327358853654
2ea277d5,2,2,2,0.5565766433865951
2ebdadbc,2,3,0,0.36829522354291644
2f0f2949,2,2,0,1.2335888367175674
2f12de00,2,3,1,0.6686550210062767
2f154763,2,3,0,0.18080982948081226
2f16cad4,2,2,0,1.1059677150003653
2f1af08a,2,3,0,0.1365499645270401
2f6b484c,2,1,0,0.12559633523219654
2f72f441,2,3,0,0.1034740595781164
2f7f0eb7,2,2,0,0.1551940333388172
2f81950d,2,1,0,0.2498399407028618
2f91f3c1,2,2,0,0.8696911124634725
2fba6cf4,2,2,0,0.36583432184161097
2fef897e,2,3,0,0.6508911964696553
2ff729d3,2,3,0,0.71423874708642
3046a5c7,2,1,0,0.25624842689180266
3055881a,2,1,0,0.7490254568267742
3065aa2f,2,1,0,0.6631611956763356
307c91ee,2,1,0,0.26154993968318485
30ac8a84,2,3,2,0.5240523962884767
30b3f203,2,2,2,0.9631614324361919
30ba4252,2,2,0,0.20851589972106466
30d2fd47,2,3,0,0.17167002268558557
3133a6c9,2,3,1,0.5466144927672151
31349d8b,2,1,0,0.796443747969449
3146f878,2,2,0,0.2718386774719506
3155ed01,2,3,0,0.6782265676043869
3162c492,2,3,1,0.49842526110596164
31648caa,2,1,0,0.05124166520565665
318ccc0e,2,2,0,0.3293504965568704
31b74cd4,2,3,1,0.5493002560884703
31d61741,2,3,1,0.49794024477270177
31d7a136,2,3,0,0.23858598722457208
31ddec50,2,3,0,0.7215727568676563
321202d4,2,2,1,0.6535375444239766
3216b978,2,1,1,0.9757409198422569
325afd3d,2,1,0,0.7258745723755378
3268c574,2,1,1,0.7928212590476676
326c23c2,2,2,0,0.526535294987142
327736cd,2,2,0,0.11920339864240886
329a9c25,2,1,2,0.8867746171494296
32b8490d,2,3,0,0.6171596411405605
32d0ebca,2,1,0,0.669409999705997
32d262c2,2,2,0,0.45852384559224585
32dcc8ab,2,3,0,0.3767112424338839
32e18ccc,2,3,2,1.0622367302143578
3302713b,2,3,0,0.7072982295015888
333be478,2,1,1,0.5653909873693918
338146bd,2,2,0,0.616031321420187
33a499ce,2,2,1,0.7627144509280397
33e34de8,2,3,1,1.124080586597442
342d43c7,2,2,1,0.874238935053167
3441fd41,2,3,1,1.1307323824520208
3466c72a,2,2,1,0.453732615716148
347095fe,2,1,2,1.3638582241751924
34c30fad,2,2,2,0.6977638602655948
34eb79f9,2,2,0,0.6609296138730506
34ec5de4,2,3,0,0.7866110283544252
350cf38b,2,3,0,0.2481600611936679
35198c2d,2,3,2,1.0954338551146092
356ab908,2,2,1,0.8626288202277748
35d2aa41,2,2,0,1.3437680178494178
35fa2ebf,2,1,3,1.1054437347288304
36146fe1,2,3,0,0.7757578463024857
36473697,2,1,1,0.7577780025720905
3655395c,2,3,0,0.3820254081031876
36958957,2,2,2,0.7902269983768662
36b8c9e5,2,1,1,0.5171839209107578
36c060b9,2,2,2,1.4774684396474211
36c1f189,2,1,0,0.2713326753766138
36fda5de,2,1,0,0.14229387036989705
370b47c4,2,2,0,0.8006954050534412
3714afd7,2,1,0,0.4167423580693765
3738db26,2,2,2,0.8216973379773289
376e617f,2,3,2,0.9173491192786141
37995242,2,2,0,0.05945060448399675
37ae1239,2,2,1,0.3310998188813651
37bcfa7e,2,1,0,0.9665778719122862
380029ef,2,2,0,0.3744982939258175
3820a945,2,3,0,1.1372014934243735
3826be66,2,2,1,1.2728999615257832
38390669,2,2,0,0.1763666958427223
384c3f27,2,1,0,1.3651538208470866
385819e6,2,1,1,0.11799790200485838
385a6557,2,1,0,0.33882056398787674
3875d4de,2,1,0,0.8219033824209514
38d53b92,2,1,0,0.5853286375257407
38ee12e7,2,1,0,0.6897968285514865
3913797d,2,1,0,0.41641012929720467
3918d854,2,1,0,0.11480723955114797
3934e29c,2,2,2,1.459100927527634
394684ae,2,1,0,0.8129415796102168
394a6219,2,1,0,0.2434550918597445
3950aa00,2,3,0,0.8385692242931435
397efe7a,2,3,0,0.37260645871275966
39bdbb00,2,1,0,0.07181270043060317
39c20e2a,2,2,0,0.6692226335198257
39cc2836,2,1,0,0.337626049015398
39d626f4,2,2,0,0.5662298303819002
39dd3538,2,1,0,0.12179829425391331
39fb1ad0,2,1,2,0.8102816450566948
3a33d579,2,1,1,0.6942917144720033
3a9d7bd6,2,2,0,0.17062341311772128
3ab539f0,2,3,0,0.260654811839807
3acb5be3,2,3,0,0.30265665171922956
3ae4ee9b,2,3,1,0.9940669777977362
3b047021,2,2,0,0.13195390402785212
3b091b83,2,3,0,0.49564555345756006
3b1b9538,2,2,1,0.8812757051413886
3bbf88cd,2,1,2,0.5605901842204887
3c0aba64,2,2,0,0.6576395635688569
3c5c85e7,2,3,0,0.6596025887390893
3c620257,2,3,0,0.26132366596122786
3c8f474a,2,3,0,0.37455409477904944
3ca35642,2,1,1,0.7181934260533555
3cc9cfa6,2,1,0,0.3096051372251511
3cd8802e,2,3,0,0.6008682995955111
3cfeca85,2,3,0,0.23835691299222933
3d20d9a7,2,2,0,0.6289778763051216
3d2c0bc5,2,3,1,0.6330462786756943
3d36fe8b,2,1,0,0.761770730137399
3d3b87db,2,3,1,0.950983785072961
3d3dd3ae,2,2,0,0.8514798775125273
3d46429f,2,1,2,0.9399986896134446
3d48430d,2,3,0,0.28962307284891603
3d5ad997,2,1,0,0.6368888460136528
3d6143f3,2,3,0,0.17223471275195695
3d736110,2,1,1,0.8389764368661601
3d8531f5,2,1,0,0.34081737944126467
3d970ce4,2,1,1,0.4844867689108912
3dcbc164,2,1,1,0.9684530552729007
3de1a622,2,2,0,0.1821279984943424
3de6a21c,2,3,0,0.2590008144371043
3e398bf9,2,3,2,0.9428809648717346
3e3c242c,2,1,0,0.23083106376288604
3e5d5b58,2,1,1,0.09866904516391334
3e5ee48c,2,3,0,0.8641175779436853
3e7ee995,2,1,1,1.2344726743603354
3eb48980,2,3,1,0.561287142566776
3ebfbb4c,2,2,1,0.0772771482645449
3ede35d1,2,3,0,0.6107308101279818
3f1cf5ba,2,1,1,0.6840615008043159
3f1f23e7,2,1,2,0.46093283885198516
3f20e14b,2,3,1,0.9106293303372843
3f2141da,2,2,0,0.39564989999356803
3f3a70c8,2,2,1,1.3447793767210288
3f51a21d,2,3,2,0.5633228787785589
3fcef947,2,1,0,0.3561106268417453
3fe78116,2,2,0,0.6824730299080007
40087bc5,2,2,2,1.0565360749210215
4093774d,2,3,1,0.9112196946531129
40b904b3,2,2,1,0.5258599438290226
41052ced,2,1,0,0.8146093210928613
41185f8e,2,1,2,0.8989005755476793
4128aee6,2,2,0,0.1303897271000627
4135cb0e,2,1,1,1.091548021361544
4157be55,2,3,2,1.2967759929442877
415d5a1a,2,1,0,0.9174470215951496
416b6ba2,2,2,0,0.13736859303195814
4177e5e5,2,1,1,0.602587572154648
419d05c6,2,3,2,1.1182294958721957
41bacefb,2,1,0,0.768135431776162
41badf5d,2,3,1,0.8838708182798862
41cfd1db,2,1,3,1.410868915612373
41d48900,2,2,0,0.6148404262549585
42309938,2,3,1,0.7313936372248983
423610ac,2,3,1,0.6157449666503918
4248261f,2,1,0,0.12717057302264245
4255e559,2,3,0,0.513668596435165
4262ce3d,2,1,0,0.38493119274260634
427037b2,2,2,0,0.15893367679002984
427fad9e,2,3,2,1.0029222246327743
4280076d,2,1,0,0.4142615022432887
429cc266,2,1,0,0.3407603717723342
42aa29fb,2,1,1,0.4180892414673384
42bf071e,2,1,2,0.5473330621923719
42c6f67a,2,2,0,0.19238804668858894
42dfc9dd,2,1,2,1.0628013711039914
42ebc3fd,2,3,0,0.6101758380213603
4307d287,2,3,1,1.1526697713893017
432a4c21,2,2,1,0.780203943003813
432aff11,2,1,0,0.1615429414074248
435bfa7b,2,1,1,0.49031378390446834
43629a34,2,3,0,0.057011461991896106
436dd613,2,3,0,0.30310312471877776
43808706,2,3,2,1.1492132205773118
43a7386d,2,1,1,0.6844192758194965
43d43363,2,1,3,1.4295092781792775
43e54b20,2,2,1,0.6483913752021542
43f44f6c,2,2,2,0.5452119330825977
43fb80d6,2,3,0,0.6853791189537823
444131bc,2,1,0,0.21537155394065682
446757cb,2,2,1,1.0638609871459508
4496d883,2,3,2,0.4459016564286148
44b8622c,2,1,0,1.1407055277431462
44eaea78,2,2,2,0.8582159211160709
4505724a,2,3,0,0.1442697897237416
4518ed77,2,3,0,0.27563445340821474
451b0cd9,2,2,0,0.11161162872362052
451c11b3,2,3,0,0.7013811928100523
4570c8b8,2,3,0,0.4091896711359167
45ea366f,2,2,0,0.14282444285240048
45eb32f2,2,1,2,1.07100401105252
46170319,2,1,0,0.16544989244689562
463bf3b2,2,1,0,0.1562933948297494
4659aa1a,2,2,0,0.9642129690308854
465d3273,2,1,1,0.8834396262375603
466752d9,2,1,0,0.47879756952877767
467c549f,2,1,0,0.2538191271093148
46850373,2,3,0,0.344162400935234
471e4d12,2,3,2,1.2288813572283737
47350ac6,2,3,0,0.8038424036535698
475ebe47,2,3,0,0.18333611466792482
47b3bea1,2,1,2,0.2097676878568583
47c3b47c,2,2,1,0.3403815343361499
47c55e13,2,1,0,0.44392058762321346
47fef4fc,2,2,0,0.23459832693538146
481a1861,2,2,0,0.386606708588084
4829f7ca,2,1,0,0.9133448161358363
4859a9f9,2,3,0,0.1781658724602032
489fa831,2,1,1,0.49199532737731155
48db8ecf,2,2,0,0.17800916652069676
48df987b,2,1,0,0.33343607531055414
48e69212,2,3,0,0.5138227312905203
491bf457,2,1,0,0.7087237088500922
4926b18a,2,2,0,0.2998904058110762
4940a214,2,2,1,0.6655765187316507
494eba8a,2,3,0,0.2959782837811703
4950e24c,2,1,0,0.9257766916816901
499d4499,2,2,0,1.011230973033224
49a1931d,2,2,0,0.3881718733715749
49e4eade,2,1,0,0.4677484747508402
49f38606,2,1,0,0.34406914495983165
4a0b1b9d,2,1,1,0.6733849872356596
4a1440d9,2,1,2,0.4486131289718991
4a17b463,2,2,0,0.22439540559195692
4a21eb0c,2,2,0,0.7491441410358802
4a3b6521,2,3,1,0.4254183423648843
4a475a9f,2,1,1,1.0978618145588577
4a4a0f78,2,1,2,1.122806787476478
4a62661a,2,2,1,0.6928564044937159
4a68d751,2,3,1,0.7840591161594148
4a6af685,2,3,0,0.57649477624015
4a6ea9de,2,3,2,0.7226133279725495
4a9f92ca,2,2,0,0.12159571228024979
4aa87859,2,3,0,0.32008808168542924
4ac5c412,2,3,0,0.24105685078332667
4acac04e,2,3,2,0.39316226993465697
4afa8a76,2,1,0,0.06151393013919593
4b0f961e,2,1,0,1.0805486305344232
4b1f6855,2,1,0,0.3534932082130122
4b20bce7,2,1,0,0.44038383512720847
4b328259,2,2,0,0.37604863850884107
4b71830a,2,2,1,0.8534283252517874
4bc2bee9,2,1,0,0.4367291132508393
4be6f3c1,2,1,0,0.5063053462338865
4c238671,2,2,1,0.8202402673224867
4c37fb30,2,3,2,0.87843395609743
4c8dfaf0,2,2,2,0.4264772176723502
4ca242ea,2,2,1,0.9185155892173339
4cabd7aa,2,2,0,0.9111976123114673
4cde1e34,2,2,1,0.854342338917502
4d2d9ef3,2,1,0,0.16623496691079637
4d41bb62,2,2,0,0.0715612513141537
4d42caed,2,1,0,0.18207363391887343
4d5a8ce7,2,2,2,1.0416471261182112
4d61a44e,2,3,1,0.755724282094415
4da4aba2,2,2,2,0.8359073291283228
4decbcd8,2,1,0,0.2656265904834249
4dfb4e1d,2,3,2,1.1509688847735782
4e052db0,2,2,0,0.7553886378689277
4e314e47,2,3,0,0.2773908845805271
4e58d463,2,1,0,0.4694021765531794
4e6c7a75,2,2,1,0.4047040999402305
4e85505f,2,2,2,0.8343178810223857
4ea3963e,2,1,0,0.556054649433545
4ea4e6c9,2,3,0,0.30236555574602586
4eade67b,2,2,0,0.3607517265376455
4f059221,2,3,0,0.03555291196860888
4f059a8a,2,2,0,0.888488122126307
4f2d0925,2,2,1,0.5124439374800582
4f3cd5c2,2,2,2,0.802375999255913
4f93504a,2,2,0,1.3035413206973148
4f96d1e7,2,2,0,0.20598772415736477
4fe97569,2,2,0,0.755150222599128
50242fa0,2,3,1,0.16255823659532936
504ed32b,2,2,0,0.21819401921205384
50707f1e,2,1,0,0.5905656670126643
508a0f98,2,1,2,0.799206424587834
50a90725,2,2,1,0.9919519437168558
50b2b84b,2,3,0,1.1949944042505034
5124169c,2,2,1,0.9034747575631126
51364c23,2,2,2,0.6489246132127322
515402ee,2,2,0,0.3080001002014982
515dd683,2,1,1,0.7710075542747009
5180ff75,2,1,0,1.0518711646540513
518e5ae6,2,2,0,0.09412710399508262
5198e7b3,2,2,2,0.3732661658813296
51c15d22,2,1,1,1.1883941448805575
51eb8d14,2,3,0,0.6219813186020795
51f38b37,2,2,1,1.2555162043058434
51f3feb4,2,3,0,0.3360500576218264
52219dbb,2,2,1,0.48749554360871417
526f719b,2,1,0,0.32236997840206094
528db82d,2,2,1,0.738264982519264
52ce9b8b,2,3,0,0.2803896681042952
52e9e467,2,3,0,0.6840246122233242
53621b84,2,3,0,1.0401419305974462
537dc410,2,2,2,1.0713568116660923
53905a2c,2,3,1,0.412361267065647
53ea1e7c,2,3,0,0.28415536649902295
53faf893,2,3,0,0.0416469853717073
54391716,2,3,0,0.7832874327635275
546bfb18,2,1,0,0.24335946828297877
54854783,2,3,0,0.5957497164503112
54868027,2,3,0,0.24515405487980962
549712ab,2,2,2,1.0218804093958567
54b35de5,2,2,0,1.4060881062710227
54e592da,2,3,0,0.9549265200737569
54fef303,2,1,0,0.5306907626159655
55464fb7,2,3,1,0.4852311947575688
554e46e9,2,1,2,0.4146749576146209
556604d2,2,3,2,1.0103368847839063
55edb6ed,2,1,1,1.175574434223515
55f9338e,2,2,0,0.30356447494088007
56210fdb,2,3,0,0.15384262114333352
5637a5a4,2,3,0,0.1971827153965638
563ebc00,2,1,1,0.40984267337290875
56418caf,2,2,2,0.7085442708974601
56443aba,2,3,1,0.47425907627832203
56761daf,2,3,2,0.7722449313503856
567ecea5,2,3,0,0.5560122132287563
568eb64b,2,1,2,1.0721043162999777
56c99b23,2,1,0,0.25140811782527683
56cb7161,2,1,0,0.16151810662074367
56d9dead,2,3,0,0.15810726840132183
571907fc,2,2,0,0.49632238680790675
574599a8,2,2,0,0.20326508908809165
5775ec58,2,1,1,0.7957284016301627
5779f2e9,2,1,0,0.184439017295897
579e50bd,2,1,0,0.5266322575539271
57d82f30,2,2,0,0.7840413212895138
580a30c5,2,1,2,0.9584085224306703
58391429,2,1,2,1.474723555488522
58900fd0,2,1,0,0.07393102363182924
58a255e6,2,3,0,0.32537632369489805
58de61f0,2,3,1,0.7067959795550003
58dfccdb,2,2,0,0.5022712101798353
58f11465,2,2,0,0.2550476926232129
592adca0,2,3,0,0.34778684392632686
592b3b7f,2,1,0,0.42737466911186495
59305d37,2,3,1,0.9383708030547828
593a7148,2,1,1,0.23188858859558015
593b5cfa,2,2,0,0.15464906590717126
59402969,2,1,1,1.01690893993048
59d7a3a9,2,3,0,0.3545050885705785
59ea397f,2,3,0,0.06989250173395767
5a07e79f,2,3,1,0.36127006662470873
5a3005de,2,1,2,0.7599531734763689
5a313293,2,3,1,0.8094062659655578
5a3d5e05,2,2,1,0.5447342593861735
5a5f6d41,2,1,0,0.5066943245027429
5ac9eca0,2,1,0,0.19774524682684835
5ad85a02,2,1,0,0.35040665159120377
5af79adb,2,3,0,0.763756465306974
5b4d2604,2,1,0,0.32063256487420394
5b66b6f2,2,2,0,-0.0033901732902302806
5ba201ba,2,1,1,0.6142809801332552
5bcf002a,2,3,0,0.4918793420765623
5c045867,2,3,1,1.076469901307705
5c22f241,2,3,0,0.20463452459424675
5c2c136d,2,1,2,0.9764803335168308
5c3b30d7,2,1,0,0.42085460901758565
5cd83147,2,3,0,0.7513821374302292
5d04624a,2,3,1,0.6788333573886215
5d1d7e41,2,3,0,0.1390842777218494
5d3b6ea5,2,3,1,0.5883348995259621
5d48a5b0,2,2,0,0.04734461147300684
5d805d83,2,3,0,0.6525492515745144
5d885b20,2,1,0,0.1639753888981979
5daa20e7,2,2,0,0.21035567851231973
5dad24ff,2,3,0,0.7332172399907974
5db3db12,2,2,1,0.6522543905306909
5dc62fec,2,3,0,0.24449497432666156
5ddbac80,2,2,0,1.1444760595076753
5e08237d,2,1,1,0.5268186307120775
5e221c50,2,3,0,0.6239865742039324
5e2a9e63,2,2,1,0.11883110091041649
5e2c1349,2,2,1,1.197176372292498
5e359a08,2,3,2,1.187717008894309
5e415f05,2,3,2,0.924365838909877
5e55e9fd,2,3,3,0.9558263895738529
5e57bd12,2,2,0,1.353792428328187
5e614c1a,2,1,2,1.2082238562224292
5e6490e3,2,1,0,0.40755138348455644
5ea2c305,2,2,1,0.8900417807181307
5eb063e0,2,2,0,0.47668710737686903
5ed5f205,2,3,0,0.2701444513688645
5ee595e8,2,2,0,0.6286208780579392
5ef3d64e,2,3,2,0.8532551866009852
5f099188,2,1,0,0.08444439455494279
5f1b07e1,2,1,0,0.9707834393031975
5f281a62,2,2,0,0.4750175361115795
5f37ceb1,2,1,1,0.9224429118769815
5f574f3d,2,2,0,0.3661683016929871
5f7537cf,2,2,0,0.8549955565151394
5f78f7b9,2,2,0,0.27241724233167014
5fa91358,2,2,0,0.4931992509422778
5fdfbe47,2,2,0,0.2471710496447484
605d6e05,2,3,0,0.582851687203284
606e979d,2,2,1,0.8102916855433209
60c1ff37,2,2,0,0.5313523305434354
60d1fdee,2,1,0,0.09130042570046015
60f8462b,2,1,0,0.2430417413784401
60fb7cb9,2,3,1,0.7527819974382927
612487a5,2,2,1,1.4558012831321157
612dd900,2,1,1,0.2568236626295547
613fc399,2,1,0,0.6100478645211604
613fc53d,2,1,0,0.26257956854976894
614d5517,2,2,1,0.6484122739295127
61823525,2,3,0,0.19673206312740543
6187d0dc,2,3,0,0.07273382343988888
6192e6b6,2,3,1,0.755158593637106
6197a2ce,2,3,0,0.6879907998768251
622bb412,2,2,0,0.13080322512781672
624869b6,2,3,2,0.8983219997293516
624b9e34,2,2,0,0.3548804489519508
626a608e,2,1,2,1.0129735558469048
6282e693,2,1,0,0.09403744192683333
62839132,2,3,0,0.37231395263599865
6291fddd,2,2,2,0.5203529921321965
62cd5c74,2,3,2,0.7445891868496637
62d0cf97,2,3,2,0.7734774631985991
62f77d2f,2,2,1,0.5882342150277076
632eca98,2,3,0,0.6180771267180997
6332ad59,2,3,0,0.27746175877514667
63334478,2,2,0,0.3995364053615018
6344bba1,2,1,2,1.3374624200676601
635554d2,2,1,0,0.520032292010111
63a00e40,2,3,0,0.46690533401257645
63d810bb,2,1,0,0.8502073137734962
63dd16ec,2,2,0,0.2624280610262677
641697e6,2,2,0,0.3090155149197546
641a2b87,2,1,0,0.36276395884788726
646a4c0e,2,1,2,0.6725451315538141
64b4005d,2,3,1,0.6122931616838092
64ed48c4,2,2,2,1.280296622779134
64fc556b,2,1,0,0.09699236384277005
650bf252,2,1,0,0.15015562556750245
6514c337,2,3,0,0.46315479502884815
6515ef94,2,1,0,0.21916895151378557
6595d479,2,1,1,1.1177392663041377
65af9f2a,2,1,0,0.3704206900019643
65dc81f5,2,3,0,0.7558476029375185
65dfe4b9,2,3,0,1.1901592796760672
65f9369d,2,3,0,0.4916607810859168
65fe69c0,2,2,1,1.3352656239643648
66094cfd,2,2,0,0.5371239223025688
6622b302,2,3,0,0.3466862609241256
665abfda,2,3,1,0.42421585638202414
66665e95,2,2,2,0.5776845509860881
6666aed3,2,3,1,0.7932420469651511
6672e527,2,2,0,0.11068110331775799
668a2fea,2,3,0,0.4386572609315707
6699c999,2,1,0,0.22786710528013576
66d86d0b,2,1,0,0.8393484681012644
66ed301e,2,3,0,0.37180585291878343
673a7e2a,2,2,0,0.13359930310776863
673e7be9,2,1,1,0.5888712495143391
677038b5,2,1,0,0.083749024776617
6774ba64,2,2,0,0.23340244618349903
678598dd,2,1,0,0.14483493804241743
6795027a,2,1,0,0.44842362616471815
67b54cdb,2,2,0,0.16459711511450575
682327c3,2,2,0,0.3468977561106319
6826f0be,2,2,1,0.8275617238599393
683464ff,2,3,0,0.5874522650394229
68572a28,2,2,0,0.009630599755497515
68688509,2,2,0,0.6497544246022615
687c85e7,2,3,0,0.571347381483375
6885737e,2,1,1,0.6773933476709849
68a59e56,2,3,1,0.26760410375661736
68be5113,2,2,0,0.007009665107806984
68d49292,2,3,0,0.25753884886433026
68e514dc,2,3,0,0.6696711027410268
68e61f96,2,2,0,0.3093297494064615
68e7140b,2,2,0,1.530651549402004
69742f6f,2,3,2,1.120408222733387
697d894b,2,2,1,1.2909656865424708
698b9067,2,3,1,0.3746553882090372
69b65679,2,2,0,0.29330750589061017
69ccea20,2,1,0,0.2583835668601097
69cdf9c3,2,1,1,0.558032493412809
69fabb6b,2,2,2,0.8783635117625525
6a04461f,2,3,2,0.23273101881294478
6a138911,2,1,0,0.4063562513791205
6a2fd807,2,1,1,1.1645034779926835
6a4df6ff,2,3,0,0.0187627249948894
6a6da46c,2,3,1,0.7965247759126743
6a7d07fb,2,3,0,0.2692795193367667
6a864b11,2,2,1,1.2507556924422545
6a9f0db7,2,2,0,0.10007351875758858
6abd21d4,2,3,1,0.7651695278771089
6abd2bd4,2,1,1,0.8595557665042315
6abe8b60,2,1,0,0.31032327534751486
6ac5763a,2,3,2,1.0266298163227792
6ac5eaaf,2,3,1,0.3136357871404064
6ad91972,2,2,0,0.4110022195278029
6ae1473e,2,1,1,0.4801462774710489
6b4b8c14,2,3,1,1.1280431296404405
6b6467f4,2,3,2,0.7912814629163762
6b9a25e6,2,1,0,0.27870383037852847
6be0f069,2,1,0,0.5143719586117439
6becb599,2,1,0,0.08219958776964004
6c2edc91,2,3,0,0.7335144859131958
6d341798,2,3,0,0.27502164973729604
6d5944a9,2,2,0,0.3161805283621202
6d5c5afb,2,3,0,0.38330875535687847
6d70e716,2,3,2,0.7178990259354624
6d7ba819,2,2,1,0.1448191694992057
6d855495,2,1,0,0.5738495442998793
6db453ce,2,3,2,0.9868561794849595
6dfe4a75,2,1,1,1.0433211581588668
6e0d4774,2,2,1,0.7975267448775829
6e128c6b,2,3,0,1.0114865167501161
6e1d28b6,2,2,0,0.5523103740117066
6e5606d5,2,3,1,0.4349411220459414
6e68bcfd,2,2,1,0.5100216740621449
6e695d70,2,3,2,0.5438520894749843
6e6d895f,2,3,0,0.43166491348316083
6e85a624,2,2,2,0.38755347998774103
6e89cee5,2,2,0,0.6491585818144523
6ea48a4e,2,3,0,0.5611073951527492
6ebfdc95,2,2,0,0.9740832589570513
6ecb430a,2,2,1,0.3361024843233238
6ed385f6,2,2,1,1.267438802437078
6eff29da,2,1,1,0.26850007511731133
6f49c8d0,2,1,0,0.19794362789177994
6f878799,2,3,0,0.5603039382053522
6fc6b5c4,2,3,0,0.4541710853908476
6fc95dfc,2,1,0,0.2513830092511749
6fcdcb2a,2,1,0,0.6970225317119646
7015528d,2,3,0,0.5354748359126419
707c82c4,2,1,1,0.3270227667015234
7092a6ce,2,3,2,0.890623491570832
709457f3,2,2,1,0.4386813782186937
70de1c63,2,1,2,1.075333690413958
7106a387,2,1,0,0.4475303031741854
7151d8b5,2,2,0,0.39110747581160515
71850348,2,2,0,0.41868013762436296
71852781,2,1,0,0.41932318216219777
718975fe,2,3,0,0.44875445820567117
71c1b1d2,2,3,0,0.09609763951400574
71cf0f87,2,1,0,0.1280649928730082
71ee31f8,2,3,0,0.17734468614324056
71ffd0ba,2,2,0,0.3608843728330723
7214ad21,2,2,1,0.9354412560776255
721ea536,2,1,0,0.7967340654880929
72264d13,2,3,1,0.7378369440137927
72565f5c,2,3,0,0.587201673997258
7265f1e5,2,1,0,0.2540528326361607
7290824a,2,2,2,1.518175714312155
72a0c969,2,1,0,0.36214098851591714
72afd4ca,2,3,0,0.8746624763442852
72bbfadf,2,3,1,0.7302092409804382
72c9c38d,2,2,1,0.578621675665975
72cb1703,2,1,0,0.10455986627843
72cc9a64,2,3,0,0.6785216302002646
72fa40ba,2,1,2,0.7420667485677
7305af8b,2,2,0,0.25063348476097264
7308d22c,2,1,1,0.6137430881103013
732b2327,2,1,0,0.48306858539254316
738e7248,2,1,1,0.9269714911103663
73aa6aab,2,3,1,1.0371340879035427
73d0e0a0,2,2,0,0.5953118557918703
73ec551e,2,1,0,0.142417283191128
73ffa609,2,2,0,1.0858569619305798
7494989e,2,2,0,0.06488593455255942
7498fbde,2,3,1,0.5227231887988982
74be50af,2,3,0,0.187116465589244
74c2bd81,2,3,1,0.9443721642936778
7514c6f4,2,1,2,1.2477507061864146
75927c18,2,2,1,1.2053134526702567
759328e6,2,2,2,1.3554443615990952
75ad73ee,2,2,0,0.32056867283542784
75b0446f,2,1,0,0.6294055077758793
75bcc1e0,2,3,1,0.4159444218071148
75db1257,2,2,1,1.002434671286307
75f26948,2,2,3,0.808943548455257
764d8b42,2,2,0,0.10337344221842698
76781cd8,2,3,1,0.40781835647495623
7698543b,2,3,0,0.7868576826722249
76c9bf0e,2,3,1,0.6610282833598541
76dc0e9f,2,2,0,0.22515579256076418
76dfa86c,2,1,0,0.14392004294957983
76f8f621,2,2,1,0.29305764065567536
76fb4afb,2,3,1,0.11969433949661007
76ff59f2,2,2,0,0.3120912698197059
7752d450,2,2,2,1.1896251764627763
776d33af,2,3,1,1.1966849988194397
777a3e9d,2,3,2,1.0653593658661689
77941a98,2,2,0,0.33600056094623065
77a5b2ad,2,1,0,0.3164703629015211
77bfe07c,2,2,0,0.844081760486696
7800a084,2,1,2,0.9531113146279772
781710fe,2,3,0,0.07356020549556841
782a0589,2,3,0,0.5613828256288446
782af70b,2,1,1,0.9628328967914743
7858fd16,2,2,0,0.38338591051769955
785d0663,2,2,0,0.8713782082690389
7860b64c,2,2,1,0.44581753180943573
78667893,2,1,2,0.24329817402109988
78704d22,2,2,1,0.9507636158464542
787654dd,2,2,0,0.22791885717942229
788268a4,2,2,0,0.15956015141945418
78a34e5d,2,1,0,0.24793008072333828
78b488ff,2,1,0,0.26288556204669783
7914b38b,2,1,2,1.3817257024884142
792d2fa5,2,2,3,0.6266168130446522
793c2e31,2,3,0,0.3672388559187414
79483148,2,3,1,0.653276090119979
7958e61b,2,2,1,0.6056259166437388
79629cf4,2,3,1,0.45637162326438907
7975694f,2,1,0,0.3855638335670023
79bd36b6,2,2,1,1.0543991285754681
79de3beb,2,3,0,0.6011013087288746
79e496f2,2,2,2,0.9052931020435118
7a0136e0,2,3,0,1.145912896938116
7a5fccc9,2,3,1,0.3590821264772196
7aa3a145,2,2,0,0.05330771138174217
7ad92034,2,1,1,0.6632581442450157
7af8eac0,2,3,0,0.0963063367547769
7b0a4060,2,1,0,0.21302475388124614
7b543871,2,3,1,0.4582051765429757
7b78e634,2,3,2,0.8380542617697679
7b8842c3,2,3,2,0.7774328756033946
7b9690de,2,1,0,0.3886389302142651
7bbde46f,2,3,2,0.3286654924074709
7bdbf66f,2,2,2,0.3862253291581863
7c02f4ec,2,2,2,1.60894063762582
7c194077,2,1,1,1.375581559673355
7c1d7ddd,2,2,1,0.32378469087311057
7c21ad67,2,3,0,0.5192614626137729
7c29e92d,2,3,1,0.7219561437478158
7c6ca1d4,2,2,1,0.8760838315194461
7c71edac,2,2,0,0.5049657242951895
7ca548f9,2,2,0,0.18043077175532807
7cb1e4c7,2,1,0,0.3994387817686599
7ccdb9f2,2,3,0,0.4429534054990553
7ce36c38,2,3,0,0.551900069683222
7cf3bca6,2,1,0,0.48828743223756066
7d0a92d5,2,1,0,0.5918610396436055
7d22cd0a,2,1,1,0.26470987593595985
7d2f236b,2,2,0,0.13107750939437213
7d40a714,2,3,2,1.2665703620709041
7d666f0f,2,1,2,0.569568163735784
7d751a6a,2,2,0,1.095595069963958
7d878d0d,2,2,1,0.6734091074371931
7d8f1716,2,1,1,0.5808469582960977
7d927bdf,2,3,0,0.6327647099283031
7dae6de9,2,2,1,0.3788160509121755
7dc65b92,2,3,0,0.916779703277596
7dd54e69,2,2,2,0.6152677170081364
7e33976b,2,2,0,0.04413500249661384
7e41db05,2,1,1,0.9824221729875231
7e46b693,2,3,1,0.8719201670196559
7e71aa83,2,2,0,0.4097484819568581
7e87087b,2,1,0,1.1288433421573876
7ebca7c4,2,3,0,0.5522350689303914
7f04b4fc,2,1,1,0.5012011596928293
7f1063e4,2,1,1,1.077174190994636
7f26f78c,2,1,1,1.2189505600689747
7f2715b4,2,1,0,0.4038325901985606
7f44236f,2,2,3,0.9875649369274881
7f5aeb05,2,2,0,0.33900113580231195
7f950ef2,2,1,3,1.089415181358754
7fceb836,2,2,0,1.042878030359212
7fcf0046,2,3,1,0.7163072039038727
7fd40f2b,2,1,1,0.6377997863587566
7fe0a99a,2,3,0,0.3255365568543615
8033847f,2,1,1,0.9390737271492116
8068fafb,2,1,0,0.2483157945932587
806d877f,2,3,1,0.592081939714678
80784c40,2,3,0,0.6523669588424775
8078b7de,2,3,1,0.5821403564617293
807d8908,2,1,1,0.5772656963026286
80a5f1e1,2,1,0,0.7475769870203586
80a9f2bb,2,3,0,0.26436409899798685
80d8829a,2,2,0,0.19823458146931833
80ed2bcf,2,2,1,1.3490670358784025
81095901,2,2,0,0.26257594377848564
812f6873,2,2,0,0.5364677211387331
81364a4b,2,3,1,0.8757420064377797
81394e0e,2,3,1,0.560998986168128
8148c785,2,3,3,1.4053228412508725
816b0564,2,2,0,0.6559597239981858
81766b8a,2,1,0,0.46853210329997164
8189aa29,2,3,2,0.7169459768172195
819ad5f1,2,3,0,0.4085050457176931
81a4b826,2,1,0,0.41266462925248276
81c0b83c,2,3,1,0.3186956002200777
81d3ab22,2,2,0,0.838004493173016
81d607bb,2,3,0,0.2188975000162443
81eaf4c1,2,3,0,0.1190821408534889
81f60502,2,3,1,0.5680111253111805
81feecad,2,3,0,0.6594940661579763
8226bbd4,2,2,1,0.4449778956628382
828b31ca,2,1,0,0.16349149362288323
82a114c1,2,2,2,0.7833757974994489
82ec9747,2,2,0,0.1353426171498916
8328c8b3,2,1,0,0.9011723533213711
83379672,2,1,1,0.3549898193826079
836b4de3,2,2,0,0.6930017646640392
83846d0c,2,3,0,0.30596211624450304
83912085,2,3,0,0.3896719286918101
839b507a,2,2,0,0.05587996368915582
83c33097,2,1,0,0.29760613315818985
83eda373,2,1,0,0.33096496774818196
83fb5ee0,2,3,0,0.2306734416103613
840ff4b7,2,1,0,0.14257233629908667
844be9e4,2,2,0,0.24679756996953894
84875079,2,2,0,0.3481217937798047
84a16b14,2,3,0,0.5650989003375627
84b7d89d,2,3,1,0.8861917535227596
852adec2,2,3,0,0.3566526828764611
85452335,2,1,1,0.7703241587767107
855c6099,2,3,1,0.4062976048147303
8570ea5f,2,3,0,0.6576614468001494
8572d442,2,2,0,0.838800809789347
857baaa6,2,3,0,0.60070992427775
8581b9a1,2,2,1,0.6489314040988412
858ae6a3,2,1,2,0.6591514099664227
859cbb27,2,1,0,0.22375772709637815
85a1082c,2,1,0,0.48989628481698466
85ba333f,2,3,2,0.4220414981806232
85d99199,2,1,0,1.262224391237305
85d9c915,2,3,0,0.3885742556450573
85f23af6,2,1,1,0.21315964908222418
860f4f9c,2,2,2,0.5654631473835569
861188f4,2,2,2,0.7903354551575528
861fd4a0,2,2,0,0.1373674578189637
863e40c7,2,1,0,0.8199121942077341
863f7033,2,3,0,0.8594978880705421
86a8e0d6,2,2,1,1.0877370331833967
871b2b19,2,1,0,0.4381710985085021
874a348f,2,2,2,0.7467870257757488
87509a7b,2,1,0,0.3014799896053519
876a929e,2,2,2,1.1585990703795923
8772f64b,2,2,0,0.8239489597664242
87a60251,2,1,0,0.1165776429877306
87af775e,2,1,2,0.4950209484028596
87b78ee3,2,2,2,0.7986773689231481
884c429c,2,3,0,0.020482127364019442
8875387b,2,1,0,1.067224221733345
888c45f9,2,1,1,0.08425582983234586
88cdb5bd,2,1,2,1.1146091905198472
891193eb,2,1,0,0.4783315890060974
891b8cd5,2,2,0,1.183124679147816
89261ca6,2,2,0,0.3602155810991108
893293dd,2,3,0,0.08636730978252144
895f9725,2,2,0,0.7774843683338212
89739b1a,2,3,0,0.2968215289364529
897da2c8,2,2,0,0.2944815682971743
898096eb,2,3,0,0.21703996080040483
89bd10b7,2,2,2,0.9895287984720038
8a444a98,2,3,0,0.3161325642733602
8a44ea3a,2,3,0,0.2940759329510045
8a4d341b,2,3,0,0.4795691297053183
8a4e5d1a,2,1,0,0.925185310764199
8a645723,2,3,1,1.2077856466606616
8a6b6912,2,3,0,0.23849937585157888
8a77c3e9,2,1,1,1.0253326784894699
8a77d185,2,2,2,0.5442097125635172
8a78a063,2,2,0,0.15943830418421207
8a9cce44,2,3,2,0.27065537775864046
8a9e653f,2,2,0,-0.01897298466736852
8abbbc38,2,2,0,0.4662902389504436
8ad5e251,2,2,0,0.3054103620401547
8ae6a52f,2,1,0,1.223322120772393
8b02eb7e,2,1,0,1.3728945914086417
8b3c900f,2,1,0,0.5415654686309201
8b4b9648,2,2,1,0.6729418959196538
8b6a40f5,2,1,0,0.7725945239464773
8b802ca8,2,1,0,0.08017389124120133
8ba98f12,2,2,0,0.14562294612291282
8bc5199c,2,3,1,0.3905989997634266
8bf72a9c,2,1,1,1.3268436955971623
8c0ca955,2,3,0,0.7613053445996038
8c122779,2,3,0,0.9176512638689069
8c5a5a21,2,1,0,0.4552813556272166
8c6c52a2,2,3,0,0.27219944706856286
8c97411a,2,2,0,0.32672084729830964
8c9c253d,2,2,0,0.4733493119473329
8ca025c3,2,2,0,0.24423711536985093
8cab7bc4,2,2,0,0.5931473741598127
8cb19d64,2,2,1,0.20535240144187367
8cfcac79,2,2,2,0.9584508707996358
8d010562,2,3,0,0.4108828353508628
8d055cca,2,3,0,0.7319429824156956
8d11c14a,2,3,1,0.36891725441297435
8db09bb4,2,3,1,0.6971685557783001
8ddb6b8d,2,3,0,0.48697041213169834
8e24b103,2,3,0,0.17911241340067025
8e380413,2,1,1,0.6308980369195184
8e59a69a,2,1,1,0.5958192250567705
8e749c85,2,1,1,0.9554173164627989
8e770d51,2,1,0,0.33929488754261367
8e93a873,2,3,1,0.9611458152475257
8ec2cc63,2,2,0,1.0296220893754762
8ef72e3e,2,1,0,0.03632957515254964
8f015125,2,1,0,0.7127095809748255
8f112082,2,3,1,0.9369751814075477
8f13c52a,2,1,1,0.7066423304707286
8f1e1df6,2,1,0,0.7958083627650571
8f21c613,2,3,1,0.7811078909196629
8f2d131f,2,2,1,0.723452340929452
8f39a0e7,2,3,1,0.34989825715442746
8f68479b,2,1,3,1.1249615149847256
8f753551,2,3,0,0.5354687308802902
9027c805,2,1,0,0.2616184667382269
9052579b,2,1,0,0.3118932281886749
9061cc9c,2,1,0,0.022057979298063857
90778278,2,3,0,0.20267223364523296
908b1207,2,2,2,0.7408305379754583
90a37530,2,1,0,0.09787703484093246
90fee6b1,2,3,0,0.3470120175638727
9105b812,2,1,1,0.926787923556234
91098060,2,2,0,0.6329107002503122
911d1406,2,1,0,0.6892492051050605
912a91b0,2,3,0,0.5621650900096896
9130a22e,2,3,0,0.38870183641766415
91386987,2,1,1,0.7594377506476877
91656d27,2,2,1,1.1860997354437979
916f7069,2,3,0,0.6324734607855217
9173f25b,2,1,2,0.8713577175107484
917990b2,2,3,0,1.1217538503379334
9181b136,2,1,0,0.15723286864902236
91930eec,2,1,0,0.28542452771870963
91942b42,2,3,2,0.5234693397435272
91a5d06e,2,2,0,0.014145994645134774
91e23cc5,2,1,2,1.2168611383180024
91e86c47,2,2,0,0.4124728926040931
91fdc1e0,2,2,0,0.5477226294739285
92293b06,2,1,0,0.886172125839013
926a64d8,2,1,1,1.0369785874059385
926b3a76,2,2,3,1.1235744208770577
926bd07e,2,3,0,0.42257482219930265
92b18571,2,3,0,0.33902828061115614
92bb8516,2,1,0,0.34121208630242206
92bcf0e7,2,1,0,0.11166564559400072
930c567c,2,3,1,0.6942477443733741
932b5928,2,2,1,1.0662133757384622
93363059,2,2,1,0.9152653581806136
933da99b,2,3,0,0.8451111664788928
93507a1b,2,3,3,1.3934640900922721
93904b23,2,3,1,1.0043435776188452
93c72a97,2,3,0,0.9066223704660529
93cdae1c,2,1,0,0.4706583362232858
93f8b501,2,1,0,0.2981022862193594
93fd93c4,2,2,1,0.7438154889384018
9402b885,2,3,0,0.7678595645625788
9405bad1,2,3,0,0.3843797288263616
9416d70e,2,2,1,1.2034135199578175
948a7025,2,1,0,0.17933413907039797
948e1435,2,1,1,1.038676205109175
9498cc26,2,2,1,0.9626245315029014
949f94e5,2,2,0,0.2363796627797881
94a1053b,2,2,1,1.0284944974173298
9508b72f,2,1,0,0.6264196249950335
95488452,2,3,0,0.06603494535256871
95d57ff9,2,3,0,0.9786751127002415
95e04c4b,2,2,0,0.03263636978893414
96262441,2,2,0,0.16594865171227352
9646a500,2,2,0,0.15269204689987104
96595f1d,2,3,0,0.306273012163756
966161e7,2,1,0,0.016949698909554223
966fffd0,2,3,2,1.2811198918037392
9682cd0d,2,1,0,0.31201228330416914
96d6034f,2,1,0,0.1294218240869599
96de5f57,2,1,2,0.9660937965368872
96f13763,2,1,0,0.04802319608933925
979a5c76,2,1,1,0.845038859865467
97bb0cc0,2,1,2,0.8785589361173229
97d0593e,2,1,0,0.3788509312413948
981568fa,2,1,0,0.6349068392321334
983bcb5b,2,1,0,1.009657380785646
98413061,2,3,0,0.15471652024748556
9853fb61,2,1,0,0.6936583875655777
98a4be3f,2,2,0,0.7005231057099882
98a81a90,2,3,1,0.8159299278460259
99328d2e,2,3,0,0.8007135978859911
99752704,2,3,1,0.6879390143755555
998115f3,2,2,1,0.46482899447485193
998cfa64,2,1,0,0.19413641266621456
99a1711f,2,3,1,0.9383289664094916
99a8a9e7,2,3,0,0.23602415239626823
99b15811,2,2,0,0.3620008073765223
99f0cc53,2,1,0,0.21842525548269898
99f3be05,2,1,1,0.563853004676894
99fe5b44,2,1,0,0.66445570812847
9a2082cf,2,3,0,0.3338871907675408
9a5aed6c,2,3,0,0.9078036895033557
9a76906d,2,3,0,0.3266393821197193
9a7e4c38,2,3,0,0.5957173832009196
9aa1a2ae,2,3,1,0.36198770061534186
9aab3e36,2,1,0,0.4374965571329976
9ab4909f,2,2,1,1.113249545270554
9af5548f,2,2,0,0.5924339412351444
9b328d6c,2,2,2,0.9225304272043511
9bc60f80,2,2,1,0.37441300138299016
9bd745aa,2,2,0,0.9242333396035697
9bf7051d,2,1,2,0.8486502569012533
9c1ea003,2,2,1,0.6213631168710629
9c23dba9,2,3,1,0.8457981011733156
9c2df71f,2,2,0,0.0701501660081727
9c589c9d,2,1,0,0.09850642132491139
9c7a1561,2,1,0,0.1546943746960821
9c9cd7ef,2,1,1,0.3705821545187964
9cb303cb,2,2,0,1.381589697229804
9cb32129,2,2,0,0.23736193214188084
9ccbc70b,2,1,0,0.3262676567264879
9ce139d3,2,1,0,0.13727481821123594
9cee3c19,2,1,1,0.5194524591433428
9cf04c41,2,1,1,0.653132556455961
9d0670dd,2,3,0,0.17439303155696478
9d1b2d2c,2,2,0,0.15490633673451154
9d29b706,2,1,2,0.7959554628244143
9d65adbf,2,2,1,0.8642124896032465
9d6b1410,2,3,0,0.2816155092815855
9dbdbebf,2,1,0,0.06683720426965001
9dc74359,2,3,0,1.3211796184482048
9ddb06db,2,1,2,1.1810925103760224
9ddfb9e6,2,3,1,0.8960728492873443
9e027e04,2,1,0,0.2736065247498317
9e171735,2,2,0,0.5826322143191562
9e29b5d2,2,3,0,0.4458635610255952
9e4385f7,2,1,0,0.6936308269986217
9e7860ef,2,2,0,0.279501632953516
9e964060,2,1,2,0.2518368385085005
9eb283e4,2,1,3,1.2295558294254993
9f3ca269,2,1,1,1.19297376370484
9f5f15ef,2,3,1,0.9957744120277803
9f6b9158,2,2,2,0.8563449813888437
9f70688f,2,2,0,0.05043355035202812
9f9be55c,2,3,2,0.7519641525059074
9fa5cdfd,2,1,0,0.29983825651782775
9fa68512,2,2,0,0.046391666950792
9fb96ae3,2,1,2,0.9723961008314297
9fbc09a6,2,2,0,0.27818301064151557
9fec142f,2,2,1,1.030864595128798
9ff73d95,2,3,0,0.4492991944214936
a00c3ab0,2,2,3,1.7232911568130989
a00c85e7,2,3,1,0.9151976051909202
a0277c1c,2,2,0,0.323212686127785
a032d7bb,2,1,0,0.4086569473765691
a0482f47,2,2,0,0.45351272633896
a0497d5d,2,3,1,0.8777629862959269
a0510686,2,3,1,0.13893247409973836
a0522c83,2,2,2,0.5298131551936518
a0811cc1,2,3,0,0.5081139386598468
a08ebf6e,2,2,3,1.001764940637648
a0dffdeb,2,2,1,0.21511016954869788
a148b46f,2,2,0,0.30592249474419403
a17f6cfd,2,2,0,1.1888330425313265
a196148e,2,2,1,1.5258297560613285
a1df952c,2,3,1,1.2504449434870177
a1fe4f51,2,1,0,0.11166935961822971
a213c519,2,3,0,0.8646709801045902
a217e790,2,3,0,0.2702710157979328
a21ad8c0,2,2,1,0.8841631688088398
a221c60c,2,3,1,1.0526191046953326
a2240f50,2,2,2,0.7557695789691117
a263a68c,2,2,0,0.33596358691774697
a26c3e8f,2,2,1,0.27562015344975416
a28c7891,2,1,0,0.7477979959125984
a297d1b9,2,2,0,0.19286995800110646
a2994e55,2,3,2,1.155167359654867
a2a8f352,2,1,0,0.12028171633606322
a302a015,2,1,1,0.40680237817088155
a30e6178,2,2,0,0.5002473812979022
a317c78a,2,2,0,0.5549014558015166
a3391798,2,2,0,0.21245529412016617
a3858c6a,2,3,0,0.7987035400834669
a38699a5,2,2,1,0.4095563456469491
a3abe528,2,3,2,0.5727150718057392
a3b146ca,2,3,0,0.2915118290171683
a3bd8858,2,3,1,0.9723039083007454
a3e53e34,2,3,1,0.7598884160746892
a3ec2999,2,3,1,0.4889076537326095
a402c6c8,2,2,0,0.36650995888400123
a40c8316,2,2,2,0.9525963122140186
a45230f4,2,2,0,0.6140192173382694
a4530b41,2,1,0,0.1442839481203836
a49eda7f,2,3,0,0.8001226212603016
a4be0322,2,3,1,0.5761090647911858
a4c15213,2,1,0,0.35531637949993833
a4e0447e,2,1,0,0.4394410008852879
a5024ef9,2,3,2,0.40750135775519714
a5078c62,2,3,0,0.6363839555808769
a5099438,2,1,0,1.4863142923901014
a5356446,2,2,1,0.9160093990170579
a54d22e7,2,2,0,0.18549521696589283
a55b715d,2,3,1,0.6257917308130942
a5710c0a,2,2,0,0.4300434885293384
a5974a7d,2,2,0,0.5595009090265322
a5a737f3,2,2,0,0.3348634716315808
a5dbb00a,2,2,1,0.5549379960244936
a60b8575,2,3,2,1.3315279121521595
a614af1b,2,2,0,0.5387248195126247
a62edc1c,2,1,1,0.06670076165634975
a65b2226,2,2,0,0.32478618069258086
a6969e1a,2,2,1,0.37292079009821055
a69f89e2,2,1,0,0.36238667973111005
a6e72e9d,2,3,0,0.24914926312138153
a6fbb2e7,2,1,0,0.2736308625144614
a70e9a7c,2,3,0,0.5963195623561487
a722f648,2,1,1,0.4344238187784306
a7639eb5,2,3,2,1.1728337784368796
a774c63b,2,3,0,0.6523968321409178
a7b9546a,2,1,0,0.4239539684593223
a7d2852d,2,1,1,1.017265833370963
a808ad0a,2,1,0,0.8730071763478031
a84922d2,2,1,0,0.6283882533234068
a8722cde,2,1,1,0.7458006637165361
a88cd304,2,1,1,0.944657758638739
a8926a86,2,3,2,1.2712852877717378
a89284b2,2,1,0,0.17401586887607473
a8c1aab5,2,2,0,0.3412873610809642
a8d90be8,2,1,0,0.6951504288625557
a8d9de72,2,1,2,0.4426419139165738
a8dc2e05,2,1,0,1.211439330979279
a952659d,2,2,2,0.6909729470778199
a9595acd,2,3,0,0.3708537837984469
a95b4487,2,3,0,0.457296711843475
a9717f92,2,1,0,0.6170187017421227
a971b3b1,2,3,0,0.13370067563366905
a9aa2336,2,1,0,0.6531175910351029
a9b84b96,2,1,0,0.0647314409601657
a9c3b925,2,2,0,0.38353600127841486
a9c53cdb,2,1,1,0.266649977041141
a9c5f872,2,3,0,0.5546847999197569
a9e5794a,2,3,0,0.6250437575013501
aa61d9da,2,2,0,1.029647338869517
aacb0b33,2,2,0,0.7626748526620163
aae9800e,2,2,0,0.7291224372134746
aaefeff0,2,2,3,0.8957504403363246
ab16a20d,2,2,0,0.5417046276111148
ab1dc378,2,3,3,1.1029438202493458
ab2ad965,2,3,0,0.1974605634179908
ab36aa48,2,3,2,0.4238647920205293
ab4b6c15,2,2,1,0.816255487589685
ab54c39e,2,3,1,0.7871054159307834
ab5889ef,2,1,0,0.08122663516418849
ab6e1b81,2,2,0,0.10926499710825477
ab71f143,2,2,0,0.48193461300556695
ab8245da,2,1,2,0.26639568939788766
ab987c75,2,1,0,0.37544550108166763
abac67cc,2,1,0,1.176731335304881
abb3b071,2,3,0,0.5628620802320946
abd1b232,2,1,2,1.2074225587569285
ac1ad4a7,2,3,0,0.20749816654845998
ac29ec80,2,3,0,0.16886320726074505
ac31e154,2,2,0,0.41273954597125184
ac3ba541,2,1,0,0.17519614330919603
ac5fad3b,2,2,0,0.11580372606762435
ac675a81,2,1,1,0.41272498830779303
ac67c949,2,2,0,0.1481067237052503
ac967bb9,2,3,2,1.064405941800632
acb75c15,2,1,0,0.565735895815937
acde8e47,2,2,1,0.6055791998484653
aceefa4f,2,1,1,0.9100298683297556
ad0bbf35,2,1,0,0.05371047795547601
ad319a21,2,3,1,0.7560763736250342
ad380962,2,1,0,0.19180285177918327
ad536dea,2,3,1,0.6351294568421979
ad8945e3,2,2,1,0.578717608600577
ad9f821d,2,1,0,0.8219712467736539
adbd6839,2,2,0,0.38059615758352044
adc2d620,2,2,0,0.33135829773321873
adc71322,2,2,0,0.5485029816553754
ade50eba,2,2,1,1.2713342702433397
adfef47a,2,2,0,0.011665258308421134
ae4fdae6,2,2,2,1.182656100720378
ae6e4380,2,1,0,0.3051966913856219
ae712150,2,2,0,0.5149496106510503
aea92843,2,1,0,0.1877980277636399
aed29ee7,2,2,2,0.8566440096287415
af1c2775,2,2,2,1.2514297475760432
af485add,2,3,2,0.7484533858150104
af4f064e,2,3,0,0.2757997807266528
afa6cc9b,2,1,1,0.6565687045138744
afa92c37,2,1,1,0.7438065425995376
afae8244,2,2,1,0.34844013321338285
b01cb004,2,1,0,0.29147223054235016
b08423c5,2,3,1,0.8609986356569012
b092b360,2,1,0,0.6059936595159305
b0ab15a7,2,3,0,0.2212680645860457
b0b57cb7,2,2,1,0.3495249630696894
b120a337,2,2,0,0.5065439248389855
b13e0cd0,2,3,0,0.8245177674245514
b1883100,2,2,0,0.09106573692289333
b1a00510,2,3,1,0.4682758839138537
b1de4423,2,3,0,0.10603883886694132
b1f064ac,2,1,0,0.8785677636178726
b21f7b12,2,1,1,0.9746034890302575
b2290813,2,2,0,0.9804197849963736
b23b9220,2,2,0,0.7048615686117947
b2594910,2,2,0,0.4186610002177572
b25abc27,2,3,2,1.1754379106268726
b285eac6,2,1,2,0.2702375585553345
b2987a65,2,2,0,0.4010885834457689
b2b56219,2,3,1,0.5815197600040836
b2b792a7,2,1,0,1.2580014801087969
b318f1d9,2,3,0,0.2176005444451522
b31dd1bb,2,2,0,0.8339973413822983
b347b9cc,2,3,0,0.21223050605054977
b37281d5,2,1,2,0.4270585081631727
b39504a7,2,3,2,0.7070882492188829
b397a73e,2,2,1,0.4806314396569988
b3b200af,2,2,0,0.34290924195394046
b3d74a58,2,2,0,0.023060976577561232
b3dade53,2,2,2,0.7346454782969154
b3e10f59,2,3,0,0.14503409833228237
b3e14267,2,2,0,0.9110219520012883
b3f5c066,2,1,0,0.5427415943105047
b4002374,2,2,1,0.7139661566718182
b412866b,2,3,1,0.985945590026486
b41cee02,2,3,0,0.46607108061852537
b449ac61,2,3,2,0.8855542546242129
b4885e6f,2,1,3,1.1359840593788944
b4bd49a0,2,2,1,0.22588260749322497
b4cfd8d7,2,3,0,0.5781062170562288
b4e69f09,2,1,0,0.16015279795534298
b516ca6f,2,2,0,0.5161974632354605
b53a8f23,2,3,2,0.5552675785559029
b55f7943,2,1,1,0.5136586707240126
b57e33a6,2,1,1,0.12058266487484637
b5c2bc50,2,2,0,0.2931089198305377
b62a320b,2,2,1,0.3803227149533338
b64856e9,2,1,1,0.6547832190418507
b6af12af,2,3,0,0.5232113082364893
b6caa7fb,2,3,0,0.43226288466750784
b6e9a65f,2,3,0,0.19727297662352045
b70db5d6,2,2,0,-0.015103355234747706
b712b69b,2,3,2,1.019678095447274
b746cbe3,2,3,0,0.2561635424413067
b78d5d2e,2,3,0,0.5778646748734827
b7a61f8d,2,3,0,0.1939080032187947
b7ac57d5,2,1,1,1.251234186308408
b7c3834f,2,3,3,1.3159856429527126
b7c410a9,2,3,0,0.5363958657319771
b7eb466c,2,2,0,0.6467746708606421
b7ec062d,2,1,1,0.9505441980833951
b802aec3,2,3,1,0.789511076300419
b823508b,2,1,1,0.4085526169298569
b84754a9,2,2,0,0.561373903328529
b89537ae,2,3,0,0.46571586953807786
b89b8154,2,2,0,0.34314229694422377
b8b48fbf,2,2,0,0.5333542101464073
b8bf20f9,2,1,0,0.38884873042627055
b8df3d7c,2,2,0,0.3912762882689983
b92be605,2,1,0,0.5294406093039361
b9318815,2,1,1,1.0864186708001258
b93e1e41,2,3,0,0.5077101890510918
b94ec4a1,2,1,0,0.6377485237763773
b95aad8d,2,3,2,0.9738072921925667
b95da85d,2,1,2,0.7043377050735
b9b22bff,2,2,0,1.3475522435978653
b9c085ab,2,3,0,0.6853114270558374
b9d3616c,2,3,2,0.8032596015472292
b9dcf632,2,1,0,0.22078539443591688
b9e20ba6,2,1,0,0.504572099483495
b9eeb8fa,2,1,0,0.2711669268316446
ba09d63f,2,1,0,0.4775405056277887
ba158a9c,2,3,0,0.6335916882230866
ba29cfb3,2,1,0,0.15692535038378852
ba42462b,2,2,0,0.28776701147284406
ba4294b3,2,1,0,0.4064910895928452
ba73bc7c,2,1,1,0.7557866292761494
bafc4389,2,3,1,0.4145844837185996
bb0d7d92,2,3,2,0.9659310063437234
bb4821ee,2,2,1,0.5271768261161778
bb808a71,2,2,0,0.7677001805611485
bbbd61c9,2,2,0,0.04569044481254991
bbd71a7c,2,1,2,0.9568029136336843
bbe5bedd,2,2,0,0.35973278676611253
bc06600f,2,2,1,0.765817817474193
bc0c0f03,2,1,0,0.29314488722171395
bc1ec029,2,3,0,0.6285516383333869
bc4eaf77,2,1,3,0.8880429629608377
bc66f41d,2,2,0,0.43483731281425086
bc6bd8b2,2,1,0,0.2286128364563253
bc790ce0,2,2,0,0.4626467305788499
bc817a4c,2,1,0,0.07915936361785503
bc95339a,2,2,0,0.20705795319471582
bccebc5a,2,3,0,0.7190917365834505
bd124dbc,2,1,1,0.5175850719555938
bd480331,2,3,0,0.5282908356798517
bd4ccd4c,2,3,1,0.6222672404615467
bd713fb8,2,1,0,0.41608762951536504
bd932d04,2,2,2,1.4613518697246044
bdbd1afd,2,1,0,1.0053386602821315
bdbff28b,2,3,0,1.1473909807928986
bdcc7d10,2,1,0,0.2818662961452183
bdcddd09,2,2,1,0.6069032955549575
be1c3b0e,2,1,0,1.0176852213176
be210bc7,2,1,2,1.2047771476014693
be26335a,2,1,1,1.0176393379440185
bea525dc,2,1,0,0.6740354603553628
beafa6f9,2,2,2,0.8117506431633666
bebff291,2,3,0,0.1665911279629098
bee4eab0,2,1,1,0.5839519451747169
bee51adb,2,1,0,0.33454378103226373
bef89ce4,2,2,0,0.31850306374528153
bf0942bc,2,1,0,0.6007931242463276
bf18965c,2,1,0,0.52451305477969
bf280e13,2,1,1,0.6943303349778421
bf31e0a7,2,3,0,0.17725907357897075
bfb421f9,2,3,2,0.7113109206336415
bfb52472,2,2,1,0.843250771088699
c00c663c,2,2,1,0.6487303160183668
c03c0758,2,2,1,0.19296075519543232
c0442863,2,1,2,0.9563574598243157
c0869eb0,2,2,0,0.38854836862238606
c09d41cd,2,3,0,0.7742679881987417
c0a7d046,2,3,0,0.9996048182214965
c0adc389,2,3,2,1.1685533370963426
c0c168fa,2,3,0,0.22275286555844132
c0d5b3f3,2,2,0,1.00623666244813
c0f2a046,2,1,0,0.6735810956287028
c1200b71,2,2,0,0.10918844696482732
c1373df0,2,2,1,0.22220427040094892
c192715a,2,2,0,0.7411908427020446
c1add876,2,2,1,0.45382106134251143
c1ed20ef,2,2,1,0.38338287718305275
c274a243,2,2,0,0.10948587306043084
c2adf42c,2,2,1,0.7339067956428555
c2b40d6f,2,2,0,0.34556301614420964
c2bac6ad,2,2,2,1.129504233623771
c2bac92a,2,1,0,0.6321738790482601
c2e15338,2,3,2,1.233269452043984
c2ea6e54,2,3,0,0.40001866540727204
c3061b23,2,3,0,0.6604203282080916
c30f5122,2,3,2,1.128475365618998
c31a5825,2,2,2,0.23496447971869766
c35218d4,2,2,0,0.21035464057676384
c3760eb9,2,3,0,1.1941131052778842
c37ef416,2,2,0,0.3440465268561752
c38585c5,2,2,1,0.3258822148384612
c38a5c9b,2,2,2,1.319957223284797
c391e9c0,2,2,1,0.4507600659116644
c3a3f61e,2,1,0,0.432335306042776
c3a86e3e,2,1,1,0.24350540657341618
c3b87e5c,2,1,0,0.2333532473520037
c3d46daf,2,2,2,0.7829378964879931
c3dde859,2,2,0,0.29096812085367113
c409bc9d,2,3,0,0.1581341148328696
c40bb352,2,1,1,0.2213132152233278
c41274a7,2,3,0,1.1421464543094242
c42b7972,2,1,0,0.8434144514802996
c43b985c,2,1,0,0.4493785673228997
c4a681dc,2,1,1,0.23375997831746032
c4aa8d47,2,2,0,0.07394246256581838
c4c86e6f,2,3,1,1.1408579097156775
c51c1139,2,3,0,0.3147906822943828
c5462e87,2,2,1,0.36410940548651705
c55cc646,2,2,3,1.1567172147682094
c5cfaeae,2,1,2,0.6842640005082339
c5e91ebc,2,1,0,0.3511710960938373
c5f3d60c,2,1,0,0.12595728811125
c6287031,2,1,1,0.8699349408849721
c6313b18,2,1,0,0.32255925684016296
c63f1965,2,1,0,0.3403465916051174
c6575d38,2,1,2,1.470607577527753
c66daa08,2,2,2,1.005346654910457
c678730b,2,3,0,0.34829627805826746
c68c9809,2,2,1,0.587420710138244
c69ffa09,2,1,0,1.0651693108907927
c6a92a65,2,2,0,0.368361669929557
c6b7811e,2,1,2,0.35923238099512117
c6cb894a,2,1,0,0.694229100886861
c6cc7467,2,1,0,0.8423396958550987
c6d4b453,2,3,1,0.2992958419612028
c6da0d4b,2,2,0,0.3900646969218507
c6fd800e,2,2,0,0.22694443983479579
c706a54d,2,1,0,0.0857840281736722
c715832b,2,3,0,0.5987186698904282
c731458f,2,3,1,0.6925652369075457
c73f149c,2,1,0,0.24829148103606846
c79039af,2,1,1,0.28976110946863676
c7d61396,2,1,1,0.4667861613693636
c7d9e964,2,1,0,0.29389935211720936
c7fd8939,2,2,0,0.2078994789456991
c805ebe7,2,3,0,0.13351455981367805
c8270746,2,1,1,0.8158253056992318
c829500d,2,2,0,0.3644662001910697
c892f324,2,3,0,0.24652283053292756
c8cc2e1b,2,1,0,0.24136547827166394
c8d6b871,2,1,0,0.48985006926069874
c9133895,2,3,1,0.5172997743535198
c9537127,2,3,0,0.712531410265342
c9600298,2,3,0,0.32045122989092084
c96b9609,2,2,0,0.17516480654276662
c9879365,2,1,0,0.5696959403202692
c9a57335,2,1,0,0.2457207136488193
c9ad9c75,2,2,0,0.8061668782677959
c9d47171,2,3,2,0.3817512691938353
c9dabad5,2,1,0,0.4573797605587505
ca1bdcd3,2,1,0,0.29935612861023897
ca3204b0,2,3,0,0.7172119206665991
ca33a5e7,2,3,2,0.4162700243129301
ca724703,2,2,0,0.5279842538612963
cac0f438,2,3,0,0.34288998694628436
cad3bc70,2,1,2,1.110137332236644
cae0531e,2,1,1,1.0869030305214409
cae31194,2,2,0,0.3371065041088116
caec8d59,2,2,2,1.2081269093931266
cb054226,2,1,2,0.5057524568135195
cb2752bc,2,1,1,0.6913334229126803
cb3b7c3c,2,1,1,0.7260072680992333
cb73fed9,2,2,0,0.2705986625786677
cba1c8b5,2,2,0,0.6999487711355689
cba39753,2,3,0,0.8012527218050979
cbb1ddec,2,1,2,0.7532630018453994
cbcf8cf2,2,2,0,0.7049690122808252
cc010b72,2,1,0,0.17090187312103328
cc16d472,2,2,2,0.9245944992077785
cc224be2,2,2,0,0.5224846069007517
cc25e136,2,2,2,1.0033330418220543
cc477243,2,3,0,0.4215440831963305
cc5143df,2,2,0,0.5917538823292393
cca40abb,2,1,0,0.09664314322449169
ccc9db97,2,2,1,1.5833523172193638
ccd0fe74,2,1,2,0.8674415239056408
ccdb4ae5,2,3,0,0.435823359374777
cceddb57,2,1,0,0.7608084960657072
cd1fff5a,2,2,0,1.1758654507280037
cd36e51d,2,2,2,1.0222019567741596
cd39e576,2,2,0,0.46094582002433065
cd68643b,2,1,0,0.1280283298933742
cd703872,2,2,0,1.0835322058983041
cd89d5f1,2,1,0,0.9062103368360721
cd8f3c61,2,1,0,0.21813718997204978
cd92eaf6,2,3,0,0.4083120042481865
cda90e9e,2,1,0,0.5661485251493981
ce031b1b,2,1,0,0.3485923183481352
ce379a6a,2,2,1,0.6448240664466895
ce95b2e1,2,3,2,0.9912205456999403
cea35700,2,2,0,0.3254034925584426
cea73edd,2,3,0,0.46649058514167563
cedf96c5,2,1,0,0.4237777424272292
cefdb7fe,2,2,1,0.8878223858213261
cf0d6d38,2,2,0,0.18038858125239443
cf1b9d44,2,3,0,0.7082480652046588
cf2e4065,2,2,2,0.3538705823591095
cf86987d,2,2,2,1.2578629014144482
cfbbdd3d,2,3,1,0.55369337522403
cfcf9dc9,2,1,2,0.25300546966441495
cfe4cf40,2,2,1,0.6744735169820311
cff4bcee,2,1,0,0.28061138178166223
d00b493e,2,1,0,0.7515439043926424
d0429481,2,3,3,1.4230936878126847
d05f5d71,2,2,2,0.5342661105242186
d08806a2,2,2,1,0.5557196577858685
d0ac4f1c,2,2,0,1.3840203294175697
d0ef0744,2,3,0,1.0158509051193234
d11428bd,2,3,0,0.7289128545621932
d1145910,2,3,1,0.8456155213902531
d14d79b5,2,3,0,0.3283572452133
d19e1025,2,3,1,0.4416018331816931
d1a38988,2,2,0,0.27918846981974205
d1aa6625,2,2,0,0.4043189441317166
d1ab95e5,2,1,0,0.4380042878825642
d22e7168,2,1,0,0.5104422172537691
d28f0d44,2,3,0,0.6453346570940522
d2b84f45,2,1,1,0.9043250742035778
d2bcca68,2,3,0,0.349812284536057
d2d9b474,2,1,0,0.6235279045661547
d2fcde50,2,1,0,0.31359480131841594
d3b860ab,2,2,1,0.01299815542105942
d3bf6d28,2,2,1,0.806758431982232
d3da09e8,2,3,1,0.9426474544564234
d3e45961,2,3,0,0.635099752748498
d42454d4,2,1,0,0.3189433198038395
d445fb74,2,3,2,0.8804754563322211
d476f528,2,1,2,0.6953757103445518
d4a81b97,2,1,0,0.7466325165201447
d4b935f8,2,3,0,1.0496225301985012
d4bfc83f,2,1,1,0.12421439610462015
d4c2e9a1,2,2,0,0.1558916898961109
d4f3e585,2,1,2,0.8703104680786957
d506f4c7,2,2,1,1.025173091188975
d50a8c3c,2,2,1,0.9252807008869047
d547d0da,2,2,1,0.49131055415409375
d565ccf6,2,1,0,0.5391454634215104
d57380cf,2,3,2,0.9924594598915741
d57802c5,2,2,0,0.29616138390648666
d57f6c9e,2,3,2,0.8702360223830559
d5874bad,2,3,1,0.8880808496896205
d5a8d9b0,2,2,2,1.0872444600350073
d5b089a4,2,1,1,0.5740826655042568
d5cebbfc,2,2,1,0.5139785880418659
d5fb07d2,2,2,1,0.8419926528273672
d5fde276,2,1,1,0.4589812707679674
d6007386,2,2,1,0.49612844526344024
d61359ee,2,3,0,0.07806531552770768
d6251195,2,2,0,0.1191274045769406
d661ddf7,2,1,1,0.6852143634397614
d66aed49,2,1,0,0.3017183397863452
d6723b39,2,2,0,0.25549794999894027
d6776176,2,3,0,0.15660214074222295
d6be0a92,2,1,2,0.3847961614025112
d6c4d9eb,2,2,0,0.5505725039846245
d6c6baa5,2,2,0,0.68385679912707
d6cca65e,2,1,2,0.8775566753819399
d6e613bc,2,2,0,0.6349849829358026
d74e4d7c,2,3,1,0.9742176731270629
d766a1c8,2,1,0,0.8819664162726302
d788a6a8,2,1,1,0.21915649557261302
d78c55fb,2,1,2,0.8653943035788816
d78f437c,2,1,0,0.13892753233085825
d791703f,2,1,1,0.8631582975877794
d7c063b4,2,2,1,0.12275293554591415
d8037389,2,2,1,0.7269823847178425
d80b8bb6,2,3,1,1.1172843086890376
d8196954,2,2,0,0.22455437760225105
d81f28d3,2,3,0,0.19838846429641782
d82e9b87,2,3,0,0.20782842144151276
d859115e,2,3,0,0.8209457206507699
d85a62b3,2,1,2,0.4753011157959348
d85b7c71,2,2,1,0.4388755453118429
d87d3d03,2,2,0,0.421306249665767
d87e2d01,2,3,1,1.0111573433882461
d8a78157,2,1,1,0.8796160306934966
d8b066ad,2,3,2,0.7199197784209748
d90900e1,2,2,0,0.3857946569674378
d94c91bf,2,2,0,0.2858919493633714
d9ae9a13,2,3,1,0.8155075866521596
d9f16cd2,2,3,0,0.43013727022974924
da0001de,2,2,1,0.2236335929766171
da09ed4b,2,2,0,1.0232788644001396
da15064a,2,1,1,0.5725771223088391
da19c97e,2,2,0,0.14696860753339225
da1b21b1,2,3,0,0.20932134437403754
da5a8921,2,2,0,0.21471790266573332
da94e67d,2,1,2,1.1976823200262252
daa9b0aa,2,1,0,0.19814952482660803
dacc2f83,2,3,0,0.7199373562492627
dacfdb2c,2,3,0,0.20718171974852256
daf3969c,2,2,2,1.2100375877499538
db175ab6,2,2,0,0.24735860197706405
db23fbe4,2,3,0,0.608285107058295
db38d1f9,2,1,1,0.696508771008666
db3b1dd1,2,1,0,0.30257094478785407
db49ac7c,2,3,0,0.8256063919719959
db746de0,2,2,0,0.6880451340450837
db9353fd,2,2,0,0.21164199466347222
db9eae59,2,3,0,0.7467523325069069
dc168599,2,3,0,0.30020298287402103
dc33dcef,2,1,0,0.45496647743795926
dc4e9e2f,2,2,0,0.5873505881671125
dc52906a,2,3,1,0.412743287660036
dc6870da,2,3,0,0.4682731452600604
dc81eac1,2,2,1,0.4122094715873603
dca065be,2,3,0,0.38209385264082707
dcd2586d,2,2,0,0.6425403257359564
dce2a54d,2,2,1,0.301179398126629
dcfcd574,2,3,0,0.5051552684491796
dcffa5d6,2,3,0,0.30228259195385376
dd02cfa1,2,3,1,0.3087220380807191
dd6679a9,2,2,1,1.1152272420030025
dd689eb0,2,3,0,0.09453012976900843
dd9c9576,2,1,0,0.30579356362173027
dd9ce3c4,2,1,0,0.49820612088471716
ddd0cb12,2,3,0,0.31913735309257285
ddd9a88d,2,3,0,0.8784619153854072
dde82df7,2,2,0,0.09766407553119683
ddfddd87,2,2,2,1.2294692812603318
de6797db,2,3,0,0.31577167997653216
de742c5c,2,3,2,1.0546435027769854
de91310c,2,2,2,1.4753673403063878
de961552,2,2,1,0.19821803461691123
de9fe1e0,2,3,2,0.905805084840126
dea0552b,2,2,1,1.0712876043344344
dec9056d,2,3,0,0.12861002889202178
dee8b1bd,2,2,2,0.6828521092213125
dee9eb9c,2,2,0,0.671520723635282
df4a0fee,2,1,0,0.5338817820626139
df4ab9b1,2,2,1,0.7655730755844695
df4d2085,2,2,1,0.45109197057205097
df556fd2,2,2,3,1.0768485845392177
df98fbb4,2,1,2,0.5888576707355407
dfaa2a59,2,1,0,0.2117000406233523
dfd87763,2,3,0,0.3429986416010894
e016d96c,2,3,0,0.6585619608856933
e0271395,2,2,0,0.195874925484675
e0283d3d,2,3,0,0.08106414471319257
e049dab1,2,1,0,0.5352359062144468
e0655da2,2,1,0,0.2472829148674408
e0706ce2,2,2,1,0.5297263315853897
e072b994,2,2,0,0.024728817470278552
e0736134,2,1,0,0.3700410597220166
e07fa0b1,2,3,2,1.035863721131786
e0869709,2,2,2,0.9277098571066686
e0a7f42a,2,3,1,0.7248906764232074
e0ad6550,2,2,2,0.38550037664611203
e0c4e965,2,3,0,0.4840397324152279
e0db55b1,2,3,1,0.986746235385136
e0e35d4e,2,3,1,1.2409310636646214
e0eb3ea8,2,2,2,0.5213636017881829
e11be9c1,2,1,0,0.8055542928651596
e15fe97b,2,2,0,0.5348137443835747
e16a4784,2,1,3,1.2934866510684908
e17b9cae,2,1,2,1.0394125523832156
e1958a83,2,2,0,0.09372334526814935
e1e02e28,2,3,0,0.3362157051323136
e1ea8dd7,2,3,0,0.8040847870659
e21255e2,2,3,1,0.7156618955544309
e22cf08a,2,3,0,0.37481757033245033
e23a8a0a,2,2,0,0.44383661332011937
e243119c,2,1,0,0.48613144872803654
e252dcb6,2,3,2,1.2059848874445263
e25f7b9a,2,2,1,0.17557946471185865
e28c0bfa,2,3,1,0.8312604429437965
e296c5e4,2,3,0,0.23629293530315676
e2d370a2,2,3,1,0.6943987639151379
e2fcc91e,2,1,0,0.3068985039165988
e315fdd7,2,2,0,0.9452176565278161
e318ec9a,2,3,0,0.21363889135653008
e328a032,2,2,0,0.5752080024170947
e345b271,2,2,1,0.3014293575968347
e34b9430,2,1,1,1.1283454417824332
e362108f,2,2,0,0.6011362110957311
e37d000b,2,3,0,0.24406058641836975
e3aa85a3,2,3,0,0.350298564511223
e3aa9dcb,2,2,1,0.9469690750022851
e3bb3735,2,3,1,0.7521764574214818
e3bce7e1,2,1,0,0.9277007155530996
e3cec795,2,3,1,0.3510629031361544
e3d5aab8,2,2,0,0.09621090004654986
e3f71f7a,2,1,0,1.1007389813788482
e40319d7,2,1,1,0.5132035258486158
e4614ec6,2,2,1,0.2083907113365504
e46417a7,2,1,0,0.038705433073336404
e4762a2b,2,2,1,0.5911415452357813
e47c1eb7,2,2,1,0.6659782689760572
e4a2e3bc,2,3,2,0.4675796705603024
e4ab3b12,2,2,0,0.17221579735833475
e4b47411,2,3,1,0.6368917001422719
e4c008b9,2,1,0,0.3583249278941952
e4d396d7,2,2,0,0.27062159199846875
e4d5bf2b,2,1,1,0.6731384156437338
e4db6712,2,3,1,0.42686455190931116
e4e58096,2,3,0,0.5294595609295671
e4ee6ff3,2,3,0,1.0462717543034823
e51193d1,2,2,2,0.23210706249685042
e515c971,2,2,1,0.6094128310707396
e5349ce2,2,3,0,0.2158669941092895
e537418f,2,3,1,0.9440561173474311
e5b902bc,2,2,2,0.6078908700889463
e5d77ff3,2,3,1,0.7251135926834298
e6169c6d,2,2,0,0.31056242421655844
e63000c5,2,2,0,0.07843286863850041
e63a0ea8,2,1,0,0.11167927492308366
e664dd71,2,3,1,0.0998542029847484
e683d2c9,2,1,1,0.7031680333558764
e71f347e,2,3,0,0.8971047020761469
e72af462,2,2,1,0.6211072865616034
e739c579,2,3,1,0.94279318154236
e7401605,2,3,0,0.17869208666506364
e754411f,2,2,0,0.9263287250971629
e76ad778,2,1,2,1.0205973559774286
e79487a3,2,3,0,0.24591357938474112
e7bbb32e,2,3,1,0.6018929259142286
e7d08824,2,3,0,0.8091729024922081
e7db9aef,2,2,2,0.7711667157506905
e7e43817,2,2,1,0.25495822942251584
e7ee0921,2,2,0,0.14295060310636226
e8313da5,2,2,1,0.16920225121928922
e86bb780,2,2,0,0.11899255836021339
e88aa867,2,2,0,1.2542478253385303
e892aec6,2,1,1,0.24936695574165824
e8ac21d2,2,1,2,0.7224215573611383
e8b64419,2,2,0,0.7426356541602965
e8e82627,2,1,0,0.37264594898827025
e9030ab7,2,3,2,0.9606932479619741
e90a63d0,2,3,0,0.5119545554113973
e912c973,2,3,1,1.133210635563402
e934bf0a,2,1,1,0.554155761050612
e93cce44,2,1,1,0.40467868566919346
e96763c1,2,1,1,0.6036465802065883
e9a6c514,2,2,0,0.2627071778254371
e9b642a3,2,2,1,1.1996937213468974
e9ca5586,2,1,0,0.37182151490343657
e9d94c4e,2,1,0,0.479538492798702
ea38bd63,2,2,2,1.5521941406624686
ea4619ec,2,2,0,0.4272211114838699
ea544af3,2,1,0,0.7807931354863762
ea7277b4,2,2,0,0.5153205462889241
eaa4821d,2,1,0,0.13480368722978298
eaab7a96,2,2,0,0.7698475491250966
eac08386,2,2,0,0.17901841295096144
ead25f13,2,2,1,0.3290461137882253
ead871be,2,3,2,0.019492669098383875
eb00abb3,2,1,1,0.09144257884930096
eb5c46b0,2,1,0,0.9501755272815474
eb749e46,2,1,2,1.109938790021419
eb891208,2,1,0,0.6498418933962483
eb90ee20,2,3,0,0.4339640613944382
eb93a46a,2,3,0,0.24109187927775727
eb9a846d,2,3,0,0.49908541485198266
eba27772,2,1,0,0.16106974482404463
ebd6f819,2,1,1,0.7796434325063846
ebf2b0c9,2,1,0,0.5919049611900861
ebf30e46,2,1,0,0.807026815737053
ec0f4afa,2,3,0,0.3841837306878788
ec13a1b9,2,1,2,0.31691408246694386
ec220299,2,1,0,0.7954162613162494
ec4a1461,2,3,2,0.8862154591362539
ec619149,2,3,0,0.6352297614793633
ec65cd62,2,2,0,0.3900599246029498
ec850b10,2,3,0,1.0422914661501008
ec890dbd,2,2,1,0.5261181343913671
ec8f8f95,2,1,2,0.7590107297317916
ec9179b7,2,1,0,0.13432670386292495
ec9195be,2,2,0,0.39976635800250754
ecb1c038,2,1,1,0.4515790367459953
ecd22509,2,1,2,1.0489234970495955
ecd25dd1,2,3,0,0.8308696005450353
ed0b3906,2,1,2,1.0036794260566826
ed50a6f6,2,2,2,0.6111548546091742
ed61b01e,2,2,0,1.1741456832837476
ed711416,2,3,1,0.47855363309479465
edb86a64,2,2,1,0.5773591464956304
edb9d0f3,2,2,0,0.29801237861486674
edbf35f3,2,1,2,1.3575067393499864
edeec50d,2,1,0,0.2928016585530466
edfe1f8d,2,2,1,0.7974560833417058
ee0fa75a,2,3,1,1.182575549840545
ee21612e,2,1,2,0.8458880904092647
ee2bf575,2,3,2,0.9109951008178419
ee4e9eed,2,1,0,0.28509308838642095
ee654259,2,3,1,0.23501100166556999
ee67eb55,2,1,0,0.3474664769940595
ee74be35,2,1,0,0.5474405857626902
ee7de96c,2,1,0,0.025555043413216127
eea74d46,2,2,1,0.17510171808545288
eeedcd5e,2,2,1,0.8025128844170095
eeefa792,2,1,0,0.4525395565650267
eefeb431,2,1,0,0.8606911464410165
ef07f833,2,3,0,0.15888140857709437
ef9617e7,2,1,2,0.6255904743051429
efc2bc05,2,2,0,0.6485803280928057
efcef0d6,2,1,0,0.6420640985886248
efedde24,2,2,0,1.4365493114593963
f028534c,2,1,0,0.5473509511529833
f0356a48,2,3,0,0.4220385683416203
f043be76,2,1,0,0.8000112737559979
f08a5ac3,2,3,0,0.6061448749835786
f0957ca1,2,1,2,0.6991455424184311
f09a076a,2,3,1,0.9418704948056078
f09b02cd,2,3,0,0.5003049746653083
f09e7b33,2,2,2,0.7494613104309962
f0b5d026,2,3,2,0.5841513831713753
f0ed5690,2,2,0,0.40880343461578084
f0f3e41f,2,3,0,0.8341740032783848
f11e17c0,2,3,1,1.0383321235392413
f14e55d7,2,2,0,0.635734619735105
f15dca1b,2,1,1,0.621139861389752
f1702318,2,2,1,0.43281199865080155
f1a16e58,2,3,1,0.6220119454832751
f1baabc1,2,3,1,0.30567476753643213
f1baae47,2,3,1,0.6816006344165604
f1bd0f59,2,3,0,0.8148770419676358
f1c3cb6b,2,3,1,0.7356425223961478
f1ed2e85,2,2,0,0.33822719467202395
f1ee75bf,2,1,1,0.4263700152460561
f220a837,2,3,1,1.0174675325698732
f2260009,2,2,0,0.4371780828744565
f240387a,2,2,1,0.4366415844882694
f2499682,2,1,0,0.25277018565579773
f285b43c,2,1,1,1.1283716559576409
f29d4094,2,2,1,0.9913293604844604
f301e7a9,2,1,0,0.3494063877799185
f32a9580,2,2,0,0.30482873703133484
f35b607c,2,2,0,0.5474231133518028
f3aac45a,2,3,1,0.9456207770161155
f3d22832,2,3,0,0.599425115774188
f3fbe6c9,2,2,0,0.755812002609697
f4114031,2,2,1,0.6116305357824537
f4223e3a,2,2,2,0.47932413858984135
f44f1227,2,2,0,0.37028574753055155
f47a67cc,2,1,0,0.09327514971062723
f47abc42,2,1,0,0.5539696696747425
f497dd7b,2,2,0,0.403573201808614
f4ece6b5,2,3,0,0.17640651384286488
f52a2597,2,2,0,0.6560078990609006
f54eebeb,2,3,1,1.0799314210473239
f566e5cc,2,1,1,0.7919500497214488
f57de847,2,1,0,0.6457716386808421
f584742f,2,3,1,1.2684689248808905
f58ddd4a,2,3,1,0.6038185038869875
f5ad7abc,2,1,0,0.11145417142228908
f5b2acf0,2,2,1,0.38156444271697093
f5d4c82e,2,3,1,1.056921501667783
f5e64c94,2,2,1,0.5720348405521211
f6284dcb,2,1,0,0.4572620132005651
f64e1d85,2,2,2,0.28272609484814903
f67908e7,2,2,0,0.3976101891485373
f68f158d,2,1,0,0.6746320626127319
f6b719ee,2,2,0,0.2085576386826744
f6c0e2b7,2,3,1,1.0971555836111075
f6c20447,2,1,0,0.14248377364043047
f6cc80a9,2,2,0,1.3258231220991212
f6d3a5ad,2,1,0,0.42056498387685337
f6d6f400,2,2,0,0.9012430801247284
f6d879aa,2,3,1,0.9897569361081571
f74c45c1,2,1,1,0.8304887352606087
f74eda33,2,2,2,0.9422365742926351
f75c957f,2,2,0,0.13838553875512533
f77c2636,2,1,1,0.9806925126324489
f7b1374e,2,3,1,0.7493196712056099
f7fc97cf,2,2,0,0.9634302846904896
f81598bf,2,2,1,0.6402504934664723
f817f33a,2,2,0,0.16774830763358206
f848f42b,2,2,1,0.3572493969392771
f869d220,2,3,1,1.2391331341984866
f8b08332,2,1,0,0.5091797649228539
f8b36382,2,2,1,0.43779805651828396
f8bf4a1c,2,2,0,0.9673094047236446
f8d293a0,2,2,0,0.08556331422306995
f8ff0bc8,2,1,0,0.997069721055533
f9384fa2,2,1,1,0.8449138380149979
f958efdc,2,2,0,0.6432980502135873
fa293db8,2,2,0,0.3988624150596397
fa29ab47,2,1,0,0.18612923459731062
fa34f945,2,1,1,1.2329523120485082
fa3e1e21,2,2,0,0.2701299420118606
fa4f0329,2,3,0,0.4433417221393448
fa62d7b1,2,2,0,0.5549737861355296
fa633e39,2,3,0,0.5574945273651077
fa9a0add,2,3,0,0.08441279666717333
fab75c2c,2,2,0,0.3378603887226625
fad07fce,2,2,0,0.5118119972875054
fb04f7dd,2,1,2,0.3049557743374552
fb22e454,2,1,0,0.8069008466575718
fb2c4db6,2,2,0,-0.04603004862764781
fb2ddbd1,2,3,2,0.5448114451874349
fb3c2c87,2,3,0,0.4491039458131856
fb9982a2,2,2,0,0.21366209641145306
fb9b060f,2,3,2,1.2657844451897984
fb9c5a33,2,3,0,0.4952484374392673
fbb39bfe,2,3,2,0.9904255182941661
fbbd97b1,2,1,0,0.5535699502471839
fbc6ade7,2,2,1,0.08104220425889713
fc2c2c08,2,2,0,0.3960542524575804
fc41be2f,2,3,0,0.15954373071719458
fcc6347f,2,3,0,0.2889553787770186
fcd9a6bb,2,3,0,0.24553915186606745
fd028ecc,2,2,0,0.30675824074638197
fd0d9bca,2,2,0,0.10760568543769944
fd5589f6,2,1,0,0.1981525900581727
fd56e059,2,2,0,0.2849547499427936
fdc11b96,2,1,0,1.1800302745412155
fdea7d9e,2,1,1,0.9151116190859615
fdf4691f,2,2,0,0.6352996575179534
fe2bc235,2,1,2,0.5871626892373297
fe3cbf02,2,3,0,0.20291109178540834
fe5e2dc9,2,2,2,0.47022347565141165
fe6afaf9,2,1,0,0.6029294365779156
fecc07d6,2,3,0,0.13866901532540116
fee07f32,2,3,0,0.32630240791599874
fefaffe0,2,2,0,0.5162275420949954
ff18b749,2,3,0,0.46226342912046453
ff60112d,2,1,1,1.326524757643526
ff6c2bb8,2,3,0,0.4782941125651065
ff759544,2,2,1,0.19979800599131242
ffcd4dbd,2,2,1,0.8695560843708193
ffed1dd5,2,3,0,0.8638403407271722
00008ff9,3,2,2,0.435299271307208
000fd460,3,2,0,0.41632767661138026
00105258,3,1,0,0.5502632738297628
00115b9f,3,1,1,0.36320158408810915
001f3379,3,1,1,0.5837246595127249
0038ba98,3,3,0,0.5223788954855779
00abe655,3,3,0,0.5626660948478849
00ae59c9,3,1,1,0.8784421829950497
00c0cd71,3,1,2,0.44713232261811997
00d56d4b,3,3,0,0.09593426489858498
00f332d1,3,3,1,1.0147605797806105
00f574e9,3,2,0,1.1968416843958067
01085eb3,3,2,0,1.076796659330023
01182ce3,3,2,2,1.5548163066992695
012cadd8,3,1,0,0.353412060969039
012e3869,3,3,0,0.1616937416130182
014c303e,3,3,0,0.38354595860259766
015ba5b1,3,2,2,1.1267810515552807
02073150,3,2,0,0.1455594158226976
0219f64a,3,2,2,0.5651164561801603
02347f13,3,1,0,1.0172654861676413
026102c4,3,2,0,0.1167765169497263
02648a1c,3,1,0,0.450211426540562
026fcbc3,3,3,0,0.5912896706298334
029a19c9,3,2,1,0.9547379598720969
02a01f18,3,3,0,0.2545438273390232
02c4cf7f,3,2,1,0.4816716083068273
02cf7384,3,2,0,0.8740596552709201
02dcf62a,3,3,0,0.39006899234771353
02e56a7c,3,2,0,0.38606199724912593
0347462d,3,3,1,1.342258330529548
034f923b,3,2,0,1.0586581517234497
0357a10e,3,2,1,0.30100855389426046
035c96dd,3,3,0,0.5274037922605306
0380e709,3,2,2,0.7789389132400012
03833cec,3,1,0,0.20481256537552817
0391e587,3,2,2,0.5447156384372875
03a5c2d6,3,2,0,0.6724706239503269
03bf5026,3,1,0,0.5058808352692883
03f1c1c8,3,2,2,0.8374669759030866
0417c91e,3,3,0,0.055499631255748194
04370442,3,3,2,0.33527333101383366
045a0a94,3,1,2,1.2174482890743283
0471236c,3,3,0,0.16896958986442
0499c3e8,3,3,1,0.7424338403856161
04ad419d,3,2,0,0.434469630505138
04af8fdd,3,2,0,0.5179016204406572
04afb6f9,3,3,2,0.7078271662974369
04b3cc70,3,2,0,0.44689999477717934
04cb2c30,3,3,1,0.5704199832978613
04d06a9c,3,1,1,0.6185628144116257
04f094a8,3,1,1,0.772642365591715
0506b9cd,3,2,1,1.4504967196428784
051680a0,3,1,1,0.4632861757590873
051f73ae,3,2,0,0.4775208003148398
052a1122,3,1,1,0.4866783375437066
053d7d31,3,1,0,0.5326091062659695
055156e2,3,3,2,1.2302757734351015
05777ce1,3,2,2,1.2456694078711945
058990e9,3,2,1,0.888716943373967
058d2812,3,1,2,1.1420950418391453
059e02ab,3,1,1,0.8401526818392379
059eed01,3,2,0,0.1919228060858893
05bbed1b,3,3,0,0.028855193818545732
05bc318e,3,2,1,0.7220472676631338
05db1b9b,3,2,0,0.43801625715433246
05e67680,3,1,0,0.595027697643371
05e94f88,3,1,0,0.3223390478718266
05f2d1b5,3,2,0,0.2486154454881993
0610c066,3,3,0,0.2209072685056328
061f2866,3,1,2,1.2502600113758535
0632d98a,3,1,0,0.45697956402327355
063353cc,3,2,0,0.9330796848832279
063b16fc,3,2,1,0.8713608803409028
06472198,3,3,0,0.11090245467839999
064e8da5,3,1,0,0.029089859365118764
065801e3,3,2,0,0.6970690283717429
0668373f,3,3,2,0.45413754267023143
0676ead5,3,3,0,0.4789328408674407
067de065,3,2,0,0.16616369826627547
06c7dcff,3,2,0,0.44152293636448303
06c8b2fb,3,2,0,0.048077395616208496
06ec8be3,3,3,1,0.36672556311593163
070386b2,3,1,0,0.6288861390602118
0720320e,3,1,0,0.5656354318695138
0745c390,3,1,1,0.5231643514892798
077ac7a2,3,1,1,0.2770367623777567
080698b7,3,3,0,0.6078527829608842
082df556,3,1,0,0.7201447061341195
0844aee7,3,2,1,0.29344423083233884
08577722,3,3,0,0.2095601961001417
08660d12,3,2,2,0.9008584871456407
086d6e7f,3,3,0,0.19577598630789467
0884aca8,3,1,0,0.5606098186652307
08fa44ad,3,3,1,0.3454749772289666
09039272,3,2,0,0.33065290933353403
092494ec,3,3,1,1.034426143176332
0924b815,3,3,1,0.13529964464104455
092c29b9,3,2,0,0.19512260360403522
09331bb8,3,3,2,1.0424212106471487
096bf063,3,3,2,0.7450287748015175
0983654b,3,1,0,0.3154289774140413
098b5836,3,1,2,1.1111693385518688
099e3614,3,2,0,0.5826349205925231
09b29113,3,1,0,0.13311033289958207
09eeaba6,3,1,0,0.05824891207630922
09eeec14,3,1,2,0.4328663845406186
09f44fd2,3,2,0,0.2662005579376188
0a1afc11,3,3,0,0.25602629021719303
0a418b57,3,3,1,0.518823623939517
0a431608,3,3,0,1.2219099077872637
0a4b1425,3,3,0,0.18950571599149668
0a540797,3,3,0,0.39807390919019336
0a5f1214,3,2,0,0.34507635569045314
0a995f99,3,3,0,0.4094993162894765
0aa90ce7,3,3,0,0.4385424466152137
0aaf08ec,3,1,1,0.5638573198807512
0ac521c8,3,1,3,0.9325491055730096
0ac5e12f,3,1,1,0.29060786269396655
0acac70c,3,3,1,0.8975177255844944
0adf511d,3,3,1,0.4907157788648883
0af81037,3,3,0,0.5270435938364271
0afb2535,3,2,0,0.5717215080658031
0b4014f0,3,1,0,0.9359712624613843
0b4f597e,3,1,0,0.1005406002923826
0b50f3fa,3,2,1,0.6456497622667092
0b518637,3,1,0,0.14593986969720574
0b6b07f6,3,2,0,0.2129717764831356
0b7c6100,3,3,0,0.4540921956419004
0b7d9da6,3,1,0,0.2434002821512531
0b9fcc42,3,2,2,0.2875961683094632
0ba53e53,3,2,2,0.17698531882382978
0bdace00,3,2,0,0.38929321852340015
0bfe4fc9,3,3,1,0.7441130465552702
0c0a1576,3,2,0,0.026449705205270457
0c3d248f,3,3,0,0.21762589928751858
0c3d88cb,3,2,0,0.17154150506363885
0c4e2d68,3,3,0,0.04403128395060929
0c4eabac,3,2,0,0.18781821940782073
0c794cf7,3,2,0,0.09635400522128273
0c8efce0,3,1,0,0.037141324632762984
0c98f822,3,3,1,0.9075023085007017
0ca08054,3,2,2,0.6282112599044603
0cbe4e54,3,3,0,0.5818619423040922
0cccc6bc,3,3,0,0.34199314811602977
0d01bbf2,3,1,0,0.37335772464930495
0d279d77,3,2,0,0.586031557311879
0d34aee4,3,2,1,0.8498992851624769
0d394928,3,1,0,0.36743303671577254
0d4800c8,3,3,1,1.0414997120426555
0d4fa8f4,3,1,1,0.15444292934386794
0d570d3e,3,3,2,0.562833294003728
0d74d0ed,3,1,0,0.7253417512991721
0d924604,3,2,0,0.2550878843286485
0df44f9e,3,1,2,0.8997463042799139
0df4c27d,3,1,0,0.7301489762186798
0e1cf9b8,3,1,0,0.24094687003911802
0e1f7fed,3,1,0,0.24945280363164135
0e951124,3,3,3,0.8707301140564957
0ec403df,3,2,2,1.0190008905095402
0ed2a3c8,3,3,1,0.25050870564657884
0eddd8e5,3,2,0,0.43527246062437064
0ee70b3e,3,1,1,0.57104385326429
0f4db4f2,3,1,0,0.8008207819221509
0f6b71c4,3,2,0,0.3901640569330239
0f7f3bf3,3,3,1,0.6563492743967401
0f9b8e65,3,3,1,0.6992368708874337
0ff6ac09,3,1,0,0.507906864397336
101774f0,3,1,0,0.027851193917088235
101c27f1,3,3,0,0.6242025897290763
105e3f96,3,3,0,0.6971632231436826
108b8659,3,3,0,0.22885041107965887
10ad8c48,3,1,2,1.3886890645308938
10c0e99a,3,2,0,0.2476534028570736
10e46254,3,2,0,0.4299982544267973
113f5798,3,3,2,0.8131733990567297
11477ed0,3,3,0,0.8267738618199111
115d3db4,3,1,1,0.3854498613653121
11739de2,3,3,0,0.6725628295202274
1184a14a,3,3,0,0.2470726611541299
118b7733,3,3,1,0.46717655592360446
119d7562,3,3,1,1.1953766615235593
119e181e,3,2,0,0.03225737041872567
11be5d2e,3,1,1,0.7817482891417953
11d1a5ac,3,1,0,0.5218581218381502
11f9b26c,3,3,0,0.13146433043610833
1225fd28,3,1,1,0.8000114402504361
12380b06,3,2,0,0.634824472111958
1286dab7,3,1,0,0.2178766162011294
12a607f6,3,2,1,0.4198921559629023
12cfb064,3,3,0,0.14506933214032247
1301f65d,3,1,0,0.2506962809227549
136894bc,3,1,0,1.1821304955215557
137fc699,3,1,1,0.24464370926568224
13a5e288,3,3,0,0.3346010630058436
13be5672,3,1,0,0.28340555045089255
13cdb63a,3,1,0,0.10945747755601715
13d23890,3,3,0,0.8801078894128666
13d2c419,3,1,0,0.13603052433024437
13e46923,3,2,2,0.8142066192914842
13eee030,3,1,1,0.7529781770026993
13fca10c,3,3,1,0.8198134160928491
14109652,3,1,2,0.9216895367241607
1420b16e,3,2,1,0.8973200605303497
1429abf1,3,3,0,0.494904579053629
14391970,3,3,0,0.18328668166781226
144a9a79,3,2,2,0.4319718755254781
1455e657,3,3,0,0.20741048802748718
14568d61,3,1,1,0.2535618886597764
1458a9d2,3,2,0,0.4117605901340655
1470a1df,3,1,1,0.5623129883467721
147c4374,3,3,0,0.18720355584179432
14a6e58e,3,2,0,0.4177971576987364
14b3d6e5,3,1,0,0.05433942498692845
14b8dd2a,3,3,0,0.9805438038490458
14b999b6,3,1,0,0.5451640311791288
14c12974,3,1,0,0.1586241641576741
14dae995,3,3,0,0.6412944527627182
14e00ce0,3,1,0,0.130970943083015
14eac885,3,2,2,0.8896250048493649
15227eef,3,1,0,0.7627330274121846
1522fee1,3,2,2,0.8566238274524625
154d1191,3,1,1,0.09929076869442577
157b271f,3,3,3,1.0489223941861414
15a2364d,3,3,1,0.874977029792374
15dbc929,3,3,0,0.21377392026805309
15f217a6,3,2,1,0.6248457859672936
15f2e240,3,2,0,0.19326243996760412
1606f203,3,2,0,0.46165708900967645
1649ce22,3,2,0,0.27596576781987003
164edc75,3,1,2,0.804178293632696
16deb306,3,2,0,0.24499551314378093
1704e646,3,3,1,0.9936920907903595
1713348a,3,2,0,0.5266149212730196
176f33fb,3,2,0,0.35002885022574226
177f25ab,3,2,1,0.5771010494569296
17b08109,3,1,0,0.2769655257127036
17c1ae23,3,3,1,0.3524966391691885
17e9cba0,3,1,2,0.9626971598217813
18154f3a,3,1,1,0.8868986510881077
1824417f,3,3,3,1.1024022913603995
1837456f,3,1,0,0.758572274810512
18400e8e,3,3,1,0.6527542464895438
1843760e,3,3,1,0.6020781661535751
18506cf3,3,2,0,0.5716532723565563
1894884e,3,1,0,0.1931507196083559
18962676,3,1,0,0.15345751317602374
18ab47f8,3,3,0,0.21358992757805617
18b79e9b,3,3,2,0.2617461672031173
18e21bf1,3,1,0,0.24106875678418288
18f6e6db,3,3,0,0.3611535733004363
18fdbccc,3,2,0,0.39826245858268106
18feab0f,3,2,0,0.9506506072645788
1911731d,3,1,0,0.042116640598287236
19381499,3,2,2,0.7553710264232397
1943fb23,3,3,0,0.25299719764767103
19455336,3,2,1,0.6737850006974434
1949438b,3,1,2,0.40288716365037314
1957153d,3,1,2,0.5524437403501622
198e50c9,3,1,0,1.0828023992089757
19c49039,3,3,1,1.0049454775786526
19cc95e8,3,1,0,0.19325804296242827
1a2412b3,3,1,0,0.6944387950947677
1a803bfe,3,1,0,0.2934801591804587
1a9f8375,3,2,0,0.38722942834490603
1aae1de3,3,3,0,0.8158038951801472
1afa48fe,3,2,0,0.3961210941174652
1aff6762,3,2,2,1.0458192883097746
1b258140,3,2,0,0.037845163604375065
1b2cd439,3,3,0,0.6582306357989496
1b2eea8f,3,3,2,0.983261970710274
1b32427b,3,2,0,0.8719874142944639
1b329556,3,2,2,0.9018924916616173
1b410106,3,3,0,0.23678812953635286
1b49c870,3,3,0,0.4500100831981988
1b5b34bc,3,3,1,0.5434343061069451
1b5fb26f,3,2,0,0.6789600027597751
1b6be334,3,2,2,0.856449709418159
1b6fb363,3,1,1,0.6560771304306963
1b73fce0,3,3,0,0.24582105580775282
1bc6a98c,3,2,0,0.1424241342021743
1c063ebc,3,3,0,0.019471991741050187
1c3b7f1a,3,3,0,0.4959475507819593
1c3c2b2f,3,2,1,0.2742911058226631
1c481537,3,2,3,1.1499791257317318
1c673231,3,3,2,0.7835365401174967
1c6ac3d4,3,1,0,0.35415628149953926
1cd37b36,3,2,1,0.8783299315613016
1cf6dcef,3,2,1,0.27041437848594907
1d041232,3,3,0,0.8032283659619499
1d11d488,3,1,0,1.3450960738523134
1d78b3c3,3,2,0,0.6245019928989688
1d7edb86,3,1,2,0.8961054845420889
1da37c60,3,2,2,0.6268687097874464
1dd90b53,3,1,2,0.969831904189963
1de3c240,3,2,0,0.15332506428795067
1e08b1dc,3,2,1,0.8942237578013407
1e2a1bd0,3,1,0,0.2920043429730228
1e5f6199,3,1,0,0.2546340419315893
1e7dd854,3,2,0,0.2649826127673346
1e87baed,3,1,0,0.6184120938260932
1eb206f0,3,2,0,0.5894532419012465
1eda934b,3,2,0,0.8419704753968642
1eea376f,3,1,0,1.2789067446319595
1eea8df2,3,1,2,1.3768960101141918
1f2164a4,3,3,1,0.15151416507247728
1f400626,3,1,0,1.2146334188911376
1f5835cd,3,1,0,0.11878266691545847
1f5cefcc,3,1,1,0.7681182178094692
1f65fa82,3,3,1,1.1946638282343935
1f7bd44c,3,2,0,0.19878424951125506
1f7ec039,3,3,1,0.7695377478802525
1f881e3d,3,3,0,0.8827463440476224
1feb42f2,3,1,2,0.689393729021339
1fed3943,3,2,0,0.34773202607696985
1ffede3b,3,3,0,0.6759125391289228
206c8562,3,2,1,0.518482198099203
2084c823,3,1,0,0.8904263801937068
20cefbaf,3,3,0,0.5616148028607597
20d7ecfd,3,1,1,0.5726398271744171
20df4cab,3,3,0,0.23263839106826906
20e8ca68,3,1,0,0.48605498720688534
214f46e8,3,3,1,0.6356990986954527
215ca39b,3,3,1,0.5176324458067665
217ce5e6,3,2,1,0.9634438504313714
21b835ac,3,2,0,0.18349533385403188
21c62163,3,2,1,0.37447473783880475
21eb6d47,3,1,0,0.9347061732763731
221e37e0,3,3,0,0.27580037458789114
223724b2,3,1,0,0.5183077440323342
22389051,3,3,1,0.43615673061444826
224fc39a,3,1,2,1.1501937654061414
22b4191a,3,1,1,0.7200500481745676
22f43a12,3,1,0,0.38071919203515475
231f6db4,3,1,1,0.26565921426993977
232b7cb1,3,2,0,0.8739485393123023
233b9425,3,3,0,0.31389293937343554
2340e84a,3,1,0,0.4392242440805327
23418fa2,3,3,0,0.2141823915186049
23567787,3,2,1,0.4304946008093554
236d450e,3,2,1,0.41393803885837754
236ecde8,3,1,0,0.1480694554875726
23d71e37,3,3,0,0.5494918810736628
23dafdab,3,2,0,0.3469758284491221
23e024bd,3,1,0,0.8446855138187145
23e71e7c,3,2,1,1.3005708379396057
23e7f79b,3,1,1,0.4729535544338636
24398aed,3,3,0,0.2255287503332324
24591f4d,3,1,0,0.2877074969405655
247172f9,3,1,0,0.564925854841526
2496c491,3,2,0,1.2978712256161447
249d2266,3,3,0,0.18792159526790464
24a3b16d,3,3,1,0.8640039259902432
24ab10c6,3,2,1,0.18174463992790524
24b75658,3,1,0,0.18247620301674994
24dac645,3,2,0,0.4645501766319271
24fb56db,3,3,2,1.0629947351104898
252ebc5b,3,2,2,0.5649587598026166
25849c6c,3,3,1,0.6371931853362918
25e752c8,3,3,0,0.21533372971177844
25eba023,3,1,0,0.06296602945061291
260f542b,3,2,0,0.16626204474141132
26190ddd,3,2,0,0.423181682185995
2625767f,3,3,0,1.2122475616376343
262cff6d,3,2,1,1.37853359867786
26891dbd,3,2,0,0.6408791314114387
269d9918,3,1,1,0.6420400706039714
26a4b61b,3,2,1,0.5938449259794512
26aeacdf,3,1,0,0.172945575596282
26b1792f,3,2,0,0.3657998851139748
26b893f4,3,1,2,0.5031200959805764
26d541c2,3,1,0,0.6441326348202892
26f0e055,3,1,1,0.17963074281448177
2715347c,3,2,1,1.0304143413296916
273c8ebd,3,1,0,0.06488381598151338
2760be91,3,1,2,0.4719888684878271
27724073,3,2,1,0.6393311780419297
278e8a51,3,3,0,0.14156131619874696
27d363de,3,1,1,0.890130220525319
27d7e5e4,3,2,0,0.197342082064427
27e0ca6b,3,1,0,0.3779674694269778
281174c9,3,2,0,0.5341614821865869
2812951b,3,1,0,0.4991796911244425
2840643b,3,1,1,0.2870544008356443
287390e6,3,3,2,1.0016108054577082
287f1349,3,1,0,0.8825213965592689
2891e36b,3,3,0,0.7111427671877919
2898269f,3,3,0,0.19971975706163736
28e8b2b2,3,2,0,0.5183481148201637
28e973b1,3,3,0,0.7033982430844782
28f7e6ff,3,3,2,0.5582131993470172
2911ef94,3,1,2,0.9317454484360157
29587a31,3,1,0,0.3413593883899372
29886a85,3,1,0,0.253274890548777
29a1d334,3,3,0,0.3545114980014213
29b37b4a,3,2,2,1.4076722801912325
29c54890,3,3,0,0.727951384938928
29e4911b,3,2,0,0.015338443799058354
2a0b8386,3,1,0,0.5617130058244784
2a3fcf9a,3,3,0,0.10727744492643598
2a64085d,3,3,0,0.26343960873292527
2a6a6b92,3,1,0,0.7211096534421874
2a7b5b79,3,3,1,0.4599052606426571
2a81925b,3,1,1,0.6544320184369806
2a88cbe9,3,3,0,0.43113640014693105
2a922ca4,3,3,0,0.2247674799429243
2ac0bd9f,3,1,1,0.9826040078625495
2af3c8d8,3,2,1,1.2927462840567217
2afea280,3,2,1,0.9467947858283412
2b34dcf3,3,3,0,0.28807135735566924
2b574ef7,3,3,0,0.1103177981412577
2bbcfd43,3,2,0,0.25939696198672657
2bca454a,3,2,0,0.4906330021288727
2beaaf7a,3,2,1,0.5611524486234792
2c2dc20d,3,2,2,0.4353466150388378
2c3b09db,3,1,1,0.6680267103615568
2c406043,3,3,0,0.06308353289097657
2c483245,3,3,0,0.5419835703766008
2c49257f,3,3,0,0.4864419472132616
2c512f2f,3,3,1,0.570225153325179
2c54d6c5,3,3,0,0.5297719752315487
2c56c930,3,2,0,0.465811112909137
2c9a90e9,3,3,1,1.1004283383605546
2ca2206f,3,1,1,0.9866643307570546
2ca9811d,3,1,1,1.1588228715000977
2cb0db2c,3,2,0,0.16167456695729487
2cc4b720,3,1,0,0.27473614151866044
2cd9b5a3,3,1,1,0.5286550056049256
2cda86bd,3,2,2,1.3484059247587157
2d043af7,3,3,0,0.7575584054591322
2d0bbbd3,3,3,0,0.6211427115320721
2d286c59,3,1,0,0.6668011167205391
2d3ba6fa,3,1,1,0.12624753472988198
2d5365c6,3,2,2,0.6280637411227857
2da6bf6e,3,1,0,0.15744737354007105
2e16053c,3,1,1,0.769403085096112
2e17c497,3,3,1,0.4710742455261057
2e293d08,3,3,0,0.34128141761649866
2e42573e,3,2,0,0.2433640412452714
2e4e045a,3,1,0,0.16778575715949118
2e5f5207,3,2,1,0.5812428985936974
2e7d888c,3,3,1,0.713314934158066
2e8c9884,3,1,0,0.11997884814916265
2ea277d5,3,2,2,0.4960009395534778
2ee0a1e8,3,2,1,1.0561832319169187
2f16cad4,3,3,0,0.8456348744882985
2f1af08a,3,3,0,0.1342505880985168
2f6b484c,3,2,0,0.13818465744284913
2f72f441,3,3,0,0.10071132160716628
2f7f0eb7,3,2,0,0.2358953992622031
2f81950d,3,2,0,0.24340652047159417
2f8ec752,3,3,0,0.5336726204273966
2f91f3c1,3,1,0,0.6554560789417916
2fba6cf4,3,3,0,0.354650269470812
2fc568f6,3,1,1,1.0055541576518623
2fef897e,3,2,0,0.5784304244467176
2ff729d3,3,1,0,0.7586716562229622
3046a5c7,3,1,0,0.23259125212242898
307c91ee,3,3,0,0.2569586566730308
3093d29f,3,2,1,0.7076165008416384
30d2fd47,3,3,0,0.19266175184470397
31349d8b,3,2,0,0.9102056808534629
3134b69f,3,2,1,0.6977894150925941
3155ed01,3,1,0,0.6333566594604331
3162c492,3,2,1,0.41534443549496747
31648caa,3,1,0,0.04049327070089148
318ccc0e,3,3,0,0.3781473219225314
31b74cd4,3,3,1,0.5384793003670036
31d61741,3,3,1,0.5132273884997032
31d7a136,3,1,0,0.1282134986926381
31ddec50,3,2,0,1.1032069233632475
31f01671,3,1,0,0.20380328798880876
3216b978,3,1,1,0.953698848565002
323ea319,3,1,0,0.4387055188793454
325afd3d,3,3,0,0.7563392248530247
3268c574,3,3,1,0.787004308430687
326c23c2,3,3,0,0.5216491635609625
327736cd,3,2,0,0.10170440819776994
327ef356,3,1,1,0.7721169195450254
329a9c25,3,2,2,1.1416998741568445
32a9dac0,3,2,2,0.6947556321725464
32d0ebca,3,1,0,0.6799365208812369
32d262c2,3,2,0,0.49865443307345797
32dcc8ab,3,2,0,0.338475040672772
32e18ccc,3,1,2,1.1291514591621459
3302713b,3,2,0,0.6614637256985193
3305a981,3,2,2,1.087828689075805
331733c7,3,3,1,0.8912321131663969
3399795b,3,3,1,0.46586392399871246
33a499ce,3,1,1,0.7538199590073533
33d60f7d,3,1,2,0.4196566302035604
33e34de8,3,2,1,1.1152519131054428
33fe1b04,3,2,0,0.7937870586114962
342d43c7,3,3,1,0.9545962587330095
342edae9,3,2,1,0.3286593201540886
343460ab,3,1,3,1.5750163463775957
34362a9a,3,1,1,0.28425365194728913
3441fd41,3,1,1,1.1604807675097286
3466c72a,3,2,1,0.693271890815383
347095fe,3,2,2,1.5001755216889323
34c30fad,3,3,2,0.7707618752007586
34eb79f9,3,3,0,0.6458095337634976
34ec5de4,3,1,0,0.7448654210609081
350cf38b,3,1,0,0.2178602272444365
350dbeba,3,3,0,0.529718596369014
351cd4ec,3,1,1,0.5880953007752544
35265670,3,3,1,0.5232742814547156
356ab908,3,2,1,0.7737003910052433
35daea65,3,3,0,0.11253086520278599
35fa2ebf,3,1,3,1.2595968295925197
36146fe1,3,3,0,0.8114359342121839
36530d36,3,1,0,0.36902565315223734
3655395c,3,1,0,0.40721194649750186
36958957,3,1,2,0.8140732386117123
36b8c9e5,3,1,1,0.6477813386321507
36e77bf0,3,2,1,0.4625833546883843
36fda5de,3,2,0,0.10545558602209354
370b47c4,3,3,0,0.832563807874507
3714afd7,3,3,0,0.4753159602088439
372a7950,3,3,1,0.6703280183700672
3738db26,3,1,2,1.0188678907641766
37995242,3,1,0,0.023026846326238748
37ae1239,3,3,1,0.3457332147997251
3826be66,3,1,1,1.2974008506044723
38390669,3,1,0,0.2219143761875929
384c3f27,3,2,0,1.2810005287184822
385819e6,3,1,1,0.26717459233120755
385a6557,3,3,0,0.3994794929858782
38cccd6d,3,1,2,0.8823250243806366
38ee12e7,3,2,0,0.848102113981104
3901e707,3,2,0,0.13025714430522234
3913797d,3,1,0,0.4500976349866832
3934e29c,3,2,2,1.2623177498313838
394a6219,3,3,0,0.24315610359677264
3950aa00,3,1,0,0.9525317150228735
3983d3cd,3,2,0,0.6664448975264536
3999e449,3,3,0,0.7968976601943337
39bdbb00,3,2,0,0.07830279256733697
39cc2836,3,1,0,0.37292753549811175
39dd3538,3,1,0,0.043921125084443347
39fb1ad0,3,1,2,0.6489636659784723
3a594acf,3,3,1,0.6033796690848878
3a9d7bd6,3,1,0,0.19541166896148437
3ab0b1ff,3,1,1,1.1487768841016792
3ab539f0,3,1,0,0.2909487067385012
3acb5be3,3,1,0,0.3073519234929936
3ae4ee9b,3,1,1,0.9665076542178269
3b091b83,3,1,0,0.5353101118483037
3b112284,3,2,0,0.11069806143633942
3ba48ca7,3,2,0,0.42173006799159374
3bbf88cd,3,1,2,0.7869357784974305
3c0aba64,3,3,0,0.655432899481016
3c2cf08e,3,1,0,0.2679195834857205
3c5c85e7,3,1,0,0.6120430561373303
3c620257,3,3,0,0.26949784140491423
3c7a7f32,3,3,0,1.2634575261234708
3ca35642,3,3,1,0.7174719071715702
3cc9cfa6,3,1,0,0.26727952547034445
3cd8802e,3,3,0,0.6731257702068174
3cfeca85,3,1,0,0.16304233014127562
3d20d9a7,3,2,0,0.6877759163537509
3d2c0bc5,3,1,1,0.6513269869324589
3d36fe8b,3,2,0,0.7767163958825211
3d3b87db,3,2,1,0.8722607885026508
3d3dd3ae,3,1,0,0.8791711195016263
3d3fb503,3,3,0,0.33759202207453376
3d46429f,3,3,2,0.8296722466065538
3d48430d,3,3,0,0.33028503827213074
3d5ad997,3,1,0,0.66615183411901
3d736110,3,1,1,0.7563389553410992
3d8531f5,3,3,0,0.36641021618820235
3d970ce4,3,3,1,0.5903289460544504
3de1a622,3,3,0,0.20638014471398558
3de6a21c,3,3,0,0.20146418394725563
3e377cb7,3,2,0,0.4575444260230037
3e3c242c,3,1,0,0.225704397581156
3e5ee48c,3,3,0,0.866737900305864
3e9fd8d6,3,1,2,1.2887372076490071
3eb48980,3,3,1,0.4515114475166551
3ebfbb4c,3,2,1,0.12341772375234655
3ede35d1,3,3,0,0.6383546925343264
3f1cf5ba,3,2,1,0.6091318849306785
3f1f23e7,3,1,2,0.6166925915708018
3f20e14b,3,3,1,0.9278428522309149
3f2141da,3,1,0,0.4628009510276642
3f3a70c8,3,2,1,1.278863044352486
3f3d3809,3,2,0,0.1672494995777466
3f51a21d,3,1,2,0.6141585481437777
3fcef947,3,2,0,0.34281470809301784
3fe59141,3,2,0,0.788441002193955
3fe78116,3,1,0,0.7071379338319751
40898508,3,2,0,0.9728430874497169
408bed19,3,1,0,0.47981931366140307
4093774d,3,1,1,0.9376739470887365
40aae75f,3,1,0,0.949978960999893
40cdadfc,3,3,0,0.28197099702759876
40e95163,3,1,0,0.23020308103628323
41052ced,3,3,0,0.5949719502478518
4128aee6,3,3,0,0.24527984835455208
4135cb0e,3,1,1,1.1410743970509958
4157be55,3,3,2,1.4569606698556457
415d5a1a,3,1,0,1.0015761556859097
416b6ba2,3,2,0,0.1575526365964987
4177e5e5,3,2,1,0.5305593197795168
41974cde,3,3,0,0.3857815954063134
419d05c6,3,1,2,1.0880937604408785
41bacefb,3,1,0,0.8338208061609267
41badf5d,3,1,1,0.8919025247024202
41cfd1db,3,3,3,1.1189184422665717
41d48900,3,3,0,0.7063244037050689
42309938,3,1,1,0.8092225122300205
423610ac,3,3,1,0.5084747252438007
4248261f,3,2,0,0.13421118419682904
4255e559,3,2,0,0.3689425354640428
4262ce3d,3,2,0,0.3410281340550022
427037b2,3,2,0,0.15732173862403526
427fad9e,3,2,2,0.9396462301295367
4280076d,3,1,0,0.36108171177051085
428970d4,3,2,1,0.8768331607582187
428c37ea,3,1,0,0.4252988106334822
429cc266,3,3,0,0.4767849149840989
42aa29fb,3,2,1,0.49233033587864966
42bf071e,3,2,2,0.4559694046014191
42c6f67a,3,1,0,0.1979719477269577
42dfc9dd,3,2,2,1.0201510900839048
42ebc3fd,3,2,0,0.6695039488128487
4307d287,3,1,1,1.2312973093135637
435bfa7b,3,1,1,0.4652282830774982
43629a34,3,1,0,0.03211022787731266
436dd613,3,3,0,0.3818920725267717
43720c15,3,3,0,0.8557181485807812
43808706,3,2,2,1.1285188551460945
43a7386d,3,3,1,0.6645584936060239
43d43363,3,1,3,1.3592918885293581
43f44f6c,3,1,2,0.5750641267170488
43f5d3c5,3,3,1,0.4994103676250464
43fb80d6,3,2,0,0.7033817428643903
43fdba8b,3,2,0,0.36493938564591166
440acf4f,3,1,0,0.11942440620204298
4442c376,3,3,0,0.3678619212219716
4496d883,3,3,2,0.47600476568030664
44b8622c,3,1,0,0.9695788492310826
44cbf5c5,3,2,0,0.30971701599963103
44eaea78,3,3,2,0.8283002924777233
4505724a,3,1,0,0.026323805976566028
4507da27,3,2,1,1.144105716232023
451b0cd9,3,3,0,0.2215363441845425
451c11b3,3,2,0,0.5712861133579799
4570c8b8,3,1,0,0.34070070688319276
463bf3b2,3,1,0,0.12377423695198109
464a75fb,3,2,1,1.1594659038865451
4659aa1a,3,3,0,1.189036136074666
465d3273,3,3,1,0.5960167405892023
467c549f,3,2,0,0.26590306409229686
46850373,3,1,0,0.28697099069413223
471e4d12,3,2,2,1.261133361133255
47240aa3,3,3,0,0.30748073849847096
47350ac6,3,2,0,0.7588171513793633
475ebe47,3,1,0,0.3005121813248489
4777151c,3,3,2,1.177802920218975
47a52eb8,3,2,1,1.1496236173816832
47b3bea1,3,3,2,0.19799022830575297
47c1f368,3,3,2,1.157024937513337
47c3b47c,3,3,1,0.3119800102711556
47c55e13,3,1,0,0.43893304827941504
481a1861,3,3,0,0.5702063562361647
4859a9f9,3,3,0,0.1727506800599669
485d7c69,3,3,0,0.43937660414293755
489fa831,3,3,1,0.5436483696399033
48c205d9,3,3,0,0.4800740835831092
48db8ecf,3,1,0,0.1603253235427739
48df987b,3,3,0,0.448665197766305
4926b18a,3,3,0,0.33622827147420387
4940a214,3,1,1,0.6054900638432344
4950e24c,3,1,0,0.8012431330340207
499d4499,3,1,0,0.959777362925283
49a1931d,3,3,0,0.367218583805737
49e4eade,3,1,0,0.5057571877441474
49f38606,3,2,0,0.23369244526914879
4a0b1b9d,3,1,1,0.6540518722837653
4a3b6521,3,2,1,0.36036328470537743
4a475a9f,3,2,1,1.2372507726602615
4a4a0f78,3,1,2,1.2643625832752323
4a68d751,3,1,1,0.7705848305853458
4a69e534,3,3,0,0.15398281276329795
4a6af685,3,1,0,0.5254655606429861
4a9f92ca,3,3,0,0.18098408101294722
4aa87859,3,2,0,0.35408947638178967
4ac5c412,3,2,0,0.2216038785622818
4acac04e,3,2,2,0.4768561856800717
4afa8a76,3,3,0,0.11533095966826096
4b0f961e,3,2,0,1.161073715653191
4b1f6855,3,2,0,0.29620293248710206
4b20bce7,3,1,0,0.3100560890205981
4b328259,3,3,0,0.45314109288626925
4b3c7594,3,1,1,0.27378723606010547
4b3db4f4,3,3,0,0.362259015049913
4b51db3e,3,1,0,0.13333907864957428
4bc2bee9,3,1,0,0.5220509286390687
4be6f3c1,3,3,0,0.542087788536033
4c238671,3,2,1,0.7784186461568382
4c37fb30,3,3,2,0.9385635507868613
4c8dfaf0,3,1,2,0.4724297429573924
4ca242ea,3,1,1,1.2722003183203348
4d19854c,3,1,1,0.5398720971790133
4d41bb62,3,3,0,0.09991643127155803
4d42caed,3,2,0,0.15343323208038329
4d5a8ce7,3,2,2,0.9459787385513214
4d61a44e,3,1,1,0.7468692562381674
4da4aba2,3,3,2,1.0482004052166003
4dc4ed56,3,3,0,0.5512492203618392
4dc86a42,3,2,0,0.3368011930700454
4decbcd8,3,2,0,0.2098564251307931
4e052db0,3,2,0,0.700132581884931
4e6c7a75,3,3,1,0.3389712022300355
4e85505f,3,3,2,1.002577673326185
4ea3963e,3,2,0,0.6264871370962438
4ea4e6c9,3,2,0,0.27507182414467435
4eade67b,3,3,0,0.4680720365618416
4edb98d8,3,2,2,0.7691435314619959
4f059221,3,1,0,0.04500476082752425
4f059a8a,3,3,0,0.8858782949302146
4f20b188,3,3,0,0.4044278986201216
4f2d0925,3,3,1,0.6405477682300529
4f3b33ba,3,1,1,0.637231683116734
4f3cd5c2,3,1,2,0.8613293225284043
4f93504a,3,1,0,1.2331851256118855
4f96d1e7,3,2,0,0.210928212186401
4fd7e043,3,3,0,0.31276823368208934
4fe97569,3,3,0,0.8210137685076556
4ffa995b,3,1,0,1.205694127707777
504ed32b,3,1,0,0.19661815745563105
50707f1e,3,2,0,0.5516861988168229
50b2b84b,3,1,0,1.0873265675631079
5124169c,3,3,1,0.8245456321890305
5132511c,3,1,1,1.0879715419482776
51364c23,3,3,2,0.6454343142008064
515402ee,3,2,0,0.36761291349925895
5198e7b3,3,1,2,0.416388642693637
51a349db,3,2,0,0.6981838796741429
51c15d22,3,1,1,1.2816635590377778
51eb8d14,3,1,0,0.5651972142971949
51f38b37,3,1,1,1.2113861349664998
5216ef61,3,3,1,1.0813075883853025
52219dbb,3,3,1,0.586104960187766
5264bb0e,3,1,1,1.1248766271327177
526f719b,3,2,0,0.2544833246654843
527e796c,3,2,2,0.6826869760196121
52bd147c,3,2,0,0.32288657028408874
52ce9b8b,3,2,0,0.21244828074374494
52e9e467,3,3,0,0.6869163144640356
5320dac6,3,3,0,0.7853512393336668
537dc410,3,1,2,1.1031463316137669
53814642,3,3,1,0.30178536619192453
53cf99f2,3,1,0,0.2613375978421527
53d20dc3,3,3,0,0.10487365292310169
53ea1e7c,3,2,0,0.4424905695955168
54391716,3,2,0,0.6908821800094245
54854783,3,3,0,0.6103663780319292
54945f30,3,2,0,0.6430543278319206
549712ab,3,3,2,1.1901013949889956
54b35de5,3,2,0,1.4542297634746508
54c87d3c,3,1,2,0.6170926067476952
54e592da,3,2,0,0.8698117153700387
54fef303,3,1,0,0.68747519748313
54ffe872,3,3,1,0.32132728312533687
55464fb7,3,1,1,0.42843144659639265
554e46e9,3,2,2,0.5333083834810485
556604d2,3,3,2,1.052924914046585
5588f518,3,2,1,0.4186935842670595
55edb6ed,3,3,1,1.09632840530015
55f9338e,3,2,0,0.21576461102549355
561f2797,3,3,0,0.29543795959714775
56210fdb,3,3,0,0.19072537178883453
5637a5a4,3,3,0,0.19452551423206443
56418caf,3,1,2,0.7124943875308499
56443aba,3,3,1,0.5047792001821734
56761daf,3,1,2,0.7799694865596005
567ecea5,3,1,0,0.4569247484096318
567fd23a,3,3,1,0.896910881593985
56d9dead,3,3,0,0.10678358225077822
56ef356c,3,2,0,0.4137077582055335
574599a8,3,1,0,0.22072362903752513
574cb902,3,2,0,0.21256641942966592
5775ec58,3,1,1,0.7763556611113831
5779f2e9,3,2,0,0.31467751620592205
579e50bd,3,1,0,0.5708875328077706
57c4f2b4,3,3,0,0.5887079257708031
57d82f30,3,1,0,0.9263130671459385
57de6095,3,3,0,0.11185078470418286
57f6fa6c,3,1,0,0.08520009748746188
58391429,3,1,2,1.5009655780092082
58a255e6,3,1,0,0.20705561294461877
58ada72e,3,1,1,0.646549384802045
58de61f0,3,1,1,0.7773550112420305
58dfccdb,3,2,0,0.40124211068759463
58f11465,3,1,0,0.3027802005463027
592adca0,3,3,0,0.38639057880519784
592b3b7f,3,1,0,0.43712381855369253
59305d37,3,1,1,0.8749692639904345
59307c13,3,2,2,0.5614264781297016
593a7148,3,1,1,0.29826837614666984
59402969,3,2,1,1.0755650207604284
5985f299,3,2,0,0.17807235264340376
599850d0,3,3,0,0.30669718054383965
59b7fc28,3,1,0,0.09827300037216591
59d7a3a9,3,2,0,0.3735585339568465
59ea397f,3,2,0,0.022172440032079632
5a07e79f,3,3,1,0.309717007741681
5a2c7642,3,2,0,0.20924025346999076
5a3005de,3,3,2,0.7902086969308972
5a313293,3,2,1,0.8765939991920354
5a4b3725,3,3,1,0.9380318630255831
5a5f6d41,3,1,0,0.6527440130718405
5a5f9fb2,3,1,1,0.5573645050259186
5a8712ae,3,2,3,1.2617538741764602
5ac9eca0,3,3,0,0.27373774243048005
5ad85a02,3,3,0,0.38696106191214097
5af79adb,3,1,0,0.7608299722829328
5b299ae1,3,3,1,0.15966645930239082
5b2c9b83,3,2,1,1.1555516429330113
5b4d2604,3,1,0,0.5019438730177483
5b66b6f2,3,3,0,0.020603248932477003
5b9ff85e,3,2,1,0.601487151441416
5ba201ba,3,1,1,0.5633506104680479
5bcf002a,3,2,0,0.5109692984328915
5c045867,3,3,1,0.9382853804114732
5c186496,3,3,0,0.20932030401135138
5c22f241,3,1,0,0.12653606529285644
5c2c136d,3,3,2,0.9121358900741232
5c3b30d7,3,1,0,0.34948344937704334
5cd83147,3,3,0,0.7572000021825924
5d1d7e41,3,1,0,0.1519936914098779
5d3b6ea5,3,2,1,0.6055025213513492
5d762840,3,2,0,0.8747896049625319
5d805d83,3,3,0,0.6861400533280815
5d885b20,3,2,0,0.13278054893434355
5daa20e7,3,3,0,0.3162170656489137
5dad24ff,3,2,0,0.9558731249724377
5db3db12,3,2,1,0.7536432813285641
5ddbac80,3,2,0,1.1356431802830929
5e221c50,3,1,0,0.659448847855147
5e2a9e63,3,3,1,0.23347743322754932
5e2c1349,3,2,1,1.0630844439512968
5e359a08,3,2,2,1.1200137325714123
5e415f05,3,1,2,1.0154394151714086
5e55e9fd,3,2,3,1.0865318629411345
5e57bd12,3,1,0,1.2247656136301877
5e614c1a,3,3,2,1.0670393226792863
5e6490e3,3,2,0,0.5191329188046412
5e6b528e,3,3,0,0.45778105626975174
5ea2c305,3,2,1,0.8656280124409095
5eb063e0,3,1,0,0.5429560139403815
5ed5f205,3,1,0,0.2438631760356904
5ee595e8,3,1,0,0.5898126041039744
5f099188,3,1,0,0.050833532418515404
5f1b07e1,3,3,0,0.8637542335818917
5f281a62,3,2,0,0.5456345197611076
5f37ceb1,3,1,1,1.066168249441575
5f574f3d,3,2,0,0.2471013348816818
5f7537cf,3,2,0,0.8861686405315834
5f9dddb4,3,1,2,0.6635463938003878
5fa91358,3,1,0,0.5787002747522341
603ab4ee,3,2,1,0.08363528810670068
605d6e05,3,3,0,0.38837728444782227
606e979d,3,2,1,0.9126011924352384
60c1ff37,3,3,0,0.6252001773267
60d2774d,3,2,0,0.2556555989817709
60f8462b,3,2,0,0.1702893814489984
60fb7cb9,3,3,1,0.7721375807184165
612b3ff9,3,1,0,0.47144065245431005
612dd900,3,1,1,0.22423403107951329
616fc21f,3,2,0,0.23328169468893184
61823525,3,1,0,0.11882470948842072
6187d0dc,3,2,0,0.05304574131132456
620536d0,3,2,1,0.38451346041177914
621066ff,3,3,2,0.5986933566935211
622bb412,3,2,0,0.12929676445069943
6247cc15,3,2,1,1.0838227259658582
624869b6,3,3,2,0.8959103923484182
6277e13c,3,1,0,0.536301926492555
6282e693,3,1,0,0.04328849893054998
6291fddd,3,2,2,0.5650465025082656
62b873a2,3,1,1,0.39781375196648855
632eca98,3,1,0,0.5686865217555657
6332ad59,3,1,0,0.1429788696263598
63334478,3,3,0,0.402659186801382
635554d2,3,3,0,0.5239487553752841
63d4ab9a,3,3,0,0.4136122349325524
63fc9770,3,3,2,0.9070406293327827
641697e6,3,2,0,0.22470194421202128
641a2b87,3,3,0,0.22872096374633782
649ff6d9,3,2,2,0.9638549261569218
64fc556b,3,2,0,0.09843137628229592
6515ef94,3,2,0,0.15875711727294983
654203ec,3,3,0,0.4062228487150145
658e66ec,3,2,2,0.8490579299768723
6595d479,3,3,1,1.2317850626787195
659fec57,3,3,0,0.5809733866452363
65af9f2a,3,2,0,0.496345202253035
65dc81f5,3,3,0,0.7029922773253001
65dfe4b9,3,2,0,1.3397651817680165
65f9369d,3,2,0,0.5298854096348781
65fe69c0,3,2,1,1.4534973820068176
66094cfd,3,1,0,0.7104874791143143
665abfda,3,2,1,0.5004901490573646
66665e95,3,1,2,0.72135068583511
6666aed3,3,2,1,0.7276196677306719
6672e527,3,3,0,0.12009252785042096
668a2fea,3,2,0,0.3851592675929192
6699c999,3,3,0,0.2279747685564542
66d86d0b,3,3,0,0.9102685791397287
66f044c7,3,2,1,0.521494038469377
66f619e3,3,3,2,1.3612695599982425
6708fcd9,3,3,0,0.23140201601902188
672a32f1,3,2,0,0.14109128440826824
673a7e2a,3,2,0,0.10521311511191417
6774ba64,3,2,0,0.37380637382650733
678598dd,3,2,0,0.15034530219236586
6795027a,3,1,0,0.2681060212912153
679ce4b2,3,1,2,0.9502117883355548
67b54cdb,3,2,0,0.20776326504476877
683464ff,3,2,0,0.5153196389573113
68572a28,3,2,0,0.10371600684703047
685cc0f1,3,3,2,1.036035833141425
68688509,3,1,0,0.7582611308049683
687c85e7,3,3,0,0.5670605848410585
68a59e56,3,1,1,0.2209710595648574
68be3d5c,3,1,0,0.30445023250083014
68be5113,3,1,0,0.055706358359990715
68e514dc,3,2,0,0.5983583794211386
68e61f96,3,1,0,0.3942631829860398
68e7140b,3,1,0,1.4343001026737323
68fa4631,3,2,0,0.44028819992335755
69074cf3,3,2,1,0.037086830720035824
69742f6f,3,2,2,0.8991641511550976
697c41d7,3,2,2,0.491410922182229
698b9067,3,2,1,0.4292047923855029
69b65679,3,2,0,0.26632531530002196
69ccea20,3,3,0,0.30558901496346
69cdf9c3,3,2,1,0.5557574206600484
6a04461f,3,1,2,0.3992378116585594
6a138911,3,3,0,0.5575284936297521
6a16089d,3,2,0,0.47161919025315463
6a2c6073,3,1,1,0.9702475461972646
6a2fd807,3,3,1,1.2502075746732548
6a4df6ff,3,2,0,0.024419501951462808
6a6da46c,3,2,1,0.5965254712131537
6a7d07fb,3,3,0,0.24410195261230705
6a837387,3,1,0,0.146304721250489
6a83a423,3,1,1,0.48489629782774574
6a864b11,3,2,1,1.1160940166873907
6a98537b,3,1,0,0.37424006393017634
6a9f0db7,3,2,0,0.12787935443886478
6abd21d4,3,2,1,0.8076165036507759
6abd2bd4,3,3,1,0.912744587976525
6abe8b60,3,1,0,0.2157976628899868
6ac5763a,3,2,2,1.1031387176057534
6ad91972,3,1,0,0.49207688298079577
6ae1473e,3,3,1,0.39294136243940847
6b4b8c14,3,3,1,1.0980141940632686
6b6467f4,3,1,2,0.7920810344131443
6b773506,3,1,1,0.8706725479131803
6b9a25e6,3,1,0,0.23764417821640937
6be0f069,3,3,0,0.5939826651980284
6be56337,3,1,0,1.0031054127134569
6becb599,3,1,0,0.1255075714464866
6c0fe935,3,2,0,0.8066352377790657
6c2edc91,3,1,0,0.9852808173898788
6c319d99,3,3,0,0.38520637411411723
6c4902c8,3,1,0,0.5768863110193956
6c6cd633,3,1,2,0.6347492319196738
6c737069,3,2,1,0.18058704065091286
6d341798,3,3,0,0.22309951346319773
6d5944a9,3,2,0,0.26202066557060477
6d5c5afb,3,1,0,0.44015108662101
6d707ac3,3,2,2,0.9809522777260945
6d70e716,3,1,2,0.6649528653128257
6d855495,3,1,0,0.7542779678625209
6db14d48,3,2,1,0.5569548567682924
6db453ce,3,3,2,1.0323286279079034
6dfe4a75,3,2,1,1.1695391869338494
6e0d4774,3,1,1,0.8774372228404731
6e0ec0fe,3,3,1,0.8055853943335333
6e128c6b,3,1,0,0.8240339404436321
6e1d28b6,3,2,0,0.5297618066494669
6e85a624,3,2,2,0.4061677231386903
6e89cee5,3,1,0,0.7656592185120843
6e9beaee,3,1,1,1.347709809513873
6ea48a4e,3,3,0,0.47877020647344914
6eff29da,3,3,1,0.2599477085206988
6f49c8d0,3,1,0,0.29771594617913294
6f5677b7,3,2,0,0.8478664174437998
6f5a31ea,3,1,1,0.3681914146260032
6f878799,3,3,0,0.5482336412144703
6fb28c2a,3,3,0,0.030633648121091817
6fc6b5c4,3,3,0,0.3519731581200336
7015528d,3,2,0,0.4506292865964864
707c82c4,3,3,1,0.33280751624757604
7092a6ce,3,1,2,0.9384031203117102
709457f3,3,3,1,0.41962128401781035
710345b6,3,2,0,0.13201351863983107
7106a387,3,3,0,0.44024259433879853
7151d8b5,3,2,0,0.43938543696435495
71850348,3,1,0,0.47528421775924345
71852781,3,1,0,0.4467230885594271
7187caec,3,1,2,0.9459697713060407
7192b2e8,3,3,0,0.32120432634564405
71c1b1d2,3,3,0,0.10699163846593462
71ee31f8,3,2,0,0.16251096030095014
71f21593,3,3,2,1.2736363749671729
71ffd0ba,3,3,0,0.44270093946040096
7214ad21,3,2,1,0.9680483038727736
721ea536,3,1,0,0.83776349040191
72264d13,3,2,1,0.6381993624839895
723ee34c,3,2,0,0.41532021114390105
7250264b,3,1,0,0.1924475614237282
72565f5c,3,3,0,0.5353079312440112
7265f1e5,3,2,0,0.27390355129685373
72a0c969,3,1,0,0.3644943397967981
72aa1a30,3,1,2,1.1895831457029227
72afd4ca,3,1,0,0.9022688595595096
72bbfadf,3,3,1,0.7150020387065578
72cb1703,3,2,0,0.12649081622009967
72cc9a64,3,2,0,0.5691958178900441
72fa40ba,3,3,2,0.8127906549453359
7305af8b,3,2,0,0.40985088128707703
7308d22c,3,3,1,0.5371993146619932
732b2327,3,1,0,0.5497842379235188
7347b54e,3,2,0,0.09713428978007405
738e7248,3,2,1,1.0364850559093093
73d0e0a0,3,2,0,0.5224837681525606
73ec551e,3,2,0,0.13325569658565223
73ffa609,3,2,0,1.144446157382038
745e6065,3,3,1,0.5394961946334617
7494989e,3,3,0,0.09275232437949321
7498fbde,3,1,1,0.5786988252376126
74be50af,3,2,0,0.2375037022196128
74c2bd81,3,3,1,0.9791834929810619
7514c6f4,3,1,2,1.4155570320394923
75311a3f,3,2,0,0.7864572077201505
7533a4a9,3,3,0,0.5625260983201658
759328e6,3,1,2,1.5295166627257328
75ad73ee,3,3,0,0.2967119315598622
75b0446f,3,1,0,0.5614331441354516
75b53bd4,3,1,1,0.32442098411833953
75bcc1e0,3,2,1,0.32976083587955785
75c13e08,3,3,1,0.47814772701985336
75db1257,3,1,1,0.8709644812085114
764d8b42,3,2,0,0.1264272866041743
76781cd8,3,3,1,0.40948282232370103
7698543b,3,3,0,0.7592887142699244
76dc0e9f,3,1,0,0.23089700406368124
76dfa86c,3,3,0,0.16143404586925397
76f8f621,3,3,1,0.38624230492057304
776d33af,3,2,1,1.2031758309400273
777a3e9d,3,2,2,1.1184568476191932
77941a98,3,2,0,0.45560316747981533
77a5b2ad,3,2,0,0.26903019321304883
77bfe07c,3,1,0,0.860640012582905
77e460ce,3,3,0,0.34009103338250835
7800a084,3,2,2,0.9713319105940852
782a0589,3,3,0,0.5917883643937865
782af70b,3,2,1,0.8313011113611128
7858fd16,3,3,0,0.40298042211336826
7860b64c,3,2,1,0.4622790042515099
78667893,3,1,2,0.04999826632767268
78704d22,3,2,1,0.9894453438512127
788268a4,3,2,0,0.22278752568379634
78a34e5d,3,1,0,0.2678951053057084
78b488ff,3,1,0,0.3003355171308946
793c2e31,3,3,0,0.303052319555125
7958e61b,3,1,1,0.7582655271029433
79629cf4,3,3,1,0.4852722572180006
7975694f,3,3,0,0.3497577671620421
79bd36b6,3,2,1,1.1641568912231468
79de3beb,3,3,0,0.6768709580495312
79e496f2,3,3,2,0.8387304980141128
7a0136e0,3,3,0,1.1838733669969521
7a5fccc9,3,3,1,0.45453293255685345
7a6d26a2,3,1,0,0.6567327339236648
7a86fcd2,3,3,2,0.8294670843927708
7ad92034,3,1,1,0.5699841311863587
7af8eac0,3,3,0,0.10098081142435245
7b0a4060,3,3,0,0.2909035563404303
7b516283,3,3,0,0.4351397288047181
7b543871,3,3,1,0.465212913346592
7b78e634,3,2,2,0.6968450186590274
7b8842c3,3,2,2,0.7565099663093768
7b9690de,3,2,0,0.39284534915776653
7bbde46f,3,3,2,0.2637008880862723
7c194077,3,2,1,1.3251183096985872
7c1d7ddd,3,1,1,0.37831655902365585
7c21ad67,3,1,0,0.5223386261858447
7c29e92d,3,2,1,0.7961979963766814
7c39c8e5,3,2,0,0.3511020043835563
7c6cbfdd,3,3,0,0.14663085913024032
7c71edac,3,1,0,0.5322563337620074
7c8f0c95,3,3,2,1.2309844877197016
7ccdb9f2,3,1,0,0.480912527938861
7ce36c38,3,3,0,0.49896100353570055
7d0a92d5,3,3,0,0.6648428388400163
7d22cd0a,3,2,1,0.3351394532994664
7d2f236b,3,2,0,0.23561988477101709
7d666f0f,3,2,2,0.5749595477830399
7d878d0d,3,2,1,0.808418906423264
7d927bdf,3,3,0,0.5715741011815797
7dae6de9,3,2,1,0.3048144286067243
7dc65b92,3,3,0,0.9524815469605858
7dd54e69,3,1,2,0.6309195047181022
7deeb4fe,3,3,0,0.999000227157427
7df487b1,3,2,0,0.7236119808573481
7e33976b,3,2,0,0.1695284126992047
7e46b693,3,3,1,0.8754601687096781
7ebca7c4,3,1,0,0.5715942596452995
7ec65d94,3,3,0,0.21903090065513348
7ecea16d,3,1,0,0.07628873972353034
7f04b4fc,3,2,1,0.46841638953153497
7f1063e4,3,2,1,1.007017564909639
7f26f78c,3,3,1,1.1884473916343548
7f2715b4,3,1,0,0.3401242773515283
7f44236f,3,3,3,0.8691018422663204
7f5aeb05,3,1,0,0.3405928707366306
7f950ef2,3,2,3,1.1914847110138647
7fa51811,3,1,2,1.0936856813538
7fa7ccc4,3,2,0,0.3018261848062241
7fceb836,3,2,0,1.0019679237209067
7fd40f2b,3,2,1,0.5781352223327243
7fe0a99a,3,1,0,0.4525339285911843
8017f13e,3,3,0,0.8432877191308739
8033847f,3,2,1,0.9634268803283774
8068fafb,3,1,0,0.27052114590529874
806d877f,3,1,1,0.6240584344510508
8078b7de,3,1,1,0.6358137926927708
80a5f1e1,3,1,0,0.7152995639031091
80a9f2bb,3,3,0,0.24499845775610918
80b46ffb,3,1,1,1.2517528337299095
80d8829a,3,3,0,0.17175741339591588
80ed2bcf,3,2,1,1.1745571602442553
81095901,3,3,0,0.3205720208150315
812f6873,3,3,0,0.546038603740768
81364a4b,3,3,1,1.0402012222443595
813e7f93,3,2,0,0.148383640743247
8148c785,3,2,3,1.2940404188161572
81766b8a,3,2,0,0.4902283461530109
8189aa29,3,2,2,0.7213403408409609
819ad5f1,3,1,0,0.3348977252440849
81c0b83c,3,3,1,0.3640300449857984
81d3ab22,3,2,0,0.8641537402530823
81d607bb,3,3,0,0.22724179333233402
81eaf4c1,3,3,0,0.10750075000393405
81f60502,3,1,1,0.5625116554384404
8226bbd4,3,3,1,0.3507158413117407
82422684,3,1,0,0.7947160832401835
8256a969,3,1,0,0.376535929799915
828b31ca,3,2,0,0.2128848612961436
82923551,3,3,0,0.12730749760735338
82a114c1,3,2,2,0.6734102284847017
82ec9747,3,1,0,0.1792260867412293
8310a02f,3,3,0,0.4049044552038874
8328c8b3,3,3,0,0.8479170734216641
83379672,3,2,1,0.32643062458716715
836b4de3,3,2,0,0.6952763240342964
83711ef5,3,1,1,0.7536685418483554
8376acc5,3,2,0,0.21486693887947866
83846d0c,3,2,0,0.3094469103377519
83912085,3,1,0,0.33966779943396436
839b507a,3,2,0,0.13040657079013895
83eda373,3,1,0,0.3534684527694353
83fb5ee0,3,2,0,0.22107444132491555
840ff4b7,3,1,0,0.11484148415670331
844b87f8,3,1,0,0.2899066817974831
844be9e4,3,2,0,0.3257713221320069
84875079,3,3,0,0.41705339636445704
84a16b14,3,3,0,0.5017502410578458
851b425b,3,1,0,0.3740688295090291
854eb237,3,3,0,0.25538378373841064
85525f8d,3,3,0,0.39001330076362656
855c6099,3,3,1,0.4138272008856998
8570ea5f,3,1,0,0.5801241651601159
8572d442,3,2,0,0.9887857600680559
8581b9a1,3,2,1,0.6163991850251527
858ae6a3,3,1,2,0.8914669623712196
858be19a,3,1,1,0.6518071891438459
859cbb27,3,2,0,0.23924620890673898
85a1082c,3,3,0,0.46626904376257655
85b027ee,3,2,0,0.36033691134700396
85ba333f,3,3,2,0.48596275054096616
85d9c915,3,3,0,0.3279139442368092
85f23af6,3,2,1,0.18435640776048456
861188f4,3,1,2,0.8510304034298417
861fd4a0,3,1,0,0.1927298478289899
86335468,3,3,1,0.6298371178324484
863f7033,3,2,0,0.916813754978659
866a08b7,3,2,1,0.22745999510344006
86bd716a,3,3,2,0.8596755586962204
86e56299,3,1,1,0.7001089124043448
87050a09,3,2,0,0.5304547798961341
871b2b19,3,2,0,0.2881661785393279
87509a7b,3,3,0,0.3443914441863246
8772f64b,3,2,0,0.7642073430154133
87a60251,3,2,0,0.1520434971459314
87b78ee3,3,1,2,0.812381630886421
8823b020,3,1,1,0.4591869189832182
88300a4b,3,3,0,1.0463104723975374
884c429c,3,3,0,0.025557469320236503
8875387b,3,2,0,1.08736850522442
8877cdee,3,1,0,0.26687592550346667
888c45f9,3,2,1,0.09976042216387238
88c640b9,3,3,1,1.0130209429027053
88cdb5bd,3,2,2,1.1348857111479906
88e04d93,3,1,1,0.8649178999408987
891b8cd5,3,3,0,0.9276873721719389
89261ca6,3,2,0,0.39350917420495485
893293dd,3,3,0,0.10715163812420825
895f9725,3,1,0,0.9004766204129608
897da2c8,3,1,0,0.242180231442938
89a26502,3,1,0,0.439241215709838
89d475e2,3,1,2,1.298101496653635
89d7d2c3,3,2,0,0.12472196892425119
8a44ea3a,3,2,0,0.28563339124005166
8a4d341b,3,1,0,0.4058010760884945
8a645723,3,1,1,1.2321508694254675
8a6b6912,3,2,0,0.2670258911793367
8a77c3e9,3,1,1,1.0559078679599723
8a77d185,3,2,2,0.5462289204643616
8a78a063,3,1,0,0.24267005970123556
8a9cce44,3,1,2,0.4321650106347997
8a9e653f,3,1,0,-0.026163226559259067
8abbbc38,3,1,0,0.4965968250508917
8ad5e251,3,3,0,0.25731665347656746
8ae6a52f,3,3,0,1.008132623476918
8b02eb7e,3,3,0,1.4317271466881172
8b3c900f,3,1,0,0.6097889859864764
8b4b9648,3,2,1,0.5728505345247882
8b802ca8,3,1,0,0.157268904599688
8bf72a9c,3,3,1,1.343070466235079
8c0ca955,3,1,0,0.5415478291391422
8c1f9196,3,3,1,0.758329595470029
8c9c253d,3,3,0,0.5355778669456762
8cab7bc4,3,1,0,0.4711461380099396
8cb19d64,3,3,1,0.2838233989002538
8cfcac79,3,1,2,1.0374110554876013
8d010562,3,1,0,0.5039086928246388
8d11c14a,3,1,1,0.2949389844783085
8d8b8553,3,1,2,0.6664151996860826
8db09bb4,3,2,1,0.728990601293428
8ddb6b8d,3,3,0,0.4660918308233138
8e24b103,3,1,0,0.2543873370566801
8e380413,3,2,1,0.49005133823536057
8e59a69a,3,1,1,0.4677472260815619
8e749c85,3,2,1,0.9378175943598386
8e80deb7,3,1,0,0.8487513710564937
8e93a873,3,2,1,0.9417818925814463
8ec2cc63,3,1,0,1.0186074311515805
8f015125,3,3,0,0.7237592211082592
8f112082,3,2,1,0.7945600864223495
8f13c52a,3,3,1,0.8051310279681634
8f1e1df6,3,3,0,0.7055083494321922
8f21c613,3,3,1,0.7631843153445074
8f2d131f,3,2,1,0.6022553803529572
8f39a0e7,3,3,1,0.40112448697238934
8f68479b,3,3,3,1.0064373645185256
8f9c03c6,3,2,0,0.061437994323105594
90161e10,3,1,1,1.108310480443759
9027c805,3,2,0,0.38988448122464336
9052579b,3,1,0,0.3674838923788314
9061cc9c,3,2,0,0.032656179750251035
908b1207,3,3,2,0.7428148294973073
9105b812,3,1,1,0.8179827607153775
911d1406,3,3,0,0.7031026237783243
912a91b0,3,2,0,0.5989012623609424
9130a22e,3,2,0,0.40549080889052747
91386987,3,3,1,0.7263384340503145
913bea9f,3,3,1,1.2892067217771
91656d27,3,1,1,1.2674749566856724
916f7069,3,3,0,0.495909273542009
917990b2,3,1,0,1.0329256239525184
9181b136,3,3,0,0.22589146044588204
91930eec,3,3,0,0.286061623259852
91942b42,3,2,2,0.5462396500589891
91a5d06e,3,2,0,0.16522216640552928
91e23cc5,3,3,2,1.1886741938650491
91e86c47,3,3,0,0.5996813331643929
92031591,3,2,0,0.7162259101650117
921146d1,3,1,0,0.39918480350983243
92293b06,3,1,0,0.8393497540179533
92622443,3,3,1,0.49048976293729807
926a64d8,3,2,1,1.208736745951925
926b3a76,3,2,3,1.1380913212288986
926bd07e,3,1,0,0.43528569304461434
9271574b,3,3,0,0.4490775711573496
92b18571,3,2,0,0.3833165515351703
92bb8516,3,2,0,0.2964461429510265
93188a17,3,3,0,0.4953519431840347
932b5928,3,1,1,1.1068511009098554
93363059,3,3,1,1.0457921531444605
933da99b,3,3,0,0.786695237599992
93559639,3,1,0,0.11664934521753612
93904b23,3,3,1,0.966893465255392
93c06d4c,3,3,0,0.4940678796626572
93c72a97,3,2,0,1.0094972535969373
93c93585,3,1,0,0.46115337318903105
93f8b501,3,2,0,0.3506834654354193
93fd93c4,3,2,1,0.8215424664544811
93fda84a,3,2,0,0.06691010268428577
9402b885,3,3,0,0.8897447429089185
9416d70e,3,1,1,0.9889321013762005
945d802a,3,2,1,0.7012222166177451
948a7025,3,1,0,0.3186468358519222
948e1435,3,2,1,0.9260507123484896
94902bc9,3,2,1,1.352211625754371
9498cc26,3,1,1,0.7050196944432123
949f94e5,3,1,0,0.1845666795315576
94a1053b,3,1,1,1.0033394664352326
9508b72f,3,3,0,0.6727689749523402
9521093f,3,2,0,0.853142119828793
9540fa8e,3,3,0,0.37625330552613656
95488452,3,2,0,0.05031950974697119
954a4c2e,3,2,1,0.6474825172463116
9568e659,3,2,2,1.2060506663130934
9570bfb7,3,3,0,0.13328957109313327
957dcb7f,3,2,1,0.1503024126066494
95cc96cc,3,3,0,0.1425744237793235
95d57ff9,3,2,0,0.8539761436747743
95e04c4b,3,2,0,0.13626207354579478
96262441,3,1,0,0.18162646120806092
9646a500,3,3,0,0.3047977550811063
96595f1d,3,3,0,0.2194003027924873
966161e7,3,1,0,0.004065891634699281
966fffd0,3,3,2,1.2329576956290276
9682cd0d,3,2,0,0.25010423111178925
96de5f57,3,3,2,0.957558681574072
96f13763,3,1,0,0.09387472777535166
978218e6,3,2,0,0.46475082955044666
97bb0cc0,3,3,2,0.8966315194444017
97d0593e,3,3,0,0.4990480129993994
981568fa,3,1,0,0.49875203979831806
98413061,3,1,0,0.11052413110881104
9853fb61,3,3,0,0.6991922313541439
98a4be3f,3,3,0,0.7497573660841491
98a81a90,3,1,1,0.846659403141484
98ed2153,3,2,2,1.0179573075931638
99205f42,3,3,1,0.7954780922213037
994ee014,3,1,0,0.35396103565257203
99752704,3,1,1,0.5936142016458769
9977fb0f,3,3,0,0.4233148992324609
998115f3,3,3,1,0.46262649679934476
998cfa64,3,3,0,0.2391828824164366
99a1711f,3,2,1,1.1729026314717768
99b15811,3,3,0,0.45517900352743773
99ec8c4a,3,2,0,0.43663646565883385
99f0cc53,3,3,0,0.2392962629306371
99f3be05,3,2,1,0.5421999765780349
99fe5b44,3,2,0,0.7831158339351185
9a2082cf,3,1,0,0.35887648567505925
9a50d2d8,3,2,0,0.9583259984117896
9a5aed6c,3,1,0,0.8419176234801828
9a76906d,3,2,0,0.28677400574044365
9aa1a2ae,3,3,1,0.47303700563997764
9aa36639,3,3,0,0.1589056374305377
9aab3e36,3,2,0,0.3093455923329366
9ab4909f,3,1,1,1.0570032622012266
9af5548f,3,3,0,0.692626056506826
9b328d6c,3,1,2,0.837554856730859
9b5f13ec,3,2,2,0.952115606073197
9b96b0e4,3,3,0,0.41703684707046074
9bc60f80,3,2,1,0.3375053892725427
9bd745aa,3,3,0,0.6584275341828423
9bdd6964,3,1,1,0.19620913707549992
9bf7051d,3,1,2,0.971176973382252
9c12f80d,3,3,0,0.2085124610085245
9c1ea003,3,2,1,0.5345585856458369
9c23dba9,3,3,1,0.7917382192128467
9c2df71f,3,3,0,0.05102669500893231
9c589c9d,3,3,0,0.10812823365080237
9c7a1561,3,2,0,0.19975449071380807
9c9cd7ef,3,1,1,0.45849801647901206
9cb32129,3,1,0,0.23228964743104252
9cba0d0e,3,1,1,0.6352040013972883
9ccbc70b,3,2,0,0.3510202726630923
9cee3c19,3,2,1,0.6021415413037327
9cf04c41,3,1,1,0.7004426913968986
9d0670dd,3,2,0,0.16599929611602499
9d1b2d2c,3,1,0,0.11208026842421093
9d29b706,3,1,2,0.682813690273171
9d39f0da,3,3,2,0.6365609391147394
9d5826bb,3,1,1,0.47999961265117735
9d6b1410,3,2,0,0.2722787504319902
9ddfb9e6,3,1,1,0.8846374461122088
9de6a614,3,2,0,0.8352471465161775
9e052412,3,3,0,0.303710156887265
9e29b5d2,3,1,0,0.48432469272602047
9e4385f7,3,3,0,0.7448899290776521
9e7860ef,3,3,0,0.28993543085771667
9e964060,3,2,2,0.20250595063630078
9eb283e4,3,1,3,1.0013802702030192
9ebb73c7,3,1,0,0.5473218604634327
9f3ca269,3,1,1,1.0920170215424583
9f5f15ef,3,2,1,0.8641130089223955
9f6b9158,3,1,2,0.8937535822747421
9f70688f,3,2,0,0.02678103501525686
9f9be55c,3,1,2,0.7269484537034743
9fa5cdfd,3,1,0,0.20825500885882048
9fb96ae3,3,1,2,1.0244356977655489
9fbc09a6,3,2,0,0.26937897841213343
9fbf31f9,3,2,0,0.19013619692631034
9fbfa81b,3,2,0,0.1603859981347474
9fec142f,3,2,1,1.0125138072222828
9ff73d95,3,3,0,0.36265840144286576
a00c3ab0,3,3,3,1.416655072472191
a00c85e7,3,2,1,0.9712737298644413
a0182b17,3,2,0,0.7253167431171063
a0277c1c,3,2,0,0.3705799530230325
a032d7bb,3,2,0,0.44878640721478286
a0482f47,3,2,0,0.5023300688999195
a0510686,3,2,1,0.07548138516455472
a0522c83,3,3,2,0.6298160111774301
a07ec6fb,3,2,1,0.5959244979928854
a08ebf6e,3,2,3,0.9356449100849842
a17f6cfd,3,3,0,0.9987621905003568
a1814875,3,1,2,0.7073378854032111
a1942b0b,3,1,0,0.3568915017410822
a196148e,3,3,1,1.1268411851004978
a1ab89aa,3,3,0,0.028294924281714984
a1df952c,3,2,1,1.2642867135191156
a1fe4f51,3,2,0,0.0944845879405739
a217e790,3,1,0,0.24733544898766252
a21ad8c0,3,3,1,0.898392992251438
a221c60c,3,1,1,1.067984869953428
a263a68c,3,1,0,0.3997916092198235
a28c7891,3,1,0,0.8561273954578074
a297d1b9,3,3,0,0.22224690278551462
a2994e55,3,2,2,1.275112356244766
a302a015,3,3,1,0.4031518292086145
a30e6178,3,2,0,0.5158277770213271
a3391798,3,3,0,0.23926865510654932
a3413f0a,3,1,0,0.30665813600850034
a363ec1b,3,2,1,0.9485284581824318
a38699a5,3,2,1,0.5303747265198264
a3b146ca,3,1,0,0.3361789123041635
a3bd8858,3,2,1,1.1581812327613905
a3e53e34,3,2,1,0.6709271478755285
a3ec2999,3,2,1,0.5041703057552408
a402c6c8,3,1,0,0.3760698853047288
a40c8316,3,1,2,1.0526778557043603
a4481101,3,3,0,0.7509304340627292
a45230f4,3,3,0,0.6944756767460882
a4530b41,3,1,0,0.14354612248574777
a457a4ab,3,3,0,0.24856673731505585
a49eda7f,3,3,0,0.7187962445318395
a4be0322,3,1,1,0.44089209355668235
a4f13c0d,3,1,0,0.9578652195017121
a5024ef9,3,1,2,0.445443764015793
a5078c62,3,3,0,0.6244432518264706
a5099438,3,3,0,1.4965679395757143
a55b715d,3,1,1,0.7445677329046837
a5974a7d,3,3,0,0.5309029300673012
a59b2411,3,2,0,1.0711692354793567
a5c87de6,3,1,0,0.2993282357328917
a5dbb00a,3,2,1,0.5508868359182387
a60b8575,3,2,2,1.5845573168698692
a614af1b,3,2,0,0.5360513353842683
a62edc1c,3,3,1,0.10676835901637743
a65b2226,3,3,0,0.3002994575712602
a6e72e9d,3,2,0,0.2588394282630022
a6fbb2e7,3,3,0,0.3681905764378366
a70bb2c5,3,3,0,0.5542304803922207
a70e9a7c,3,3,0,0.6052139810087716
a722f648,3,3,1,0.6325651033320011
a774c63b,3,3,0,0.6110846376633015
a78766db,3,2,0,0.8100973046661947
a7b9546a,3,3,0,0.4582549551961033
a7d2852d,3,3,1,1.0643530342689316
a808ad0a,3,2,0,0.7829817855031244
a814e825,3,3,0,0.5860082035110156
a84922d2,3,1,0,0.5669195390561677
a84ae7e0,3,2,1,0.6749580489234138
a8722cde,3,1,1,0.8526849855768455
a886c07b,3,1,2,0.8339426414457511
a88cd304,3,3,1,0.9572107997298542
a8926a86,3,2,2,1.2174845521365483
a8b0428d,3,1,1,1.457623249155783
a8c1aab5,3,1,0,0.3577379297985801
a8d90be8,3,2,0,0.8005092334785131
a8d9de72,3,1,2,0.5667962767942355
a8dc2e05,3,2,0,1.0803251046818003
a922ef3f,3,3,2,0.36107157209444884
a952659d,3,2,2,0.760857631459853
a95b4487,3,2,0,0.5235415583196268
a9717f92,3,2,0,0.5845866722214834
a971b3b1,3,1,0,0.12950237883003413
a9b84b96,3,2,0,0.018655237481296605
a9c3b925,3,2,0,0.3859842340452536
a9c53cdb,3,1,1,0.3074797543361622
a9e5794a,3,3,0,0.649106041929124
aa1700c7,3,1,0,0.3176626228540323
aa295760,3,1,0,0.27872985398329925
aa776ef6,3,1,0,0.02401233084443355
aacb0b33,3,2,0,0.8279185759366754
aae9800e,3,2,0,0.8357309750285198
ab16a20d,3,1,0,0.4675741519394543
ab1dc378,3,3,3,0.9796263993567844
ab2ad965,3,3,0,0.20446162107215188
ab4b6c15,3,3,1,0.8045293422147772
ab4fe82b,3,3,2,0.7615884822977886
ab54c39e,3,2,1,0.7405804723643612
ab5889ef,3,2,0,0.08123631761964467
ab6e1b81,3,1,0,0.13131490069011248
ab71f143,3,1,0,0.4814883048501703
ab8245da,3,3,2,0.38265861718886907
ab987c75,3,3,0,0.43237960652922447
abac67cc,3,3,0,0.9674079726522861
abaf745c,3,1,0,0.12487877303022704
abd1b232,3,1,2,1.269747119752818
ac1ad4a7,3,3,0,0.16144620690352596
ac29ec80,3,1,0,0.12894697612184092
ac31e154,3,1,0,0.4984064549413633
ac3ba541,3,2,0,0.21716436635363434
ac5fad3b,3,2,0,0.2096381689511599
ac66c144,3,1,0,0.01464246460998897
ac675a81,3,3,1,0.45308895671191
ac67c949,3,1,0,0.14952347032735075
ac967bb9,3,3,2,1.0322590176540447
acb75c15,3,2,0,0.6741052476181804
aceefa4f,3,2,1,0.8669860363099073
ad0bbf35,3,1,0,0.0240690662899139
ad1dfc9a,3,3,0,0.9470466016924903
ad319a21,3,3,1,0.7545083728429245
ad536dea,3,1,1,0.5997591851075174
ad8189bd,3,2,3,1.1712824677803508
ad8945e3,3,3,1,0.48639204214456655
ad9f821d,3,3,0,0.7529266400094122
adaf7461,3,3,1,0.6863659888422721
adba23f0,3,1,1,0.3122870881642677
adbd6839,3,3,0,0.41505559614942394
adc2d620,3,3,0,0.34014051460440137
adc71322,3,2,0,0.521785644687327
ade50eba,3,3,1,1.2691898874357017
adf444ff,3,3,1,0.5180588668091625
adfef47a,3,1,0,0.09684426307125216
ae4fdae6,3,3,2,0.9764836952387723
ae6e4380,3,3,0,0.2951776241714479
aea63a78,3,1,0,0.26425193302087113
aea92843,3,1,0,0.20377645545680556
aecc7e74,3,3,2,1.169599211650445
aed29ee7,3,3,2,0.7078786778859136
af485add,3,3,2,0.8016839783845953
af4f064e,3,1,0,0.3247615539386947
afa6cc9b,3,1,1,0.6158420715877004
afae8244,3,1,1,0.26207034369024174
aff48273,3,3,1,0.7381015776672852
b01cb004,3,3,0,0.32405967657714546
b074f33b,3,1,0,0.4576100603413157
b08423c5,3,1,1,0.8599115349639082
b08f0ca4,3,3,1,0.06456374924029673
b0ab15a7,3,1,0,0.17679413851431774
b0b57cb7,3,2,1,0.32353509624339927
b0e96997,3,3,1,0.520829856996326
b13e0cd0,3,1,0,0.8184721362026832
b1a00510,3,2,1,0.2756573934473609
b1bc2fe4,3,1,0,0.041076400671738456
b1de4423,3,2,0,0.07762821185253088
b21f7b12,3,3,1,1.0010147585657232
b2290813,3,3,0,0.9931882327758335
b2382d94,3,3,0,0.15676232955772196
b23b9220,3,2,0,0.7067650075005949
b2594910,3,2,0,0.5762009416561968
b25abc27,3,1,2,1.248425961834152
b2987a65,3,1,0,0.42575548780759254
b2a73566,3,1,0,0.8543903462791227
b2b792a7,3,1,0,1.2708813550205686
b308c03e,3,3,1,0.8096540114907826
b318f1d9,3,2,0,0.0777092389866415
b31dd1bb,3,2,0,0.811677347338563
b347b9cc,3,1,0,0.2555853830452421
b37281d5,3,1,2,0.25241431954266313
b39504a7,3,3,2,0.9464981554153382
b397a73e,3,1,1,0.35822551264459235
b3b200af,3,3,0,0.4565219727511623
b3dade53,3,2,2,0.877884138075262
b3e10f59,3,2,0,0.17794620453427196
b3e14267,3,1,0,0.7219377665596228
b3f5c066,3,2,0,0.5183114056387923
b4002374,3,1,1,0.7483599837539945
b412866b,3,2,1,0.8670610087105861
b41cee02,3,2,0,0.44370309920690093
b447e66d,3,1,1,0.32494869981126023
b449ac61,3,2,2,0.7704203514569918
b452f767,3,2,0,0.3477705428625561
b463e777,3,2,1,0.17555477697687571
b4885e6f,3,1,3,0.8884953899082447
b494401a,3,2,0,0.7007625542733986
b4bd49a0,3,2,1,0.15099737938813196
b4cfd8d7,3,2,0,0.5200155055954621
b516ca6f,3,3,0,0.5963307554472544
b53a8f23,3,3,2,0.3685828315567643
b55f7943,3,1,1,0.6034895474601997
b57e33a6,3,3,1,0.10311148559114869
b5a0707a,3,3,2,0.945860297658393
b5b2d51c,3,3,0,0.33315263313817634
b5c2bc50,3,2,0,0.4121275977214408
b64856e9,3,1,1,0.7033856941050303
b69bf1f7,3,2,0,0.7438348999317749
b6af12af,3,3,0,0.4372618928253129
b6caa7fb,3,1,0,0.2582788704075335
b6e9a65f,3,2,0,0.18603167798164932
b70db5d6,3,3,0,0.10674441902166987
b746cbe3,3,2,0,0.13224386490053353
b78d5d2e,3,2,0,0.5798146719488394
b7ac57d5,3,3,1,1.0361708731887944
b7c3834f,3,1,3,1.328510213533155
b7c410a9,3,1,0,0.4847007932194949
b7eb466c,3,2,0,0.6439271521957443
b7ec062d,3,3,1,0.9231837701464507
b816d8d5,3,2,0,0.49733312802516294
b823508b,3,2,1,0.33475515215901863
b84754a9,3,2,0,0.6262407783017593
b89537ae,3,1,0,0.4557754368266763
b8b48fbf,3,1,0,0.4548011945335679
b8bf20f9,3,1,0,0.43484765379289914
b8df3d7c,3,3,0,0.4875334811269969
b92be605,3,3,0,0.554657912822644
b9318815,3,2,1,0.9325599106002327
b93e1e41,3,2,0,0.37480200327422464
b94ec4a1,3,3,0,0.5832702434600922
b95aad8d,3,2,2,1.0253882594834633
b96e3324,3,3,0,0.11753317855826079
b9b22bff,3,2,0,1.236784531472452
b9c085ab,3,3,0,0.6479942891511796
b9cf3f7c,3,3,1,1.27058129537043
b9e20ba6,3,2,0,0.5285211143155968
b9e90f7f,3,3,2,0.8404280951724417
b9eeb8fa,3,3,0,0.27203689936742026
ba29cfb3,3,3,0,0.1400230440698138
ba42462b,3,2,0,0.27956305153474814
ba4294b3,3,3,0,0.4805545332940233
ba73bc7c,3,1,1,0.5798243526596136
bafc4389,3,1,1,0.46725407296643195
bb4821ee,3,2,1,0.549167235792888
bba6ff20,3,2,0,0.595671811609867
bbbd61c9,3,1,0,0.06627752973316114
bbd71a7c,3,1,2,0.9750326546068688
bbe5bedd,3,3,0,0.3915764408985921
bc0c0f03,3,3,0,0.2789362518870695
bc1ec029,3,3,0,0.5909672191040294
bc437705,3,2,0,0.2135444458197132
bc66f41d,3,3,0,0.38617768125917684
bc790ce0,3,1,0,0.48153970338146834
bc817a4c,3,2,0,0.11077577295079066
bce32ada,3,1,1,0.5686297547635187
bd124dbc,3,3,1,0.5510237875633714
bd480331,3,2,0,0.5423269668586215
bd4ccd4c,3,3,1,0.6782524718778778
bd713fb8,3,1,0,0.26690446255284794
bd8397cb,3,2,0,0.822751277706115
bd932d04,3,2,2,1.5304265347568706
bdbd1afd,3,2,0,1.0528757917503129
bdbdc4b5,3,1,0,0.31707362328506977
bdbff28b,3,1,0,1.073030520733127
be210bc7,3,3,2,1.122072630106981
be26335a,3,1,1,1.0136078241728088
be9ba5f7,3,1,0,0.8670784960803125
be9e9a8e,3,1,0,0.36877989005224243
beafa6f9,3,2,2,0.7864578640382673
bebff291,3,1,0,0.15119527926723308
bedeb6f3,3,2,0,0.17045453115214942
bee51adb,3,3,0,0.44683730895304963
bef259fd,3,1,1,1.3489618920488629
bef89ce4,3,3,0,0.32846535451973513
bf0942bc,3,2,0,0.7446466803587256
bf18965c,3,2,0,0.4355983920215957
bf280e13,3,3,1,0.7171114061659134
bf31e0a7,3,1,0,0.1550860518195169
bfade1ba,3,3,0,0.28788059756816864
bfb52472,3,2,1,0.8839939000406664
c00c663c,3,1,1,0.7200573828217811
c03c0758,3,1,1,0.22388764087963975
c0442863,3,1,2,1.1749150263700736
c087b48a,3,1,1,0.865079314953467
c09d41cd,3,2,0,0.7213621344102993
c0a7d046,3,2,0,1.0957969166799137
c0adc389,3,3,2,1.0451000156731431
c0c168fa,3,3,0,0.22348693022358312
c0d5b3f3,3,2,0,0.9031787606291992
c0f2a046,3,3,0,0.5319979875779223
c1200b71,3,1,0,0.11135309607638116
c1373df0,3,3,1,0.34181339111848225
c24c877a,3,2,0,0.0629880358471453
c294b507,3,3,1,0.6409408452476825
c2adf42c,3,1,1,0.8266205943504286
c2b40d6f,3,1,0,0.44491809608017463
c2bac6ad,3,1,2,1.1006861374444228
c2bac92a,3,1,0,0.7324512810544833
c2e15338,3,2,2,1.2691457038664786
c2ea6e54,3,1,0,0.42252781091524205
c3061b23,3,1,0,0.6911118034486057
c308b134,3,3,3,0.8475099782532158
c30f5122,3,2,2,1.3479348504763262
c35218d4,3,2,0,0.23244267049467698
c3760eb9,3,2,0,1.1224996849817979
c37ef416,3,2,0,0.40977886766780003
c38585c5,3,3,1,0.3497206528199135
c38a5c9b,3,1,2,1.2599822679991732
c391e9c0,3,2,1,0.5030313780220809
c3a3f61e,3,1,0,0.544319498669731
c3a86e3e,3,2,1,0.2723230458202376
c3adae87,3,2,2,0.8451843549683842
c3b87e5c,3,2,0,0.22841235905443874
c3d46daf,3,2,2,0.9287689287930343
c409bc9d,3,2,0,0.08792497369062136
c40bb352,3,2,1,0.28238360052508527
c41274a7,3,2,0,1.1322417030378968
c418e47a,3,3,1,1.045510347233316
c43b985c,3,3,0,0.4446710641554295
c446e1c5,3,3,2,0.8431320496559731
c45068a1,3,1,1,1.1583475673328154
c459095b,3,1,2,1.0053237740696632
c4a681dc,3,3,1,0.3155180685579427
c4aa8d47,3,3,0,0.16382042936046948
c4c2076b,3,1,0,0.20353089024927778
c4c86e6f,3,2,1,1.0229518813611123
c51c1139,3,2,0,0.36861254426181367
c5462e87,3,2,1,0.4572274638828061
c55187b4,3,3,0,1.1560994132646547
c55cc646,3,1,3,1.2082778674588188
c5c891c1,3,3,0,0.5678709640423926
c5cfaeae,3,3,2,0.8407598476786837
c5e91ebc,3,1,0,0.38232442249637155
c5f3d60c,3,1,0,0.08623910712248128
c6287031,3,2,1,0.8272704425321004
c6313b18,3,2,0,0.3071774126693033
c6575d38,3,3,2,1.4249045257600506
c66daa08,3,2,2,1.0639775640897062
c678730b,3,3,0,0.2915368191476482
c68c9809,3,2,1,0.6434285847294949
c6a92a65,3,1,0,0.3882216339024497
c6cb894a,3,3,0,0.6655102136431991
c6d4b453,3,3,1,0.313778102100656
c6da0d4b,3,2,0,0.4420567987712185
c6ead822,3,2,1,0.9442940289970695
c6fd800e,3,1,0,0.35266587757099865
c706a54d,3,1,0,0.09278174380949955
c715832b,3,1,0,0.6161695847815345
c73dd2e4,3,1,0,0.5284453784425591
c73f149c,3,1,0,0.38461674626718945
c79039af,3,3,1,0.3052280414019653
c7d61396,3,3,1,0.5419430312070679
c7d9e964,3,1,0,0.32388513507971856
c7fd8939,3,2,0,0.22102828313095157
c805ebe7,3,3,0,0.14170325421567448
c8270746,3,1,1,0.8453848858303797
c829500d,3,3,0,0.3914424690400843
c8cc2e1b,3,2,0,0.2855840952639073
c8d6b871,3,3,0,0.47702525406456686
c8fbbc8a,3,1,0,0.5220247492557769
c9133895,3,3,1,0.5377129414690935
c9600298,3,2,0,0.2975570897827007
c98527f7,3,3,0,0.3182060925163989
c9902f48,3,1,1,0.4144542665306934
c9d47171,3,1,2,0.27462538349338117
c9dabad5,3,3,0,0.47262643957247247
c9e419e7,3,2,0,0.34040932277713953
ca1bdcd3,3,2,0,0.24239445041323338
ca3204b0,3,3,0,0.6504386011971434
ca33a5e7,3,3,2,0.36086869681357514
ca724703,3,2,0,0.6161849460739347
cac0f438,3,2,0,0.3020974081278384
cad3bc70,3,3,2,1.041799754229208
cadd4ae5,3,3,0,0.46138623113900945
cae0531e,3,2,1,0.856486658448314
cb054226,3,3,2,0.6061184787526098
cb2752bc,3,2,1,0.7257568751906688
cb3b7c3c,3,2,1,0.7972889829269397
cb73fed9,3,3,0,0.1846955527903863
cbb1ddec,3,3,2,0.521208886766798
cbca33a5,3,3,0,0.47850520524447643
cbcf8cf2,3,1,0,0.6730170592632657
cc16d472,3,3,2,0.9172596599709739
cc224be2,3,3,0,0.5509970816172483
cc477243,3,3,0,0.4798699526226881
cc5143df,3,2,0,0.5558096083901711
cca40abb,3,3,0,0.14899469637708584
ccd3cb96,3,3,0,0.23547708427114228
cceddb57,3,1,0,0.6621938089621693
cd144127,3,2,0,0.36930174272430394
cd1fff5a,3,1,0,1.1730028142983193
cd36e51d,3,3,2,0.8588534392142838
cd703872,3,3,0,0.9549084537110603
cd89d5f1,3,2,0,1.0093859928376292
cd8ec8ac,3,3,0,0.5599076068601975
cd8f3c61,3,1,0,0.11268057513083041
cd92eaf6,3,2,0,0.4558552303112931
cda90e9e,3,2,0,0.7655259555672919
ce031b1b,3,3,0,0.41027453333179564
ce6eeadf,3,3,1,0.9472290411213358
ce95b2e1,3,2,2,0.9942080291436843
cea35700,3,1,0,0.3700865552212228
cea73edd,3,3,0,0.5393765260475148
cedf96c5,3,3,0,0.38143646934083064
cf1b9d44,3,1,0,0.6522400616546381
cf2e4065,3,3,2,0.4034915269324215
cf86987d,3,3,2,0.9681808938103256
cfbbdd3d,3,2,1,0.5266673457300488
cfcf9dc9,3,2,2,0.2760706926541248
cfe4cf40,3,1,1,0.6433126915603955
cff4bcee,3,3,0,0.2790879044088289
d05f5d71,3,2,2,0.6417933438830365
d08806a2,3,1,1,0.5361246879036147
d0ac4f1c,3,3,0,1.1535123500312934
d0ef0744,3,3,0,0.9634992990339368
d14d79b5,3,1,0,0.4005125624550396
d19e1025,3,1,1,0.38109710013196096
d1aafc4e,3,3,1,0.9807585511104
d1ab95e5,3,1,0,0.535872155958728
d22e7168,3,2,0,0.47386717645528054
d28f0d44,3,1,0,0.611312522648446
d3b860ab,3,1,1,0.04786433084478059
d3bf6d28,3,1,1,0.8389349648330515
d3da09e8,3,3,1,1.1582923311378415
d3e45961,3,2,0,0.6154548190627935
d3eda827,3,2,0,0.014285697200574488
d42454d4,3,3,0,0.39904061932860224
d4337a28,3,2,0,0.36415431636774054
d445fb74,3,3,2,0.7704979371475442
d45bae93,3,3,0,1.3237664762802075
d4a81b97,3,1,0,0.8036500946016158
d4d2f272,3,3,1,0.7306401407466144
d4d9f7f9,3,3,0,0.2352668268224914
d506f4c7,3,1,1,1.1391425398303325
d53ead5c,3,2,0,0.44017465853462545
d547d0da,3,1,1,0.6072642515701665
d565ccf6,3,3,0,0.6233611738750449
d57380cf,3,2,2,0.9861078664737144
d57802c5,3,1,0,0.3541228096083213
d5874bad,3,3,1,0.9123143690303466
d5b089a4,3,2,1,0.6895493174993889
d5cebbfc,3,2,1,0.5578496328616513
d5fde276,3,1,1,0.574400277997565
d6007386,3,1,1,0.5642847806463476
d61359ee,3,2,0,0.04118065140852023
d661ddf7,3,1,1,0.594944372547407
d66aed49,3,1,0,0.2519714751350369
d6723b39,3,2,0,0.3917243330284302
d6776176,3,1,0,0.1085950736422217
d6add300,3,2,1,1.1087263347763643
d6be0a92,3,2,2,0.4583217073131689
d6c6baa5,3,1,0,0.7714029676897041
d6cca65e,3,2,2,0.7945365795803067
d6e613bc,3,1,0,0.6519341797571272
d74e4d7c,3,1,1,1.2162333233173905
d766a1c8,3,3,0,0.8520825407837089
d77ac332,3,3,2,1.0979526531139019
d788a6a8,3,2,1,0.29015473349564974
d78c55fb,3,1,2,0.9013696223246979
d791703f,3,2,1,0.8077700161234962
d80b8bb6,3,3,1,1.0714409605961914
d8196954,3,2,0,0.1997025998503495
d81f28d3,3,1,0,0.18050426619906057
d82e9b87,3,1,0,0.07346672484445371
d859115e,3,1,0,0.8129270480258782
d85a62b3,3,1,2,0.609265021344435
d85b7c71,3,1,1,0.4963205607955759
d87d3d03,3,1,0,0.4567158757301537
d87e2d01,3,2,1,0.9794674264253675
d8a78157,3,3,1,1.0269504344802574
d8b066ad,3,3,2,0.4787188671560171
d90900e1,3,1,0,0.4107629433687795
d94c91bf,3,1,0,0.3152861741575924
d980da40,3,2,0,0.22868806948502324
d98be7a1,3,2,0,0.08863667018115501
d9c82502,3,2,2,0.3120580827318858
d9eb30bf,3,3,0,0.9654086925084403
d9f16cd2,3,1,0,0.4925821062599917
da0001de,3,1,1,0.26152632149108684
da09ed4b,3,2,0,1.0889159648176219
da15064a,3,2,1,0.5502108958008554
da19c97e,3,2,0,0.1681125652860509
da1b21b1,3,2,0,0.1473090247552734
dacc2f83,3,1,0,0.7379793788590614
dacfdb2c,3,2,0,0.196284799481808
daf3969c,3,2,2,1.1558707496174234
db175ab6,3,2,0,0.24899139756197575
db23fbe4,3,1,0,0.5246168901735273
db38d1f9,3,1,1,0.7096683682602092
db3b1dd1,3,1,0,0.35457557988147276
db609511,3,1,0,0.044484160467116896
db9353fd,3,2,0,0.29200092031279046
db9eae59,3,1,0,0.8096955680669381
dbfa6d84,3,1,0,0.15444440660912762
dc4e9e2f,3,2,0,0.6932163745432539
dc81eac1,3,3,1,0.38081852765507895
dca065be,3,3,0,0.24502761887411817
dcd2586d,3,3,0,0.6109078746189648
dce2a54d,3,3,1,0.3893624510271064
dcfcd574,3,1,0,0.48876369697569627
dcffa5d6,3,1,0,0.29660336743706833
dd6679a9,3,3,1,0.9957863892045598
dd689eb0,3,2,0,0.0617095512257001
dd747bba,3,2,0,0.2722655113632192
dd9ce3c4,3,1,0,0.44112419655691865
ddd0cb12,3,1,0,0.29984176801796963
ddd9a88d,3,3,0,0.9359604669085468
dde82df7,3,2,0,0.11576350416680659
ddfddd87,3,3,2,1.1106694059498468
de3750cc,3,3,0,0.1416180362666919
de3ecca9,3,1,2,1.004444131013088
de6797db,3,1,0,0.3107816774759588
de742c5c,3,1,2,1.1790813559678228
de91310c,3,3,2,1.0716922899973604
de9fe1e0,3,3,2,0.901785515222215
dec9056d,3,3,0,0.14532825908449992
dee8b1bd,3,2,2,0.8193680160711585
df4ab9b1,3,3,1,0.7922930005505595
df556fd2,3,2,3,1.190238043100004
df98fbb4,3,1,2,0.5958968364364676
dfaa2a59,3,3,0,0.23326879984088034
dfd87763,3,2,0,0.2825262851831475
e016d96c,3,1,0,0.4679251084064143
e0271395,3,1,0,0.18104377037901448
e049dab1,3,3,0,0.6011857033881327
e0655da2,3,1,0,0.16787322154570272
e0767d64,3,1,2,1.0860090573658292
e07fa0b1,3,3,2,1.1275291530597458
e0a7f42a,3,3,1,0.6622146844833783
e0ad6550,3,2,2,0.2791231353870521
e0db55b1,3,2,1,0.9208728924717631
e0e35d4e,3,3,1,1.0575664721933369
e0eb3ea8,3,1,2,0.6720876482234409
e0fb3838,3,3,0,0.03217843411416288
e11be9c1,3,1,0,0.8716599400876632
e12c2944,3,1,2,0.991971562961973
e15fe97b,3,2,0,0.5672534459829919
e16a4784,3,1,3,1.2413832582316058
e17b9cae,3,3,2,0.9845378061717689
e1958a83,3,1,0,0.07223697743127644
e199d438,3,3,1,0.8221730720994195
e1a4575f,3,2,0,0.3510835161853228
e1af39f8,3,1,1,0.37277813190543174
e1ccc3d1,3,2,0,0.1863031042581459
e1e02e28,3,1,0,0.30144282181448384
e1ea8dd7,3,3,0,0.8025076310001035
e21255e2,3,3,1,0.7788923495067221
e23a8a0a,3,1,0,0.5196376294004372
e243119c,3,3,0,0.4353979026230653
e252dcb6,3,2,2,1.3161464955098696
e25f7b9a,3,3,1,0.2498037078743784
e296c5e4,3,3,0,0.205624842466755
e2cb8401,3,3,0,1.20659645874481
e2d370a2,3,3,1,0.7107997752758928
e2fcc91e,3,1,0,0.29635216843854634
e315fdd7,3,3,0,0.8257367657106293
e328a032,3,2,0,0.6740980542567984
e345b271,3,2,1,0.2110448400480332
e34b9430,3,3,1,1.3235891127526347
e362108f,3,3,0,0.5828624418913152
e37d000b,3,3,0,0.19929659747902273
e3a6f97f,3,1,1,0.885055953071165
e3aa85a3,3,3,0,0.33816991855767164
e3aa9dcb,3,1,1,0.9454694098541296
e3af914a,3,1,1,0.6095808423064362
e3bb3735,3,3,1,0.766833779714178
e3bce7e1,3,2,0,0.9369268259812586
e3d5aab8,3,2,0,0.06655046790730745
e4614ec6,3,2,1,0.2612070900218232
e46417a7,3,3,0,0.048126846268218504
e4762a2b,3,3,1,0.6984773854627185
e47c1eb7,3,3,1,0.8069366580803481
e4a2e3bc,3,2,2,0.46768160715517165
e4ab3b12,3,3,0,0.18964963368728294
e4b47411,3,2,1,0.7825041264098419
e4c008b9,3,3,0,0.3264472333501295
e4d396d7,3,1,0,0.20902872025917962
e4d5bf2b,3,3,1,0.7278215542527423
e4db6712,3,3,1,0.39191857141192
e4ee6ff3,3,2,0,1.0039761620209022
e51193d1,3,3,2,0.24865537955257605
e515c971,3,1,1,0.6468771336393228
e56b2209,3,3,0,0.2995708961081039
e5b902bc,3,3,2,0.7708019741722119
e5d77ff3,3,3,1,0.8350329978796933
e6169c6d,3,2,0,0.22420291937923476
e715739b,3,3,1,0.5376100776239601
e71f347e,3,1,0,0.8110718300089933
e739c579,3,3,1,0.9633875554997383
e7401605,3,2,0,0.20430606949031993
e76ad778,3,1,2,1.0046029469321913
e79487a3,3,1,0,0.2712697592310358
e7bbb32e,3,3,1,0.6564933287814964
e7d08824,3,2,0,0.8409597838828049
e7db432d,3,3,0,1.1151204292004673
e7e43817,3,1,1,0.132499472090224
e7ee0921,3,1,0,0.11339175997615714
e8313da5,3,1,1,0.19025255190285068
e88aa867,3,2,0,1.4395788213947873
e892aec6,3,3,1,0.26062429373692625
e8af663d,3,1,0,0.5031292750738705
e8b64419,3,3,0,0.7828604954353623
e8d9d5ea,3,2,0,0.7241323896276659
e8e82627,3,3,0,0.5686260138787023
e9030ab7,3,3,2,0.970438338813592
e90a63d0,3,2,0,0.48792866094296805
e912c973,3,1,1,1.1231211665723997
e934bf0a,3,2,1,0.6952260816211899
e93cce44,3,3,1,0.43806990527852313
e96da61f,3,1,0,0.19429679280996587
e9b642a3,3,2,1,1.2522576973434087
e9ca5586,3,2,0,0.3552356189240937
ea4619ec,3,3,0,0.397819694428975
ea544af3,3,2,0,0.7818717582375314
ea7adcd6,3,1,0,0.9421244387742989
eaa4821d,3,3,0,0.250023287432462
eaab7a96,3,2,0,0.7643007854427757
eac08386,3,3,0,0.19067947042627464
eaedb188,3,1,0,0.6521395220535011
eb00abb3,3,3,1,0.10361462269135474
eb5c46b0,3,2,0,1.0060432916486044
eb749e46,3,3,2,1.180588255362577
eb891208,3,1,0,0.9195779982917127
eb90ee20,3,3,0,0.394655402859194
eb93a46a,3,2,0,0.23881074634726362
eb9a846d,3,2,0,0.5108280241753205
eba27772,3,3,0,0.15837527288594477
ebd15fdc,3,2,1,0.7644285682851141
ebd6f819,3,1,1,0.9660421291362729
ebf30e46,3,1,0,0.8747272562232575
ec015bbb,3,3,0,0.11432048062170264
ec13a1b9,3,2,2,0.3513703456971931
ec4a1461,3,1,2,1.02910559289639
ec619149,3,1,0,0.6534742180556913
ec6b57b4,3,2,0,0.8020292156997495
ec850b10,3,2,0,1.0797589857634702
ec890dbd,3,1,1,0.4993278818086505
ec8f8f95,3,2,2,0.6815911142309019
ec9044f5,3,3,0,0.7112207482787171
ec9195be,3,2,0,0.3935291466479822
ecb1c038,3,2,1,0.5722201153650747
ecbdbe55,3,2,0,0.2239577942126566
ecd22509,3,2,2,1.1176907824035363
ecd25dd1,3,3,0,0.77654684231794
ed0b3906,3,3,2,0.8693472609466913
ed329c15,3,1,1,0.9554632491913847
ed50a6f6,3,3,2,0.6890645165443117
ed61b01e,3,1,0,1.240289577488261
ed711416,3,1,1,0.4119611051325722
edb86a64,3,1,1,0.6661517501853429
edc44560,3,3,0,0.6401241642615892
edca760c,3,2,1,0.5620557516877848
edfe1f8d,3,3,1,0.7447980892058021
ee21612e,3,3,2,0.9221726114332235
ee4e9eed,3,3,0,0.2808608820471705
ee654259,3,2,1,0.19339404084188166
ee67eb55,3,3,0,0.32849118346786416
ee74be35,3,1,0,0.5046221116722103
ee7de96c,3,1,0,0.053235938615639244
eec0d188,3,3,0,0.3140060366369346
eeedcd5e,3,1,1,0.7726954975966318
eeefa792,3,2,0,0.5119356348119823
eef79620,3,2,0,0.9553819476933916
eefeb431,3,3,0,0.8178510043100772
ef07f833,3,2,0,0.11920429289631623
ef1b858a,3,1,0,0.1547369851492425
ef4ae515,3,2,0,0.06440801972912402
ef58dd3c,3,2,0,0.8050877191188666
ef9617e7,3,1,2,0.7320330629749497
efa35d35,3,1,0,0.3327842660878697
efc2bc05,3,3,0,0.6225278274889607
efedde24,3,1,0,1.444866281924261
f015a18c,3,1,0,1.2654468605490286
f028534c,3,3,0,0.7082919497122486
f0356a48,3,3,0,0.3808328367391789
f043be76,3,2,0,0.6199979554501859
f08a5ac3,3,1,0,0.734531770445846
f0957ca1,3,3,2,0.6649924125480061
f09a076a,3,2,1,0.7992513901047607
f09b02cd,3,3,0,0.4942588910336063
f09e7b33,3,3,2,0.8769425309276313
f0b5d026,3,3,2,0.707544558084436
f0d76b32,3,1,1,0.7714816935986482
f0ed5690,3,1,0,0.4092012861588315
f0f3e41f,3,1,0,0.6970490156075968
f1049268,3,3,1,0.5605187554271422
f11e17c0,3,1,1,1.2646027179091843
f13cb65e,3,3,2,0.6618854356377356
f14e55d7,3,3,0,0.7293653818946829
f1702318,3,3,1,0.5475387434665315
f1baabc1,3,1,1,0.25911712622054844
f1baae47,3,2,1,0.6208611609513494
f1c3cb6b,3,2,1,0.8856677559416264
f1ed2e85,3,3,0,0.45681808582222644
f1ee75bf,3,3,1,0.33983517901023375
f2260009,3,1,0,0.4810952447903969
f240387a,3,2,1,0.5028106339635848
f2499682,3,1,0,0.28463390347334216
f2649b91,3,1,1,0.732374085175784
f285b43c,3,1,1,1.0032071022241993
f2d4efd8,3,3,2,0.9005671859679562
f301e7a9,3,1,0,0.4446547414432894
f3020788,3,1,2,1.1608431190280029
f32a9580,3,2,0,0.33054349250055637
f35b607c,3,3,0,0.5839672862163064
f3600deb,3,2,1,0.3468401365471586
f3a1dd3b,3,1,1,0.5863129549910836
f3aac45a,3,3,1,0.9981217946086987
f4114031,3,2,1,0.6804831329651096
f420b05a,3,3,0,0.11573673440469295
f4223e3a,3,1,2,0.45102317948439435
f44f1227,3,2,0,0.401955944532961
f47abc42,3,2,0,0.5038932585625516
f497dd7b,3,3,0,0.5784384731492641
f4d2f5af,3,3,2,0.6700310550380453
f52a2597,3,3,0,0.5539353792963633
f5369cea,3,1,0,0.08619605444666362
f54eebeb,3,1,1,0.8927490042383495
f567a1af,3,2,0,0.13586383349900283
f57de847,3,2,0,0.7484774179704858
f58ddd4a,3,3,1,0.5568163502716417
f5ad7abc,3,3,0,0.2131339913265083
f5b2acf0,3,1,1,0.4136006401646803
f5e64c94,3,2,1,0.806175212928123
f62b317d,3,1,0,0.9079604954221524
f64ae747,3,3,2,0.9032723227712487
f64e1d85,3,2,2,0.4072788591129593
f64f877b,3,2,0,0.28370991650461796
f67908e7,3,2,0,0.5021224823010726
f68f158d,3,2,0,0.675437699632422
f6b719ee,3,3,0,0.0898852178986197
f6c20447,3,1,0,0.1963099009203651
f6d3a5ad,3,1,0,0.4722311820497149
f6d6f400,3,2,0,1.103839420478295
f77c2636,3,3,1,0.9018326858423552
f7fc97cf,3,2,0,1.1147496867860216
f804c9f3,3,2,1,0.9946028415069796
f817f33a,3,1,0,0.17946920391770882
f8674e15,3,3,1,0.6812333102317962
f8b36382,3,2,1,0.4289042675009015
f8bf4a1c,3,1,0,1.070928733912042
f8e3467e,3,3,1,0.5089634506829617
f8ff0bc8,3,2,0,0.9989321774285245
f922ae21,3,1,0,0.6879947881005085
f93010a8,3,1,0,0.4356033682545964
f9334e08,3,2,1,0.055773210749679114
f9384fa2,3,1,1,0.9654917167342052
f958efdc,3,2,0,0.6300176335385269
f9897bf1,3,1,1,0.2045884342656772
fa472647,3,1,1,0.7171625063858181
fa62d7b1,3,2,0,0.45421332017456345
fa633e39,3,1,0,0.5911071471017498
fa78d819,3,1,2,1.2269942396348468
fab75c2c,3,1,0,0.32019914915149006
fb04f7dd,3,3,2,0.3275944592403052
fb2c4db6,3,3,0,0.024100078909539913
fb2ddbd1,3,2,2,0.4278143415615356
fb3c2c87,3,2,0,0.3459189714965535
fb9982a2,3,3,0,0.2070196417582662
fb9c5a33,3,2,0,0.5468400797183359
fbb39bfe,3,2,2,1.0041897028650786
fbbd97b1,3,3,0,0.54956156103522
fbc6ade7,3,3,1,0.13060959433234892
fbda3966,3,2,1,0.5255114132143934
fc1912e3,3,2,1,0.8150274294354847
fc2c2c08,3,1,0,0.47643827124984417
fc41be2f,3,1,0,0.09012644488523897
fc49ba65,3,1,0,0.12543459649797617
fc8e4de4,3,2,0,0.3918541787301758
fcc6347f,3,2,0,0.3129202104319538
fcd9a6bb,3,3,0,0.2464024624052807
fd3448d9,3,1,2,0.4254793729098601
fd5589f6,3,2,0,0.31545705982115324
fd56e059,3,1,0,0.35255882050307463
fdb6b48b,3,1,0,0.560009291805556
fdc11b96,3,3,0,1.1362111681064855
fdd9799f,3,2,1,1.1837926538429073
fdea7d9e,3,2,1,0.956067643449457
fdf4691f,3,2,0,0.5464999675571758
fe102a25,3,3,1,0.37270042853023355
fe2bc235,3,2,2,0.698778678906345
fe3cbf02,3,3,0,0.21817723396617422
fe5e2dc9,3,1,2,0.5191497184256018
fe6afaf9,3,1,0,0.4845086268470423
fe9c71d8,3,2,0,0.2418220402381983
feb53635,3,2,2,1.4693695517912602
fecc07d6,3,3,0,0.16946343793282004
ff60112d,3,2,1,1.3547245401463393
ff6c2bb8,3,2,0,0.4045254245558809
ff759544,3,2,1,0.2666488621375352
ff8a2de4,3,2,1,0.6967814019869927
ffcd4dbd,3,1,1,0.9261722810503794
ffed1dd5,3,2,0,0.8035971842540172
00105258,4,1,0,0.6058842242695949
00115b9f,4,2,1,0.24598896927651126
0038ba98,4,3,0,0.5242609479998257
00ae59c9,4,3,1,0.794934648587012
00c0cd71,4,3,2,0.40728249809533007
00d56d4b,4,3,0,0.1331454434764477
00e6167c,4,3,0,0.46222785644509673
00f574e9,4,3,0,0.9863504101381748
01085eb3,4,2,0,0.9411845904316642
01182ce3,4,1,2,1.416144155725301
011e71c3,4,2,0,0.8633973191613598
012cadd8,4,3,0,0.3608319033909455
014c303e,4,1,0,0.34065082224161
015ba5b1,4,2,2,1.031919390639396
01cae1ef,4,3,0,0.6159382235735624
02073150,4,1,0,0.22532439682550587
0219f64a,4,3,2,0.5517489612579821
02347f13,4,3,0,0.9581986048256173
026102c4,4,1,0,0.20250941120282218
026fcbc3,4,2,0,0.5158096660329464
029a19c9,4,1,1,0.9035545703688268
02a01f18,4,3,0,0.311466530203597
02c4cf7f,4,2,1,0.2815826908600549
02cebf33,4,1,1,0.8967540482361676
02cf7384,4,1,0,0.73856024147494
02dcf62a,4,1,0,0.3770769889933614
0347462d,4,3,1,1.0457666333268747
034f923b,4,2,0,1.0240480167220194
035c96dd,4,1,0,0.4420539194742484
0380e709,4,3,2,0.6520538094944314
03833cec,4,3,0,0.2164772185496689
0391e587,4,3,2,0.6711878178198947
03a5c2d6,4,2,0,0.5471885997398747
03a9019b,4,1,1,0.635021513199733
03bf5026,4,2,0,0.5370567801877204
03f1c1c8,4,3,2,0.8915422489407038
0417c91e,4,3,0,0.016071412485038072
04370442,4,2,2,0.3842342273286151
045a0a94,4,1,2,1.5294132453985565
0471236c,4,1,0,0.14904833408410983
0499c3e8,4,1,1,0.7022110005021334
04ad419d,4,2,0,0.47587844301527116
04af8fdd,4,2,0,0.6165060754535846
04bb1a76,4,1,2,0.6513807431182074
04cb2c30,4,2,1,0.4868600909137533
04d06a9c,4,3,1,0.6334226877251924
04dc7df1,4,1,1,0.4246217368380288
04f094a8,4,3,1,0.7028461752100731
0506b9cd,4,2,1,1.303861701763169
051680a0,4,3,1,0.4867913695964315
051f73ae,4,3,0,0.6539679408738793
052a1122,4,1,1,0.5677855456601881
053d7d31,4,1,0,0.5751852630914548
055156e2,4,3,2,1.227090171323794
05777ce1,4,2,2,1.251679628317441
058990e9,4,1,1,0.7830139629012163
058d2812,4,2,2,0.9068913878983818
0598f669,4,1,0,0.3723886148369498
059e02ab,4,2,1,0.6932113887846308
059eed01,4,1,0,0.22133102213473
05bc318e,4,1,1,0.8784870967424552
05d3d73a,4,2,0,0.24450953213622867
05db1b9b,4,3,0,0.43649263609396916
05e94f88,4,2,0,0.22107979930503413
05f2d1b5,4,2,0,0.2949483026083045
0610c066,4,3,0,0.1339565040395767
061f2866,4,2,2,1.1777454541224999
0632d98a,4,1,0,0.4729768608681221
063353cc,4,1,0,0.8913897301089098
063b16fc,4,3,1,0.9066381201781312
06472198,4,1,0,0.11562039632324994
065801e3,4,3,0,0.6354890041188571
066343d4,4,2,0,0.564543117859031
0676ead5,4,2,0,0.5601150072534311
067b9287,4,3,1,0.4002619110038821
067de065,4,3,0,0.21156210302907358
06c7dcff,4,2,0,0.347547237466835
06c8b2fb,4,1,0,0.09442104983550509
06eb8adb,4,1,0,0.14436615031995903
06ec8be3,4,2,1,0.3933082444675951
070386b2,4,2,0,0.6050731361403486
07048067,4,2,1,0.7280651191184925
0720320e,4,3,0,0.6401413987510278
077ac7a2,4,2,1,0.24004739169402883
07d879cf,4,2,1,0.8319368027311523
080698b7,4,2,0,0.6914600851836529
08159c5e,4,3,0,0.5590422114484053
082df556,4,3,0,0.6992642894020993
0844aee7,4,1,1,0.2588650615143571
08577722,4,3,0,0.20466232366122472
08660d12,4,3,2,0.9712674464757529
086d6e7f,4,1,0,0.20574795566535847
089a6b19,4,1,0,1.0798325715350527
09039272,4,1,0,0.4055191468183535
092494ec,4,2,1,1.0262778316080285
092c29b9,4,3,0,0.17020793657014494
09331bb8,4,2,2,1.0608377772765194
096bf063,4,2,2,0.7652750964285593
0983654b,4,1,0,0.4159757336675635
098b5836,4,3,2,1.178512291437625
098d3c32,4,3,0,0.4118164915130136
099e3614,4,3,0,0.42811626340014924
09b29113,4,2,0,0.19838550898987395
09d80057,4,1,1,0.3404312916620277
09eeaba6,4,3,0,0.06798610947950545
09eeec14,4,3,2,0.4005365511771368
09f44fd2,4,2,0,0.3055126467448675
0a1afc11,4,3,0,0.28680366200881346
0a418b57,4,1,1,0.6786482482103716
0a431608,4,2,0,1.2070468685565003
0a4b1425,4,2,0,0.21528773833445514
0a5f1214,4,1,0,0.4695516910469727
0a775819,4,1,2,1.2587448578417488
0a822c93,4,1,1,0.9416580894322284
0a9159f8,4,2,0,0.580808150766204
0a995f99,4,3,0,0.2960051681495009
0ac5e12f,4,2,1,0.3892191563925479
0af81037,4,2,0,0.5864550498701001
0afb2535,4,2,0,0.5820163552353897
0b4014f0,4,2,0,0.7815701506388679
0b4f597e,4,2,0,0.09656710886610559
0b50f3fa,4,3,1,0.5634539174453729
0b518637,4,2,0,0.2005742118905287
0b7c6100,4,3,0,0.49921148064036935
0b7d7aec,4,2,0,0.8207973710971097
0b7d9da6,4,3,0,0.17516007081905094
0b9fcc42,4,1,2,0.35025173185999836
0ba53e53,4,2,2,0.16266527654662094
0bd89878,4,1,0,0.23049020709042645
0bdace00,4,1,0,0.35611686853448865
0c3d248f,4,3,0,0.21634652688056116
0c4e2d68,4,3,0,0.013548085752694838
0c4eabac,4,1,0,0.13739329434748143
0c794cf7,4,3,0,0.06510180993892412
0c83af0f,4,1,2,0.7011896030944422
0c8efce0,4,2,0,0.13988145684743808
0c98f822,4,1,1,1.1781490051286558
0ca08054,4,1,2,0.48388005928706
0cbe4e54,4,3,0,0.6550621206596858
0cccc6bc,4,2,0,0.3321818845551448
0d01bbf2,4,2,0,0.2839029945567647
0d279d77,4,3,0,0.4459185111683748
0d34aee4,4,3,1,0.9120736551061297
0d4fa8f4,4,2,1,0.1886154991275366
0d570d3e,4,3,2,0.47528369487289707
0d74d0ed,4,3,0,0.7521434167759333
0ddab8ff,4,2,0,0.3271641271332121
0de01ae7,4,1,1,1.0029251917826807
0df44f9e,4,2,2,0.9607322121854451
0df4c27d,4,2,0,0.8508200419623988
0e1cf9b8,4,3,0,0.28449758980742385
0e1f7fed,4,1,0,0.22541098435889811
0e3b0bd2,4,3,0,0.1422908089704208
0e951124,4,3,3,0.9997494942272114
0e9c1be6,4,2,1,0.5275769826799268
0ec403df,4,2,2,0.8637748122829502
0eddd8e5,4,3,0,0.4240271570363561
0ee70b3e,4,3,1,0.6328253858146797
0f4db4f2,4,3,0,0.664932396230538
0f6b71c4,4,3,0,0.23036697755449886
0f7f3bf3,4,3,1,0.5903313534175769
0f9b8e65,4,2,1,0.5775245834060933
0fbb3ca5,4,1,1,1.2685701661845319
0fc19fd9,4,3,0,0.17049095581636253
0ff6ac09,4,2,0,0.5186210190335476
101774f0,4,1,0,0.049724829512693636
101c27f1,4,2,0,0.5697284928487938
10258585,4,3,1,0.19869120118300093
105e3f96,4,3,0,0.6099635216042963
108b8659,4,3,0,0.1965732296140007
10be7f09,4,1,0,0.22912126163293545
10c0e99a,4,3,0,0.24641855320849265
10e46254,4,2,0,0.4388885823136597
113f5798,4,3,2,0.7621718350905555
11477ed0,4,2,0,0.7434112042680384
11739de2,4,3,0,0.7493345062149827
1184a14a,4,3,0,0.19112926390858265
118b7733,4,2,1,0.43204253529426917
119dd2e1,4,1,1,0.38928581343843605
11be5d2e,4,1,1,0.7831115783457326
11f7253c,4,3,3,1.4739182183688686
1225fd28,4,1,1,0.7369879353964698
1286dab7,4,3,0,0.2835439770943361
12a607f6,4,1,1,0.353234589135288
12cbf30c,4,2,0,0.685280661215989
12f37ff2,4,2,1,0.27593713685919735
1301f65d,4,1,0,0.30430435102429004
1307c41a,4,2,0,0.26379859649100634
1314bc8c,4,1,0,0.9210038143841861
136894bc,4,1,0,1.0371248502497283
137baaec,4,2,2,0.5896687968013793
137fc699,4,3,1,0.32525639849463134
13be5672,4,1,0,0.28304103994689156
13cdb63a,4,2,0,0.09821425392545352
13d23890,4,3,0,0.9242195921796219
13e46923,4,2,2,0.7186203278645663
13fca10c,4,1,1,0.7121557313114464
14109652,4,1,2,1.1040664218379157
1420b16e,4,2,1,0.8481020027869137
1429abf1,4,3,0,0.4099596274924938
14391970,4,3,0,0.22296205037732475
144a9a79,4,1,2,0.5368017875735454
1455e657,4,3,0,0.15307265941023301
14568d61,4,3,1,0.1462368588351292
1458a9d2,4,3,0,0.4269245131459953
1470a1df,4,2,1,0.7081992133512391
14b3d6e5,4,1,0,0.12726320529827734
14b8dd2a,4,1,0,0.7684069783154376
14b999b6,4,2,0,0.4056710615549871
14c12974,4,3,0,0.1028090330859065
14dae995,4,1,0,0.725213787123268
14e00ce0,4,2,0,0.2257381182135681
14eac885,4,3,2,0.9262464981583125
15227eef,4,2,0,0.8414301294098248
1522fee1,4,1,2,1.036256328653477
1551c806,4,2,1,1.0689287917371235
1562998a,4,3,0,0.7562891065232398
15d702f8,4,3,0,0.3924754105370463
15dbc929,4,2,0,0.28950353934299083
15f2e240,4,2,0,0.030566679146348585
164b29ed,4,2,0,0.29650073304968305
164edc75,4,3,2,0.842536721276163
16bf9efe,4,2,0,0.829801080157101
16deb306,4,2,0,0.2974612009072075
16e277aa,4,1,0,0.7385407930443455
1704e646,4,3,1,1.0465710225594616
1713348a,4,2,0,0.5842759133971464
176f33fb,4,1,0,0.32446590103502304
177f25ab,4,3,1,0.5702255378411974
17b08109,4,2,0,0.37405788897402975
17e9cba0,4,2,2,0.8966691048368536
18154f3a,4,1,1,0.7180890851784792
1824417f,4,1,3,1.4250046576554745
1837456f,4,3,0,0.6113004826001384
1843760e,4,1,1,0.7463736239449837
18506cf3,4,3,0,0.5690159189821996
1894884e,4,2,0,0.2127784486019077
18962676,4,2,0,0.2116448520859734
18ab47f8,4,1,0,0.17010686155933574
18b8b2f6,4,1,1,0.2816046676241933
18e21bf1,4,3,0,0.2114186796016188
18f6e6db,4,2,0,0.3559366319774529
18feab0f,4,2,0,0.8053149966559201
19098ef0,4,3,0,0.6585850486793605
19381499,4,1,2,0.660955579061025
19455336,4,1,1,0.637169632470198
1949438b,4,1,2,0.41479175480593755
1957153d,4,2,2,0.29052431732652984
19b095d5,4,2,0,0.3061103823497088
19c49039,4,1,1,0.9643277148782139
19cc95e8,4,2,0,0.2758473716896594
1a1e8ac5,4,3,0,0.1393488551487964
1a23d282,4,2,1,0.6758965570319168
1a9f8375,4,1,0,0.4137793890201071
1aae1de3,4,3,0,0.8519410697141397
1afa48fe,4,2,0,0.2928018673595178
1b258140,4,1,0,0.07355373513789187
1b2cd439,4,2,0,0.6106636064711072
1b2eea8f,4,3,2,0.9576654358331098
1b32427b,4,1,0,0.6238946723068425
1b329556,4,3,2,0.7656323619867005
1b410106,4,2,0,0.2711282727770823
1b5fb26f,4,3,0,0.5060653525934574
1b6be334,4,1,2,0.8931656277396531
1b73fce0,4,3,0,0.23581772629264014
1bc6a98c,4,2,0,0.17742710470494538
1c063ebc,4,1,0,0.055189430918781146
1c23295e,4,1,0,0.8498229763080012
1c3b7f1a,4,2,0,0.4599887393733832
1c3c2b2f,4,1,1,0.2797731047552654
1c481537,4,1,3,1.0585468082724085
1c5ba087,4,1,1,0.923212181263495
1c66daf4,4,3,0,0.8945757026910723
1c673231,4,2,2,0.7731376970556026
1c6ac3d4,4,1,0,0.39484915388946673
1ccf44f0,4,2,0,0.2145673968362905
1cd37b36,4,2,1,0.9311722565879608
1cf6dcef,4,1,1,0.3046632629944161
1d02812a,4,1,0,0.9434214695922603
1d041232,4,3,0,0.7320791848963417
1d11d488,4,3,0,1.215105450822549
1d78b3c3,4,1,0,0.514171835519455
1d7edb86,4,1,2,0.8152447621349178
1da37c60,4,1,2,0.5704580038894915
1de3c240,4,2,0,0.231290390737674
1dfd6433,4,1,1,0.6545607542496203
1e2a1bd0,4,1,0,0.3139289463929856
1e5f6199,4,1,0,0.29046913403112773
1e7dd854,4,3,0,0.35152671961475523
1e87baed,4,3,0,0.5712639478239699
1e986f93,4,1,0,0.0710120028753305
1eb206f0,4,1,0,0.5082807721706567
1eda934b,4,2,0,0.8649123065671265
1eea376f,4,2,0,0.880051085529679
1eea8df2,4,1,2,1.4854708616091372
1eedf45e,4,1,1,0.5734471567702972
1f2164a4,4,3,1,0.09386520873064941
1f400626,4,3,0,1.0243510747124092
1f5835cd,4,3,0,0.08608131458137142
1f5cefcc,4,2,1,0.663895850590396
1f65fa82,4,2,1,1.2410652819973866
1f7ec039,4,2,1,0.819234272252554
1f881e3d,4,3,0,0.9730961758638814
1fc07a80,4,1,0,0.5292747968601437
1fed3943,4,2,0,0.45863522230232084
1ffede3b,4,1,0,0.5794558484442797
206c8562,4,1,1,0.4489159564401115
2084c823,4,2,0,0.9381490910480503
20cefbaf,4,2,0,0.5248365271181674
20df4cab,4,3,0,0.2583595201019125
20e8ca68,4,2,0,0.40086117649582714
2114473a,4,3,0,0.335257399090121
214f46e8,4,3,1,0.6083109044675782
217ce5e6,4,2,1,0.964368005141037
218faf6f,4,2,0,0.1748658512129589
21a76448,4,3,1,0.6815330529550705
21b835ac,4,2,0,0.25378650955003823
21e5833c,4,2,0,0.7398399989450658
21eb6d47,4,1,0,0.7905152788690109
21f58fba,4,2,0,0.25750899548166334
221e37e0,4,2,0,0.2780362271513845
223724b2,4,1,0,0.587063123343983
22375702,4,3,1,1.4845849756185623
22389051,4,2,1,0.411861523148276
22447a95,4,3,0,1.2934161656552572
224fc39a,4,1,2,1.0083043186795764
22536a61,4,1,0,0.7225702701659225
22a71606,4,1,0,0.119996992031625
22b4191a,4,3,1,0.6654970266178202
22c72c4e,4,2,2,0.5102995447698959
22e44415,4,2,0,0.4607666794641807
22f43a12,4,3,0,0.43817129901027074
231f6db4,4,1,1,0.31253378479003857
232b7cb1,4,2,0,0.8670153584025009
2340e84a,4,3,0,0.5308627781778499
23418fa2,4,1,0,0.2263626664313737
23567787,4,3,1,0.604366051031254
236d450e,4,2,1,0.33638464556636005
23d1a58d,4,3,0,0.8403597784770305
23d71e37,4,1,0,0.4013733992586099
23dafdab,4,2,0,0.2717638660210513
23e71e7c,4,3,1,1.2919163263825952
23e7f79b,4,3,1,0.45070184745965347
24398aed,4,2,0,0.2770645697869343
24591f4d,4,3,0,0.22293847653385196
247172f9,4,3,0,0.5301040904656228
2496c491,4,2,0,1.2734309790294387
249b6d68,4,3,0,0.8098727294324488
249d2266,4,3,0,0.23252052333654932
24ab10c6,4,1,1,0.15957163539703606
24b4bc6d,4,3,1,0.3835106137059131
24fb56db,4,1,2,0.9878272802544907
253f5cb1,4,3,1,1.3867448927858963
25849c6c,4,2,1,0.4721527274959145
2586774b,4,1,0,0.5049275356480262
25a3a723,4,1,0,0.5999273749438838
26190ddd,4,2,0,0.5093285080602994
2625767f,4,1,0,1.1673251877612008
262cff6d,4,3,1,1.471832143594706
26891dbd,4,2,0,0.8726470867587329
269d9918,4,1,1,0.5729498178506176
26a4b61b,4,3,1,0.5332762181470412
26aeacdf,4,2,0,0.17190238475123498
26b1792f,4,2,0,0.3402834309509597
26b893f4,4,1,2,0.5333936048566638
26d31613,4,3,1,0.9634080221323768
26d541c2,4,3,0,0.5526221602626828
26f0e055,4,1,1,0.20960294981294042
2715347c,4,1,1,1.2407890787611717
273c8ebd,4,2,0,0.17387764740689743
2760be91,4,3,2,0.4454815978879455
27724073,4,2,1,0.6830681631362286
277f5b32,4,3,2,0.9975377359688071
278e8a51,4,2,0,0.1940201022703008
279d0ec4,4,3,0,0.571962719270475
27cd2a6c,4,1,2,0.952671749017816
27d363de,4,3,1,0.7706087054126418
27e0ca6b,4,2,0,0.37656256011126754
287390e6,4,2,2,0.9625331777312995
2891e36b,4,1,0,0.6976379715168919
2898269f,4,2,0,0.23939333917621036
28b91cf3,4,1,0,0.11814428607362204
28ba92e9,4,3,0,0.4284077414896539
28e8b2b2,4,3,0,0.4890401478869431
28e973b1,4,2,0,0.7461529794706443
28f99ddb,4,2,0,0.6135852319341217
29587a31,4,2,0,0.37535111242407915
29886a85,4,1,0,0.23826595036821424
29b37b4a,4,2,2,1.4039731440427001
29c54890,4,3,0,0.6492006284688808
29e4911b,4,1,0,0.10929816512745338
2a0b8386,4,2,0,0.6348439794454336
2a3fcf9a,4,3,0,0.12481849156001362
2a64085d,4,2,0,0.2919347715841367
2a6a6b92,4,1,0,0.6956839696831293
2a7b5b79,4,1,1,0.39500838923235415
2a81925b,4,1,1,0.515545193888816
2a85889c,4,3,1,0.5797401417915243
2a88cbe9,4,1,0,0.4185079562826193
2a922ca4,4,1,0,0.19184475259159778
2a9e0dee,4,3,0,0.4330944143266041
2aa15e6b,4,2,1,0.2583181263458263
2aab37ac,4,3,0,0.5537222739387133
2b34dcf3,4,1,0,0.22265230582006962
2b574ef7,4,1,0,0.10729224068564719
2bac0893,4,3,0,1.006077485752293
2bad0db7,4,2,0,0.7433182463081538
2bbcfd43,4,1,0,0.20263625199429774
2bca454a,4,3,0,0.46956694160086376
2bfc9187,4,3,0,0.6247423133542298
2c3b09db,4,3,1,0.5567901555175693
2c406043,4,1,0,0.06798390695705603
2c483245,4,3,0,0.5289716159403426
2c49257f,4,3,0,0.4391685939224602
2c512f2f,4,1,1,0.44637928881201555
2c54d6c5,4,1,0,0.42102676727568805
2c56c930,4,1,0,0.531585496639663
2c9a90e9,4,1,1,1.2466870855401957
2ca9811d,4,3,1,1.0978003409530293
2cb0db2c,4,1,0,0.09070052748505142
2cc4b720,4,2,0,0.305205815484124
2cda86bd,4,1,2,1.3074930028422211
2d043af7,4,3,0,0.7016696112820051
2d0bbbd3,4,2,0,0.617176176497695
2d286c59,4,1,0,0.6078815013420338
2d3ba6fa,4,3,1,0.20229104259690472
2d5365c6,4,2,2,0.541601050732061
2da6bf6e,4,2,0,0.17187755270245858
2dbdfe11,4,2,2,0.5068993148580301
2e16053c,4,3,1,0.6322728124075192
2e17c497,4,1,1,0.3105693753335818
2e293d08,4,2,0,0.2768141324387419
2e4e045a,4,3,0,0.23368277330090692
2e7d888c,4,2,1,0.8009565390500004
2e8c9884,4,2,0,0.20410924030833716
2ea277d5,4,2,2,0.5009224783741811
2ebdadbc,4,2,0,0.3896714495547856
2ee0a1e8,4,3,1,0.9726174899782408
2f0f2949,4,3,0,1.019858350679748
2f12de00,4,3,1,0.597374389701116
2f154763,4,1,0,0.18573986934366193
2f16cad4,4,2,0,1.0926631087217915
2f1af08a,4,3,0,0.11122566431387271
2f7f0eb7,4,1,0,0.15669638653717882
2f81950d,4,3,0,0.2867064531022245
2f8ec752,4,2,0,0.3832795398259087
2f91f3c1,4,1,0,0.7426476851616295
2fba6cf4,4,2,0,0.45277766646873246
2fc568f6,4,2,1,0.970959907957502
2fef897e,4,3,0,0.6563656988603953
3046a5c7,4,2,0,0.29556271694973557
3055881a,4,2,0,0.8608818707955506
3065aa2f,4,3,0,0.5901126056096109
307c91ee,4,1,0,0.23532415197196777
3093d29f,4,3,1,0.759305618144573
30ac8a84,4,3,2,0.6340571423339209
30b3f203,4,3,2,1.015474218071043
30ba4252,4,3,0,0.3017837642521361
30d2fd47,4,2,0,0.23097871112872032
3133a6c9,4,2,1,0.4701082865008036
31349d8b,4,1,0,0.7534650090666238
3134b69f,4,2,1,0.538354391637022
3146f878,4,3,0,0.2626880004440238
3155ed01,4,1,0,0.7408602339274326
3162c492,4,2,1,0.3315677376627805
31648caa,4,1,0,0.08062352603832368
318ccc0e,4,1,0,0.4040912227982601
31b74cd4,4,3,1,0.48622996000857344
31d61741,4,3,1,0.4078033336964406
31ddec50,4,3,0,0.914248061366003
31f01671,4,3,0,0.1687405881206842
321202d4,4,3,1,0.5324259127338631
3216b978,4,2,1,0.9287511580027275
323ea319,4,1,0,0.4941183251052721
325afd3d,4,2,0,0.759832382128212
327736cd,4,1,0,0.14021415346920413
327ef356,4,1,1,0.6353270201051517
329a9c25,4,1,2,0.9857380479337811
32a9dac0,4,3,2,0.5839692009410027
32b8490d,4,2,0,0.49693556714739956
32d262c2,4,3,0,0.5463665516890869
32dcc8ab,4,2,0,0.41631509174284587
32e18ccc,4,1,2,0.9827094148194265
3302713b,4,2,0,0.7024677985888435
3305a981,4,1,2,1.0418024843157678
331733c7,4,1,1,0.6257481554826161
333be478,4,1,1,0.5929179801492499
338146bd,4,2,0,0.6555647797173135
3399795b,4,1,1,0.4749822353952938
33a499ce,4,1,1,0.7881642363018295
33d60f7d,4,2,2,0.5958834265077241
33e34de8,4,3,1,1.0233552596609876
33fe1b04,4,2,0,0.7379566224488122
342edae9,4,3,1,0.20872450917845797
343460ab,4,3,3,1.4734968467392737
34362a9a,4,1,1,0.2959859919097068
3441fd41,4,2,1,1.1559261815120963
347095fe,4,2,2,1.5337038315902283
34eb79f9,4,1,0,0.5524841919595337
34ec5de4,4,3,0,0.8229801218245499
350cf38b,4,3,0,0.26289576301503725
350dbeba,4,2,0,0.6646866980952321
35198c2d,4,1,2,1.1411652876743823
351cd4ec,4,2,1,0.4826540079375868
35265670,4,1,1,0.40290482623135104
356ab908,4,1,1,0.7293150825106661
35d2aa41,4,1,0,1.3135472606537402
35daea65,4,1,0,0.09570723889195049
35fa2ebf,4,2,3,0.9917194192593475
36473697,4,3,1,0.7411944064187759
36530d36,4,1,0,0.28728156078909783
36958957,4,1,2,0.9412227440373941
36b8c9e5,4,1,1,0.5754370114633849
36c060b9,4,2,2,1.418483634447226
36c1f189,4,3,0,0.2258348270526137
36e77bf0,4,1,1,0.5587899731389121
36fda5de,4,1,0,0.15802197760573
3714afd7,4,2,0,0.4865645233529961
372a7950,4,1,1,0.6538054093371422
3738db26,4,1,2,0.9348680720191607
376e617f,4,2,2,0.81694912187448
37ae1239,4,3,1,0.4022237911291328
37bcfa7e,4,3,0,0.8306005946833059
380029ef,4,2,0,0.4271855840515954
3820a945,4,3,0,1.0916091326344972
3826be66,4,3,1,1.2164004893429445
38390669,4,2,0,0.3159715250799685
384c3f27,4,3,0,1.3924121436727455
385a6557,4,3,0,0.33105536121713663
3875d4de,4,1,0,0.837816912879672
38cccd6d,4,3,2,0.7691029066234023
38d53b92,4,3,0,0.585345720912043
38ee12e7,4,1,0,0.6858226518144188
3901e707,4,1,0,0.18536854813500597
3913797d,4,3,0,0.5443379260113862
3918d854,4,1,0,0.1319696966307375
3934e29c,4,2,2,1.2190758856932524
394684ae,4,3,0,0.7810218616847522
394a6219,4,2,0,0.21494274162947236
3950aa00,4,2,0,0.8116522663376723
397efe7a,4,1,0,0.35177905610391635
3983d3cd,4,1,0,0.47231988393564595
3999e449,4,3,0,0.8002647851463024
39bdbb00,4,3,0,0.08637925971376231
39c20e2a,4,2,0,0.5984345170924424
39cc2836,4,1,0,0.3896273851336567
39d626f4,4,3,0,0.5772207341008397
39fb1ad0,4,1,2,0.8082477609596106
3a33d579,4,1,1,0.5560938871764213
3a594acf,4,2,1,0.5944930632241092
3ab0b1ff,4,3,1,1.0670623611361871
3ab539f0,4,3,0,0.19824418540310412
3ae4ee9b,4,3,1,1.0115131588764232
3b047021,4,1,0,0.1828168672173106
3b091b83,4,3,0,0.3894303564918966
3b112284,4,3,0,0.11652075209897905
3b1b9538,4,2,1,0.8250345937767368
3ba48ca7,4,1,0,0.4714681833051231
3bbf88cd,4,3,2,0.6637799073332795
3c0aba64,4,2,0,0.7572180799659033
3c2cf08e,4,3,0,0.23247258017196554
3c5c85e7,4,2,0,0.6178731028288811
3c620257,4,1,0,0.27833725182596136
3c7a7f32,4,2,0,1.1228071588150352
3c8f474a,4,3,0,0.3059422488223976
3ca35642,4,2,1,0.8823127121776383
3cd8802e,4,1,0,0.672510519426292
3cfeca85,4,2,0,0.21535489397922558
3d36fe8b,4,3,0,0.6485997466907105
3d3b87db,4,2,1,0.7577313864542126
3d3dd3ae,4,1,0,0.7691719383950093
3d3fb503,4,2,0,0.3710923953802573
3d46429f,4,3,2,0.967452255977731
3d48430d,4,2,0,0.3709205647066973
3d5ad997,4,2,0,0.5727455106951803
3d6143f3,4,1,0,0.19706498589199095
3d736110,4,3,1,0.8021940164983278
3d970ce4,4,1,1,0.5668457988111121
3dcbc164,4,3,1,0.9167305209690157
3de1a622,4,3,0,0.16557290861076746
3e377cb7,4,3,0,0.557306710549676
3e398bf9,4,1,2,0.9774437414305488
3e3c242c,4,2,0,0.18638709661155128
3e5d5b58,4,3,1,0.12792867499962368
3e5ee48c,4,1,0,1.0003215553508702
3e7ee995,4,3,1,1.351291989240635
3e9fd8d6,4,2,2,1.2765618200984141
3eb48980,4,2,1,0.3353663095926319
3ede35d1,4,2,0,0.4924419669776296
3f1cf5ba,4,3,1,0.6773561417427716
3f1f23e7,4,3,2,0.5351420490972463
3f20e14b,4,2,1,0.9545510052701506
3f3a70c8,4,1,1,1.339618735857244
3f3d3809,4,1,0,0.3184448450240997
3f51a21d,4,1,2,0.48178630865393013
3fcef947,4,1,0,0.4324676340927497
3fe59141,4,1,0,0.8271089478619624
3fe78116,4,1,0,0.6665417137177225
40087bc5,4,1,2,1.0721948127537748
40898508,4,1,0,0.9186474625899019
408bed19,4,3,0,0.5094454085890048
40aae75f,4,3,0,0.7997941532210107
40b904b3,4,3,1,0.5667562863832157
40cdadfc,4,3,0,0.41757638005682696
40e95163,4,2,0,0.2558558489494188
41052ced,4,1,0,0.6232617324102201
41185f8e,4,3,2,0.9725644388040573
4135cb0e,4,2,1,1.073592382487884
416b6ba2,4,2,0,0.2507829443820938
41974cde,4,3,0,0.24659012671615982
41bacefb,4,2,0,0.7783663282672053
41badf5d,4,1,1,0.8460103161978246
41d48900,4,2,0,0.5716985050061909
42309938,4,3,1,0.829586754144579
423610ac,4,2,1,0.44174963250052457
4255e559,4,1,0,0.482001344700664
4262ce3d,4,3,0,0.38109748492118534
427037b2,4,1,0,0.22849112732790394
427fad9e,4,1,2,0.983799544449111
428970d4,4,2,1,0.8400089806096263
428c37ea,4,2,0,0.30133774667679947
42bf071e,4,1,2,0.45602810017441514
42ebc3fd,4,1,0,0.5787337025013926
4307d287,4,2,1,1.138915300065056
432a4c21,4,1,1,0.7903278183527638
432aff11,4,2,0,0.2188547513919447
435bfa7b,4,3,1,0.4598955282091423
43629a34,4,2,0,0.07908969342631589
436dd613,4,1,0,0.278329014962127
43720c15,4,2,0,0.9943435732065615
43808706,4,2,2,1.0677014810519163
43a7386d,4,1,1,0.6359958617166105
43d43363,4,3,3,1.3425351634754228
43e54b20,4,1,1,0.9331816291114055
43f5d3c5,4,2,1,0.424253347799919
43fb80d6,4,2,0,0.7753376916665682
43fdba8b,4,1,0,0.4041159363130492
440acf4f,4,3,0,0.10304330279642382
444131bc,4,1,0,0.21606228588938148
4442c376,4,2,0,0.3791490029282947
446757cb,4,2,1,1.071153885569971
4496d883,4,3,2,0.5447967579624677
44cbf5c5,4,1,0,0.23744906370112978
44eaea78,4,2,2,0.9370570006173413
4505724a,4,3,0,0.09327053317787909
4507da27,4,1,1,1.0991875110005624
4518ed77,4,2,0,0.3243007941220816
451b0cd9,4,3,0,0.20757211408855197
451c11b3,4,2,0,0.4132812539777373
4570c8b8,4,3,0,0.3446875017045565
45ea366f,4,1,0,0.10909623243060379
45eb32f2,4,2,2,1.080790260059774
46170319,4,2,0,0.15382087709004616
463bf3b2,4,1,0,0.20062771053806466
464a75fb,4,1,1,1.251930760452347
4659aa1a,4,1,0,1.22108262066427
466752d9,4,3,0,0.4557303302019563
46850373,4,2,0,0.36155268012100894
471e4d12,4,3,2,1.2421758807340493
47240aa3,4,1,0,0.2575805374063369
475ebe47,4,2,0,0.23397868128769422
4777151c,4,1,2,0.9294270075058484
47a52eb8,4,3,1,1.1142394811517837
47b3bea1,4,1,2,0.23574141625171763
47c1f368,4,2,2,1.217933872027968
47fef4fc,4,2,0,0.22802446687237432
481a1861,4,1,0,0.5069664967849384
4829f7ca,4,2,0,0.6796716769989557
485d7c69,4,3,0,0.3968049934795277
48c205d9,4,2,0,0.5168516670590979
48df987b,4,1,0,0.3164248180526268
48e69212,4,1,0,0.3163656215773918
491bf457,4,1,0,0.5519731140144118
4926b18a,4,3,0,0.3232343588625537
4940a214,4,2,1,0.6628063817474853
494eba8a,4,2,0,0.3470317967312956
4950e24c,4,1,0,1.0205949627185142
49a1931d,4,1,0,0.32516790193016915
49e4eade,4,3,0,0.386863376064656
49f38606,4,1,0,0.2655182084843236
4a1440d9,4,3,2,0.3127282356128321
4a17b463,4,3,0,0.2989376538905255
4a21eb0c,4,1,0,0.8095116899047148
4a3b6521,4,3,1,0.3622664533543037
4a475a9f,4,1,1,1.1168789190917114
4a62661a,4,1,1,0.6945573558816904
4a68d751,4,2,1,0.7934916613130325
4a69e534,4,3,0,0.13533595207654664
4a6af685,4,2,0,0.5131741862868526
4a6ea9de,4,3,2,0.6726967183578795
4a9f92ca,4,2,0,0.21359116501761127
4ac5c412,4,1,0,0.23309499483244417
4acac04e,4,3,2,0.443542993889479
4afa8a76,4,3,0,0.0286002693207269
4b0f961e,4,1,0,0.9619575051273697
4b328259,4,3,0,0.425938997994465
4b3c7594,4,2,1,0.3592185533120802
4b3db4f4,4,3,0,0.3629518011825618
4b51db3e,4,1,0,0.18425510294357134
4b71830a,4,1,1,0.9658867246625742
4bc2bee9,4,1,0,0.5018096045080979
4be6f3c1,4,2,0,0.5121525869321166
4c238671,4,1,1,0.740273079568896
4c37fb30,4,3,2,1.079403062311271
4cabd7aa,4,3,0,0.9218987582210495
4cde1e34,4,3,1,0.874004236018517
4d19854c,4,2,1,0.6190935192096492
4d2d9ef3,4,2,0,0.13107030096351002
4d42caed,4,3,0,0.20761719174464077
4d61a44e,4,2,1,0.6142103518827221
4dc4ed56,4,2,0,0.4591738371088303
4dc86a42,4,2,0,0.4133554764011178
4decbcd8,4,3,0,0.267355921687734
4dfb4e1d,4,2,2,0.912044014799068
4e052db0,4,2,0,0.7297783193522356
4e314e47,4,2,0,0.19356865991238337
4e58d463,4,3,0,0.5658206955954759
4e6c7a75,4,2,1,0.30921017959943875
4ea3963e,4,2,0,0.43036757196621117
4ea4e6c9,4,3,0,0.29766098932607327
4edb98d8,4,3,2,0.835817640928461
4f059221,4,3,0,0.017113206523533986
4f059a8a,4,1,0,0.9245259513689226
4f20b188,4,2,0,0.42500064466749077
4f2d0925,4,1,1,0.5971738990714479
4f3b33ba,4,1,1,0.6506607565159396
4f3cd5c2,4,3,2,0.8400472581127043
4f96d1e7,4,2,0,0.13121378524614685
4fd7e043,4,3,0,0.2484042231120327
4ffa995b,4,1,0,1.155780480284695
50242fa0,4,1,1,0.2400893165625893
504ed32b,4,2,0,0.2721291558880554
50707f1e,4,3,0,0.5827516842351258
508a0f98,4,3,2,0.9111875746701432
50a90725,4,2,1,0.9698675468349616
50b2b84b,4,2,0,1.2270115091203482
5124169c,4,1,1,0.8942258412759554
5132511c,4,1,1,1.0492589845859523
51364c23,4,2,2,0.6122796515188533
515402ee,4,2,0,0.4682167634265185
515dd683,4,2,1,0.8519291120176161
5180ff75,4,1,0,1.5440584724822841
518e5ae6,4,2,0,0.2636960227073359
5198e7b3,4,2,2,0.48886258806533184
51a349db,4,2,0,0.5827642271503034
51eb8d14,4,3,0,0.5928153748972452
51f3feb4,4,1,0,0.32518028788365627
5216ef61,4,2,1,1.0095223293627233
5264bb0e,4,2,1,1.0354241503572132
526f719b,4,1,0,0.2578687195691343
527e796c,4,2,2,0.5017355324927288
528db82d,4,3,1,0.6789150147201833
52bd147c,4,1,0,0.26501162842239256
52ce9b8b,4,2,0,0.2812903318763864
52e9e467,4,2,0,0.9439952829688532
5320dac6,4,3,0,0.8798231557423035
53621b84,4,1,0,0.9866047733261036
53814642,4,3,1,0.316932934749465
53905a2c,4,3,1,0.2890023109242591
53cf99f2,4,1,0,0.24667651959747267
53d20dc3,4,1,0,0.0974274092786313
53faf893,4,1,0,0.07473865358547427
54391716,4,1,0,0.7676508804752459
546bfb18,4,1,0,0.24145584814096582
54868027,4,2,0,0.20049491939392078
54945f30,4,2,0,0.6321876879123803
549712ab,4,3,2,1.1259790204552973
54c87d3c,4,1,2,0.3740808715443035
54e592da,4,1,0,0.8652220373962619
54fef303,4,1,0,0.631389801134087
54ffe872,4,2,1,0.39738148299451537
556604d2,4,3,2,1.0157036465239075
5588f518,4,1,1,0.5184747633563216
55edb6ed,4,1,1,1.1232105679621172
55f9338e,4,2,0,0.13296341472051765
561f2797,4,1,0,0.24645638142929327
56210fdb,4,1,0,0.1556946961142422
5637a5a4,4,1,0,0.18616451596860034
563ebc00,4,2,1,0.28745402204617104
567ecea5,4,2,0,0.5574245864083726
567fd23a,4,3,1,0.9436958469044088
568eb64b,4,1,2,1.27292577151424
56c99b23,4,3,0,0.3022979211777303
56cb7161,4,1,0,0.25109830288581675
56d9dead,4,1,0,0.0867730745246082
56ef356c,4,3,0,0.2448607308665896
571907fc,4,3,0,0.6563804972767902
574cb902,4,1,0,0.2396493553330888
5779f2e9,4,2,0,0.3307109790174781
579e50bd,4,2,0,0.6569705988555065
57c4f2b4,4,3,0,0.7201999251768729
57d82f30,4,2,0,0.9497272841622423
57de6095,4,3,0,0.10488949601366704
57f6fa6c,4,1,0,0.10344421810108845
580a30c5,4,3,2,1.047001246294951
58391429,4,1,2,1.2920781271694604
58900fd0,4,2,0,0.09847413394679427
58ada72e,4,1,1,0.5290813231786948
58f11465,4,3,0,0.3774975474374731
592adca0,4,3,0,0.35252644137718137
592b3b7f,4,2,0,0.5400052949865548
59305d37,4,1,1,0.8032030115114425
59307c13,4,3,2,0.5517832317809215
593b5cfa,4,3,0,0.18475185265897442
59402969,4,1,1,0.9248923667127666
5985f299,4,2,0,0.23814265466757006
599850d0,4,2,0,0.1891953910223631
59b7fc28,4,3,0,0.06890597870226023
5a07e79f,4,1,1,0.3154078764486553
5a2c7642,4,3,0,0.138161811746713
5a3d5e05,4,1,1,0.4405659154464021
5a4b3725,4,3,1,0.9356043480471196
5a5f9fb2,4,1,1,0.45957996801515644
5a8712ae,4,2,3,1.224405360545565
5ac9eca0,4,2,0,0.19223894831526922
5b299ae1,4,3,1,0.23709730067392926
5b2c9b83,4,2,1,0.8891800504573588
5b66b6f2,4,3,0,-0.00675251817046818
5b9ff85e,4,1,1,0.7586399197023769
5ba201ba,4,3,1,0.5998150864026899
5bcf002a,4,3,0,0.4614084465014174
5c045867,4,1,1,1.0156398214621902
5c186496,4,2,0,0.25476164344951613
5c22f241,4,1,0,0.1797417846112121
5c2c136d,4,2,2,1.004529959687325
5c3b30d7,4,1,0,0.39520550984914665
5cd83147,4,1,0,0.7221311978499731
5d04624a,4,3,1,0.6507050327161519
5d1d7e41,4,2,0,0.0947689097276907
5d3b6ea5,4,1,1,0.5022205882013595
5d48a5b0,4,1,0,0.1355739975216314
5d762840,4,2,0,0.9743296364319285
5d805d83,4,2,0,0.8473238409736521
5d885b20,4,1,0,0.14977755665955245
5daa20e7,4,1,0,0.33562227885853047
5dad24ff,4,1,0,0.8926757147913479
5db3db12,4,3,1,0.7212296565736006
5dc62fec,4,3,0,0.23396053178684223
5ddbac80,4,2,0,1.1567311100880986
5e08237d,4,2,1,0.4069915498633767
5e2c1349,4,3,1,1.144368334197037
5e55e9fd,4,2,3,1.0618527971974316
5e57bd12,4,3,0,1.3342033028250548
5e614c1a,4,2,2,1.1640217203394796
5e6b528e,4,1,0,0.26020913845911586
5ea2c305,4,3,1,0.9495183654242145
5eb063e0,4,2,0,0.6512214530632695
5ef3d64e,4,2,2,0.984782977878303
5f099188,4,1,0,0.10802016949903387
5f37ceb1,4,2,1,0.9160058196177645
5f574f3d,4,2,0,0.2353159070506644
5f78f7b9,4,1,0,0.4255280602914939
5f9dddb4,4,2,2,0.5473671930655547
5fa91358,4,3,0,0.4187405494645189
5fdfbe47,4,2,0,0.3129893673300145
603ab4ee,4,3,1,0.07967163836308377
606e979d,4,1,1,0.7968720684270778
60d1fdee,4,2,0,0.10432233059900753
60d2774d,4,2,0,0.264507295606988
60fb7cb9,4,2,1,0.7727769895632894
612487a5,4,1,1,1.239704651191484
612b3ff9,4,3,0,0.5529487551094635
612dd900,4,2,1,0.28834155483658974
613fc399,4,1,0,0.5633188438519368
613fc53d,4,2,0,0.40087726674006285
614d5517,4,2,1,0.5871072845925707
616fc21f,4,3,0,0.1655543501230941
61823525,4,3,0,0.20315039449978545
6187d0dc,4,3,0,0.05294116031063556
6192e6b6,4,3,1,0.8208583342478343
6197a2ce,4,1,0,0.7158292958520093
620536d0,4,1,1,0.4135558456904312
621066ff,4,3,2,0.5110925212605524
622bb412,4,3,0,0.16935195661246205
6247cc15,4,3,1,1.0810811619549292
624869b6,4,2,2,0.8693778869593363
624b9e34,4,2,0,0.3751015734716137
626a608e,4,2,2,1.0590960466923756
6277e13c,4,3,0,0.5428557147206471
6282e693,4,2,0,0.14749354272115545
62839132,4,3,0,0.436132361647357
6291fddd,4,1,2,0.5312829671715452
62b873a2,4,3,1,0.4225608155751729
62cd5c74,4,3,2,0.7944789723634924
62d0cf97,4,1,2,0.9851782221110983
62f77d2f,4,3,1,0.4186214583172721
632eca98,4,2,0,0.5352687126180417
6332ad59,4,3,0,0.19337736364130736
63334478,4,3,0,0.3685593912283622
6344bba1,4,3,2,1.2553226070778547
635554d2,4,3,0,0.5338081101481853
63a00e40,4,2,0,0.35150316408682136
63d4ab9a,4,3,0,0.38368909221473024
63d810bb,4,1,0,0.8743459194616946
63dd16ec,4,3,0,0.18964788838291208
63fc9770,4,1,2,1.023915185237445
641697e6,4,3,0,0.27503793005253435
641a2b87,4,1,0,0.2997429270965428
646a4c0e,4,1,2,0.5845439880183142
649ff6d9,4,3,2,0.9994000020629965
64b4005d,4,3,1,0.677250297320766
64ed48c4,4,3,2,1.2536430575621091
64fc556b,4,3,0,0.1053091961388462
650bf252,4,3,0,0.16709366309050022
6514c337,4,1,0,0.44099696521182685
6515ef94,4,2,0,0.2393052083717599
654203ec,4,1,0,0.4238726239055942
658e66ec,4,1,2,0.8732136274053198
6595d479,4,2,1,1.1438946728915083
659fec57,4,2,0,0.5490369253484462
65dfe4b9,4,3,0,1.1755841481259814
65f9369d,4,1,0,0.48286713855485736
65fe69c0,4,2,1,1.3001080081305014
6622b302,4,1,0,0.3398282826273641
665abfda,4,3,1,0.4817862517414936
66665e95,4,2,2,0.6471618551565598
6672e527,4,1,0,0.16348754384354486
6699c999,4,1,0,0.24130474160165927
66d86d0b,4,1,0,0.9867590147055986
66ed301e,4,1,0,0.34369299893419514
66f044c7,4,1,1,0.43269680819592077
66f619e3,4,2,2,1.2164988907043979
6708fcd9,4,3,0,0.1911025604660998
672a32f1,4,2,0,0.04516892807773509
673e7be9,4,2,1,0.5907489585265693
677038b5,4,2,0,0.16605569757012112
6774ba64,4,2,0,0.38574791194729874
678598dd,4,3,0,0.1022570940880635
679ce4b2,4,2,2,0.9488984403956046
67b54cdb,4,1,0,0.16555504638348456
682327c3,4,1,0,0.2657688662554158
6826f0be,4,2,1,0.6975389111595452
68572a28,4,2,0,0.11283571776421031
685cc0f1,4,1,2,1.1171448025783803
687c85e7,4,3,0,0.5446096904447932
6885737e,4,2,1,0.4783836760622515
68a59e56,4,1,1,0.28325870910299644
68be3d5c,4,3,0,0.35945483848913884
68d49292,4,3,0,0.24844009477647655
68e514dc,4,3,0,0.6162786927374131
68fa4631,4,1,0,0.5005329218915515
69074cf3,4,2,1,0.09305557783389912
697c41d7,4,2,2,0.4478442153118943
697d894b,4,2,1,1.1371619736271288
69b65679,4,1,0,0.35527003494430176
69ccea20,4,2,0,0.20943172627675444
69fabb6b,4,2,2,1.0313802888322297
6a04461f,4,3,2,0.339264923661433
6a138911,4,2,0,0.5630167904687597
6a16089d,4,1,0,0.4577291355436036
6a2c6073,4,2,1,1.0015085131632993
6a2fd807,4,3,1,1.1063074862577795
6a7d07fb,4,1,0,0.29976644217024245
6a837387,4,3,0,0.17350867286323857
6a83a423,4,3,1,0.4781860108830568
6a864b11,4,1,1,1.2256813058659153
6a98537b,4,3,0,0.35332132923502707
6abd21d4,4,3,1,0.6869748205585974
6abd2bd4,4,1,1,0.9886071710298959
6abe8b60,4,2,0,0.296135502877359
6ac5763a,4,1,2,0.9010750685133586
6ac5eaaf,4,1,1,0.27430391133098625
6ad91972,4,3,0,0.6028547029560294
6b6467f4,4,2,2,1.03441126906102
6b773506,4,1,1,0.7569022531221455
6b9a25e6,4,3,0,0.2711001709328715
6be0f069,4,3,0,0.5864362522240262
6be56337,4,2,0,0.9462094657663875
6becb599,4,3,0,0.11086401952592884
6c0fe935,4,2,0,0.810100825325753
6c2edc91,4,3,0,0.8332523936286504
6c319d99,4,3,0,0.3395020772176476
6c4902c8,4,1,0,0.5683200967590464
6c6cd633,4,1,2,0.5318762814485346
6c737069,4,1,1,0.24560991089140866
6d341798,4,1,0,0.287816837872937
6d5c5afb,4,3,0,0.44974507488445653
6d707ac3,4,3,2,0.714886535237336
6d70e716,4,1,2,0.7588289869532558
6d7ba819,4,1,1,0.2458756117417486
6db14d48,4,2,1,0.48626685038078377
6db453ce,4,3,2,1.2626951053027429
6dfe4a75,4,1,1,1.0254004785203474
6e0d4774,4,2,1,0.8176737167140166
6e0ec0fe,4,1,1,0.5931520634851797
6e1d28b6,4,2,0,0.5690897273327149
6e5606d5,4,3,1,0.40668211959623446
6e68bcfd,4,1,1,0.624096253862233
6e695d70,4,2,2,0.3963714251812774
6e6d895f,4,2,0,0.4800472078865383
6e89cee5,4,3,0,0.5647834135411448
6e9beaee,4,2,1,1.368514303066085
6ea48a4e,4,1,0,0.5149440947222619
6ebfdc95,4,1,0,0.9720874211924062
6ecb430a,4,3,1,0.4061537951839929
6ed385f6,4,2,1,1.0319055163923454
6eff29da,4,3,1,0.28678322912532256
6f49c8d0,4,2,0,0.2986171067703358
6f5677b7,4,3,0,0.9238525179615873
6f5a31ea,4,2,1,0.3689863604718337
6fb28c2a,4,1,0,0.076860199676693
6fc6b5c4,4,1,0,0.37340285663814843
6fc95dfc,4,1,0,0.2581891664152414
6fcdcb2a,4,1,0,0.7700446692397225
7015528d,4,2,0,0.420809535287505
709457f3,4,2,1,0.33000675308352534
70de1c63,4,3,2,0.9195563269602606
710345b6,4,3,0,0.10231866122852562
7151d8b5,4,1,0,0.427196065142575
71850348,4,2,0,0.35110244549260317
71852781,4,2,0,0.47088991483878895
7187caec,4,1,2,0.7284252233936881
718975fe,4,3,0,0.570177471423141
7192b2e8,4,1,0,0.3111250867301878
71c1b1d2,4,2,0,0.14956039131758364
71cf0f87,4,1,0,0.14558308518329421
71ee31f8,4,1,0,0.20592456011993737
71f21593,4,2,2,1.3855388410321314
7214ad21,4,2,1,0.9322278692844771
721ea536,4,1,0,0.860931914582301
723ee34c,4,3,0,0.515543281932042
7250264b,4,3,0,0.14600972177212046
72565f5c,4,1,0,0.5319851657315326
7265f1e5,4,3,0,0.29326439835552764
7290824a,4,1,2,1.3567092167024566
72aa1a30,4,3,2,1.20563309245145
72afd4ca,4,2,0,0.8589730817278782
72bbfadf,4,2,1,0.7067189835749157
72c9c38d,4,3,1,0.5820036175764942
72cb1703,4,2,0,0.053531109676071886
72cc9a64,4,2,0,0.3891065687787588
72fa40ba,4,1,2,0.7656799518560798
7308d22c,4,3,1,0.6279497613982371
732b2327,4,1,0,0.5451248532705055
7347b54e,4,3,0,0.08099569463570394
738e7248,4,1,1,0.8694502504467903
73aa6aab,4,2,1,0.861018341164715
73d0e0a0,4,1,0,0.6095024102536389
73ec551e,4,2,0,0.1830565916216303
73ffa609,4,3,0,1.109552102908566
745e6065,4,3,1,0.5781528719515924
7494989e,4,2,0,0.10946959973526071
7498fbde,4,3,1,0.5663223567720241
74be50af,4,1,0,0.2690830656084804
74c2bd81,4,1,1,0.8439229752941784
75311a3f,4,1,0,0.8337071731461632
7533a4a9,4,1,0,0.5380045233008829
75927c18,4,1,1,0.9962611060851677
759328e6,4,3,2,1.3173588945310835
75b53bd4,4,2,1,0.3165578560159691
75bcc1e0,4,3,1,0.3720506092774222
75c13e08,4,2,1,0.34698263933519186
75db1257,4,3,1,0.682246434412814
75f26948,4,2,3,0.7991601527851558
7698543b,4,2,0,0.9216082304992026
76c9bf0e,4,2,1,0.5799230608023574
76dc0e9f,4,1,0,0.21669955332655821
76dfa86c,4,2,0,0.1084164522798306
76f8f621,4,3,1,0.3774666264776071
76fb4afb,4,2,1,0.11207888988823522
76ff59f2,4,3,0,0.4191901010547701
7752d450,4,1,2,0.98123744019052
77941a98,4,2,0,0.4794868246709925
77a5b2ad,4,1,0,0.31528894381685
77bfe07c,4,3,0,0.9115413235373294
77e460ce,4,3,0,0.3047771253458887
7800a084,4,2,2,0.9917344567599531
781710fe,4,2,0,0.1614928631211941
782a0589,4,3,0,0.5517797640311796
782af70b,4,1,1,0.7397466663590704
7858fd16,4,1,0,0.38605563708557417
785d0663,4,1,0,0.8976389279870975
7860b64c,4,2,1,0.4036253383912687
78704d22,4,3,1,0.9227159634550761
787654dd,4,1,0,0.1921592326695143
788268a4,4,2,0,0.20237074060507715
78a34e5d,4,1,0,0.2774525139487467
7914b38b,4,3,2,1.388441822441709
792d2fa5,4,2,3,0.5654641228788794
793c2e31,4,1,0,0.3216361038234013
79483148,4,2,1,0.5849570150757231
7958e61b,4,2,1,0.6044158181828256
79629cf4,4,3,1,0.4484317924985224
79de3beb,4,2,0,0.5394297250379131
7a0136e0,4,1,0,1.1707521636628142
7a5fccc9,4,3,1,0.43064470884204853
7a6d26a2,4,1,0,0.6856938408535324
7a86fcd2,4,2,2,0.8987999225577823
7aa3a145,4,2,0,0.1405735369556146
7ad92034,4,1,1,0.6871925968791233
7af8eac0,4,3,0,0.06071382455521879
7b0a4060,4,2,0,0.2697949190201039
7b516283,4,1,0,0.40764884919710653
7b78e634,4,2,2,0.5750514907329932
7b8842c3,4,1,2,0.7218152843838374
7b9690de,4,2,0,0.5020623276133553
7bbde46f,4,3,2,0.3335994621820785
7bdbf66f,4,1,2,0.3540276485652471
7c02f4ec,4,1,2,1.4321236261560655
7c194077,4,1,1,1.3460570004630759
7c21ad67,4,1,0,0.44171702757694603
7c39c8e5,4,2,0,0.4001404271457053
7c6ca1d4,4,1,1,0.9090877269702488
7c6cbfdd,4,1,0,0.14496255062976704
7c71edac,4,1,0,0.5944495501336137
7c8f0c95,4,2,2,1.1358099552370375
7ca548f9,4,3,0,0.15955016167272806
7cb1e4c7,4,2,0,0.3678857056999523
7ccdb9f2,4,2,0,0.5643502955193467
7cf3bca6,4,3,0,0.5270623640457456
7d22cd0a,4,3,1,0.28231418490700294
7d2f236b,4,1,0,0.2609665554883725
7d40a714,4,2,2,1.408544806682001
7d751a6a,4,3,0,1.1730007152916548
7d878d0d,4,2,1,0.8406716744614748
7d8f1716,4,2,1,0.663093648034384
7d927bdf,4,3,0,0.530330251185779
7dc65b92,4,1,0,0.8110371064874276
7deeb4fe,4,2,0,1.1374050057238212
7df487b1,4,3,0,0.4951640843669941
7e33976b,4,1,0,0.13689264573138388
7e41db05,4,2,1,0.7711586767956523
7e71aa83,4,2,0,0.5994643698480424
7e87087b,4,2,0,1.0914348585383253
7ebca7c4,4,1,0,0.5581123468827944
7ec65d94,4,2,0,0.12747750336060765
7ecea16d,4,2,0,0.17986131966009633
7f04b4fc,4,2,1,0.4556727360604436
7f1063e4,4,1,1,1.0858070676251743
7f26f78c,4,3,1,1.1854146071795446
7f2715b4,4,3,0,0.3801059977742853
7f44236f,4,1,3,0.9380034839320399
7f950ef2,4,1,3,0.9456441531565813
7fa51811,4,2,2,1.1906631175874671
7fa7ccc4,4,2,0,0.3463089513534706
7fceb836,4,3,0,1.0148368564734185
7fcf0046,4,1,1,0.9134887675787067
7fd40f2b,4,3,1,0.5701510207906415
7fe0a99a,4,1,0,0.5658470115797681
8017f13e,4,2,0,0.9618915471614009
8033847f,4,2,1,0.8456349551902907
8068fafb,4,1,0,0.33828577395964304
806d877f,4,2,1,0.5905031935332012
80784c40,4,2,0,0.47317859913575944
807d8908,4,2,1,0.5841596102198107
80b46ffb,4,3,1,1.1150930855246792
80d8829a,4,1,0,0.15023092215660205
80ed2bcf,4,1,1,1.4153623328865823
812f6873,4,2,0,0.4692442651082692
81364a4b,4,1,1,1.0907744336666148
81394e0e,4,2,1,0.5056850932083883
813e7f93,4,1,0,0.23855477680893034
8148c785,4,3,3,1.3445897251902572
816b0564,4,1,0,0.9005082588861525
81766b8a,4,3,0,0.5601904625665434
8189aa29,4,2,2,0.6032555167432287
819ad5f1,4,1,0,0.2058679162211678
81a4b826,4,3,0,0.404050607738378
81c0b83c,4,1,1,0.333105534437244
81d3ab22,4,1,0,0.9780919999110043
81d607bb,4,2,0,0.2687585508902653
81feecad,4,1,0,0.6557420726934668
82422684,4,2,0,0.7737788748891257
8256a969,4,1,0,0.31149854831296203
828b31ca,4,3,0,0.24179638800894515
82923551,4,1,0,0.11600228185089012
82a114c1,4,1,2,0.8097667613513679
82ec9747,4,3,0,0.12943085113569652
8310a02f,4,3,0,0.46509637050253233
8328c8b3,4,3,0,0.8471362667622556
836b4de3,4,3,0,0.840690636344011
83711ef5,4,1,1,0.5934308249757124
8376acc5,4,3,0,0.25083457220264843
83912085,4,1,0,0.31335289464990795
83c33097,4,3,0,0.3559715239005601
83eda373,4,3,0,0.32250157314455047
83fb5ee0,4,3,0,0.21861138808316727
840ff4b7,4,3,0,0.15251471242894854
844b87f8,4,3,0,0.16242475618664987
844be9e4,4,2,0,0.24170146272492227
84a16b14,4,1,0,0.6900314821625784
84b7d89d,4,3,1,0.7506134751431245
851b425b,4,3,0,0.36796004723587583
852adec2,4,2,0,0.36175622957800024
85452335,4,2,1,0.6075861972132806
854eb237,4,2,0,0.2645249399474636
85525f8d,4,3,0,0.34584294539371896
855c6099,4,3,1,0.35636008842126143
857baaa6,4,1,0,0.5511751203352927
858ae6a3,4,2,2,0.7884806395381497
858be19a,4,1,1,0.8401155673547931
859cbb27,4,3,0,0.17883084783579173
85b027ee,4,1,0,0.34216622135382746
85ba333f,4,1,2,0.4416886555054198
85d99199,4,1,0,1.1858980770798768
85d9c915,4,1,0,0.37501116449795424
85f23af6,4,3,1,0.20586062412754202
860f4f9c,4,3,2,0.7102768553139895
86335468,4,2,1,0.6390952394551628
863e40c7,4,3,0,0.7125773534584129
863f7033,4,1,0,0.9351338849993572
866a08b7,4,3,1,0.24071641710107117
86a8e0d6,4,3,1,1.1497503910965259
86bd716a,4,2,2,0.831054063264653
86e56299,4,1,1,0.7876164208317216
87050a09,4,3,0,0.4697132955152898
874a348f,4,3,2,0.9461705557446953
876a929e,4,1,2,1.1692185934382815
8772f64b,4,3,0,0.786218213225228
87af775e,4,3,2,0.4235789633231612
87b78ee3,4,1,2,0.7977277460098192
8823b020,4,2,1,0.607705192383985
88300a4b,4,2,0,1.063110332574727
884c429c,4,3,0,0.004652175159088556
8877cdee,4,2,0,0.24637117301641737
888c45f9,4,1,1,0.16119969270462953
88c640b9,4,2,1,1.1376030503825674
88cdb5bd,4,1,2,0.9935086965633628
88e04d93,4,2,1,0.8731253655024426
891193eb,4,1,0,0.5263258603952289
891b8cd5,4,1,0,1.2360045231047874
89261ca6,4,1,0,0.4285875216740442
893293dd,4,1,0,0.1416532445468492
89739b1a,4,2,0,0.2903152930386135
898096eb,4,2,0,0.18403791874233422
89a26502,4,1,0,0.460234310881002
89bd10b7,4,1,2,1.0134695856854674
89d475e2,4,1,2,1.0707735376863536
89d7d2c3,4,2,0,0.2668674232345741
8a444a98,4,1,0,0.31178331602163106
8a4d341b,4,1,0,0.4906395869658255
8a4e5d1a,4,2,0,0.9715418023724254
8a645723,4,2,1,1.1711612808738567
8a6b6912,4,3,0,0.2536738020650415
8a77c3e9,4,2,1,0.9362249741090773
8a9e653f,4,2,0,0.09347245094402168
8abbbc38,4,1,0,0.4445757659562092
8ad5e251,4,2,0,0.3410716361447883
8b02eb7e,4,2,0,1.2883922518985562
8b3c900f,4,1,0,0.5428997500828873
8b6a40f5,4,1,0,0.6908927718577272
8ba98f12,4,2,0,0.15551312620878516
8bc5199c,4,2,1,0.3798305296129396
8c0ca955,4,2,0,0.8624054123111796
8c122779,4,2,0,0.9284815410814711
8c1f9196,4,1,1,1.1990827781706246
8c5a5a21,4,2,0,0.7089134203721544
8c6c52a2,4,1,0,0.27310811138284685
8c97411a,4,3,0,0.3167282753022062
8c9c253d,4,1,0,0.5978885965095604
8ca025c3,4,3,0,0.2664741225715206
8cb19d64,4,1,1,0.2792673336078449
8cfcac79,4,2,2,1.065208588595055
8d010562,4,1,0,0.399544669663348
8d055cca,4,3,0,0.8688612153519428
8d8b8553,4,3,2,0.5668036164376067
8db09bb4,4,1,1,0.710694977796465
8e24b103,4,1,0,0.2957994963368054
8e380413,4,1,1,0.6722020268581556
8e59a69a,4,2,1,0.44678367880479297
8e770d51,4,3,0,0.3372655514632976
8e80deb7,4,1,0,0.6491381468654789
8e93a873,4,3,1,0.7988495581262578
8ef72e3e,4,3,0,0.02648039228227783
8f015125,4,1,0,0.8490374236957774
8f112082,4,1,1,0.8377252719177406
8f13c52a,4,1,1,0.8230772336795813
8f39a0e7,4,1,1,0.47097448777214146
8f753551,4,3,0,0.4817580764218441
8f9c03c6,4,1,0,0.08771052836824628
90161e10,4,1,1,1.351350098173711
90778278,4,1,0,0.18280711958048146
90a37530,4,1,0,0.11788491645810484
90fee6b1,4,1,0,0.38012451945833836
9105b812,4,2,1,0.8806745961917882
91098060,4,1,0,0.7018625532988657
911d1406,4,2,0,0.6409192771350968
9130a22e,4,2,0,0.2683845745940274
913bea9f,4,1,1,0.9046359339334563
916f7069,4,3,0,0.5269890707614436
9173f25b,4,3,2,0.8905797173052623
917990b2,4,3,0,1.0992361863085431
9181b136,4,1,0,0.16918074927103477
91e23cc5,4,2,2,1.2389840303931168
91fdc1e0,4,3,0,0.6330973158369712
92031591,4,2,0,0.6455348711518546
921146d1,4,1,0,0.2885935055772994
92293b06,4,2,0,0.7703541433487004
92622443,4,3,1,0.5824097516480007
926a64d8,4,1,1,1.090529239608438
926b3a76,4,1,3,1.1496630057945971
926bd07e,4,3,0,0.40098641469474366
9271574b,4,2,0,0.6435031243731381
92b18571,4,3,0,0.26704095272809564
92bb8516,4,2,0,0.2891245371492682
92bcf0e7,4,3,0,0.13852507462877334
930c567c,4,3,1,0.5410674039444417
93188a17,4,1,0,0.4699120295861403
93363059,4,2,1,1.0115507422720915
933da99b,4,1,0,0.7205942167127606
93507a1b,4,3,3,1.3911777445052882
93559639,4,2,0,0.1769320564720837
93904b23,4,1,1,1.0946636041948257
93c06d4c,4,3,0,0.5595498666941346
93c72a97,4,2,0,0.8970777235195849
93c93585,4,1,0,0.41642612199785456
93cdae1c,4,3,0,0.5426664819723866
93f8b501,4,2,0,0.3329465160548374
93fda84a,4,1,0,0.1304667362572528
9402b885,4,2,0,0.8041933573968999
9405bad1,4,1,0,0.23827483583076753
945d802a,4,2,1,0.5282749730409221
94902bc9,4,3,1,1.3880382285056418
949f94e5,4,2,0,0.21139122869214544
94a1053b,4,3,1,0.8279874595849079
9508b72f,4,3,0,0.558999478379049
9521093f,4,1,0,0.9577254082101316
9540fa8e,4,2,0,0.38246644181431033
95488452,4,3,0,0.012308693365353895
954a4c2e,4,3,1,0.6429672212772256
9568e659,4,3,2,1.16441559831379
9570bfb7,4,2,0,0.1312485242657398
957dcb7f,4,1,1,0.19123032984332877
95cc96cc,4,3,0,0.0679414516556649
95e04c4b,4,3,0,0.1107775528908333
9646a500,4,2,0,0.3650596044270714
966161e7,4,2,0,0.09609736487481157
966fffd0,4,3,2,1.124336887998464
96d6034f,4,3,0,0.0748351783460478
96de5f57,4,1,2,1.3437317571035077
978218e6,4,1,0,0.41686236944644767
979a5c76,4,1,1,0.8956029622616047
97bb0cc0,4,2,2,0.8386107680992976
981568fa,4,2,0,0.6515884417733787
983bcb5b,4,1,0,1.3632999047066932
98413061,4,3,0,0.14486703394248746
9853fb61,4,3,0,0.710276957148289
98a4be3f,4,1,0,1.2447592969128645
98a81a90,4,2,1,0.6072432853807349
98ed2153,4,1,2,0.9031315011873837
99205f42,4,2,1,0.5949133403445319
99328d2e,4,2,0,0.7436662471455929
994ee014,4,1,0,0.39813645000393766
9977fb0f,4,3,0,0.5192148918084472
998115f3,4,1,1,0.5555955721161678
998cfa64,4,1,0,0.24794556088072628
99a1711f,4,2,1,1.1852752913447566
99a8a9e7,4,3,0,0.20097745049246402
99ec8c4a,4,2,0,0.4616181625584036
99f0cc53,4,1,0,0.2007800880361042
99f3be05,4,2,1,0.6481258714458364
9a2082cf,4,3,0,0.4011459239184755
9a50d2d8,4,2,0,0.9183673067660263
9a5aed6c,4,2,0,0.7747467585381729
9a76906d,4,3,0,0.333108322631077
9a7e4c38,4,2,0,0.5735371567307536
9aa36639,4,2,0,0.11558196033172563
9aab3e36,4,1,0,0.41656275910395746
9ab4909f,4,1,1,1.034590212553733
9b328d6c,4,2,2,0.8398981623089852
9b5f13ec,4,1,2,0.8467828627273444
9b96b0e4,4,3,0,0.4159156497325865
9bc60f80,4,2,1,0.3915656278290968
9bdd6964,4,1,1,0.2438247417665536
9c12f80d,4,1,0,0.237670218699103
9c1ea003,4,1,1,0.6954454400194151
9c2df71f,4,3,0,0.055004846839993515
9c589c9d,4,3,0,0.1055931171065978
9c7a1561,4,3,0,0.1834557500581564
9c9cd7ef,4,2,1,0.4580687871253671
9cb303cb,4,1,0,1.421364422887536
9cb32129,4,1,0,0.252807165037305
9cba0d0e,4,3,1,0.6862436653012912
9ce139d3,4,1,0,0.1348460259578214
9cee3c19,4,1,1,0.5609444319309503
9d0670dd,4,3,0,0.10444510133600965
9d1b2d2c,4,2,0,0.11802125403514013
9d29b706,4,3,2,0.7301680621890287
9d39f0da,4,2,2,0.4798816830764213
9d5826bb,4,2,1,0.5371260733531491
9d65adbf,4,1,1,0.9099401780098686
9d6b1410,4,3,0,0.2992435309816473
9dbdbebf,4,1,0,0.11845523906207145
9dc74359,4,2,0,1.2407383461969077
9ddb06db,4,3,2,1.186071663899877
9ddfb9e6,4,1,1,0.9162110215143671
9de6a614,4,2,0,0.8549791957559715
9e027e04,4,1,0,0.2758597101947785
9e052412,4,3,0,0.2654127429914789
9e171735,4,1,0,0.7105412772600486
9e4385f7,4,3,0,0.740357980848285
9e7860ef,4,2,0,0.15132320898821688
9e964060,4,3,2,0.2669427896329224
9ebb73c7,4,3,0,0.5486623689922421
9f6b9158,4,3,2,0.8204949010879192
9f9be55c,4,2,2,0.6966451921355912
9fa5cdfd,4,3,0,0.24583291147365155
9fa68512,4,1,0,0.10670993144222152
9fb96ae3,4,2,2,1.1261684580328186
9fbc09a6,4,3,0,0.22523184803426682
9fbf31f9,4,1,0,0.27112689565186365
9fbfa81b,4,3,0,0.3132310132439231
9ff73d95,4,1,0,0.4419231563758035
a00c3ab0,4,2,3,1.4555689707033583
a0182b17,4,2,0,0.7505453369572741
a0277c1c,4,1,0,0.37644877534457344
a032d7bb,4,3,0,0.47998807592710435
a0482f47,4,2,0,0.452287175290677
a0497d5d,4,3,1,0.787266982359124
a0510686,4,3,1,0.11718363950101629
a07ec6fb,4,3,1,0.6624019247649056
a0811cc1,4,2,0,0.5388890475936692
a08ebf6e,4,2,3,0.9367933991495778
a0dffdeb,4,1,1,0.32730315659109976
a148b46f,4,2,0,0.42879684723879574
a1814875,4,2,2,0.8310873737063389
a1942b0b,4,3,0,0.3525065050765898
a196148e,4,1,1,1.4095763833347523
a1ab89aa,4,2,0,0.09031751749916689
a1fe4f51,4,1,0,0.12012862596299989
a213c519,4,2,0,1.0267015360468252
a217e790,4,1,0,0.3511301322321301
a21ad8c0,4,1,1,1.0426099845830064
a221c60c,4,2,1,1.0502898083789358
a2240f50,4,2,2,0.7297349256182741
a263a68c,4,2,0,0.4457725595385118
a26c3e8f,4,3,1,0.31215679373691196
a297d1b9,4,3,0,0.20324805755627068
a2994e55,4,3,2,1.2249172018421928
a2a8f352,4,2,0,0.16015700123811616
a302a015,4,2,1,0.2688763688386139
a30e6178,4,1,0,0.45462844171426564
a317c78a,4,2,0,0.528535850534881
a3391798,4,3,0,0.22766613297195332
a3413f0a,4,2,0,0.3686887686814852
a363ec1b,4,2,1,0.9980466236803074
a3858c6a,4,1,0,0.988867633315273
a38699a5,4,2,1,0.42787657301327287
a3abe528,4,2,2,0.47179739067978477
a3b146ca,4,1,0,0.30542672573086316
a3bd8858,4,3,1,1.1481760166890753
a3e53e34,4,2,1,0.5996573415076144
a40c8316,4,1,2,0.997849128058513
a4481101,4,2,0,0.6840149416459372
a45230f4,4,1,0,0.6805608069502836
a4530b41,4,1,0,0.14956471417743505
a457a4ab,4,2,0,0.2581603188966122
a49eda7f,4,2,0,0.732810905241448
a4be0322,4,1,1,0.5847837141921688
a4c15213,4,3,0,0.38811979809145125
a4e0447e,4,1,0,0.5185886527927012
a4f13c0d,4,2,0,0.7281565595309549
a5024ef9,4,2,2,0.45624913296281144
a5078c62,4,2,0,0.6303285782940546
a5356446,4,1,1,0.9777065680402354
a54d22e7,4,3,0,0.2792835687449769
a5710c0a,4,2,0,0.4390997085670997
a5974a7d,4,3,0,0.548615132549004
a59b2411,4,2,0,1.0522929695491725
a5a737f3,4,1,0,0.33062889628455305
a5c87de6,4,1,0,0.38738760883516893
a5dbb00a,4,2,1,0.48811662781599846
a60b8575,4,2,2,1.353515330547181
a62edc1c,4,3,1,0.11990718115513943
a65b2226,4,3,0,0.1880100459167255
a6969e1a,4,3,1,0.3875117048675113
a69f89e2,4,2,0,0.3101763075781836
a6e72e9d,4,1,0,0.23437301126679932
a6fbb2e7,4,3,0,0.3322090410285794
a70bb2c5,4,3,0,0.6531467062377206
a70e9a7c,4,3,0,0.6117527664300569
a722f648,4,3,1,0.511979504061181
a7639eb5,4,3,2,1.158967786901962
a774c63b,4,3,0,0.5499097389774961
a78766db,4,3,0,0.7739662738446413
a7b9546a,4,2,0,0.43663248077529926
a7d2852d,4,3,1,1.12529487235261
a814e825,4,1,0,0.5543266138944265
a84922d2,4,2,0,0.4843469026329969
a84ae7e0,4,3,1,0.7876939497998547
a886c07b,4,1,2,0.769288444609457
a88cd304,4,2,1,0.9005540883036792
a89284b2,4,2,0,0.25272766583026834
a8b0428d,4,2,1,1.1297341575759186
a922ef3f,4,3,2,0.3831242541611711
a9595acd,4,3,0,0.3390798421029012
a95b4487,4,1,0,0.46176700940486315
a971b3b1,4,3,0,0.14004122660879847
a9aa2336,4,3,0,0.7659893358730221
a9c3b925,4,1,0,0.4227219178799352
a9c53cdb,4,1,1,0.32406097108536924
a9c5f872,4,3,0,0.6585605320794644
a9e5794a,4,3,0,0.5035388804315436
aa1700c7,4,3,0,0.22951723743709812
aa295760,4,3,0,0.33631504417905067
aa61d9da,4,3,0,0.9395397059049961
aa776ef6,4,3,0,0.05434800804123574
aacb0b33,4,3,0,0.9322789044209085
aaefeff0,4,3,3,0.7880870666933697
ab16a20d,4,3,0,0.42442134916203905
ab1dc378,4,2,3,1.0227147718666925
ab36aa48,4,1,2,0.38290323140267557
ab4b6c15,4,1,1,0.6611924121990663
ab4fe82b,4,1,2,0.6671246905232224
ab54c39e,4,2,1,0.737110711510645
ab5889ef,4,2,0,0.13945137472430447
ab71f143,4,1,0,0.5140418727597494
ab987c75,4,1,0,0.42913229923436413
abac67cc,4,1,0,1.2365698722417786
abaf745c,4,2,0,0.26455655637850267
abb3b071,4,3,0,0.5482861582290546
abd1b232,4,3,2,1.2104010354550214
ac29ec80,4,2,0,0.20378981323521766
ac31e154,4,1,0,0.5308105750214501
ac66c144,4,3,0,0.04366512409571832
acb75c15,4,1,0,0.6729216117047464
acde8e47,4,3,1,0.5338035477113807
ad1dfc9a,4,1,0,1.2518788310015079
ad380962,4,1,0,0.20172367652545675
ad8189bd,4,3,3,1.138650558992202
ad8945e3,4,3,1,0.6312513923786311
adaf7461,4,1,1,0.5857924760101645
adba23f0,4,2,1,0.2098023292434133
ade50eba,4,1,1,1.4188227825510977
adf444ff,4,1,1,0.4497066661997776
adfef47a,4,3,0,0.08229926413257399
ae712150,4,1,0,0.6246474561719867
aea63a78,4,1,0,0.31453089881389307
aea92843,4,1,0,0.2522430533189291
aecc7e74,4,3,2,1.1680332945605783
af1c2775,4,3,2,1.1061763553595552
af485add,4,1,2,0.7997551801483029
af4f064e,4,3,0,0.26080806760038755
afa92c37,4,1,1,0.8120854649315578
afae8244,4,2,1,0.317084734609946
aff48273,4,1,1,0.6676948255941744
b01cb004,4,3,0,0.25758727622869787
b074f33b,4,1,0,0.8028471418718361
b08f0ca4,4,3,1,0.040930062620110785
b092b360,4,3,0,0.6031411162735074
b0ab15a7,4,1,0,0.22264247110148322
b0e96997,4,3,1,0.40039599524475855
b120a337,4,1,0,0.5181744152508582
b13e0cd0,4,3,0,0.8498163289754561
b1883100,4,2,0,0.07997752893284105
b1a00510,4,2,1,0.2093096083994755
b1bc2fe4,4,2,0,0.10174484409198747
b1de4423,4,2,0,0.142874640402689
b1f064ac,4,1,0,0.8387523130209527
b21f7b12,4,1,1,1.034292050400605
b2382d94,4,2,0,0.12973961382654436
b23b9220,4,2,0,0.7111701778486961
b2594910,4,2,0,0.5443052655291809
b285eac6,4,2,2,0.16320888553903684
b2987a65,4,3,0,0.46499660748310284
b2a73566,4,2,0,0.8299475626242019
b2b56219,4,3,1,0.4188707498229632
b308c03e,4,3,1,0.7054817941762122
b318f1d9,4,3,0,0.17348023779745364
b31dd1bb,4,1,0,0.8287145594403931
b347b9cc,4,3,0,0.2598483275198226
b39504a7,4,1,2,0.843952525743354
b397a73e,4,2,1,0.3477159232325475
b3d74a58,4,2,0,0.13405159638963948
b3dade53,4,2,2,0.7691053546218557
b4002374,4,2,1,0.8498475144236447
b412866b,4,2,1,0.9231387964455037
b447e66d,4,3,1,0.2756970917664372
b452f767,4,1,0,0.3375631289337412
b463e777,4,1,1,0.25629074055791035
b4885e6f,4,3,3,1.0690081812607897
b494401a,4,3,0,0.585319568748037
b4cfd8d7,4,3,0,0.6172232276238219
b4e69f09,4,3,0,0.17952675532878865
b516ca6f,4,3,0,0.5471931012134221
b53a8f23,4,1,2,0.38341007788640413
b55f7943,4,1,1,0.5781495432850304
b57e33a6,4,3,1,0.07526241972957026
b5a0707a,4,1,2,0.9079265402301033
b5b2d51c,4,1,0,0.2930023782070711
b5c2bc50,4,3,0,0.38401448633167695
b62a320b,4,3,1,0.31151446101552555
b64856e9,4,1,1,0.6251844584846653
b69bf1f7,4,1,0,0.7448801389703723
b6e9a65f,4,3,0,0.2219823846125185
b70db5d6,4,2,0,0.12909290923430627
b712b69b,4,2,2,0.9338733489756597
b746cbe3,4,3,0,0.1886358232896702
b78d5d2e,4,1,0,0.5319503867928175
b7a61f8d,4,1,0,0.13914573772595262
b7c410a9,4,3,0,0.4305510741048353
b7eb466c,4,3,0,0.5624314589722195
b7ec062d,4,2,1,0.9893814985210859
b802aec3,4,3,1,0.8930335038670871
b816d8d5,4,1,0,0.45830747715574816
b89b8154,4,1,0,0.4005498869097863
b8b48fbf,4,2,0,0.5354576349097806
b8bf20f9,4,2,0,0.40400559396738867
b8df3d7c,4,1,0,0.3691325216444855
b92be605,4,2,0,0.5181777531390007
b93e1e41,4,3,0,0.49699642365460983
b94ec4a1,4,1,0,0.514860527043612
b95aad8d,4,3,2,1.010428359966354
b95da85d,4,2,2,0.7536341038290403
b96e3324,4,2,0,0.13606905280521453
b9b22bff,4,3,0,1.2640193752444255
b9cf3f7c,4,3,1,1.120514729968074
b9d3616c,4,1,2,0.9573338763204579
b9dcf632,4,2,0,0.23266472947149686
b9e20ba6,4,2,0,0.4891950965111567
b9e90f7f,4,2,2,0.9894612788834545
b9eeb8fa,4,3,0,0.25733398329040674
ba09d63f,4,1,0,0.4698786927387697
ba158a9c,4,2,0,0.7583023070034819
ba29cfb3,4,3,0,0.1736347575039981
ba42462b,4,3,0,0.2772228280747007
ba4294b3,4,1,0,0.5334601690666407
ba73bc7c,4,2,1,0.7349157105423589
bafc4389,4,2,1,0.36413813124219463
bb0d7d92,4,3,2,0.8805630275508568
bb808a71,4,3,0,0.7720575424606059
bba6ff20,4,1,0,0.4977334335215271
bbd71a7c,4,3,2,0.8687258518065755
bc06600f,4,1,1,0.9008793115968458
bc0c0f03,4,3,0,0.25186532058259
bc1ec029,4,3,0,0.5579024865020562
bc437705,4,1,0,0.17402339154263685
bc4eaf77,4,1,3,0.96260371582132
bc6bd8b2,4,3,0,0.28450282073362276
bc817a4c,4,2,0,0.16086777166756056
bc95339a,4,2,0,0.34100342199357386
bccebc5a,4,3,0,0.6885073193775619
bce32ada,4,1,1,0.49365147827730715
bd124dbc,4,3,1,0.5980346262375376
bd480331,4,3,0,0.5934530378582379
bd713fb8,4,3,0,0.37265828519392297
bd8397cb,4,1,0,0.9509894580247404
bd932d04,4,2,2,1.2583825087029288
bdbd1afd,4,1,0,0.9775036129306844
bdbdc4b5,4,3,0,0.3534666792084693
bdbff28b,4,2,0,0.9569841659683773
bdcc7d10,4,3,0,0.30138622059775355
bdcddd09,4,2,1,0.6062139930570201
be1c3b0e,4,2,0,1.0596077160741735
be210bc7,4,3,2,1.2286328607214558
be26335a,4,2,1,0.9926864793389711
be9ba5f7,4,2,0,0.9134043342236329
be9e9a8e,4,2,0,0.4756170077881963
bea525dc,4,3,0,0.651895908548614
bedeb6f3,4,3,0,0.19495330271431854
bee4eab0,4,1,1,0.7074900165140358
bee51adb,4,3,0,0.4060054313762073
bef259fd,4,2,1,0.9640458538457206
bef89ce4,4,3,0,0.27271762100863733
bf0942bc,4,1,0,0.6527152588089177
bf31e0a7,4,1,0,0.13714069450937905
bfade1ba,4,3,0,0.22223081712897563
bfb421f9,4,3,2,0.6662235183727951
c00c663c,4,3,1,0.6866249902438969
c0442863,4,3,2,0.9962203721140633
c0869eb0,4,1,0,0.39403451217418567
c087b48a,4,2,1,0.9138817961353864
c09d41cd,4,2,0,0.7241212276922852
c0a7d046,4,1,0,1.0364438691974962
c0adc389,4,2,2,1.0921188508028
c0d5b3f3,4,1,0,0.7825713837454439
c0f2a046,4,3,0,0.5949609473876504
c1200b71,4,3,0,0.11206583649645335
c1373df0,4,3,1,0.29393346190988384
c192715a,4,3,0,0.7394049219425788
c1add876,4,3,1,0.5226077509192618
c1ed20ef,4,2,1,0.32376905416065843
c24c877a,4,3,0,0.0482719298860349
c274a243,4,1,0,0.1297485887521887
c294b507,4,2,1,0.5286589324353982
c2adf42c,4,3,1,0.9239332231397265
c2b40d6f,4,2,0,0.5177246371034601
c2bac6ad,4,2,2,1.0322044180475838
c2bac92a,4,2,0,0.7159401855834184
c2ea6e54,4,1,0,0.32035984481709495
c3061b23,4,3,0,0.5380525072667977
c308b134,4,2,3,0.8518437603928148
c31a5825,4,3,2,0.22433644775244027
c37ef416,4,1,0,0.46974745964147835
c38a5c9b,4,2,2,1.0931902950649028
c391e9c0,4,2,1,0.5376571742326521
c3a3f61e,4,1,0,0.44795692114618463
c3adae87,4,1,2,0.6841116160308043
c3b87e5c,4,3,0,0.20793161508543823
c3d46daf,4,3,2,0.8765899868170757
c3dde859,4,1,0,0.2849520291266338
c409bc9d,4,3,0,0.08103059009757324
c40bb352,4,1,1,0.3004333447962258
c418e47a,4,3,1,1.1075129755408517
c42b7972,4,3,0,0.7680660804122499
c446e1c5,4,1,2,0.9243508438857531
c45068a1,4,3,1,1.068054006227812
c459095b,4,1,2,1.015347625692004
c4a681dc,4,2,1,0.2283925090199983
c4aa8d47,4,2,0,0.19875954566069692
c4c2076b,4,1,0,0.24692353662261407
c51c1139,4,1,0,0.2495409595444567
c5462e87,4,2,1,0.33922785794635035
c55187b4,4,1,0,1.1651681917157786
c5c891c1,4,1,0,0.5939129809595403
c5cfaeae,4,3,2,0.7548690688836714
c5e91ebc,4,3,0,0.386956901530883
c5f3d60c,4,2,0,0.12868745447126617
c6287031,4,1,1,0.8531214478495421
c6313b18,4,2,0,0.4150659093725829
c63f1965,4,2,0,0.4156939378049095
c6575d38,4,3,2,1.5421470614803177
c66daa08,4,1,2,0.9911389389853082
c678730b,4,3,0,0.3356088213611338
c68c9809,4,3,1,0.6918638238604671
c69ffa09,4,3,0,1.1879075689826974
c6b7811e,4,1,2,0.30440820248859746
c6cb894a,4,1,0,0.5526320654088006
c6cc7467,4,1,0,1.270223220098819
c6d4b453,4,2,1,0.22072924636085245
c6da0d4b,4,2,0,0.4229025284620867
c6ead822,4,1,1,0.9245934938646847
c6fd800e,4,1,0,0.20789468718263454
c706a54d,4,1,0,0.10912544054364193
c731458f,4,2,1,0.6861032742802848
c73dd2e4,4,1,0,0.5753021968484943
c73f149c,4,1,0,0.33568273728107967
c79039af,4,3,1,0.22315456826639046
c805ebe7,4,2,0,0.13507467755226332
c8270746,4,1,1,0.8670149941443545
c892f324,4,1,0,0.2126663112301619
c8cc2e1b,4,3,0,0.20078624853080157
c8d6b871,4,3,0,0.4931998295333128
c8fbbc8a,4,1,0,0.5456146266569905
c9133895,4,3,1,0.5657202355783021
c9537127,4,2,0,0.47975171712285863
c9600298,4,2,0,0.3072142880848835
c96b9609,4,1,0,0.19313579860192115
c98527f7,4,1,0,0.27400288012163054
c9879365,4,1,0,0.5398775285187318
c9902f48,4,3,1,0.38110786585752654
c9a57335,4,2,0,0.2235081690082289
c9ad9c75,4,2,0,0.8750338053764753
c9d47171,4,2,2,0.3697201543015729
c9dabad5,4,2,0,0.47616782161792875
c9e419e7,4,1,0,0.2989677529205399
ca1bdcd3,4,2,0,0.18397887409136215
ca33a5e7,4,3,2,0.3173094969922571
cad3bc70,4,1,2,1.1605488083101612
cadd4ae5,4,1,0,0.5137789372741861
cae0531e,4,1,1,0.9125726526765927
cae31194,4,3,0,0.3410197160502555
caec8d59,4,2,2,1.1869206194085433
cb2752bc,4,3,1,0.7172963974571203
cb73fed9,4,1,0,0.23212584535504305
cba1c8b5,4,3,0,0.7120553083155792
cba39753,4,2,0,0.8206917887543597
cbb1ddec,4,2,2,0.4962626644175552
cbca33a5,4,3,0,0.4865137702087685
cc010b72,4,3,0,0.14139339671309503
cc224be2,4,3,0,0.36328067713125406
cc25e136,4,3,2,1.0468589253632614
cc477243,4,2,0,0.513154070896489
ccc9db97,4,3,1,1.3275628744114796
ccd0fe74,4,1,2,0.9649065954085632
ccd3cb96,4,2,0,0.272467771246614
ccdb4ae5,4,1,0,0.48253295417143005
cd144127,4,2,0,0.41337042672297347
cd39e576,4,2,0,0.4670962101417363
cd68643b,4,2,0,0.12662777928757968
cd8ec8ac,4,1,0,0.49297584384779597
cd8f3c61,4,3,0,0.20408691267682028
cd92eaf6,4,2,0,0.4493676263151186
ce031b1b,4,1,0,0.4190297162031129
ce379a6a,4,1,1,0.6819486531613959
ce6eeadf,4,2,1,1.0770072125091221
ce95b2e1,4,2,2,0.8928335379909076
cea35700,4,3,0,0.4129924775076942
cefdb7fe,4,3,1,0.8323732630138152
cf0d6d38,4,2,0,0.29219950898676367
cf1b9d44,4,3,0,0.7639219272960616
cf86987d,4,2,2,1.15594284816394
cfcf9dc9,4,2,2,0.16193334147426647
cfe4cf40,4,3,1,0.6829522110482861
d00b493e,4,1,0,0.6477419041015103
d0429481,4,1,3,1.2311696780695467
d05f5d71,4,3,2,0.7046674284442431
d08806a2,4,3,1,0.5202170299511539
d0ac4f1c,4,3,0,1.2235386671132509
d11428bd,4,3,0,0.6325318386753034
d1145910,4,2,1,1.0008245608029833
d14d79b5,4,1,0,0.31203248716841314
d1a38988,4,2,0,0.3745118273516147
d1aa6625,4,2,0,0.46061872522582714
d1aafc4e,4,1,1,0.9391363801478498
d1ab95e5,4,2,0,0.45043473699520975
d22e7168,4,1,0,0.6089953982506372
d2b84f45,4,2,1,0.944956294745961
d2bcca68,4,2,0,0.4305209203035434
d2d9b474,4,3,0,0.6097254450625845
d2fcde50,4,3,0,0.2815520505889108
d3b860ab,4,3,1,0.09582088506446629
d3bf6d28,4,1,1,0.8399586713613226
d3da09e8,4,3,1,1.1745166031864867
d3eda827,4,1,0,0.054322911887936365
d42454d4,4,2,0,0.41113850330343793
d4337a28,4,3,0,0.2618632707230671
d45bae93,4,3,0,1.3631447411160131
d476f528,4,3,2,0.7033780619367819
d4b935f8,4,1,0,0.9445067415978783
d4bfc83f,4,3,1,0.07438067137840831
d4c2e9a1,4,3,0,0.15745632034898094
d4d2f272,4,2,1,0.7832574472517709
d4d9f7f9,4,1,0,0.2460442939127404
d4f3e585,4,2,2,0.931240929362379
d50a8c3c,4,2,1,0.8110054725570294
d53ead5c,4,3,0,0.32620966157814063
d547d0da,4,3,1,0.5141960129078321
d565ccf6,4,2,0,0.6194432939353557
d57380cf,4,2,2,0.9051199632720517
d57802c5,4,2,0,0.42498602407872854
d57f6c9e,4,3,2,0.8298067635139172
d5874bad,4,2,1,1.0052780568504716
d5a8d9b0,4,3,2,1.0105851341620924
d5b089a4,4,1,1,0.6472961766627534
d5cebbfc,4,1,1,0.5127356956524578
d5fb07d2,4,3,1,0.7167640606734671
d5fde276,4,2,1,0.38758008996290183
d6007386,4,1,1,0.6566314421459327
d61359ee,4,1,0,0.08539358283081994
d6251195,4,1,0,0.16515732228006597
d661ddf7,4,1,1,0.6363289341045257
d66aed49,4,3,0,0.3303320375023535
d6776176,4,2,0,0.23880878959487795
d6add300,4,3,1,1.0915016991085127
d6be0a92,4,2,2,0.5170803626484762
d6c4d9eb,4,1,0,0.5285606964569589
d6c6baa5,4,2,0,0.7447691783739573
d6e613bc,4,2,0,0.8297396472596879
d77ac332,4,3,2,1.0179652391988014
d788a6a8,4,2,1,0.3079829571591219
d78c55fb,4,3,2,0.847803158778128
d78f437c,4,3,0,0.09063807920109151
d7c063b4,4,1,1,0.18961299318361674
d8037389,4,1,1,0.8069513189665933
d8196954,4,3,0,0.1240498950094564
d81f28d3,4,1,0,0.15671116418194075
d85a62b3,4,1,2,0.5493875820119807
d85b7c71,4,3,1,0.4980065109053796
d87d3d03,4,1,0,0.43978218654598267
d87e2d01,4,1,1,0.8455452003209936
d8a78157,4,3,1,0.9123112596533477
d8b066ad,4,1,2,0.6171380743675658
d90900e1,4,2,0,0.393901150329732
d94c91bf,4,3,0,0.1783489541966442
d980da40,4,2,0,0.19383440897604748
d98be7a1,4,2,0,0.1086976567192538
d9ae9a13,4,3,1,0.7137731190894382
d9c82502,4,1,2,0.2935582834958706
d9eb30bf,4,2,0,0.9684130838649806
da0001de,4,3,1,0.13763367794888548
da09ed4b,4,3,0,0.9653101469044258
da15064a,4,3,1,0.5629395379388521
da1b21b1,4,3,0,0.14249882584922324
da5a8921,4,2,0,0.1892162004383956
da94e67d,4,1,2,0.9230846953781473
daa9b0aa,4,1,0,0.2142932903361202
dacc2f83,4,2,0,0.897867366223345
dacfdb2c,4,3,0,0.18652373066286826
daf3969c,4,1,2,0.9842754097442596
db38d1f9,4,1,1,0.7215275182206535
db3b1dd1,4,3,0,0.2598217779178701
db49ac7c,4,1,0,0.8298357970693366
db609511,4,2,0,0.07634166595687186
db746de0,4,1,0,0.6449250204487884
dbfa6d84,4,3,0,0.09869435620950406
dc168599,4,3,0,0.33634768735093107
dc33dcef,4,1,0,0.4887433065759905
dc4e9e2f,4,3,0,0.691017772610459
dc52906a,4,3,1,0.3725905791928715
dc6870da,4,2,0,0.4783047696026447
dc81eac1,4,1,1,0.4333912900213932
dce2a54d,4,2,1,0.4730308444807917
dcffa5d6,4,3,0,0.3394504395600542
dd02cfa1,4,2,1,0.5641869877755168
dd689eb0,4,3,0,0.05193528918438317
dd747bba,4,2,0,0.3395021670930642
dd9c9576,4,1,0,0.4241965704189426
ddd9a88d,4,3,0,0.9455488056398271
de3750cc,4,2,0,0.14511665388575107
de3ecca9,4,3,2,0.7330567577926476
de742c5c,4,1,2,1.0280508719761954
de961552,4,1,1,0.2877757438458512
dea0552b,4,2,1,1.018220069893581
dee8b1bd,4,3,2,0.6910897913328031
dee9eb9c,4,3,0,0.7162872275481682
df4a0fee,4,3,0,0.5496917806417556
df4ab9b1,4,1,1,0.9586285569953696
df4d2085,4,3,1,0.5205959690875135
df556fd2,4,1,3,1.1139570038654423
df98fbb4,4,1,2,0.6217435808957835
dfd87763,4,2,0,0.3503810486905944
e016d96c,4,2,0,0.6374336136563001
e0271395,4,1,0,0.18197282634117845
e0283d3d,4,1,0,0.07729253366020472
e049dab1,4,3,0,0.49943671707599174
e0655da2,4,3,0,0.19011560632714342
e0706ce2,4,1,1,0.4285162207287657
e072b994,4,1,0,0.10472511294615039
e0736134,4,3,0,0.3951817307076284
e0767d64,4,2,2,1.0335272055610587
e0869709,4,2,2,1.0235849431364235
e0a7f42a,4,1,1,0.5486801919109159
e0ad6550,4,2,2,0.3448293673508684
e0c4e965,4,2,0,0.6318099874021995
e0db55b1,4,1,1,0.8751373054430728
e0e35d4e,4,3,1,1.0818776732931057
e0eb3ea8,4,2,2,0.5870372344566585
e0fb3838,4,1,0,0.07239785772907559
e11be9c1,4,1,0,0.6064307984790084
e12c2944,4,2,2,0.7300468377488686
e15fe97b,4,2,0,0.5704902477826407
e16a4784,4,1,3,1.4403068344665835
e17b9cae,4,1,2,1.1414811079574883
e199d438,4,2,1,0.8782276321426226
e1a4575f,4,1,0,0.33532688429667445
e1af39f8,4,2,1,0.5771026408247951
e1ccc3d1,4,1,0,0.2075012504692994
e1e02e28,4,1,0,0.22663736630988618
e21255e2,4,2,1,0.805691796503966
e22cf08a,4,3,0,0.23042615280138506
e23a8a0a,4,2,0,0.2943608283940499
e243119c,4,2,0,0.3530215375406831
e252dcb6,4,3,2,1.290898584911767
e28c0bfa,4,1,1,0.7269099695631773
e296c5e4,4,2,0,0.18595200206314272
e2cb8401,4,3,0,1.3044686268458667
e2d370a2,4,2,1,0.7417548318744532
e2fcc91e,4,2,0,0.31099271232232745
e315fdd7,4,1,0,0.9679526787952417
e318ec9a,4,3,0,0.2707591949173278
e328a032,4,1,0,0.5670259695017449
e345b271,4,3,1,0.24030177073862424
e34b9430,4,1,1,1.1241592719322346
e362108f,4,1,0,0.6459416348961752
e37d000b,4,2,0,0.28082405317515274
e3a6f97f,4,2,1,1.0269411580202719
e3aa85a3,4,3,0,0.34801025410747466
e3aa9dcb,4,2,1,0.8879083349729302
e3af914a,4,2,1,0.7574172512209444
e3bce7e1,4,2,0,0.7575101837553696
e3cec795,4,2,1,0.23981248692397322
e3d5aab8,4,3,0,0.08805595245062525
e3f71f7a,4,3,0,1.037965998913986
e40319d7,4,2,1,0.5136641109133927
e46417a7,4,3,0,0.0002250694592685898
e4762a2b,4,2,1,0.5924754836770795
e47c1eb7,4,3,1,0.6623155544013712
e4a2e3bc,4,2,2,0.6102653089799053
e4ab3b12,4,2,0,0.21974496897764212
e4b47411,4,3,1,0.5623553901435971
e4d5bf2b,4,1,1,0.7333806013004796
e4db6712,4,2,1,0.5047991454194718
e4e58096,4,1,0,0.5806524103299172
e4ee6ff3,4,3,0,1.022155831728785
e5349ce2,4,3,0,0.19378643380330474
e537418f,4,2,1,1.0614488937823312
e56b2209,4,1,0,0.3691941596478395
e5b902bc,4,1,2,0.7734776796360427
e5d77ff3,4,3,1,0.8282611466275186
e6169c6d,4,1,0,0.2678663292646573
e63000c5,4,1,0,0.0721261527681033
e63a0ea8,4,1,0,0.1317403052764593
e664dd71,4,3,1,0.06332495639080349
e683d2c9,4,3,1,0.6826773031799258
e715739b,4,2,1,0.5028423174445793
e72af462,4,3,1,0.7911218472742716
e739c579,4,3,1,0.975971776606917
e7401605,4,3,0,0.11223765855723633
e754411f,4,2,0,0.8391147632209759
e76ad778,4,1,2,0.963068889094259
e79487a3,4,2,0,0.2599791148487358
e7d08824,4,1,0,0.8980902528792432
e7db432d,4,1,0,0.9715510119105495
e7db9aef,4,2,2,0.7230480063734208
e8313da5,4,3,1,0.21899629452628577
e86bb780,4,3,0,0.0936097983256996
e88aa867,4,1,0,1.303296580939607
e892aec6,4,3,1,0.2620593469477188
e8ac21d2,4,2,2,0.6281650029636568
e8af663d,4,3,0,0.509887064682939
e8b64419,4,3,0,0.7704509076483114
e8d9d5ea,4,3,0,0.5709220420331137
e9030ab7,4,1,2,0.8956204693519922
e912c973,4,2,1,1.2250331909062264
e93cce44,4,1,1,0.4541964776036154
e96763c1,4,2,1,0.7562954573701163
e96da61f,4,1,0,0.2384194625788425
e9a6c514,4,1,0,0.32621555999115254
e9b642a3,4,3,1,1.2442186499731924
e9ca5586,4,3,0,0.39212487860521167
e9d94c4e,4,3,0,0.5432839832477058
ea38bd63,4,1,2,1.4597427348833687
ea4619ec,4,3,0,0.41870800864804103
ea544af3,4,1,0,1.1210022666802644
ea7277b4,4,3,0,0.4332621828101424
ea7adcd6,4,3,0,0.7044801439897024
eaa4821d,4,1,0,0.14172567191528895
eaab7a96,4,2,0,0.6659061649469047
eac08386,4,3,0,0.20321528407382383
ead25f13,4,2,1,0.28917569727089293
ead871be,4,3,2,-0.007418197833859108
eaedb188,4,2,0,0.43780257738261874
eb5c46b0,4,1,0,1.3751403404739424
eb749e46,4,3,2,1.1417796190451472
eb93a46a,4,2,0,0.27517838545761775
eb9a846d,4,2,0,0.5437996448493582
eba27772,4,2,0,0.1489429548837226
ebd15fdc,4,2,1,0.6468566072296384
ebd6f819,4,1,1,0.8287047605058475
ebf2b0c9,4,2,0,0.49539810696670694
ec015bbb,4,2,0,0.09437328970035608
ec0f4afa,4,2,0,0.4377209000037202
ec13a1b9,4,1,2,0.33766296889034525
ec220299,4,2,0,0.8330252873488302
ec4a1461,4,3,2,1.0253191251144158
ec619149,4,2,0,0.6737165862225902
ec65cd62,4,3,0,0.4412200362703379
ec6b57b4,4,3,0,0.7235213806271803
ec850b10,4,1,0,0.9416452965000925
ec890dbd,4,2,1,0.4256692289685339
ec9044f5,4,1,0,0.6390632786736943
ec9179b7,4,1,0,0.14001311261011412
ecb1c038,4,1,1,0.4964707009578837
ecbdbe55,4,3,0,0.23024100985871088
ecd25dd1,4,1,0,1.1618536284453969
ed0b3906,4,1,2,1.4820512581303076
ed329c15,4,1,1,0.9151281836188798
ed50a6f6,4,3,2,0.7201276306736349
ed711416,4,2,1,0.4310965430006688
edb9d0f3,4,2,0,0.36919098145162943
edbf35f3,4,1,2,1.2273589165572267
edc44560,4,1,0,0.7124589300838423
edca760c,4,2,1,0.656524915034773
edeec50d,4,1,0,0.33294055344360396
edfe1f8d,4,3,1,0.7894571043715843
ee0fa75a,4,2,1,1.0715564687705457
ee2bf575,4,3,2,0.8394739077551294
ee654259,4,1,1,0.20027413213601591
ee74be35,4,2,0,0.5343348445251147
eea74d46,4,2,1,0.1908816227983896
eec0d188,4,2,0,0.256111636655261
eeedcd5e,4,3,1,0.7377239054397606
eeefa792,4,3,0,0.425264620449742
eef79620,4,2,0,0.9360485908450726
eefeb431,4,2,0,0.7673312157689895
ef07f833,4,3,0,0.11476072882585514
ef1b858a,4,2,0,0.20596453866652414
ef4ae515,4,2,0,0.14247721346790126
ef58dd3c,4,1,0,0.7254683311909375
efa35d35,4,2,0,0.4488151705822586
efc2bc05,4,2,0,0.6952266011572215
efcef0d6,4,1,0,0.6803415330764444
f015a18c,4,3,0,1.158145843119907
f043be76,4,3,0,0.7687664864577246
f0957ca1,4,2,2,0.6867273292599314
f09a076a,4,2,1,0.8605839677931395
f0b5d026,4,3,2,0.7091225548867415
f0d76b32,4,3,1,0.5226283120056247
f1049268,4,1,1,0.7095203147692275
f11e17c0,4,3,1,1.1909268742777086
f13cb65e,4,2,2,0.5753440264969307
f14e55d7,4,2,0,0.9533194426501156
f15dca1b,4,1,1,0.6612909624025566
f1702318,4,2,1,0.6065696167065573
f1a16e58,4,3,1,0.5590059395641415
f1baabc1,4,2,1,0.33818465791315666
f1bd0f59,4,3,0,0.8073990545156063
f1c3cb6b,4,1,1,0.980540256349128
f1ee75bf,4,1,1,0.3527289801659452
f220a837,4,3,1,0.8260704159972299
f240387a,4,2,1,0.3444451738548172
f2499682,4,2,0,0.15473732470876533
f2649b91,4,2,1,0.8057223217248836
f285b43c,4,2,1,1.0288354807339162
f29d4094,4,1,1,1.0764118359881985
f2d4efd8,4,2,2,0.8700254626027618
f301e7a9,4,1,0,0.39845831531716513
f3020788,4,1,2,1.2458590539483718
f35b607c,4,1,0,0.7596052206426107
f3600deb,4,3,1,0.37036865845478895
f3a1dd3b,4,1,1,0.6504747123287435
f3aac45a,4,3,1,1.0010292502539886
f3d22832,4,2,0,0.406379732502418
f3fbe6c9,4,1,0,0.809171997585787
f4114031,4,1,1,0.7714878954304354
f420b05a,4,3,0,0.16739845969280137
f4223e3a,4,1,2,0.4234781799449691
f44f1227,4,1,0,0.4333030638745162
f47a67cc,4,2,0,0.10034525691768997
f497dd7b,4,1,0,0.5553066705781093
f4d2f5af,4,3,2,0.7397976499634376
f4ece6b5,4,1,0,0.2565092713753339
f5369cea,4,1,0,0.11092541495451075
f566e5cc,4,3,1,0.7804380824963042
f567a1af,4,1,0,0.17171085892545246
f584742f,4,3,1,1.1424206613078431
f58ddd4a,4,1,1,0.5892483629638301
f5b2acf0,4,1,1,0.45932166773639194
f5d4c82e,4,3,1,1.0052821541937655
f5e64c94,4,2,1,0.6841950735364479
f6284dcb,4,2,0,0.4568594582459079
f62b317d,4,1,0,0.7948733331060196
f64ae747,4,3,2,0.7609290553082192
f64e1d85,4,3,2,0.3367010262694303
f64f877b,4,1,0,0.30841744471498506
f67908e7,4,2,0,0.30907120214289974
f6b719ee,4,2,0,0.14381946140577972
f6c0e2b7,4,2,1,1.1039904078985758
f6cc80a9,4,2,0,1.0860651892662698
f6d3a5ad,4,3,0,0.4779943092048313
f6d6f400,4,2,0,0.9625175352709702
f6d879aa,4,2,1,0.963236272476142
f74c45c1,4,3,1,0.8611551760395608
f74eda33,4,3,2,0.6727485603963578
f75c957f,4,2,0,0.12050794657060304
f77c2636,4,3,1,0.9162781245270756
f7b1374e,4,2,1,0.7965143992270707
f7fc97cf,4,3,0,1.0729236131851572
f804c9f3,4,1,1,0.8971753257836402
f81598bf,4,2,1,0.5381342191864689
f848f42b,4,3,1,0.4216677860170168
f8674e15,4,3,1,0.5899546594055073
f869d220,4,3,1,1.2707971949930377
f8b08332,4,3,0,0.5119958746904599
f8bf4a1c,4,1,0,1.2688239953196843
f8d293a0,4,2,0,0.1496550139387019
f8e3467e,4,1,1,0.4170193655719875
f922ae21,4,1,0,0.6001115080628522
f93010a8,4,2,0,0.45765883191716344
f9334e08,4,1,1,0.08364120865496694
f9384fa2,4,3,1,0.9805881567882024
f958efdc,4,3,0,0.7878807650545823
f9897bf1,4,1,1,0.24226927098362955
fa293db8,4,2,0,0.3523108876369222
fa29ab47,4,2,0,0.23377234704550315
fa34f945,4,3,1,1.283733178066045
fa3e1e21,4,2,0,0.25927764287965693
fa472647,4,2,1,0.5861308759088665
fa4f0329,4,2,0,0.4328160471969894
fa62d7b1,4,2,0,0.5798219316651487
fa633e39,4,3,0,0.5116878311540415
fa78d819,4,3,2,1.273232056146513
fa9a0add,4,2,0,0.14010162886820177
fad07fce,4,1,0,0.5318303085537376
fb04f7dd,4,2,2,0.3426646788890751
fb22e454,4,1,0,0.7685177299662891
fb2ddbd1,4,1,2,0.5207641028429713
fb9982a2,4,3,0,0.2121853295393506
fb9b060f,4,2,2,1.3205845713089204
fbb39bfe,4,1,2,0.9250950814525634
fbc6ade7,4,2,1,0.12060227726026196
fbda3966,4,1,1,0.6729605111896009
fc1912e3,4,3,1,0.6850956978406871
fc2c2c08,4,2,0,0.3490369590044454
fc49ba65,4,1,0,0.17555352911766658
fc8e4de4,4,2,0,0.31462537664319357
fd028ecc,4,2,0,0.16365521736413313
fd0d9bca,4,3,0,0.05515207956214996
fd3448d9,4,1,2,0.49772851006137575
fd5589f6,4,3,0,0.2106741641015965
fd56e059,4,1,0,0.35283977264035915
fdb6b48b,4,1,0,0.5885143212485744
fdc11b96,4,1,0,1.2442954903061563
fdd9799f,4,3,1,1.1717624829175066
fdea7d9e,4,3,1,0.9581364663465659
fdf4691f,4,2,0,0.5437246475573501
fe102a25,4,3,1,0.33666046710282005
fe5e2dc9,4,3,2,0.5194061039511575
fe9c71d8,4,1,0,0.24152075752700686
feb53635,4,1,2,1.5194658774397407
fecc07d6,4,1,0,0.13438039875847596
fee07f32,4,2,0,0.3042502849717183
fefaffe0,4,2,0,0.5047776435723531
ff18b749,4,2,0,0.48985231515717725
ff6c2bb8,4,2,0,0.4807635689499451
ff759544,4,1,1,0.18641315779826523
ff8a2de4,4,3,1,0.8040151604844388
ffcd4dbd,4,2,1,0.7997477971874765
00008ff9,5,3,2,0.4264177096897869
000fd460,5,2,0,0.3151632369419896
00105258,5,3,0,0.4911603998184438
00115b9f,5,3,1,0.230114435258379
001f3379,5,2,1,0.6804295671245053
0038ba98,5,1,0,0.7155763557559066
00abe655,5,3,0,0.5067953911792329
00ae59c9,5,3,1,0.8225843425836393
00d56d4b,5,3,0,0.0460377105791312
00e6167c,5,1,0,0.5349732651292612
00f332d1,5,2,1,0.8895119591753473
00f574e9,5,2,0,1.1729346858758523
01085eb3,5,1,0,0.9665791657948004
011e71c3,5,3,0,0.9093930167120915
012cadd8,5,3,0,0.42676814766158677
012e3869,5,2,0,0.12499402957623873
015ba5b1,5,1,2,1.1001645675616283
01cae1ef,5,2,0,0.7247685338358464
02073150,5,1,0,0.19867476035486198
0219f64a,5,2,2,0.4321414104773317
02347f13,5,2,0,0.762788787381196
026102c4,5,2,0,0.18300122692511223
02648a1c,5,2,0,0.6218793638091802
026fcbc3,5,3,0,0.674264919210305
02a01f18,5,2,0,0.23544817935347045
02cebf33,5,2,1,1.0545666075900781
02cf7384,5,3,0,1.027570958861411
02e56a7c,5,1,0,0.41218320739662573
034f923b,5,3,0,1.2435421887813998
0357a10e,5,1,1,0.2826713694599982
035c96dd,5,1,0,0.5483777866217349
0380e709,5,2,2,0.6594228738085922
03833cec,5,2,0,0.20697724726709177
03a5c2d6,5,1,0,0.5616325620198327
03a9019b,5,3,1,0.676404356000996
03bf5026,5,3,0,0.40860524314843144
03f1c1c8,5,3,2,0.7780240512199676
045a0a94,5,2,2,1.1148177699801187
0499c3e8,5,1,1,0.5951975690343791
04af8fdd,5,1,0,0.4541358221460993
04afb6f9,5,3,2,0.8144999649197329
04b3cc70,5,1,0,0.4443721626667294
04bb1a76,5,2,2,0.654571580739955
04cb2c30,5,2,1,0.47041748260709637
04dc7df1,5,3,1,0.39635171747636605
04f094a8,5,2,1,0.5766106003966162
0506b9cd,5,3,1,1.3726764232450817
051680a0,5,2,1,0.3275532102176038
051f73ae,5,3,0,0.4520051146894537
055156e2,5,1,2,1.184804770122656
05777ce1,5,3,2,1.4561380458329594
0598f669,5,1,0,0.46302716955996315
059e02ab,5,1,1,0.8404644397650118
05bbed1b,5,3,0,-0.015586796654376123
05bc318e,5,3,1,0.8737523898980747
05d3d73a,5,3,0,0.24139905694445685
05db1b9b,5,2,0,0.398947203514465
05e67680,5,1,0,0.5596578393698556
05e94f88,5,2,0,0.3641796006075063
05f2d1b5,5,3,0,0.18114639630411455
0632d98a,5,3,0,0.43352848357820567
063b16fc,5,1,1,0.8797943116797615
064e8da5,5,3,0,-0.009180795194985159
065801e3,5,3,0,0.7592777464653334
066343d4,5,2,0,0.3119515964090283
0668373f,5,3,2,0.43311669910832845
067b9287,5,3,1,0.5338764520678233
06c7dcff,5,3,0,0.40020868581000213
06c8b2fb,5,2,0,0.09708336939923373
06eb8adb,5,3,0,0.12650188219477554
06ec8be3,5,1,1,0.39228446230599034
070386b2,5,1,0,0.6433809131397403
07048067,5,1,1,0.6789240386062432
0745c390,5,3,1,0.6000858523858464
077ac7a2,5,2,1,0.238434996287268
07d879cf,5,2,1,0.7574159869791968
080698b7,5,3,0,0.570598774252532
08159c5e,5,3,0,0.6719984817447998
08660d12,5,1,2,0.9848501025832623
086d6e7f,5,2,0,0.23215612699305094
0884aca8,5,1,0,0.4534070765360525
089a6b19,5,2,0,0.9345823153923258
08fa44ad,5,1,1,0.31796125080325305
092494ec,5,2,1,1.2130086275168352
0924b815,5,3,1,0.1100909385219404
092c29b9,5,2,0,0.3060731056811466
096bf063,5,2,2,0.7592739930856307
0983654b,5,2,0,0.338774705568198
098b5836,5,1,2,0.9574897827442787
098d3c32,5,1,0,0.3032207501149205
099e3614,5,2,0,0.5315914194127881
09b29113,5,1,0,0.23051936908022969
09d80057,5,3,1,0.29076692730316545
09eeec14,5,2,2,0.37937515051934634
09f44fd2,5,1,0,0.26246451350698197
0a1afc11,5,2,0,0.24052410723721057
0a418b57,5,3,1,0.6657808970831038
0a540797,5,3,0,0.32183981079219576
0a775819,5,2,2,1.185896749055436
0a822c93,5,1,1,0.901008686807838
0a9159f8,5,3,0,0.4611309478030874
0a995f99,5,3,0,0.451221126258178
0aa90ce7,5,3,0,0.5402608319459958
0aaf08ec,5,3,1,0.7729548912555892
0ac521c8,5,3,3,0.9351716966167626
0ac5e12f,5,2,1,0.3411577275921126
0acac70c,5,3,1,1.0317305373454557
0adf511d,5,1,1,0.4817059145269205
0afb2535,5,3,0,0.47869606439674295
0b4f597e,5,2,0,0.20381091260380668
0b50f3fa,5,1,1,0.5663964710286955
0b518637,5,3,0,0.12161175367768823
0b6b07f6,5,1,0,0.27149075232976977
0b7d7aec,5,1,0,0.849116296646999
0b7d9da6,5,3,0,0.23708322616075705
0b9fcc42,5,1,2,0.40923482862552296
0ba53e53,5,3,2,0.14401714806304416
0bd89878,5,1,0,0.2621113168938203
0bdace00,5,1,0,0.3783583816486369
0bfe4fc9,5,2,1,0.6698545416308104
0c0a1576,5,3,0,-0.015392106896963575
0c3d88cb,5,2,0,0.2403336126712125
0c4e2d68,5,3,0,-0.0006866275429967539
0c4eabac,5,3,0,0.16295865286375005
0c794cf7,5,1,0,0.17990164150898658
0c83af0f,5,2,2,0.6264369617605562
0c8efce0,5,3,0,0.13356209398548063
0c98f822,5,1,1,1.0268933108051281
0ca08054,5,3,2,0.400011882546471
0cbe4e54,5,3,0,0.7333082546730665
0d01bbf2,5,2,0,0.3195293613808602
0d279d77,5,3,0,0.5977159642692964
0d34aee4,5,3,1,0.8803978642970254
0d394928,5,3,0,0.41225548584014293
0d4800c8,5,1,1,0.9434339520762076
0d4fa8f4,5,2,1,0.17034318578163943
0d74d0ed,5,2,0,0.8232739990654475
0d924604,5,2,0,0.21512050370095298
0ddab8ff,5,2,0,0.24117097141498128
0de01ae7,5,3,1,0.9184797034176222
0df44f9e,5,1,2,0.8434710124645983
0e1cf9b8,5,2,0,0.23443654125550312
0e1f7fed,5,1,0,0.22842902818492167
0e3b0bd2,5,2,0,0.13209774005261454
0e951124,5,1,3,0.9067582028304162
0e9c1be6,5,3,1,0.5027119568928279
0ec403df,5,1,2,0.9839925482677285
0ed2a3c8,5,1,1,0.31358211726464924
0eddd8e5,5,1,0,0.4539231642820196
0ee70b3e,5,3,1,0.8138327512595811
0f9b8e65,5,3,1,0.5800064409750615
0fbb3ca5,5,3,1,1.4856056101179749
0fc19fd9,5,1,0,0.1644465857563412
0ff6ac09,5,3,0,0.5581963246478655
101774f0,5,1,0,0.10367093249847747
10258585,5,2,1,0.2096380568659133
105e3f96,5,1,0,0.6690608582189114
108b8659,5,2,0,0.17925361243734877
10ad8c48,5,3,2,1.1575788244627345
10be7f09,5,3,0,0.12891560207607689
113f5798,5,1,2,0.8582435770517749
115d3db4,5,3,1,0.41450096759369226
11739de2,5,1,0,0.6701404239651789
118b7733,5,2,1,0.4284298610578678
119d7562,5,2,1,1.1672785129721044
119dd2e1,5,2,1,0.35338751178439054
119e181e,5,2,0,0.08454518986367354
11be5d2e,5,1,1,0.7258652177556845
11d1a5ac,5,1,0,0.5404737294924596
11f7253c,5,2,3,1.338285507494926
11f9b26c,5,1,0,0.13733194710565955
12380b06,5,1,0,0.7121462541165338
1286dab7,5,3,0,0.12932987993619366
12a607f6,5,2,1,0.41158865600331374
12cbf30c,5,3,0,0.8748359509448123
12cfb064,5,2,0,0.141687583764054
12f37ff2,5,2,1,0.21224617334364237
1307c41a,5,3,0,0.3136712071909655
1314bc8c,5,3,0,0.9038426224972458
136894bc,5,3,0,1.0371336106236457
137baaec,5,2,2,0.6503614527903738
13a5e288,5,3,0,0.2636756240099573
13cdb63a,5,2,0,0.13273476830937575
13d23890,5,2,0,0.8701631848065443
13d2c419,5,1,0,0.15578192954000292
13e46923,5,1,2,0.4927811886909865
13eee030,5,1,1,0.6470263785860031
14109652,5,1,2,0.9351928698888092
1420b16e,5,2,1,0.9048663698870498
1429abf1,5,1,0,0.3525524595969488
144a9a79,5,3,2,0.5009286978181539
1455e657,5,1,0,0.1259193330086419
14568d61,5,2,1,0.2874158821164013
1458a9d2,5,1,0,0.371334122277798
1470a1df,5,2,1,0.4884345967570559
147c4374,5,1,0,0.13669353877883084
14a6e58e,5,3,0,0.36656070186467854
14b3d6e5,5,1,0,0.12281271295408674
14b8dd2a,5,3,0,0.7577613287178928
14b999b6,5,2,0,0.5061492196782713
14c12974,5,3,0,0.09227401072699254
14dae995,5,1,0,0.6569766357937866
14e00ce0,5,1,0,0.1955102792239108
14eac885,5,1,2,0.7295880621500074
15227eef,5,1,0,0.7672226711003144
154d1191,5,3,1,0.06728222382316185
1551c806,5,3,1,1.1132414478480155
1562998a,5,1,0,0.932749452030287
157b271f,5,2,3,1.1281182058143315
15a2364d,5,2,1,0.7647241443688744
15d702f8,5,1,0,0.34394699746661095
15dbc929,5,3,0,0.2129853119292397
15f217a6,5,2,1,0.641866177651829
15f2e240,5,1,0,0.23195712763556692
1606f203,5,3,0,0.44104693601731204
1649ce22,5,1,0,0.3165210461637586
164b29ed,5,1,0,0.27442254551082285
164edc75,5,1,2,0.9998196455855022
16bf9efe,5,1,0,0.6329026005912273
16e277aa,5,1,0,0.7401676071302303
1713348a,5,3,0,0.42654799952461864
176f33fb,5,2,0,0.26534626214463103
177f25ab,5,2,1,0.49368725239701067
17b08109,5,1,0,0.25890350391137334
17c1ae23,5,1,1,0.3557599505301543
17e9cba0,5,3,2,1.0261652877672391
18154f3a,5,2,1,0.8403741415383774
1824417f,5,2,3,1.1521793242176375
1837456f,5,2,0,0.6508120633441816
18400e8e,5,1,1,0.8196301742407561
18506cf3,5,1,0,0.5251626908065883
1894884e,5,3,0,0.15282859935575632
18962676,5,3,0,0.21086908550936517
18ab47f8,5,2,0,0.19737218466813916
18b79e9b,5,2,2,0.34241990510615783
18b8b2f6,5,1,1,0.3279571019064561
18f6e6db,5,2,0,0.2869090434345533
18fdbccc,5,3,0,0.3247168060006765
19098ef0,5,1,0,0.8089409869216447
1911731d,5,2,0,0.14242714848511973
19381499,5,1,2,0.7563801058817443
1943fb23,5,1,0,0.3627837983945693
19455336,5,3,1,0.8081611930172335
1949438b,5,2,2,0.4209842611121155
1957153d,5,2,2,0.3851654125377765
198e50c9,5,1,0,1.0664134261626788
19b095d5,5,1,0,0.3261534543598437
19c49039,5,2,1,1.0068317603028378
19cc95e8,5,1,0,0.38783248240586393
1a1e8ac5,5,1,0,0.174900366789292
1a23d282,5,1,1,0.7078520577746399
1a2412b3,5,2,0,0.5871689179799247
1a803bfe,5,1,0,0.3448050466159191
1a9f8375,5,2,0,0.47790556197959533
1aae1de3,5,3,0,0.7808841782454232
1afa48fe,5,1,0,0.33906213934298346
1aff6762,5,2,2,0.9817206891593167
1b2cd439,5,3,0,0.6973875530723127
1b2eea8f,5,1,2,0.9378264879192009
1b329556,5,2,2,0.7711366071261424
1b49c870,5,2,0,0.41149919830836806
1b5b34bc,5,3,1,0.46055679984359
1b5fb26f,5,1,0,0.6524805224028347
1b6be334,5,1,2,0.7359689703802026
1b6fb363,5,2,1,0.6264826576349454
1b73fce0,5,1,0,0.2950953517773939
1c063ebc,5,2,0,0.06988252126241068
1c23295e,5,1,0,0.7100278291467866
1c3b7f1a,5,2,0,0.4639077314369534
1c3c2b2f,5,2,1,0.23268455730785514
1c5ba087,5,3,1,0.8852967346698566
1c66daf4,5,3,0,0.8103673937188189
1c6ac3d4,5,1,0,0.31159792237114486
1ccf44f0,5,3,0,0.2418028620313778
1cf6dcef,5,1,1,0.3068989970186452
1d02812a,5,1,0,0.8586287997737534
1d041232,5,1,0,0.7149547093007109
1d11d488,5,3,0,1.173492528185983
1d78b3c3,5,1,0,0.4943429922555016
1d7edb86,5,3,2,0.7868799938305886
1da37c60,5,1,2,0.6710879710826156
1dd90b53,5,1,2,0.7695619339396025
1de3c240,5,1,0,0.21316583037473824
1dfd6433,5,3,1,0.619351405348251
1e08b1dc,5,2,1,0.8540528165164618
1e7dd854,5,3,0,0.20296481323301152
1e87baed,5,3,0,0.4744492990786084
1e986f93,5,2,0,0.12208323181638264
1eb206f0,5,2,0,0.6584206207948932
1eea376f,5,3,0,1.2607734593374045
1eedf45e,5,1,1,0.6060901964372847
1f2164a4,5,3,1,0.07590976245047698
1f5835cd,5,2,0,0.18681885333609205
1f5cefcc,5,1,1,0.7231923596045086
1f7bd44c,5,3,0,0.1530773183797317
1f881e3d,5,3,0,0.8779339809565236
1fc07a80,5,3,0,0.5882433595152083
1feb42f2,5,3,2,0.6389737079767466
1fed3943,5,3,0,0.31100064814789236
1ffede3b,5,3,0,0.7145978776424488
20cefbaf,5,1,0,0.5934199601402443
20d7ecfd,5,2,1,0.6362614004009896
20df4cab,5,2,0,0.2364462271580705
20e8ca68,5,3,0,0.47789487340402986
2114473a,5,3,0,0.4480211015611624
214f46e8,5,2,1,0.5904926602733166
215ca39b,5,1,1,0.47396513979258775
217ce5e6,5,3,1,1.1536639968459357
218faf6f,5,3,0,0.17965415696217518
21a76448,5,3,1,0.7424622554343331
21b835ac,5,2,0,0.19290975057519943
21c62163,5,3,1,0.45663461468472266
21e5833c,5,2,0,0.51724016598626
21eb6d47,5,2,0,0.9616888630079632
21f58fba,5,1,0,0.37077207038416193
221e37e0,5,3,0,0.2769812401484282
22375702,5,1,1,1.359337362268892
22447a95,5,3,0,1.3987685929823215
224fc39a,5,3,2,1.0522436953939311
22536a61,5,2,0,0.8162464369379452
22a71606,5,3,0,0.09015052555617947
22b4191a,5,1,1,0.6392487637069934
22c72c4e,5,2,2,0.5251934844465793
22e44415,5,3,0,0.3552693662914504
231f6db4,5,2,1,0.2911228813954699
232b7cb1,5,3,0,0.988658918274778
233b9425,5,3,0,0.2995347149163033
2340e84a,5,3,0,0.459464158046493
236d450e,5,2,1,0.3176383349693675
236ecde8,5,1,0,0.2585335544889024
23d1a58d,5,2,0,0.790581632297906
23dafdab,5,1,0,0.45547822993280107
23e024bd,5,2,0,0.8999676102839278
23e71e7c,5,3,1,1.3229973081363133
23e7f79b,5,2,1,0.5435040922834959
24398aed,5,2,0,0.17924862609942188
247172f9,5,3,0,0.44677482455219314
249b6d68,5,3,0,0.963837143493218
249d2266,5,3,0,0.20659659632641558
24a3b16d,5,1,1,0.9698187053289401
24b4bc6d,5,2,1,0.3437285035146723
24b75658,5,1,0,0.22479373645166378
24dac645,5,1,0,0.5020360434747065
24fb56db,5,2,2,1.0586916474307166
252ebc5b,5,3,2,0.603741468541195
253f5cb1,5,3,1,1.6453943875062291
25849c6c,5,3,1,0.49222642385196114
2586774b,5,3,0,0.5474115478551537
25a3a723,5,2,0,0.597827520672118
25e752c8,5,3,0,0.1335799753282415
25eba023,5,3,0,0.07967882401371973
260f542b,5,1,0,0.25574326941445247
26190ddd,5,3,0,0.40922548332857367
2625767f,5,2,0,1.0464425749192106
26a4b61b,5,1,1,0.591167870776534
26b1792f,5,2,0,0.24451356892777298
26b893f4,5,3,2,0.6020234495899761
26d31613,5,1,1,0.961267230640846
26d541c2,5,2,0,0.5365330614569029
2715347c,5,1,1,0.9388094033223768
2760be91,5,2,2,0.482821689686701
27724073,5,3,1,0.6880025265867873
277f5b32,5,2,2,0.8188280726634452
278e8a51,5,1,0,0.16811172750396658
279d0ec4,5,2,0,0.5361363380159496
27cd2a6c,5,3,2,0.8766588810051046
27d7e5e4,5,3,0,0.21894119676151735
281174c9,5,1,0,0.656604986258123
2812951b,5,2,0,0.553991995380344
2840643b,5,1,1,0.21779232114945063
287f1349,5,2,0,0.8418826886221318
2891e36b,5,1,0,0.6896940256605038
2898269f,5,3,0,0.1340677677558753
28b91cf3,5,2,0,0.20695975149966161
28ba92e9,5,3,0,0.37213390131760005
28e8b2b2,5,3,0,0.3619990147904787
28f7e6ff,5,2,2,0.5551231304527913
28f99ddb,5,2,0,0.5554997569773948
2911ef94,5,2,2,0.9478862004320996
29587a31,5,3,0,0.29109958657899604
29886a85,5,2,0,0.2742316398203394
29a1d334,5,2,0,0.35764757082587917
29b37b4a,5,3,2,1.6298938947020198
29c54890,5,3,0,0.6680667660592391
29e4911b,5,2,0,0.09236678406307475
2a0b8386,5,3,0,0.7240837097516585
2a3fcf9a,5,3,0,0.04912534485606035
2a6a6b92,5,3,0,0.6270019260608046
2a7b5b79,5,2,1,0.42684740610454036
2a85889c,5,1,1,0.5237137529196663
2a922ca4,5,1,0,0.21466796913598374
2a9e0dee,5,2,0,0.5892306869810546
2aa15e6b,5,3,1,0.26075873402758604
2aab37ac,5,2,0,0.4633575952594946
2ac0bd9f,5,3,1,0.7730003931112882
2af3c8d8,5,2,1,1.064972749613116
2afea280,5,1,1,0.9763828872649444
2b574ef7,5,3,0,0.11268992516344084
2bac0893,5,2,0,0.8559376588775569
2bad0db7,5,2,0,0.7934073088973301
2bbcfd43,5,3,0,0.19004126680958716
2bca454a,5,3,0,0.5953500966059547
2beaaf7a,5,2,1,0.6504910149692902
2bfc9187,5,2,0,0.642749240055982
2c2dc20d,5,3,2,0.45917289231928105
2c3b09db,5,2,1,0.6407698452607847
2c406043,5,3,0,-0.017583947217536755
2c49257f,5,2,0,0.5047450563348269
2c54d6c5,5,3,0,0.38104831480592233
2c56c930,5,1,0,0.48724728438975606
2c9a90e9,5,2,1,1.1968188223603926
2ca2206f,5,2,1,0.8586977590663459
2ca9811d,5,1,1,1.0242043300905688
2cc4b720,5,1,0,0.27451453308262486
2cd9b5a3,5,3,1,0.5529289293709886
2cda86bd,5,2,2,1.211979268078045
2d0bbbd3,5,3,0,0.6500484298038401
2d286c59,5,1,0,0.6543040534397828
2d3ba6fa,5,3,1,0.22224462565515773
2da6bf6e,5,1,0,0.1170921646425751
2dbdfe11,5,3,2,0.5129826585704923
2e16053c,5,2,1,0.6278425532197192
2e17c497,5,3,1,0.2976094334976238
2e42573e,5,3,0,0.19941871982270903
2e4e045a,5,1,0,0.24210347688338352
2e5f5207,5,2,1,0.588737194545182
2e7d888c,5,3,1,0.7335425691828035
2e8c9884,5,1,0,0.1852342649892375
2ea277d5,5,3,2,0.5389245604863518
2ebdadbc,5,3,0,0.3154860004321629
2ee0a1e8,5,1,1,1.0325735649745482
2f0f2949,5,2,0,1.1364504900280874
2f12de00,5,1,1,0.5237598922531482
2f154763,5,2,0,0.1485283967145382
2f1af08a,5,2,0,0.14443116191215644
2f6b484c,5,3,0,0.10011868153768388
2f72f441,5,1,0,0.06647179431606476
2f7f0eb7,5,2,0,0.2734740037154163
2f81950d,5,1,0,0.18682825634712086
2f8ec752,5,3,0,0.41180093156943776
2fc568f6,5,2,1,0.9195067820663219
2fef897e,5,1,0,0.6178896548798745
2ff729d3,5,1,0,0.9416217860439465
3046a5c7,5,2,0,0.31859959774818203
3055881a,5,1,0,0.8863596507036077
3065aa2f,5,1,0,0.631360331557315
3093d29f,5,3,1,0.6859158196355797
30ac8a84,5,2,2,0.6259549711019261
30b3f203,5,2,2,0.9201613623718239
30ba4252,5,3,0,0.30526847018582864
3133a6c9,5,1,1,0.6002398899132163
31349d8b,5,3,0,0.8897938442535278
3134b69f,5,3,1,0.7007497636484332
3146f878,5,1,0,0.32679173730054084
318ccc0e,5,2,0,0.40943904308631396
31d7a136,5,1,0,0.22065393665389232
31ddec50,5,2,0,0.9706328445444905
31f01671,5,3,0,0.10346436162883593
321202d4,5,1,1,0.5781098528033154
3216b978,5,3,1,1.1116417508930638
323ea319,5,1,0,0.5718141986014447
3268c574,5,3,1,1.0622499613892358
326c23c2,5,2,0,0.5851593301143142
327ef356,5,3,1,0.6707047874951939
32a9dac0,5,2,2,0.5887382490024451
32b8490d,5,1,0,0.5403574190482996
32d0ebca,5,1,0,0.6944885613960441
32d262c2,5,2,0,0.3939169860796544
3305a981,5,3,2,1.16754529664661
331733c7,5,1,1,0.7875889998545385
333be478,5,1,1,0.5560191087284511
338146bd,5,1,0,0.6431750885521597
3399795b,5,1,1,0.3798954206007718
33a499ce,5,2,1,0.7329356442152519
33d60f7d,5,1,2,0.4383956960302342
33fe1b04,5,1,0,0.6679755022285023
342d43c7,5,2,1,0.8338639895459885
342edae9,5,3,1,0.18974759483503617
343460ab,5,1,3,1.561429922878275
34362a9a,5,3,1,0.4227427313933214
3466c72a,5,3,1,0.516193449525142
34c30fad,5,1,2,0.838638705549281
34eb79f9,5,1,0,0.7234312482237872
34ec5de4,5,3,0,0.8503262622876824
350dbeba,5,2,0,0.6699722142460678
35198c2d,5,1,2,1.0640091005169674
351cd4ec,5,3,1,0.47835023829704704
35265670,5,1,1,0.4004154729800756
35d2aa41,5,3,0,1.190566840293808
35daea65,5,1,0,0.13305397936194352
35fa2ebf,5,3,3,1.192030850511221
36146fe1,5,2,0,0.9509749030277703
36473697,5,2,1,0.7620922847291713
36530d36,5,2,0,0.3204710913283351
3655395c,5,2,0,0.3765502077865645
36b8c9e5,5,2,1,0.5721012712061678
36c060b9,5,1,2,1.3424929881965848
36c1f189,5,2,0,0.23764500949951017
36e77bf0,5,1,1,0.5695038018381773
36fda5de,5,2,0,0.11460145929218468
370b47c4,5,1,0,0.8539705146389974
372a7950,5,3,1,0.7193943974551122
3738db26,5,2,2,0.8975836460739581
376e617f,5,3,2,0.9348637998862521
37995242,5,1,0,0.07308256512888422
37bcfa7e,5,3,0,0.9766302870478302
380029ef,5,2,0,0.3914225116483313
3820a945,5,3,0,1.216823583337315
3826be66,5,3,1,1.5660494355497745
384c3f27,5,1,0,1.200817072974076
385819e6,5,1,1,0.23470425790644
385a6557,5,1,0,0.45552584821440145
3875d4de,5,3,0,0.8654919095349487
38cccd6d,5,1,2,0.9668393835887249
38d53b92,5,1,0,0.44815872226271825
38ee12e7,5,3,0,0.8732696369145236
3901e707,5,3,0,0.11455308588256113
3913797d,5,1,0,0.48869767970005196
3918d854,5,3,0,0.038021271697172176
3934e29c,5,1,2,1.358674110236026
394684ae,5,1,0,0.7249042741692822
394a6219,5,2,0,0.2321924787105668
3950aa00,5,3,0,0.841511048556782
397efe7a,5,3,0,0.3131066714213233
3983d3cd,5,2,0,0.662393521865165
3999e449,5,2,0,0.6254681516531337
39bdbb00,5,2,0,0.12036624601287466
39c20e2a,5,2,0,0.7117297395580762
39d626f4,5,2,0,0.5809770854822283
39dd3538,5,1,0,0.13263622715814238
39fb1ad0,5,3,2,0.8311630319863293
3a33d579,5,1,1,0.5620796754834411
3a594acf,5,3,1,0.628099045550831
3a9d7bd6,5,2,0,0.2327570950295379
3ab0b1ff,5,3,1,1.0594889453869436
3acb5be3,5,1,0,0.25227750851124936
3ae4ee9b,5,1,1,0.9834452857657263
3b047021,5,2,0,0.28666683607207133
3b112284,5,2,0,0.13275769589790581
3b1b9538,5,3,1,1.057580701283391
3ba48ca7,5,1,0,0.4954503966941026
3c2cf08e,5,3,0,0.1850362792628708
3c5c85e7,5,1,0,0.6198897662598242
3c7a7f32,5,1,0,1.1316619562540473
3c8f474a,5,1,0,0.3788912240812842
3ca35642,5,1,1,0.6700290960669311
3cc9cfa6,5,3,0,0.19151070789420888
3cd8802e,5,2,0,0.6166675142296735
3d20d9a7,5,1,0,0.6907742392620517
3d2c0bc5,5,2,1,0.8100094581331213
3d3dd3ae,5,3,0,0.8229643929156688
3d3fb503,5,3,0,0.2642473769657297
3d46429f,5,3,2,1.070851551076867
3d48430d,5,3,0,0.237696115537182
3d6143f3,5,2,0,0.1562835589029155
3d736110,5,3,1,0.8378602132495334
3d8531f5,5,1,0,0.41920205500304064
3dcbc164,5,3,1,0.9291241562069859
3de1a622,5,2,0,0.17527158228335116
3de6a21c,5,2,0,0.16555089478380308
3e377cb7,5,1,0,0.49175914684093486
3e398bf9,5,3,2,0.9156177231216865
3e5d5b58,5,1,1,0.12869210543098292
3e5ee48c,5,3,0,1.0462795135300411
3e7ee995,5,1,1,1.160020392757278
3e9fd8d6,5,1,2,1.2223524122265883
3ebfbb4c,5,1,1,0.1713353777589542
3ede35d1,5,2,0,0.5192114262986767
3f20e14b,5,2,1,0.7429670353236727
3f2141da,5,3,0,0.4435688270464281
3f3a70c8,5,1,1,1.0953699961777574
3f3d3809,5,3,0,0.14892026322594104
3fe59141,5,1,0,0.7206181931432862
3fe78116,5,1,0,0.6667688329449329
40087bc5,5,3,2,1.1158303708056567
40898508,5,3,0,0.9884264725812438
408bed19,5,2,0,0.4450058693213673
4093774d,5,2,1,0.8467055920696818
40aae75f,5,3,0,0.785520052288349
40b904b3,5,1,1,0.5306744661079541
40cdadfc,5,3,0,0.27417385636302266
40e95163,5,3,0,0.26659469444330613
41052ced,5,2,0,0.4792329507343419
41185f8e,5,1,2,0.9858000933163522
4128aee6,5,2,0,0.30848808971778635
4157be55,5,2,2,1.2029588494248848
415d5a1a,5,3,0,0.8522382002655132
416b6ba2,5,1,0,0.1829541508682222
4177e5e5,5,3,1,0.6065455673635062
41974cde,5,1,0,0.361850069867934
419d05c6,5,1,2,1.134534111581063
41cfd1db,5,3,3,1.541591541632501
41d48900,5,1,0,0.6881294574408162
423610ac,5,2,1,0.4263887206895112
4248261f,5,1,0,0.15881296894014774
427037b2,5,1,0,0.20796270476307
427fad9e,5,3,2,0.9389180138310738
4280076d,5,1,0,0.4237914592830593
428970d4,5,2,1,0.7691075513874955
428c37ea,5,1,0,0.42815750104331596
429cc266,5,2,0,0.3112613955770288
42aa29fb,5,2,1,0.47952846327607695
42c6f67a,5,2,0,0.2444095955729863
42dfc9dd,5,2,2,1.0063149628230732
4307d287,5,2,1,1.1270799066593156
432a4c21,5,3,1,0.8098385210628505
432aff11,5,3,0,0.1301401588453292
43720c15,5,2,0,0.8575716493302632
43d43363,5,3,3,1.5456692223320214
43e54b20,5,3,1,0.43742450326104976
43f44f6c,5,2,2,0.6026811713314212
43f5d3c5,5,1,1,0.4607623676862031
43fdba8b,5,2,0,0.3413644038427857
440acf4f,5,2,0,0.1692827312181019
444131bc,5,1,0,0.26325817132189866
4442c376,5,1,0,0.31237219329392096
446757cb,5,1,1,1.038817057743239
44b8622c,5,3,0,0.8754366772899953
44cbf5c5,5,2,0,0.2785209190841832
44eaea78,5,2,2,0.7208221974393635
4507da27,5,1,1,1.0307376818856813
4518ed77,5,3,0,0.2897110862086476
451b0cd9,5,2,0,0.19809982293471423
451c11b3,5,1,0,0.667814289699009
4570c8b8,5,1,0,0.3350746549994534
45ea366f,5,3,0,0.14818859327758194
45eb32f2,5,2,2,0.9482859541788893
46170319,5,2,0,0.21095028655032871
464a75fb,5,1,1,1.388695525095549
465d3273,5,2,1,0.8505596835048546
466752d9,5,1,0,0.5493120218933248
467c549f,5,1,0,0.2410287149932102
46850373,5,2,0,0.36548123919052256
471e4d12,5,1,2,1.090083397189151
47240aa3,5,3,0,0.2801547423122241
47350ac6,5,2,0,0.8618178450641045
475ebe47,5,2,0,0.20313851198680166
4777151c,5,1,2,0.9346946665985087
47a52eb8,5,1,1,1.1237590006533011
47c1f368,5,2,2,1.1289996330812235
47c3b47c,5,3,1,0.271442217325389
47c55e13,5,2,0,0.5175380072153168
47fef4fc,5,1,0,0.32713529368036165
4829f7ca,5,2,0,0.7005072810198266
4859a9f9,5,1,0,0.16668951320130082
485d7c69,5,2,0,0.45052561690241805
489fa831,5,3,1,0.4994517754936568
48c205d9,5,3,0,0.52203437057461
48db8ecf,5,1,0,0.21121600466701013
48e69212,5,2,0,0.3910122258810731
491bf457,5,2,0,0.5707447172447566
4940a214,5,1,1,0.7715102214242443
494eba8a,5,2,0,0.40813184804961455
4950e24c,5,3,0,0.883937432782356
499d4499,5,1,0,1.0260361562941795
49a1931d,5,3,0,0.37843091817613594
49e4eade,5,1,0,0.49169139013921387
49f38606,5,1,0,0.257992776950077
4a0b1b9d,5,1,1,0.6586151380978839
4a1440d9,5,3,2,0.41047977166017335
4a17b463,5,1,0,0.2553414168357381
4a21eb0c,5,3,0,0.918658010706856
4a3b6521,5,1,1,0.3359313829845564
4a4a0f78,5,1,2,1.0172010392094553
4a62661a,5,2,1,0.5123644930103814
4a68d751,5,3,1,0.883159441328038
4a69e534,5,3,0,0.09912812113764857
4a6ea9de,5,3,2,0.7816844964746853
4aa87859,5,2,0,0.3631758483097546
4afa8a76,5,3,0,0.04054944093640378
4b1f6855,5,1,0,0.2684317817816655
4b20bce7,5,1,0,0.3230060307859942
4b3c7594,5,3,1,0.25999267107297136
4b3db4f4,5,3,0,0.393208815186948
4b51db3e,5,1,0,0.08244847717012721
4b71830a,5,2,1,0.840552585561241
4c238671,5,3,1,0.7008072317957957
4c8dfaf0,5,2,2,0.5462197068849048
4ca242ea,5,3,1,1.0698395028036303
4cabd7aa,5,3,0,0.8719477758326958
4cde1e34,5,3,1,0.4558959846574437
4d19854c,5,3,1,0.4889814573761297
4d2d9ef3,5,2,0,0.13405081913932282
4d41bb62,5,2,0,0.09480232970514046
4d5a8ce7,5,3,2,0.9352309692440025
4da4aba2,5,2,2,0.9091177810885221
4dc4ed56,5,2,0,0.4804448454893674
4dc86a42,5,2,0,0.33332945945431214
4dfb4e1d,5,2,2,1.0064227475405647
4e052db0,5,1,0,0.8716559497646283
4e314e47,5,3,0,0.18909951445167955
4e58d463,5,1,0,0.5307028429369126
4e6c7a75,5,2,1,0.41244569396433073
4e85505f,5,1,2,0.9126045646426435
4ea4e6c9,5,1,0,0.2477809029782408
4eade67b,5,3,0,0.4154550696563052
4edb98d8,5,3,2,0.9111533721009266
4f059221,5,2,0,0.10607569055999927
4f20b188,5,1,0,0.40484094205301124
4f2d0925,5,2,1,0.5916935627096713
4f3b33ba,5,3,1,0.5013398413199771
4f93504a,5,1,0,1.2119209384438312
4f96d1e7,5,1,0,0.23332334116343312
4fd7e043,5,2,0,0.2740428636540101
4fe97569,5,3,0,0.8565781604179967
4ffa995b,5,1,0,1.2412404493195603
50242fa0,5,2,1,0.21460480733004528
504ed32b,5,3,0,0.2099484123260516
50707f1e,5,3,0,0.5477762633535005
508a0f98,5,3,2,0.9245276074315745
50a90725,5,1,1,1.029348899012623
5124169c,5,1,1,0.8977555164070635
5132511c,5,1,1,1.1472343302656633
51364c23,5,3,2,0.769371497023629
515dd683,5,1,1,0.7314860354789487
5180ff75,5,2,0,1.1763575823526962
518e5ae6,5,2,0,0.1998028875243944
51a349db,5,3,0,0.7100851645303572
51c15d22,5,1,1,1.1577524430869202
51eb8d14,5,3,0,0.5636073400104222
51f38b37,5,3,1,1.317384103833264
51f3feb4,5,1,0,0.32504734032597493
5216ef61,5,2,1,0.9869039585994596
52219dbb,5,2,1,0.4677102570567702
5264bb0e,5,3,1,1.168287415152946
526f719b,5,2,0,0.24876326647024227
527e796c,5,2,2,0.5073365525783236
528db82d,5,1,1,0.732991613461151
52bd147c,5,3,0,0.37852301091155266
52e9e467,5,1,0,0.6190411110242341
5320dac6,5,2,0,0.7843958399333841
53621b84,5,3,0,1.1018459648279992
537dc410,5,3,2,1.3129400819718477
53814642,5,3,1,0.38951818195637433
53905a2c,5,2,1,0.44532411587507514
53cf99f2,5,2,0,0.2921411331146557
53d20dc3,5,2,0,0.0884131178029442
53ea1e7c,5,3,0,0.2666679650749712
53faf893,5,2,0,0.07150532585039959
546bfb18,5,3,0,0.22563238469439728
54854783,5,3,0,0.6090474591876904
54868027,5,3,0,0.16742238965490536
54945f30,5,1,0,0.6958809183912095
549712ab,5,1,2,1.1104791969754673
54b35de5,5,2,0,1.4261795336003815
54c87d3c,5,1,2,0.441059547667963
54fef303,5,2,0,0.6352229779658881
54ffe872,5,3,1,0.28586409336710084
55464fb7,5,1,1,0.39106773185979393
554e46e9,5,1,2,0.6238790991519585
556604d2,5,2,2,0.9162922690099709
5588f518,5,3,1,0.3967913482038825
55edb6ed,5,3,1,1.3084493635054595
55f9338e,5,1,0,0.35205860768445063
561f2797,5,3,0,0.24258976362347895
5637a5a4,5,2,0,0.18940191648456806
563ebc00,5,3,1,0.28284102303006087
56418caf,5,1,2,0.6213613445777347
56443aba,5,1,1,0.5145687498893654
56761daf,5,3,2,0.9000379277733604
567ecea5,5,1,0,0.4354378793902074
567fd23a,5,2,1,1.0178654656494286
568eb64b,5,1,2,1.0371691877814537
56c99b23,5,3,0,0.2438591692832579
56cb7161,5,1,0,0.24394048268732987
56d9dead,5,2,0,0.1641609050010306
56ef356c,5,2,0,0.29678760123707376
571907fc,5,3,0,0.4973148237512279
574599a8,5,2,0,0.21277476641609938
574cb902,5,2,0,0.19817274021794412
5775ec58,5,1,1,0.7853562735207282
5779f2e9,5,2,0,0.33641117427006395
57c4f2b4,5,1,0,0.6034766406969998
57de6095,5,3,0,0.09031309305830987
57f6fa6c,5,3,0,0.04832002943068425
580a30c5,5,2,2,1.0482190505368325
58391429,5,2,2,1.239782196252087
58900fd0,5,2,0,0.16558055906309632
58a255e6,5,1,0,0.2531864365295827
58ada72e,5,1,1,0.6134078292754942
58de61f0,5,2,1,0.9139512934416176
58dfccdb,5,1,0,0.5028883460171976
592adca0,5,3,0,0.36199981056901026
59307c13,5,1,2,0.5757457337187989
593a7148,5,3,1,0.21401352930238038
593b5cfa,5,3,0,0.1501714880931832
59402969,5,3,1,1.1650215238295116
5985f299,5,1,0,0.22431943034371155
599850d0,5,2,0,0.2423377751911615
59b7fc28,5,1,0,0.1284837404001024
59d7a3a9,5,1,0,0.31422941671636817
59ea397f,5,3,0,-0.05394411906906538
5a2c7642,5,2,0,0.25657003216787055
5a3005de,5,3,2,1.0078197263857678
5a313293,5,2,1,0.8461234005559447
5a3d5e05,5,1,1,0.4737539651633932
5a4b3725,5,1,1,0.900731068281658
5a5f6d41,5,3,0,0.5286618512780954
5a5f9fb2,5,2,1,0.47031394414090555
5a8712ae,5,1,3,1.069564594610052
5ac9eca0,5,2,0,0.2055987907837557
5ad85a02,5,3,0,0.4143193447906429
5af79adb,5,3,0,0.814157056193833
5b299ae1,5,1,1,0.22075027751763326
5b2c9b83,5,3,1,0.6979502447400548
5b4d2604,5,3,0,0.2644112634231857
5b9ff85e,5,2,1,0.5080396169462432
5c186496,5,1,0,0.2277561436983182
5c2c136d,5,3,2,1.0545357120770258
5d04624a,5,3,1,0.7972273084076835
5d3b6ea5,5,3,1,0.5034300734596429
5d48a5b0,5,2,0,0.13267372028046343
5d762840,5,1,0,0.9124968564370302
5d805d83,5,2,0,0.8459718590475522
5d885b20,5,3,0,0.08378196667722587
5dad24ff,5,3,0,0.8733205662903789
5db3db12,5,3,1,0.8332534329995027
5dc62fec,5,3,0,0.2625471002594515
5e08237d,5,3,1,0.5062506970482341
5e221c50,5,3,0,0.8308495815014658
5e2a9e63,5,3,1,0.21184030423942413
5e359a08,5,2,2,1.08518013739394
5e415f05,5,1,2,0.77366583519379
5e55e9fd,5,3,3,1.0547561729283625
5e57bd12,5,2,0,1.1168479851848399
5e614c1a,5,2,2,1.0926946772687014
5e6490e3,5,3,0,0.506027193475347
5e6b528e,5,3,0,0.3501395672454415
5ea2c305,5,1,1,0.9532731388080857
5eb063e0,5,1,0,0.4543671816073862
5ed5f205,5,2,0,0.31803468245618416
5ee595e8,5,1,0,0.5430827702333408
5ef3d64e,5,3,2,0.9125300797240972
5f1b07e1,5,2,0,1.0384275280708737
5f281a62,5,1,0,0.570206862240187
5f37ceb1,5,2,1,0.9549336144019269
5f7537cf,5,3,0,0.8493746823993733
5f78f7b9,5,1,0,0.3779354843855033
5f9dddb4,5,1,2,0.6914713028021905
5fa91358,5,2,0,0.5010547642012128
5fdfbe47,5,2,0,0.4089433304767041
603ab4ee,5,1,1,0.07220235701157018
605d6e05,5,1,0,0.5410165609678795
606e979d,5,2,1,0.7681628853502473
60c1ff37,5,3,0,0.5571642494168092
60d1fdee,5,1,0,0.19308256394069362
60d2774d,5,1,0,0.17867913092384385
60f8462b,5,3,0,0.1635081396628969
60fb7cb9,5,2,1,0.7226211004746959
612487a5,5,3,1,0.9783631614232362
612b3ff9,5,2,0,0.5979961996813308
613fc399,5,2,0,0.5164430353482572
613fc53d,5,2,0,0.31902461225173556
614d5517,5,3,1,0.7178191462228647
616fc21f,5,3,0,0.19433054733008587
6192e6b6,5,3,1,0.7255425542771224
6197a2ce,5,3,0,0.6366538011768855
620536d0,5,1,1,0.3009462095397413
621066ff,5,3,2,0.8170410759553078
622bb412,5,1,0,0.15109652943421387
6247cc15,5,3,1,1.1361124182731892
624b9e34,5,1,0,0.3826897337745163
626a608e,5,3,2,1.1655657091757667
6277e13c,5,2,0,0.5092063465578032
62839132,5,3,0,0.3669510523366596
62b873a2,5,1,1,0.41313353531432456
62cd5c74,5,3,2,0.7294623281713453
62d0cf97,5,2,2,0.9474186813092478
62f77d2f,5,3,1,0.4833957491732743
6332ad59,5,3,0,0.20461527473469582
63334478,5,2,0,0.305241578435422
6344bba1,5,3,2,1.4214011948672356
635554d2,5,2,0,0.5685240286475246
63a00e40,5,3,0,0.38973425395579103
63d4ab9a,5,1,0,0.269796486709661
63d810bb,5,2,0,0.7287864121110037
63dd16ec,5,2,0,0.23671510497794374
63fc9770,5,2,2,0.8784171362056531
641697e6,5,1,0,0.2564492515848542
646a4c0e,5,2,2,0.5762942217795793
649ff6d9,5,1,2,0.9524104021988242
64b4005d,5,3,1,0.6292042003398447
64ed48c4,5,2,2,1.070337425334626
650bf252,5,2,0,0.14954103924413914
6514c337,5,2,0,0.44020195492370473
654203ec,5,1,0,0.44058960301746625
658e66ec,5,1,2,0.9433274120805866
6595d479,5,1,1,1.0326533168287386
659fec57,5,1,0,0.5825578981476267
65af9f2a,5,2,0,0.3209007060204959
65dc81f5,5,1,0,0.6943237049049373
65fe69c0,5,1,1,1.2310871686416935
66094cfd,5,3,0,0.6387726314779776
6622b302,5,3,0,0.2948165883842839
665abfda,5,1,1,0.6220605318308878
66665e95,5,2,2,0.5318065764242081
6666aed3,5,1,1,0.7847510240762042
6672e527,5,2,0,0.18788952750351468
668a2fea,5,1,0,0.45503828883621716
6699c999,5,2,0,0.302973597697872
66d86d0b,5,3,0,0.8817960224909489
66ed301e,5,2,0,0.3072964414093617
66f044c7,5,2,1,0.482841754483456
66f619e3,5,1,2,1.1667883674324293
6708fcd9,5,2,0,0.16261210126753484
672a32f1,5,2,0,0.21187650076355719
673a7e2a,5,1,0,0.13459226035761135
673e7be9,5,2,1,0.6431790519177847
677038b5,5,2,0,0.263317435370368
6774ba64,5,3,0,0.3191560640667404
678598dd,5,3,0,0.10233077990879952
6795027a,5,1,0,0.3874642546411682
679ce4b2,5,1,2,0.8252171695806114
682327c3,5,3,0,0.2749440883550899
6826f0be,5,2,1,0.7418768670520065
683464ff,5,3,0,0.5599042679948846
685cc0f1,5,1,2,0.8779276691353378
68688509,5,2,0,0.5587184326491879
6885737e,5,3,1,0.531225565846675
68be3d5c,5,1,0,0.3620407264633928
68be5113,5,2,0,0.10834389815166984
68d49292,5,2,0,0.3130023961902098
68e61f96,5,3,0,0.24585990865229984
68e7140b,5,2,0,1.247487018237572
68fa4631,5,2,0,0.42470770597423935
69074cf3,5,3,1,0.013619344119044308
69742f6f,5,3,2,1.0628615801780463
697c41d7,5,1,2,0.5681615643152987
697d894b,5,3,1,1.254722773689621
698b9067,5,3,1,0.4641166397307694
69ccea20,5,3,0,0.25303545791219106
69cdf9c3,5,2,1,0.5776157678175464
69fabb6b,5,2,2,0.9631879410268065
6a04461f,5,2,2,0.35072209318331027
6a138911,5,1,0,0.4661214055197708
6a16089d,5,1,0,0.5277195082358065
6a2c6073,5,1,1,1.0557288487644456
6a4df6ff,5,2,0,0.08511516184476436
6a6da46c,5,1,1,0.630856214474754
6a7d07fb,5,3,0,0.32223812661244355
6a837387,5,1,0,0.12482710408461373
6a83a423,5,1,1,0.5268297780301288
6a864b11,5,1,1,1.1584402048251985
6a98537b,5,1,0,0.23194536359527462
6a9f0db7,5,2,0,0.1487691458035285
6abd2bd4,5,3,1,0.877341824856682
6abe8b60,5,2,0,0.246201275321755
6ac5763a,5,2,2,0.8883551068465759
6ac5eaaf,5,2,1,0.24506800005622026
6ae1473e,5,3,1,0.32392354518085953
6b4b8c14,5,1,1,1.060438609313071
6b6467f4,5,2,2,0.8923014378566199
6b773506,5,1,1,0.8308667678837747
6b9a25e6,5,1,0,0.20785212003136072
6be0f069,5,2,0,0.41479649249994643
6be56337,5,2,0,0.859394005268979
6becb599,5,1,0,0.0842422074069536
6c0fe935,5,1,0,0.8768268854303496
6c2edc91,5,2,0,0.8346387842666589
6c319d99,5,2,0,0.34460778209047427
6c4902c8,5,1,0,0.6516285742477514
6c6cd633,5,3,2,0.44102161224875386
6c737069,5,2,1,0.22388688141268226
6d5944a9,5,3,0,0.16653144887657018
6d5c5afb,5,3,0,0.37172101589539464
6d707ac3,5,2,2,0.8997862571307333
6d70e716,5,3,2,0.6153887675645365
6d7ba819,5,1,1,0.16348687828653208
6d855495,5,1,0,0.627244600448086
6db14d48,5,3,1,0.4885656576684797
6e0ec0fe,5,3,1,0.7766473650202558
6e128c6b,5,3,0,0.9619045558865313
6e5606d5,5,3,1,0.31971827905989075
6e68bcfd,5,2,1,0.6477193697543469
6e695d70,5,2,2,0.4681697304175629
6e6d895f,5,3,0,0.39154255778329183
6e85a624,5,3,2,0.28363864587596327
6e89cee5,5,2,0,0.7223095462925656
6e9beaee,5,2,1,1.1632441916066558
6ebfdc95,5,1,0,0.9630176850245893
6ecb430a,5,1,1,0.3312316515220668
6ed385f6,5,3,1,1.1828170086904013
6eff29da,5,1,1,0.2048964968355968
6f5677b7,5,1,0,0.8563988720057363
6f5a31ea,5,3,1,0.3718269360751069
6f878799,5,2,0,0.6098967364130619
6fb28c2a,5,1,0,0.10538998054181742
6fc6b5c4,5,3,0,0.38986078883755554
6fc95dfc,5,3,0,0.24935831329117691
6fcdcb2a,5,1,0,0.7606888476061853
707c82c4,5,3,1,0.3056083618224754
7092a6ce,5,3,2,0.992309354700382
709457f3,5,2,1,0.38415063643513514
70de1c63,5,3,2,1.1373619919331919
710345b6,5,1,0,0.0961112902580783
7106a387,5,1,0,0.45486064498585677
7151d8b5,5,2,0,0.3987847357249107
71850348,5,1,0,0.44728454822589325
71852781,5,2,0,0.39856714993418396
7187caec,5,2,2,0.7655847835718539
718975fe,5,1,0,0.42458298429530295
7192b2e8,5,1,0,0.33145098538279805
71c1b1d2,5,2,0,0.1630032114140369
71cf0f87,5,1,0,0.23650271934124262
71f21593,5,1,2,1.3119158126333659
71ffd0ba,5,1,0,0.3831935602830303
72264d13,5,2,1,0.6873256557966587
723ee34c,5,2,0,0.43517856264961724
7250264b,5,2,0,0.19814113552545004
7265f1e5,5,2,0,0.224394003620295
7290824a,5,2,2,1.307802146911261
72a0c969,5,3,0,0.4100811205985678
72aa1a30,5,3,2,1.2185840215944856
72afd4ca,5,3,0,0.8766563594447851
72c9c38d,5,2,1,0.4490010343430356
7305af8b,5,2,0,0.38131886159508094
7347b54e,5,2,0,0.10696380436881153
73aa6aab,5,3,1,1.0504165994636407
745e6065,5,2,1,0.5538672728985388
7498fbde,5,1,1,0.5124450911705771
74be50af,5,1,0,0.12149236154668364
74c2bd81,5,3,1,0.7703305645149089
7514c6f4,5,1,2,1.2758534064471683
75311a3f,5,1,0,0.7752813529659703
7533a4a9,5,1,0,0.7292023260295218
75927c18,5,3,1,1.1567379316271
75ad73ee,5,1,0,0.34068000575735385
75b0446f,5,2,0,0.6823697956327629
75b53bd4,5,3,1,0.2898428806587489
75bcc1e0,5,3,1,0.4332352841987691
75c13e08,5,2,1,0.4113097982133414
75db1257,5,3,1,0.7419797928346985
75f26948,5,1,3,0.9655111957973017
764d8b42,5,2,0,0.21350224930573708
76781cd8,5,2,1,0.35531190933571544
76c9bf0e,5,2,1,0.6303866332063796
76dc0e9f,5,2,0,0.2948157281730895
76fb4afb,5,2,1,0.12869065096193055
76ff59f2,5,1,0,0.31040319631309926
7752d450,5,1,2,1.0804285359756023
776d33af,5,3,1,1.32056660036626
777a3e9d,5,2,2,1.089058487131592
77941a98,5,1,0,0.3897050436476144
77bfe07c,5,1,0,0.7623346317345314
77e460ce,5,3,0,0.386359640392236
781710fe,5,1,0,0.1401365098844924
782a0589,5,2,0,0.5509868727539108
782af70b,5,2,1,0.8017372494437123
785d0663,5,3,0,0.9213436133919689
7860b64c,5,1,1,0.4558770167998841
78667893,5,2,2,0.17146920191312987
78704d22,5,3,1,0.8560654722075782
787654dd,5,2,0,0.16190917567396262
788268a4,5,3,0,0.19535207950747624
78a34e5d,5,2,0,0.18858012826057524
78b488ff,5,3,0,0.32945077845712195
7914b38b,5,1,2,1.4185315641372425
792d2fa5,5,3,3,0.526663373266378
79483148,5,1,1,0.6428250313292615
7975694f,5,1,0,0.35864885037312955
79bd36b6,5,3,1,1.144666087555597
79de3beb,5,1,0,0.5762981472782162
79e496f2,5,1,2,0.9402823696299025
7a6d26a2,5,1,0,0.6041350111839603
7a86fcd2,5,1,2,0.8179763212457568
7aa3a145,5,2,0,0.1423309286010545
7af8eac0,5,1,0,0.11946899137182493
7b0a4060,5,1,0,0.25788206713660683
7b516283,5,3,0,0.35401692093335624
7b543871,5,1,1,0.42400690509256955
7b78e634,5,3,2,0.6300049795139758
7b8842c3,5,1,2,0.7973752495176198
7bdbf66f,5,3,2,0.2488538207999466
7c02f4ec,5,1,2,1.3950406472572188
7c1d7ddd,5,2,1,0.3649540435558511
7c21ad67,5,3,0,0.5073885333601079
7c29e92d,5,2,1,0.5644410676178252
7c39c8e5,5,3,0,0.2886835298043909
7c6ca1d4,5,2,1,0.8165559634981079
7c6cbfdd,5,3,0,0.08461373941587003
7c8f0c95,5,3,2,1.4456870929236625
7ca548f9,5,2,0,0.2073199735643549
7cb1e4c7,5,3,0,0.46329549550289667
7ccdb9f2,5,3,0,0.49253271075254645
7ce36c38,5,1,0,0.5747789579160132
7cf3bca6,5,3,0,0.5162874522310867
7d0a92d5,5,3,0,0.5450240810340719
7d2f236b,5,3,0,0.17501761118001258
7d40a714,5,2,2,1.2097174715756522
7d666f0f,5,3,2,0.5789237210995952
7d751a6a,5,1,0,1.0502658158562002
7d8f1716,5,2,1,0.6860397603716324
7dae6de9,5,2,1,0.41664624480084367
7dd54e69,5,2,2,0.6125006468303767
7deeb4fe,5,1,0,1.3082977728467624
7df487b1,5,2,0,0.6209077428966157
7e41db05,5,1,1,0.9447103680139067
7e46b693,5,1,1,0.8861468726477438
7e71aa83,5,3,0,0.485430728272296
7e87087b,5,3,0,1.2447001525735724
7ec65d94,5,2,0,0.1375641782401641
7ecea16d,5,3,0,0.07359764293626159
7f04b4fc,5,1,1,0.5355921270507188
7f26f78c,5,3,1,1.4425984932455895
7f2715b4,5,1,0,0.3809031470167745
7f5aeb05,5,3,0,0.4609866791569679
7f950ef2,5,2,3,1.1580910630740704
7fa51811,5,1,2,1.0632668423073341
7fa7ccc4,5,3,0,0.13755407494290184
7fceb836,5,1,0,0.8878600120990099
7fcf0046,5,3,1,0.6792271942356896
7fd40f2b,5,3,1,0.5986773656756479
7fe0a99a,5,1,0,0.5953306886146336
8017f13e,5,3,0,0.9151562208498046
8033847f,5,2,1,0.8327326022942066
8068fafb,5,2,0,0.34235144782938554
806d877f,5,2,1,0.5680752984025736
80784c40,5,2,0,0.46400525977149126
8078b7de,5,2,1,0.5061596696013407
807d8908,5,2,1,0.6317254981202262
80a5f1e1,5,3,0,0.7999907284783621
80a9f2bb,5,3,0,0.2646191555911106
80b46ffb,5,1,1,1.057876416379625
80ed2bcf,5,1,1,1.162747362973826
81095901,5,2,0,0.312247005174498
812f6873,5,2,0,0.4782302569031335
81364a4b,5,1,1,0.8939132420953633
81394e0e,5,2,1,0.4191728056960847
813e7f93,5,2,0,0.21973720950595615
816b0564,5,2,0,0.6423339087074069
81766b8a,5,2,0,0.5503473241387685
81a4b826,5,2,0,0.35245252724790344
81eaf4c1,5,1,0,0.14009683323638605
81f60502,5,1,1,0.5497707534834387
81feecad,5,3,0,0.7116048462500503
8226bbd4,5,3,1,0.3821136555456395
82422684,5,3,0,0.864932433892545
8256a969,5,2,0,0.28158899402826537
82923551,5,1,0,0.0882477927351008
8310a02f,5,2,0,0.3917593003941082
83379672,5,1,1,0.2728685953958708
83711ef5,5,3,1,0.7991860960222158
8376acc5,5,1,0,0.264288230769758
83846d0c,5,2,0,0.2643181211617083
83912085,5,3,0,0.29502827639008616
839b507a,5,1,0,0.21716273822647914
83c33097,5,1,0,0.4126909523008915
840ff4b7,5,2,0,0.1280512590202761
844b87f8,5,1,0,0.2567260130765233
844be9e4,5,1,0,0.23294931039398958
84875079,5,3,0,0.33689934556046947
84a16b14,5,1,0,0.5373493062074458
84b7d89d,5,2,1,0.9646235299333403
851b425b,5,2,0,0.4202727908687176
852adec2,5,3,0,0.34279100416508024
85452335,5,1,1,0.6134627749572218
854eb237,5,3,0,0.2185400805084673
85525f8d,5,1,0,0.4315289785347532
855c6099,5,3,1,0.41904775702317154
8570ea5f,5,1,0,0.7222155537637276
8572d442,5,2,0,0.9845983280014408
857baaa6,5,1,0,0.5736954252619088
8581b9a1,5,3,1,0.6404125581743275
858be19a,5,1,1,0.6841114385788162
859cbb27,5,1,0,0.33311480551175543
85a1082c,5,1,0,0.3632365693410128
85b027ee,5,1,0,0.4309916994731947
85d99199,5,3,0,1.4031498105790816
85f23af6,5,3,1,0.3457046232662879
860f4f9c,5,2,2,0.5021749409074188
861188f4,5,3,2,0.6300056038474455
861fd4a0,5,3,0,0.26074138353002274
86335468,5,1,1,0.7706543528228582
863e40c7,5,1,0,0.6576931057931921
866a08b7,5,3,1,0.22071607155858003
86a8e0d6,5,2,1,0.9045057788676848
86bd716a,5,3,2,0.8173699619488956
86e56299,5,1,1,0.5842172303941578
87050a09,5,2,0,0.5935782278588471
871b2b19,5,1,0,0.35513977361169946
874a348f,5,1,2,0.7939703723923981
87509a7b,5,2,0,0.31244046635360734
876a929e,5,2,2,1.0934805973162331
8772f64b,5,1,0,0.7639252326641577
87a60251,5,2,0,0.14997304099431263
87af775e,5,3,2,0.4757003188005601
8823b020,5,2,1,0.5683000103880923
88300a4b,5,1,0,1.0286129628578622
8875387b,5,3,0,1.171560799653792
8877cdee,5,3,0,0.33086921416580317
888c45f9,5,3,1,0.18608206920411935
88c640b9,5,1,1,0.99072946595958
88cdb5bd,5,2,2,0.9960452492779456
88e04d93,5,3,1,0.9129409906641168
891193eb,5,2,0,0.571737141095093
89261ca6,5,2,0,0.42535866774819797
893293dd,5,1,0,0.11944032161580725
895f9725,5,2,0,1.049211519280013
89739b1a,5,1,0,0.3206683691797014
897da2c8,5,3,0,0.2330853267735732
898096eb,5,3,0,0.06071665648647062
89a26502,5,1,0,0.4384733259146377
89bd10b7,5,2,2,0.932664653822153
89d475e2,5,3,2,1.0839941539292903
89d7d2c3,5,3,0,0.2263405943509404
8a444a98,5,3,0,0.26264524242728976
8a44ea3a,5,1,0,0.22931988120809654
8a4e5d1a,5,2,0,0.8408005545577084
8a6b6912,5,1,0,0.15718788443069942
8a77d185,5,3,2,0.6725002945180595
8a78a063,5,2,0,0.23748851005326638
8a9cce44,5,2,2,0.26363771548281034
8a9e653f,5,1,0,0.06195572794469173
8ae6a52f,5,1,0,1.214982300415568
8b02eb7e,5,3,0,1.5922812362597472
8b4b9648,5,1,1,0.6033222927917997
8b6a40f5,5,3,0,0.6483000583233195
8b802ca8,5,3,0,0.12382815864399116
8ba98f12,5,2,0,0.19907226823599783
8bc5199c,5,2,1,0.41932564830986246
8bf72a9c,5,2,1,1.231527709882928
8c122779,5,1,0,0.8442183582592532
8c1f9196,5,1,1,0.885969039707023
8c5a5a21,5,3,0,0.6163138908222275
8c6c52a2,5,1,0,0.28690141954395204
8c97411a,5,3,0,0.26725702602416535
8c9c253d,5,2,0,0.5408775846262328
8ca025c3,5,1,0,0.24399179451625924
8cab7bc4,5,1,0,0.639359972865875
8cfcac79,5,2,2,0.9926347671506788
8d010562,5,3,0,0.2733844133228905
8d055cca,5,1,0,0.8210577501830905
8d11c14a,5,2,1,0.36248056286276864
8d8b8553,5,2,2,0.5943607024242915
8db09bb4,5,1,1,0.6084567592183178
8ddb6b8d,5,3,0,0.4418941491801921
8e24b103,5,3,0,0.1985297591178974
8e380413,5,3,1,0.5636628506486012
8e749c85,5,3,1,0.8624981665541498
8e770d51,5,2,0,0.3799022617643607
8e80deb7,5,3,0,0.923317615229556
8e93a873,5,2,1,0.9723071054279823
8ec2cc63,5,2,0,0.8682514829329089
8ef72e3e,5,2,0,0.08000661516591079
8f015125,5,2,0,0.6453634944372201
8f1e1df6,5,2,0,0.7040056153543638
8f21c613,5,3,1,0.8277109388509338
8f2d131f,5,3,1,0.6488750390593102
8f39a0e7,5,3,1,0.4403670937047549
8f68479b,5,1,3,1.1114382780531784
8f753551,5,2,0,0.5567793488567978
8f9c03c6,5,2,0,0.12123966925242885
90161e10,5,1,1,1.2238703223915097
9027c805,5,1,0,0.3382566282511884
9052579b,5,3,0,0.3437746055343718
9061cc9c,5,3,0,-0.020091489236053084
90778278,5,2,0,0.2705522169226148
908b1207,5,1,2,0.879172314231728
90a37530,5,2,0,0.16830298147819872
90fee6b1,5,3,0,0.4578680633034163
9105b812,5,3,1,0.9189118775805133
91098060,5,1,0,0.6879706264421055
911d1406,5,3,0,0.6148854631472492
912a91b0,5,1,0,0.5694906980174829
91386987,5,3,1,0.7313371463652956
913bea9f,5,3,1,1.186225714069948
91656d27,5,1,1,1.1749278854728376
9173f25b,5,3,2,0.8514426594088453
917990b2,5,1,0,1.059871996313889
91930eec,5,2,0,0.24156285191683063
91942b42,5,3,2,0.480662115937996
91a5d06e,5,1,0,0.16362180186634862
91e86c47,5,1,0,0.6045761351920599
91fdc1e0,5,2,0,0.6024434125831044
92031591,5,1,0,0.8194365160354108
921146d1,5,3,0,0.3034091563405658
92622443,5,3,1,0.4486013514011127
926a64d8,5,1,1,1.023342539841536
9271574b,5,2,0,0.5122775938320999
92b18571,5,2,0,0.31490540459817035
92bb8516,5,3,0,0.2998993779380718
92bcf0e7,5,3,0,0.08859082713702338
930c567c,5,1,1,0.6242448645995823
93188a17,5,1,0,0.39118728058150676
932b5928,5,1,1,1.0529578777160016
933da99b,5,1,0,0.8683992222207371
93507a1b,5,3,3,1.3844671672452447
93559639,5,3,0,0.11014611903255361
93c06d4c,5,2,0,0.4145635961860062
93c72a97,5,3,0,1.0996872029823588
93c93585,5,1,0,0.4499266183058517
93cdae1c,5,3,0,0.6299778023926088
93f8b501,5,2,0,0.3331643569584183
93fd93c4,5,3,1,0.8526231971826735
93fda84a,5,1,0,0.11205342584472477
9402b885,5,1,0,0.875253894619298
9405bad1,5,2,0,0.31552805716467164
9416d70e,5,2,1,1.0987634939657527
945d802a,5,1,1,0.558205158949815
948a7025,5,2,0,0.3148850249754712
948e1435,5,3,1,1.1300907825788165
94902bc9,5,2,1,1.2118472982654458
9498cc26,5,3,1,0.7573636037913957
949f94e5,5,2,0,0.20894394601682437
9521093f,5,3,0,0.9602374231157851
9540fa8e,5,2,0,0.351443733114106
95488452,5,1,0,0.06712015513876757
954a4c2e,5,2,1,0.6566427763751332
9568e659,5,1,2,1.0741540354444252
9570bfb7,5,3,0,0.04462919438790336
957dcb7f,5,2,1,0.18930258469709987
95cc96cc,5,2,0,0.12088774331579138
95d57ff9,5,3,0,0.8181600236700679
95e04c4b,5,1,0,0.11710751431093863
96262441,5,2,0,0.20742428468070567
96595f1d,5,2,0,0.22437015611068856
966161e7,5,2,0,0.08426379991738436
966fffd0,5,2,2,1.0329318021523481
9682cd0d,5,1,0,0.252276884908528
96d6034f,5,3,0,0.12746379926468981
96f13763,5,1,0,0.12228674890681673
978218e6,5,3,0,0.49145687300009055
979a5c76,5,2,1,0.9255478142301277
97bb0cc0,5,2,2,0.8443902342265526
97d0593e,5,1,0,0.37822391254842314
983bcb5b,5,3,0,1.2481097803795493
98413061,5,3,0,0.1283080250200107
98ed2153,5,2,2,0.8742837015321361
99205f42,5,3,1,0.8331196151146737
99328d2e,5,2,0,0.7493521956455433
994ee014,5,2,0,0.30836882663399284
99752704,5,2,1,0.5493719266817716
9977fb0f,5,2,0,0.4152836176996685
99a8a9e7,5,1,0,0.2931170017323075
99b15811,5,2,0,0.4745862722986146
99ec8c4a,5,2,0,0.4953468635233985
99f0cc53,5,3,0,0.23327778217325917
99f3be05,5,1,1,0.5348275862232585
99fe5b44,5,3,0,0.7158451575043389
9a50d2d8,5,3,0,0.7336085117570712
9a5aed6c,5,2,0,0.7690252605978521
9a76906d,5,2,0,0.25698787625416464
9a7e4c38,5,3,0,0.5938604919821904
9aa1a2ae,5,1,1,0.44050528235458014
9aa36639,5,3,0,0.10500242695752121
9aab3e36,5,2,0,0.34461522738254036
9af5548f,5,3,0,0.6471184056961455
9b5f13ec,5,1,2,0.8635079246855665
9b96b0e4,5,2,0,0.4385853549100959
9bd745aa,5,3,0,0.8945898041491629
9bdd6964,5,1,1,0.23837832280014376
9bf7051d,5,1,2,0.9380053742801004
9c12f80d,5,3,0,0.15629069396101508
9c1ea003,5,1,1,0.5908836438186297
9c23dba9,5,2,1,0.7315471591941796
9c7a1561,5,3,0,0.20015495277171563
9c9cd7ef,5,1,1,0.3647221761594616
9cb303cb,5,3,0,1.6226584180564736
9cb32129,5,3,0,0.18836213197688167
9cba0d0e,5,2,1,0.5246892432677999
9ccbc70b,5,2,0,0.24639886108063708
9ce139d3,5,2,0,0.1120844611856841
9cf04c41,5,1,1,0.7058384801948892
9d0670dd,5,1,0,0.16587299463445138
9d39f0da,5,3,2,0.516558626679624
9d5826bb,5,2,1,0.5592396654238174
9d65adbf,5,2,1,0.9486223821305226
9dbdbebf,5,1,0,0.09593769294841276
9dc74359,5,3,0,1.5804993789280375
9ddb06db,5,2,2,0.9906442228927421
9de6a614,5,3,0,0.7055518566363168
9e027e04,5,1,0,0.2139967545771389
9e052412,5,3,0,0.20745226944244327
9e171735,5,1,0,0.604739276409448
9e29b5d2,5,1,0,0.5287113825059837
9e4385f7,5,1,0,0.6297586662002405
9eb283e4,5,2,3,0.994070081738307
9ebb73c7,5,1,0,0.565082380754048
9f3ca269,5,1,1,1.0734206645171946
9f5f15ef,5,2,1,0.7822378837035631
9f6b9158,5,3,2,0.9980663941702326
9f70688f,5,3,0,-0.01797401568064072
9fa68512,5,2,0,0.09115526817122882
9fb96ae3,5,3,2,1.1480130907839978
9fbc09a6,5,3,0,0.2379678799840449
9fbf31f9,5,3,0,0.21294475310226907
9fbfa81b,5,3,0,0.20845165149482903
9fec142f,5,2,1,0.8572878469041549
a00c3ab0,5,3,3,1.3661623761388917
a00c85e7,5,2,1,0.8923248683317239
a0182b17,5,1,0,0.8196447218945059
a0482f47,5,1,0,0.46344922344396106
a0497d5d,5,2,1,0.9317141800345303
a0522c83,5,1,2,0.513998557820967
a07ec6fb,5,1,1,0.6268090559199135
a0811cc1,5,1,0,0.4527012223735296
a0dffdeb,5,2,1,0.26806842263444547
a148b46f,5,1,0,0.3482685647401135
a17f6cfd,5,2,0,0.9935788897776412
a1814875,5,1,2,0.8115918826211279
a1942b0b,5,3,0,0.2964916536002201
a196148e,5,3,1,1.3055867082037833
a1ab89aa,5,2,0,0.08851035477973623
a1df952c,5,1,1,0.999065201660819
a1fe4f51,5,2,0,0.10063808318032286
a213c519,5,3,0,1.1759464265588908
a217e790,5,2,0,0.2961130271310856
a21ad8c0,5,2,1,0.9106973584996767
a221c60c,5,2,1,1.0668562041874152
a2240f50,5,3,2,0.8333313085887903
a263a68c,5,2,0,0.41823993515126706
a26c3e8f,5,2,1,0.27030765553842234
a28c7891,5,3,0,0.7473186762926932
a2994e55,5,2,2,1.12933051506454
a2a8f352,5,1,0,0.1088262546661839
a30e6178,5,3,0,0.460460313225439
a317c78a,5,3,0,0.485116897599589
a3391798,5,2,0,0.2529039545256703
a3413f0a,5,1,0,0.29679628904471156
a363ec1b,5,1,1,0.6783446645044912
a3858c6a,5,1,0,0.8468876742049685
a38699a5,5,1,1,0.48051630626356434
a3abe528,5,1,2,0.49096081084468923
a3ec2999,5,1,1,0.4728710329523768
a402c6c8,5,1,0,0.3737098353382614
a40c8316,5,1,2,0.9003276943345259
a4481101,5,2,0,0.692262629337976
a45230f4,5,1,0,0.7681114803007915
a4530b41,5,1,0,0.15133670816295558
a457a4ab,5,2,0,0.2165408964614171
a49eda7f,5,2,0,0.7348497190753344
a4be0322,5,1,1,0.5436453101682276
a4c15213,5,1,0,0.3195398101272369
a4e0447e,5,3,0,0.42973945467358055
a4f13c0d,5,2,0,0.7443655124311315
a5024ef9,5,2,2,0.4087349218171892
a5099438,5,2,0,1.2889466408663037
a5356446,5,1,1,0.9333322115484204
a54d22e7,5,2,0,0.23708658330499532
a55b715d,5,2,1,0.7795007599933106
a5710c0a,5,1,0,0.4367643543070339
a5974a7d,5,1,0,0.5835376693571847
a59b2411,5,2,0,0.8571009189804119
a5a737f3,5,2,0,0.3158698537968217
a5c87de6,5,3,0,0.36643151825489895
a60b8575,5,1,2,1.327665023703037
a614af1b,5,3,0,0.41214007109106543
a6969e1a,5,1,1,0.47172946363817414
a69f89e2,5,3,0,0.44289765464935305
a6e72e9d,5,1,0,0.23810375318258603
a70bb2c5,5,3,0,0.527077803590247
a70e9a7c,5,2,0,0.5771650146172509
a722f648,5,1,1,0.4328899604300165
a7639eb5,5,3,2,1.3115884624085288
a78766db,5,1,0,0.8767613516808548
a7b9546a,5,1,0,0.5259455940540396
a7d2852d,5,2,1,1.1064290712152305
a808ad0a,5,3,0,1.0106855759844953
a814e825,5,3,0,0.5715411137836952
a84922d2,5,1,0,0.6024572430698897
a84ae7e0,5,1,1,0.6977449685352143
a8722cde,5,1,1,0.7238316620223216
a886c07b,5,1,2,0.6852191048056645
a8926a86,5,2,2,1.1044764398320757
a89284b2,5,3,0,0.21386007869407464
a8b0428d,5,3,1,1.3372194901397627
a8c1aab5,5,1,0,0.2830782452445344
a8d90be8,5,1,0,0.7935532019784042
a8d9de72,5,3,2,0.4913951344170029
a8dc2e05,5,2,0,0.9928954886561843
a922ef3f,5,2,2,0.24082360563930694
a952659d,5,1,2,0.7589351969731428
a9595acd,5,3,0,0.30836363944107087
a9717f92,5,3,0,0.5936180279702948
a971b3b1,5,1,0,0.13629336050190322
a9aa2336,5,2,0,0.7774180049642411
a9b84b96,5,1,0,0.125448432984548
a9c3b925,5,3,0,0.3180268930908531
a9c5f872,5,2,0,0.4800949398164753
aa1700c7,5,3,0,0.2444397220548346
aa295760,5,3,0,0.36235346354678405
aa61d9da,5,3,0,0.8943431549946634
aa776ef6,5,3,0,0.03934829543333729
aae9800e,5,3,0,1.0770278897023788
aaefeff0,5,1,3,1.0008167898178055
ab16a20d,5,2,0,0.5371139799214317
ab1dc378,5,3,3,1.0191109668457607
ab2ad965,5,3,0,0.1782940598362019
ab36aa48,5,1,2,0.3380197351629934
ab4fe82b,5,3,2,0.904824092450633
ab6e1b81,5,2,0,0.2052295610744283
ab71f143,5,2,0,0.5448879515598601
ab8245da,5,3,2,0.3369104581537472
ab987c75,5,2,0,0.4078177674672393
abac67cc,5,2,0,1.0794303580891844
abaf745c,5,3,0,0.16831663638157873
abb3b071,5,1,0,0.44144446291706424
abd1b232,5,1,2,1.044030585283583
ac1ad4a7,5,2,0,0.24134555916134565
ac29ec80,5,2,0,0.21538436764331748
ac3ba541,5,1,0,0.22442549267820483
ac5fad3b,5,3,0,0.19616307576453107
ac66c144,5,3,0,0.015716538139620817
ac675a81,5,2,1,0.444129205121735
ac67c949,5,1,0,0.1878721513882895
ac967bb9,5,1,2,1.0023665175636118
acde8e47,5,3,1,0.7432354951477755
aceefa4f,5,1,1,0.9354751515220909
ad0bbf35,5,3,0,0.014324564867772005
ad1dfc9a,5,3,0,1.2055846639272
ad319a21,5,2,1,0.7009708448010838
ad380962,5,2,0,0.3322580402890115
ad536dea,5,1,1,0.5242588386717975
ad8189bd,5,1,3,1.1728954288959843
ad9f821d,5,2,0,0.5827626373592645
adaf7461,5,3,1,0.5602454459555122
adba23f0,5,2,1,0.40660747044400225
adbd6839,5,2,0,0.41046608377272453
adc2d620,5,1,0,0.3801435869064549
adc71322,5,3,0,0.6092947619068774
ade50eba,5,3,1,1.3532090771909366
adf444ff,5,3,1,0.5071336363975366
ae4fdae6,5,3,2,1.0294958011291193
ae6e4380,5,2,0,0.26511692653070795
ae712150,5,1,0,0.7434613947098453
aea63a78,5,2,0,0.31068664354371955
aea92843,5,3,0,0.1855320519352075
aecc7e74,5,3,2,1.278581227123132
aed29ee7,5,1,2,0.8654366392744669
af1c2775,5,1,2,1.0550568540676317
af485add,5,2,2,0.6277693855655809
af4f064e,5,1,0,0.3619809581039152
afa6cc9b,5,2,1,0.5721947261235546
afa92c37,5,2,1,0.7781641661825743
aff48273,5,1,1,0.7308005199860365
b074f33b,5,2,0,0.4434656388861716
b08423c5,5,2,1,0.8125794970212655
b08f0ca4,5,2,1,0.13891876705140738
b092b360,5,2,0,0.519203553888438
b0ab15a7,5,3,0,0.1926621988810857
b0b57cb7,5,2,1,0.3625219037379356
b0e96997,5,1,1,0.555757588614553
b120a337,5,3,0,0.4631124327049721
b13e0cd0,5,2,0,0.9234530438155959
b1883100,5,1,0,0.10956599161051328
b1a00510,5,2,1,0.29755183314477995
b1bc2fe4,5,1,0,0.1278468124239417
b1de4423,5,3,0,0.067941928118046
b1f064ac,5,3,0,0.9701316291443265
b2290813,5,2,0,0.9159292687692504
b2382d94,5,1,0,0.06466357228077502
b23b9220,5,2,0,0.7549156312432295
b25abc27,5,3,2,1.2766832662291874
b285eac6,5,2,2,0.3052729008761011
b2987a65,5,3,0,0.4863744091442977
b2a73566,5,1,0,0.7680844295788395
b2b56219,5,2,1,0.6930150668079944
b2b792a7,5,1,0,1.244505461296653
b308c03e,5,2,1,0.7179790228468398
b318f1d9,5,2,0,0.13493135815607438
b31dd1bb,5,3,0,0.8741241482948834
b37281d5,5,1,2,0.4620414908748889
b397a73e,5,1,1,0.4131532260841619
b3b200af,5,3,0,0.46304166463354485
b3d74a58,5,1,0,0.10514119885971612
b3dade53,5,1,2,0.7556202100422755
b3e10f59,5,1,0,0.15781618022827298
b3e14267,5,2,0,0.7968833243786688
b3f5c066,5,1,0,0.6056681664399446
b412866b,5,1,1,0.8838845662214962
b41cee02,5,2,0,0.38763382821135495
b447e66d,5,3,1,0.2916859906852334
b449ac61,5,3,2,0.8181258529428883
b452f767,5,1,0,0.35055860517277465
b463e777,5,1,1,0.2252318502300194
b494401a,5,2,0,0.6835579263979439
b4bd49a0,5,3,1,0.08380061550723061
b4cfd8d7,5,3,0,0.4691374307892413
b4e69f09,5,2,0,0.16727667027321258
b5a0707a,5,2,2,0.8795643590707386
b5b2d51c,5,3,0,0.2004131283345334
b62a320b,5,3,1,0.2955100410836782
b64856e9,5,2,1,0.7048258033622361
b69bf1f7,5,2,0,0.5937656050499986
b6af12af,5,3,0,0.533254256168359
b6caa7fb,5,1,0,0.36051904136587337
b70db5d6,5,2,0,0.08876007215660531
b712b69b,5,2,2,0.7808097023981966
b78d5d2e,5,2,0,0.436667610147214
b7a61f8d,5,3,0,0.06336658498042369
b7ac57d5,5,1,1,1.0456825667037517
b7c3834f,5,2,3,1.202286205068462
b7c410a9,5,2,0,0.5282733481225753
b7ec062d,5,1,1,0.9077545810870087
b802aec3,5,3,1,0.9304103956305871
b816d8d5,5,1,0,0.3946635183335644
b823508b,5,1,1,0.3315287514352765
b84754a9,5,2,0,0.564880006819385
b89537ae,5,1,0,0.4602771126457162
b89b8154,5,3,0,0.2760478210514879
b8bf20f9,5,1,0,0.32454333762126447
b8df3d7c,5,1,0,0.4257402618575918
b92be605,5,3,0,0.6004947279011212
b9318815,5,3,1,1.4495465535567096
b93e1e41,5,3,0,0.5137783128580223
b94ec4a1,5,1,0,0.5509293393395703
b95da85d,5,1,2,0.8518415411995541
b96e3324,5,3,0,0.04401338523994913
b9b22bff,5,1,0,1.204179040139973
b9c085ab,5,2,0,0.6143595142874904
b9cf3f7c,5,2,1,1.0112142277581149
b9d3616c,5,1,2,0.7639368005864597
b9dcf632,5,2,0,0.2335639308997382
b9e20ba6,5,2,0,0.4952715277985751
b9e90f7f,5,1,2,0.8496971983337336
b9eeb8fa,5,2,0,0.2239311399112559
ba09d63f,5,3,0,0.5180922984999048
ba158a9c,5,3,0,0.6298572938247714
ba29cfb3,5,1,0,0.14926770486358126
ba42462b,5,2,0,0.34433302803822463
bb0d7d92,5,2,2,1.0137214259291407
bb4821ee,5,2,1,0.5269551867209236
bb808a71,5,2,0,0.8310394661858549
bba6ff20,5,1,0,0.6443846908108746
bbbd61c9,5,1,0,0.15303043577791337
bbd71a7c,5,3,2,1.125766783498443
bbe5bedd,5,3,0,0.35147367263179363
bc06600f,5,2,1,0.8844381312744574
bc0c0f03,5,3,0,0.39453237384042605
bc1ec029,5,2,0,0.6026511137738699
bc437705,5,1,0,0.16299931514039634
bc4eaf77,5,2,3,0.8851863570136516
bc66f41d,5,2,0,0.5083143794729867
bc6bd8b2,5,1,0,0.28524482074928176
bc790ce0,5,1,0,0.4799344426369848
bc817a4c,5,3,0,0.23835664493464326
bc95339a,5,2,0,0.41768450277908414
bccebc5a,5,2,0,0.5715356772065688
bce32ada,5,3,1,0.44349172681866333
bd4ccd4c,5,1,1,0.632051877694217
bd713fb8,5,2,0,0.3441471296265564
bd8397cb,5,1,0,0.9260727006122944
bd932d04,5,1,2,1.1162166949386862
bdbd1afd,5,3,0,1.164161441309381
bdbdc4b5,5,1,0,0.36968045241808944
bdcc7d10,5,2,0,0.22728062865019694
bdcddd09,5,1,1,0.6201543852533482
be1c3b0e,5,2,0,0.9053042539653878
be210bc7,5,1,2,1.3124081714232874
be9ba5f7,5,2,0,0.7765916539817462
be9e9a8e,5,1,0,0.4655755528151333
bea525dc,5,2,0,0.5767918658303509
beafa6f9,5,3,2,0.7834700928759484
bebff291,5,1,0,0.14311142706555924
bedeb6f3,5,1,0,0.2556023929385209
bee4eab0,5,1,1,0.5614855543203672
bee51adb,5,1,0,0.3051793312560712
bef259fd,5,3,1,1.1392271270316319
bf0942bc,5,1,0,0.6536645684603849
bf18965c,5,2,0,0.5067926838343234
bf280e13,5,1,1,0.7771389327962055
bf31e0a7,5,3,0,0.11412449869260383
bfade1ba,5,3,0,0.20789399063516267
bfb421f9,5,1,2,0.7848428998702601
bfb52472,5,3,1,0.8378955114169637
c00c663c,5,1,1,0.6683139854891231
c03c0758,5,1,1,0.1868770941519327
c0869eb0,5,2,0,0.3748005643912098
c087b48a,5,1,1,0.9393199557047853
c09d41cd,5,1,0,0.8104516338602834
c0adc389,5,3,2,1.3555463098738592
c0c168fa,5,2,0,0.2073696940968643
c0d5b3f3,5,2,0,0.7276869522402061
c0f2a046,5,2,0,0.5079268018846392
c192715a,5,1,0,0.819012407869735
c1add876,5,1,1,0.5005870993227277
c1ed20ef,5,1,1,0.42768166869907265
c24c877a,5,3,0,0.10702196763312877
c274a243,5,3,0,0.029526528856487433
c294b507,5,1,1,0.7465060113208803
c2e15338,5,3,2,1.5239407848254332
c2ea6e54,5,3,0,0.3371185381905788
c308b134,5,2,3,0.7772735748930757
c30f5122,5,2,2,1.1483035887226676
c31a5825,5,3,2,0.2683973960449732
c35218d4,5,2,0,0.30826707630060907
c3760eb9,5,2,0,1.2005097099585744
c38585c5,5,3,1,0.39942308279427796
c3a3f61e,5,1,0,0.5361354654184032
c3a86e3e,5,1,1,0.2802877605612085
c3adae87,5,2,2,0.7996703754502125
c3d46daf,5,2,2,0.7676348107756784
c3dde859,5,1,0,0.26670190648481
c40bb352,5,3,1,0.21915448021855471
c41274a7,5,1,0,1.1419170131565617
c418e47a,5,3,1,1.063420550100972
c42b7972,5,1,0,0.47684610469291394
c43b985c,5,3,0,0.4980992747892672
c446e1c5,5,1,2,0.9632890629527553
c45068a1,5,3,1,1.3180407912447607
c459095b,5,1,2,0.6183857412281298
c4a681dc,5,3,1,0.21304288728285564
c4c2076b,5,2,0,0.22354551205977174
c4c86e6f,5,3,1,1.1435435231470943
c5462e87,5,3,1,0.49096159921782534
c55187b4,5,3,0,1.4509919907050381
c55cc646,5,2,3,1.0611350808966695
c5c891c1,5,1,0,0.5262549064898286
c5cfaeae,5,3,2,0.8305248441708285
c6313b18,5,1,0,0.37384907026564107
c63f1965,5,3,0,0.35681904360600114
c6575d38,5,2,2,1.404290485529418
c66daa08,5,3,2,1.0276794895950938
c69ffa09,5,2,0,0.9826331561661057
c6a92a65,5,3,0,0.3087433787709143
c6b7811e,5,1,2,0.3116992141000083
c6cb894a,5,2,0,0.6743920820792857
c6cc7467,5,1,0,0.8269683506483547
c6d4b453,5,2,1,0.24447641397068048
c6ead822,5,2,1,0.7986971550887805
c6fd800e,5,1,0,0.22372063261778857
c706a54d,5,3,0,0.08038591031704567
c715832b,5,3,0,0.5999603571974275
c731458f,5,2,1,0.6575972892990936
c73dd2e4,5,3,0,0.6409743139250588
c79039af,5,2,1,0.3780208637015188
c7d61396,5,3,1,0.5059474014986892
c7d9e964,5,1,0,0.37998428800039863
c7fd8939,5,3,0,0.23850615183426194
c8270746,5,1,1,0.8001872130812135
c829500d,5,2,0,0.3602535586533676
c892f324,5,2,0,0.3327631139356434
c8d6b871,5,1,0,0.4630744169603059
c8fbbc8a,5,3,0,0.48453326592633444
c9537127,5,1,0,0.5894402591605802
c9600298,5,3,0,0.34614934978180734
c96b9609,5,3,0,0.11732148644303547
c98527f7,5,1,0,0.2328032349346888
c9879365,5,3,0,0.6058300418181833
c9902f48,5,2,1,0.43681829929560545
c9a57335,5,2,0,0.2140586144018769
c9ad9c75,5,1,0,0.9139216945301517
c9d47171,5,2,2,0.3201702121731854
c9e419e7,5,2,0,0.25778237093119766
ca3204b0,5,3,0,0.4845942990774701
ca724703,5,3,0,0.6485341914203618
cac0f438,5,3,0,0.26196484872593095
cadd4ae5,5,2,0,0.447680816892514
cae0531e,5,2,1,0.8640257974852112
cae31194,5,3,0,0.2796399558720459
caec8d59,5,3,2,1.2075341042876548
cb054226,5,2,2,0.5019201615099861
cb3b7c3c,5,3,1,1.0006101436303698
cb73fed9,5,3,0,0.17365960677264447
cba1c8b5,5,3,0,0.6291489053225575
cba39753,5,1,0,0.8857509779934472
cbca33a5,5,1,0,0.4778134971535499
cbcf8cf2,5,3,0,0.6970488843423688
cc010b72,5,3,0,0.0815537672476691
cc16d472,5,3,2,0.9011783071832583
cc25e136,5,3,2,1.042055080080647
cc5143df,5,1,0,0.6395665008277887
cca40abb,5,2,0,0.16986449618353944
ccc9db97,5,1,1,1.3158035226073768
ccd0fe74,5,2,2,0.6258577131009526
ccd3cb96,5,2,0,0.21888296141460145
ccdb4ae5,5,2,0,0.3953676586451328
cceddb57,5,2,0,0.7883491842251357
cd144127,5,1,0,0.415372440651984
cd1fff5a,5,2,0,1.0974260924588872
cd36e51d,5,1,2,1.0035262645685457
cd39e576,5,2,0,0.5121682500704173
cd68643b,5,2,0,0.11563662558560245
cd703872,5,1,0,1.0461953230083436
cd89d5f1,5,1,0,0.7512663351668776
cd8ec8ac,5,2,0,0.5186548698842717
cda90e9e,5,3,0,0.6750698667792013
ce379a6a,5,2,1,0.6383184579926179
ce6eeadf,5,2,1,0.8358483233307727
cea73edd,5,1,0,0.3544155399587574
cedf96c5,5,1,0,0.4449915859554364
cefdb7fe,5,3,1,0.7616099092446234
cf0d6d38,5,2,0,0.23981790169682976
cf1b9d44,5,1,0,0.6899587599933841
cf2e4065,5,1,2,0.3355885664084993
cfbbdd3d,5,1,1,0.6290828456574993
cfe4cf40,5,1,1,0.6887595237746381
cff4bcee,5,1,0,0.23821897407001164
d00b493e,5,3,0,0.6666492219319613
d0429481,5,1,3,1.3431889837408035
d08806a2,5,2,1,0.5153193951566545
d0ac4f1c,5,1,0,1.3339977649681254
d0ef0744,5,3,0,0.7666936098415917
d11428bd,5,1,0,0.6997860616740912
d1145910,5,3,1,0.9894604395861468
d19e1025,5,2,1,0.3560238351680852
d1a38988,5,2,0,0.3061646667936131
d1aa6625,5,2,0,0.33974468881935954
d1aafc4e,5,3,1,0.9813106167993342
d1ab95e5,5,3,0,0.4608131690684498
d22e7168,5,3,0,0.4054452210672343
d28f0d44,5,2,0,0.5579453989523132
d2b84f45,5,3,1,0.8844695495578441
d2bcca68,5,1,0,0.5393857011266288
d2d9b474,5,3,0,0.7205985856971512
d2fcde50,5,2,0,0.3341791380371022
d3da09e8,5,1,1,1.2307939106798815
d3e45961,5,3,0,0.5660314414858215
d3eda827,5,2,0,0.06690189748838427
d42454d4,5,1,0,0.34634062468764143
d4337a28,5,3,0,0.2792521008194873
d445fb74,5,3,2,0.9155478000592893
d45bae93,5,3,0,1.664184489982946
d476f528,5,1,2,0.712733654146716
d4a81b97,5,3,0,0.7281155029623768
d4b935f8,5,2,0,1.0080316343602094
d4bfc83f,5,3,1,0.11968823913409848
d4c2e9a1,5,1,0,0.2142496088821818
d4d2f272,5,2,1,0.7699814381434801
d4d9f7f9,5,2,0,0.2997343704354145
d4f3e585,5,2,2,0.939621410821719
d506f4c7,5,3,1,0.893973399950398
d50a8c3c,5,2,1,0.6692967990542523
d53ead5c,5,1,0,0.5141165389468568
d57380cf,5,3,2,0.9657245630847651
d57f6c9e,5,2,2,0.8442982778865173
d5874bad,5,1,1,0.7011242455594411
d5a8d9b0,5,3,2,1.1853584901119945
d5cebbfc,5,1,1,0.43215500324962164
d5fb07d2,5,1,1,0.8822360531599409
d5fde276,5,3,1,0.4533214766119166
d6007386,5,1,1,0.5886693295957741
d6251195,5,1,0,0.17341909642391706
d66aed49,5,2,0,0.26449361941960337
d6723b39,5,1,0,0.37229816309466235
d6776176,5,2,0,0.19341146266888926
d6add300,5,1,1,1.029085911152972
d6c4d9eb,5,2,0,0.38579329514216065
d6c6baa5,5,2,0,0.7139695135819593
d6cca65e,5,3,2,0.7966381316759795
d6e613bc,5,2,0,0.5220600757301253
d74e4d7c,5,3,1,0.9735522958707523
d766a1c8,5,1,0,0.8731436358765803
d77ac332,5,3,2,0.9592440828137436
d78c55fb,5,1,2,0.688203089453284
d78f437c,5,2,0,0.18318867191805793
d791703f,5,2,1,0.8695995181575307
d7c063b4,5,2,1,0.20686290916962302
d8037389,5,2,1,0.8462750710669719
d80b8bb6,5,2,1,1.0615830439500025
d82e9b87,5,1,0,0.16458148124324157
d859115e,5,2,0,0.7040622644560509
d85a62b3,5,2,2,0.4752545642532794
d85b7c71,5,1,1,0.5168152361627547
d8a78157,5,3,1,0.9153135498560303
d8b066ad,5,1,2,0.5531471683242107
d980da40,5,3,0,0.10855663004195698
d98be7a1,5,1,0,0.19286734990255194
d9ae9a13,5,1,1,0.8338080580913181
d9c82502,5,2,2,0.27556364996466415
d9eb30bf,5,2,0,0.8121589152689985
d9f16cd2,5,1,0,0.29388464134383463
da0001de,5,3,1,0.23814833551591624
da09ed4b,5,2,0,1.1487960887438153
da15064a,5,1,1,0.5682736447235125
da19c97e,5,2,0,0.18880400655355545
da5a8921,5,2,0,0.19161865090006108
da94e67d,5,1,2,1.0261279714124711
daa9b0aa,5,1,0,0.18725124545530802
dacc2f83,5,1,0,0.7459832203710983
daf3969c,5,2,2,1.0468502145183753
db175ab6,5,3,0,0.21254086189671284
db23fbe4,5,1,0,0.6571994446586238
db49ac7c,5,3,0,0.8281381288125448
db609511,5,1,0,0.05424650846074952
db746de0,5,1,0,0.715546377840485
db9353fd,5,2,0,0.3012783926702733
db9eae59,5,1,0,0.8215977614766762
dbfa6d84,5,1,0,0.22620425803041322
dc168599,5,3,0,0.3060294804324701
dc33dcef,5,2,0,0.528640663462279
dc4e9e2f,5,3,0,0.8372321872255368
dc52906a,5,2,1,0.3795620401375036
dc6870da,5,3,0,0.4244733650587646
dc81eac1,5,2,1,0.4711541560852002
dca065be,5,2,0,0.24278731257789532
dcd2586d,5,1,0,0.6571633488236054
dcfcd574,5,1,0,0.5374777804905664
dd02cfa1,5,3,1,0.46054057086176264
dd6679a9,5,3,1,1.1940685556172146
dd747bba,5,1,0,0.26960622631216086
dd9c9576,5,3,0,0.35431224146009394
dd9ce3c4,5,2,0,0.5797618393402403
ddd0cb12,5,1,0,0.34558993100643076
ddd9a88d,5,3,0,0.8847457026198864
dde82df7,5,3,0,0.030307360541060757
ddfddd87,5,3,2,1.0109529890670044
de3750cc,5,2,0,0.1455714401189977
de3ecca9,5,3,2,0.8305390438613227
de6797db,5,2,0,0.28324051323600324
de742c5c,5,3,2,1.3109670408200587
de91310c,5,2,2,1.182770536615863
de961552,5,2,1,0.248902090943165
de9fe1e0,5,2,2,1.0143907995303303
dea0552b,5,2,1,0.9261512955072766
dec9056d,5,3,0,0.10601662246790033
dee8b1bd,5,1,2,0.7289389014274709
dee9eb9c,5,2,0,0.5970042653828503
df4a0fee,5,1,0,0.4311207328898372
df4ab9b1,5,1,1,0.7973233424332826
df4d2085,5,2,1,0.4620130121749345
df556fd2,5,1,3,1.0366866840248423
dfaa2a59,5,1,0,0.27303906539746065
e0283d3d,5,1,0,0.17471178985705166
e049dab1,5,2,0,0.6402157783389291
e0706ce2,5,3,1,0.4324308724263284
e072b994,5,3,0,-0.0505969492587488
e0736134,5,3,0,0.3761586900211779
e0767d64,5,1,2,0.8177608261281196
e07fa0b1,5,1,2,1.2244862653571977
e0869709,5,2,2,0.9070610394120217
e0c4e965,5,3,0,0.6077341511826446
e0db55b1,5,2,1,0.7573252405612172
e0fb3838,5,2,0,0.07574139128867241
e11be9c1,5,3,0,0.7251395853371126
e12c2944,5,2,2,0.7344977392029598
e15fe97b,5,2,0,0.5989486032424001
e1958a83,5,3,0,0.000768005836350949
e199d438,5,2,1,0.8088837857985318
e1a4575f,5,1,0,0.43230296871907725
e1af39f8,5,2,1,0.5325750909904166
e1ccc3d1,5,1,0,0.26401187020881095
e1e02e28,5,3,0,0.263173847897054
e1ea8dd7,5,2,0,0.6487139546385309
e22cf08a,5,2,0,0.2749836596257103
e25f7b9a,5,3,1,0.09781987841037765
e28c0bfa,5,2,1,0.7325584339232853
e2cb8401,5,1,0,1.2792816708368018
e2d370a2,5,2,1,0.6702525160247615
e2fcc91e,5,2,0,0.393207837402581
e318ec9a,5,1,0,0.14946812303709517
e345b271,5,2,1,0.2528488138555317
e362108f,5,3,0,0.6600962389587354
e37d000b,5,1,0,0.22995489748292292
e3a6f97f,5,1,1,0.9560703942499595
e3af914a,5,2,1,0.547526659255626
e3bb3735,5,2,1,0.8330218676999788
e3bce7e1,5,3,0,0.8732518555204225
e3cec795,5,2,1,0.262378869281899
e3f71f7a,5,1,0,0.955113504716766
e40319d7,5,1,1,0.5722741255875519
e4614ec6,5,3,1,0.21723528104425843
e46417a7,5,3,0,1.717429825232042e-05
e47c1eb7,5,2,1,0.7334188606850859
e4b47411,5,2,1,0.6335802992339106
e4c008b9,5,1,0,0.3346800657556648
e4d396d7,5,2,0,0.2797121264794994
e4d5bf2b,5,3,1,0.7305954656049425
e4e58096,5,2,0,0.5711905305096671
e4ee6ff3,5,3,0,1.0580078091017344
e51193d1,5,2,2,0.30773890986314534
e515c971,5,1,1,0.6333751082054029
e5349ce2,5,3,0,0.1594208221543808
e537418f,5,3,1,0.9409294728459066
e56b2209,5,1,0,0.3526449601303724
e5b902bc,5,3,2,0.8794030867894707
e63000c5,5,2,0,0.14369362759504456
e63a0ea8,5,3,0,0.0602483548763495
e664dd71,5,3,1,0.055941495057165946
e683d2c9,5,1,1,0.7676874695095133
e715739b,5,1,1,0.5512991959863589
e71f347e,5,2,0,0.8648768057835332
e72af462,5,2,1,0.818556388899938
e754411f,5,2,0,0.9926553543720601
e76ad778,5,3,2,1.1012147676694348
e7bbb32e,5,2,1,0.6495156773565546
e7db432d,5,3,0,1.1904972339483584
e7db9aef,5,2,2,0.6970864670001813
e7e43817,5,3,1,0.0828039922310117
e7ee0921,5,3,0,0.09323156805421523
e8313da5,5,1,1,0.19160489660474644
e86bb780,5,2,0,0.1423229981848554
e8ac21d2,5,1,2,0.7713736671864326
e8af663d,5,2,0,0.5557327508600068
e8b64419,5,1,0,0.7688284377680361
e8d9d5ea,5,3,0,0.5746365456726699
e8e82627,5,2,0,0.4778116974520621
e90a63d0,5,1,0,0.4776412535021612
e934bf0a,5,3,1,0.570025008036916
e93cce44,5,3,1,0.4780104961720488
e96763c1,5,3,1,0.802218487580461
e96da61f,5,2,0,0.22406727319767972
e9a6c514,5,1,0,0.3538583261880041
e9ca5586,5,3,0,0.27366710694847823
e9d94c4e,5,1,0,0.5141115425077926
ea38bd63,5,1,2,1.4802683253588595
ea544af3,5,2,0,0.6802352615615052
ea7277b4,5,3,0,0.4418741594741843
ea7adcd6,5,2,0,0.8803638453489409
eac08386,5,3,0,0.2277253895457252
ead25f13,5,1,1,0.3701818255375867
ead871be,5,2,2,0.06674991821816534
eaedb188,5,1,0,0.5302099065518732
eb00abb3,5,2,1,0.18756859164829343
eb5c46b0,5,3,0,0.899492061614967
eb749e46,5,1,2,0.9290790120622754
eb891208,5,3,0,0.8892239321935484
eb90ee20,5,2,0,0.33484142892157787
ebd15fdc,5,3,1,0.7661039964313414
ebf2b0c9,5,1,0,0.5454236275166718
ebf30e46,5,3,0,0.7109022685512922
ec015bbb,5,1,0,0.16299989145823296
ec0f4afa,5,1,0,0.43810433617781086
ec13a1b9,5,3,2,0.3672680839351563
ec220299,5,3,0,0.9379616543351913
ec619149,5,1,0,0.49467254028368224
ec65cd62,5,3,0,0.375341613376432
ec6b57b4,5,2,0,0.7494559250308825
ec850b10,5,3,0,1.1332888726584571
ec8f8f95,5,3,2,0.7351237524093259
ec9044f5,5,1,0,0.6002717390572442
ec9179b7,5,1,0,0.10823882417913017
ec9195be,5,3,0,0.3452812477451403
ecb1c038,5,1,1,0.473219673173893
ecbdbe55,5,3,0,0.2185692358408623
ecd22509,5,3,2,1.1736087517713103
ed0b3906,5,2,2,0.9483212412829738
ed329c15,5,3,1,0.9929730842325426
ed61b01e,5,3,0,1.4250129870671384
edb86a64,5,2,1,0.5951294281759982
edb9d0f3,5,1,0,0.31101183991598946
edbf35f3,5,3,2,1.5414251085572925
edc44560,5,3,0,0.6568650791672339
edca760c,5,1,1,0.5031892633743873
edeec50d,5,2,0,0.29456176913573984
ee0fa75a,5,2,1,1.0555141501831034
ee21612e,5,1,2,0.8115910550396455
ee2bf575,5,2,2,0.8721355058059148
ee4e9eed,5,2,0,0.31813887819516334
ee654259,5,3,1,0.15062925932483345
ee67eb55,5,1,0,0.33647944853403916
ee7de96c,5,3,0,0.049584174983035245
eea74d46,5,2,1,0.22082547648277823
eec0d188,5,2,0,0.31911632549185137
eeedcd5e,5,3,1,0.7118610879196
eeefa792,5,2,0,0.43253512775666775
eef79620,5,3,0,1.0274625274008578
ef1b858a,5,3,0,0.14308889048543766
ef4ae515,5,1,0,0.13459828036449206
ef58dd3c,5,3,0,0.9558627579567046
ef9617e7,5,1,2,0.6364103829374657
efa35d35,5,3,0,0.4250606632958315
efc2bc05,5,2,0,0.7728606760967082
efcef0d6,5,3,0,0.792649315570845
efedde24,5,3,0,1.6309397856724168
f015a18c,5,1,0,1.0440096372589651
f028534c,5,3,0,0.6096347088029497
f0356a48,5,2,0,0.38095832892560105
f043be76,5,1,0,0.5855819234432502
f08a5ac3,5,3,0,0.5675897736967557
f09b02cd,5,2,0,0.4340834395892539
f09e7b33,5,1,2,0.7351095357016948
f0d76b32,5,3,1,0.5716140032172222
f0ed5690,5,2,0,0.4194016280513938
f0f3e41f,5,2,0,0.7404400134389496
f1049268,5,2,1,0.6745470667473176
f11e17c0,5,2,1,1.2692721915913032
f13cb65e,5,3,2,0.8515069280970515
f15dca1b,5,1,1,0.6160041091260398
f1a16e58,5,3,1,0.5691662955731063
f1baae47,5,1,1,0.6715390434343018
f1bd0f59,5,2,0,0.6080619329702094
f1c3cb6b,5,2,1,0.8547526858068337
f1ed2e85,5,2,0,0.3080437216058731
f1ee75bf,5,1,1,0.40140329384610474
f220a837,5,2,1,1.081141547312195
f2260009,5,2,0,0.3551919620554133
f2649b91,5,2,1,0.7550924905263885
f285b43c,5,3,1,1.1816959145311712
f29d4094,5,1,1,1.13635570206747
f2d4efd8,5,1,2,0.9976014195418901
f301e7a9,5,1,0,0.3535699799951396
f3020788,5,2,2,1.081326654772372
f32a9580,5,3,0,0.30654936189329307
f35b607c,5,2,0,0.47260867243694704
f3600deb,5,2,1,0.4277661166045096
f3a1dd3b,5,2,1,0.6195635484189265
f3aac45a,5,3,1,1.0703934171838652
f3d22832,5,1,0,0.5118265357416385
f3fbe6c9,5,1,0,0.7650977315390562
f420b05a,5,3,0,0.10676101826267198
f47a67cc,5,3,0,0.030196556130479446
f47abc42,5,2,0,0.36170182181692556
f4d2f5af,5,1,2,0.6561017652970699
f4ece6b5,5,1,0,0.21534852545403477
f52a2597,5,2,0,0.668664175911199
f5369cea,5,1,0,0.11935053731649747
f54eebeb,5,3,1,1.2296137645533691
f566e5cc,5,2,1,0.9635715599526831
f567a1af,5,2,0,0.19721628782945344
f57de847,5,1,0,0.7739299079818751
f584742f,5,3,1,1.4025933953845802
f5ad7abc,5,2,0,0.2647562715587189
f5b2acf0,5,3,1,0.4607254304886943
f5d4c82e,5,1,1,0.8341594678528779
f5e64c94,5,3,1,0.5677088141073933
f6284dcb,5,2,0,0.4244413206262885
f62b317d,5,1,0,0.8833629945390427
f64ae747,5,3,2,0.9386158847214174
f64f877b,5,3,0,0.24680151939767042
f68f158d,5,2,0,0.6693970724234626
f6c0e2b7,5,3,1,1.1809993889329724
f6c20447,5,2,0,0.21922949543215747
f6cc80a9,5,2,0,1.1441969904618132
f6d3a5ad,5,2,0,0.472027855634338
f6d879aa,5,1,1,0.872719873639993
f74c45c1,5,1,1,0.8574855321815422
f74eda33,5,2,2,0.8543268894118772
f75c957f,5,1,0,0.10599445910628003
f7b1374e,5,1,1,0.9584111175949861
f804c9f3,5,1,1,0.8506247792920661
f81598bf,5,1,1,0.7615606196759126
f817f33a,5,1,0,0.1650869547697295
f848f42b,5,1,1,0.3888519982955244
f8674e15,5,2,1,0.6109580692452959
f869d220,5,1,1,1.3680133070346838
f8b08332,5,2,0,0.36311983556355154
f8b36382,5,1,1,0.4296760623395574
f8bf4a1c,5,1,0,0.9851037031288246
f8d293a0,5,2,0,0.212849536849734
f8e3467e,5,2,1,0.4546584218653439
f8ff0bc8,5,1,0,0.9923170481752361
f922ae21,5,3,0,0.4747195099182766
f93010a8,5,1,0,0.5443715550672587
f9334e08,5,3,1,0.011796194598855392
f9384fa2,5,2,1,0.8698802360198461
f958efdc,5,3,0,0.7538064658750505
f9897bf1,5,1,1,0.18230822365349875
fa293db8,5,1,0,0.33084579836413414
fa29ab47,5,1,0,0.175782006652009
fa34f945,5,2,1,1.0302456661117445
fa3e1e21,5,3,0,0.2526924305691482
fa472647,5,1,1,0.6767111974078732
fa4f0329,5,3,0,0.43666953482384874
fa62d7b1,5,2,0,0.6098205375652818
fa78d819,5,2,2,1.2036367620626645
fa9a0add,5,2,0,0.1095344395489144
fab75c2c,5,1,0,0.23470931947093238
fad07fce,5,1,0,0.5544212005821474
fb22e454,5,3,0,0.7862598443261026
fb2c4db6,5,3,0,-0.02785739771523721
fb2ddbd1,5,1,2,0.4263867493079151
fb3c2c87,5,1,0,0.3896331459515393
fb9982a2,5,3,0,0.12492932209108487
fb9b060f,5,1,2,1.2618556506876044
fb9c5a33,5,1,0,0.4916429479887534
fbb39bfe,5,1,2,0.7570210550499865
fbbd97b1,5,3,0,0.5095681127968146
fbc6ade7,5,2,1,0.1031859168745658
fbda3966,5,2,1,0.6039840761077274
fc1912e3,5,2,1,0.8109045677798633
fc2c2c08,5,1,0,0.41793016905909086
fc41be2f,5,3,0,0.0930644308658527
fc49ba65,5,2,0,0.18170060800671828
fc8e4de4,5,1,0,0.4722112105273968
fcc6347f,5,3,0,0.2053912190513743
fcd9a6bb,5,1,0,0.17617482110134636
fd028ecc,5,3,0,0.32765249689340464
fd0d9bca,5,2,0,0.17823831689306385
fd3448d9,5,3,2,0.5133543362979962
fd5589f6,5,2,0,0.2900075607031778
fdb6b48b,5,2,0,0.5312174128032402
fdc11b96,5,2,0,0.9612359016812
fdd9799f,5,3,1,1.2371101110272074
fdf4691f,5,1,0,0.6359631060095663
fe102a25,5,1,1,0.4808365388462208
fe2bc235,5,3,2,0.6124854015723333
fe3cbf02,5,3,0,0.13407728903874183
fe6afaf9,5,1,0,0.5060889028890033
fe9c71d8,5,3,0,0.28297087829227324
feb53635,5,3,2,1.7948902384892902
fecc07d6,5,2,0,0.14653318834240753
fee07f32,5,2,0,0.29374263402942924
fefaffe0,5,2,0,0.6474032115967386
ff18b749,5,1,0,0.3306960512222782
ff60112d,5,1,1,1.4220441131396873
ff759544,5,1,1,0.13184843718382278
ff8a2de4,5,2,1,0.7605182082499764
ffed1dd5,5,3,0,0.8374629994754692
