id,outer_fold,inner_fold,y_true,catboost_prediction
00008ff9,1,2,2,0.4923914407051326
000fd460,1,2,0,0.3297361593602622
001f3379,1,3,1,0.6674667264582456
0038ba98,1,2,0,0.6918435498638069
00abe655,1,2,0,0.5636225542283816
00c0cd71,1,2,2,0.4587652151459237
00d56d4b,1,1,0,0.040432033888931906
00e6167c,1,2,0,0.5479954379652756
00f332d1,1,3,1,0.9100259119720402
01182ce3,1,2,2,1.2664213253887302
011e71c3,1,2,0,0.835619035007397
012cadd8,1,1,0,0.372003344759416
012e3869,1,1,0,0.11286516434943472
014c303e,1,2,0,0.3024816847331029
015ba5b1,1,3,2,1.0319895295267805
01cae1ef,1,2,0,0.6848197371753457
02073150,1,2,0,0.17994564586840417
02648a1c,1,2,0,0.6246596107389029
026fcbc3,1,1,0,0.7393474387277386
029a19c9,1,3,1,0.9178223011157043
02a01f18,1,3,0,0.23132728133566005
02c4cf7f,1,1,1,0.4541774709210114
02cebf33,1,1,1,1.1032746366811557
02cf7384,1,3,0,0.7924488345723257
02dcf62a,1,2,0,0.3810597674536371
02e56a7c,1,2,0,0.46358911449615553
0347462d,1,2,1,1.0239226412148956
034f923b,1,2,0,1.0131089936395885
0357a10e,1,1,1,0.36215509378376287
0380e709,1,3,2,0.627352136702618
0391e587,1,3,2,0.5649366487620905
03a9019b,1,3,1,0.5451820494804004
03f1c1c8,1,3,2,0.9053616246763556
0417c91e,1,1,0,0.03280129197852388
04370442,1,3,2,0.2652471784788789
045a0a94,1,1,2,1.0970626678677895
0471236c,1,3,0,0.09594783051671046
04ad419d,1,2,0,0.4567550279781814
04af8fdd,1,2,0,0.45065641507607307
04afb6f9,1,1,2,0.7774821000123316
04b3cc70,1,2,0,0.45577047194557896
04bb1a76,1,3,2,0.7058382567799165
04cb2c30,1,3,1,0.4505416513671156
04d06a9c,1,1,1,0.4920269570638088
04dc7df1,1,3,1,0.3981401914537816
052a1122,1,3,1,0.3564231096917029
053d7d31,1,1,0,0.6000505791136561
05777ce1,1,1,2,1.2043848234012562
058990e9,1,3,1,0.7452786690034287
058d2812,1,3,2,0.9603831726884708
0598f669,1,1,0,0.5592973339530323
059eed01,1,3,0,0.12286312706087055
05bbed1b,1,3,0,0.09715688708318199
05d3d73a,1,3,0,0.21732153286736156
05db1b9b,1,1,0,0.4525813167055781
05e67680,1,2,0,0.567711024862197
0610c066,1,1,0,0.16707080295744164
061f2866,1,2,2,1.1475059626634134
063353cc,1,2,0,1.0082361126330561
063b16fc,1,2,1,0.9258741149492116
06472198,1,1,0,0.09669106048957415
064e8da5,1,2,0,0.058494808803329246
065801e3,1,2,0,0.6775911567096179
066343d4,1,1,0,0.3799463863278776
0668373f,1,2,2,0.4469849271860425
0676ead5,1,3,0,0.4124907775145663
067b9287,1,3,1,0.43242074262100405
067de065,1,2,0,0.11691862385018753
06c8b2fb,1,3,0,0.07859238722135731
06eb8adb,1,2,0,0.12999140511404517
06ec8be3,1,1,1,0.35439367678749967
070386b2,1,3,0,0.5821714015185774
07048067,1,1,1,0.7002605309907832
0720320e,1,1,0,0.6376606173356505
0745c390,1,2,1,0.5592536437074658
077ac7a2,1,2,1,0.2889644404607995
07d879cf,1,3,1,0.6498721250887726
08159c5e,1,1,0,0.8506188713306551
082df556,1,2,0,0.840737760697299
0844aee7,1,3,1,0.2092796387930268
08577722,1,1,0,0.2099101710862772
08660d12,1,3,2,1.0278889785036278
086d6e7f,1,3,0,0.1499422925449978
0884aca8,1,1,0,0.5624473297657115
089a6b19,1,3,0,1.085004847687894
08fa44ad,1,1,1,0.3446859632886635
09039272,1,1,0,0.4350509571435866
092494ec,1,1,1,1.3091908554088147
0924b815,1,2,1,0.09481729107283443
09331bb8,1,3,2,0.9587019542759894
096bf063,1,1,2,0.7334771215718799
098d3c32,1,2,0,0.3762834668447694
09d80057,1,3,1,0.2685208782972355
09eeaba6,1,1,0,0.10188450735863663
09eeec14,1,1,2,0.4855825500257661
09f44fd2,1,1,0,0.21213063273579497
0a1afc11,1,3,0,0.20247930920724472
0a431608,1,1,0,1.1446947531661382
0a4b1425,1,1,0,0.14195248781404035
0a540797,1,1,0,0.38556324013485943
0a5f1214,1,2,0,0.4294836442993871
0a775819,1,2,2,1.3113615047310367
0a822c93,1,2,1,0.8938467560607323
0a9159f8,1,1,0,0.5338935301534058
0a995f99,1,3,0,0.3280173973052344
0aa90ce7,1,3,0,0.5358486642821951
0aaf08ec,1,3,1,0.6654287808454385
0ac521c8,1,1,3,0.974143128384975
0acac70c,1,1,1,0.9267281765711379
0adf511d,1,3,1,0.472815931249494
0af81037,1,1,0,0.6304043377471892
0afb2535,1,2,0,0.5630323556010048
0b4014f0,1,1,0,0.6936500501585624
0b4f597e,1,1,0,0.1952298952151007
0b50f3fa,1,2,1,0.6141826608509334
0b6b07f6,1,1,0,0.3080440383245014
0b7c6100,1,3,0,0.607064117424527
0b7d7aec,1,3,0,0.9719183210553521
0b7d9da6,1,2,0,0.3093378034104823
0ba53e53,1,2,2,0.20163821218892253
0bd89878,1,3,0,0.16765997408331523
0bdace00,1,3,0,0.47282294460266616
0bfe4fc9,1,3,1,0.7642938949789648
0c0a1576,1,3,0,0.0892863245476932
0c3d248f,1,1,0,0.19648692647823246
0c3d88cb,1,2,0,0.1783336789718979
0c794cf7,1,1,0,0.1871700449703178
0c83af0f,1,2,2,0.6256223307438528
0c98f822,1,3,1,1.142455387703257
0cbe4e54,1,2,0,0.8075810625897503
0cccc6bc,1,1,0,0.38122271226941584
0d01bbf2,1,3,0,0.3309667187654127
0d279d77,1,3,0,0.5810011139032865
0d394928,1,2,0,0.4473789753414593
0d4800c8,1,3,1,0.9289462784688094
0d570d3e,1,3,2,0.648754080205279
0d924604,1,3,0,0.2956544955055184
0ddab8ff,1,2,0,0.2539822807346727
0de01ae7,1,3,1,0.9587178533469627
0df4c27d,1,3,0,0.9689440096859759
0e3b0bd2,1,3,0,0.10840404051517011
0e951124,1,3,3,1.103574564504441
0e9c1be6,1,1,1,0.3972536545056075
0ec403df,1,3,2,0.9562813562293024
0ed2a3c8,1,2,1,0.2119479328587714
0eddd8e5,1,2,0,0.5756926266080089
0f4db4f2,1,3,0,0.6707769407069143
0f6b71c4,1,3,0,0.2999562932901292
0f7f3bf3,1,1,1,0.7525851205738388
0f9b8e65,1,2,1,0.7659418652100647
0fbb3ca5,1,3,1,1.0849615982627365
0fc19fd9,1,1,0,0.1518905400882437
101774f0,1,1,0,0.003776398296303052
101c27f1,1,2,0,0.47091433483341905
10258585,1,1,1,0.15482026521578524
105e3f96,1,1,0,0.6909083112977844
10ad8c48,1,1,2,1.23469686281878
10be7f09,1,1,0,0.3372321207004155
10c0e99a,1,3,0,0.20317293500450168
10e46254,1,1,0,0.3265755673465602
113f5798,1,2,2,0.8979363495308104
11477ed0,1,2,0,0.8042488251901847
115d3db4,1,2,1,0.3670325778011063
11739de2,1,3,0,0.7213686893353046
1184a14a,1,2,0,0.2568670715550603
118b7733,1,1,1,0.4704098197978629
119d7562,1,2,1,1.0864742605538509
119dd2e1,1,2,1,0.3333468225992558
119e181e,1,1,0,-0.02289900556588942
11be5d2e,1,2,1,0.8161209263620248
11d1a5ac,1,1,0,0.6036044581616136
11f7253c,1,1,3,1.0482460151085886
11f9b26c,1,3,0,0.09551887793447172
1225fd28,1,3,1,0.8144901149543248
12380b06,1,2,0,0.779812797973617
1286dab7,1,1,0,0.2867914878023009
12a607f6,1,1,1,0.3541497935536063
12cbf30c,1,2,0,0.6730380458910243
12cfb064,1,2,0,0.1409456770523005
12f37ff2,1,2,1,0.19306673607706293
1301f65d,1,1,0,0.3288411771122014
1307c41a,1,3,0,0.23670232283130388
1314bc8c,1,1,0,0.957293494446987
136894bc,1,2,0,0.970818398070023
137baaec,1,2,2,0.6884629087286696
137fc699,1,3,1,0.34180377691708186
13a5e288,1,1,0,0.3250884089826052
13be5672,1,2,0,0.2556958576549282
13d2c419,1,1,0,0.16638883728887643
13eee030,1,1,1,0.6061940869519015
13fca10c,1,2,1,0.7627161592802549
14109652,1,2,2,0.9935098935294946
14391970,1,3,0,0.21163110104558835
1455e657,1,3,0,0.17112217192103985
1458a9d2,1,2,0,0.40729613119687846
1470a1df,1,2,1,0.5832153364258696
147c4374,1,1,0,0.1054850830384631
14a6e58e,1,2,0,0.48811862023995817
14b3d6e5,1,1,0,0.06202628292812318
14b999b6,1,1,0,0.6271447733751594
14c12974,1,1,0,0.1643005772726659
14dae995,1,1,0,0.6278210442683486
14e00ce0,1,1,0,0.21350972190112127
1522fee1,1,2,2,1.0172150623673657
154d1191,1,1,1,0.05331876624720322
1551c806,1,3,1,0.9436325805604316
1562998a,1,2,0,0.8261921119093243
157b271f,1,2,3,1.1216458130373024
15a2364d,1,2,1,0.752852118942724
15d702f8,1,1,0,0.3451220345587145
15f217a6,1,2,1,0.6127646717514389
1606f203,1,2,0,0.4974703903773262
1649ce22,1,1,0,0.34117673302622853
164b29ed,1,3,0,0.2572805140681432
164edc75,1,1,2,0.9141519259489033
16bf9efe,1,2,0,0.685848161910108
16deb306,1,3,0,0.32463972862165064
16e277aa,1,3,0,0.7353617450430364
1704e646,1,1,1,0.9931146013495588
176f33fb,1,3,0,0.32923000114321904
17c1ae23,1,3,1,0.33900167052283514
17e9cba0,1,1,2,0.9749372208099945
1824417f,1,1,3,1.3711504778218697
18400e8e,1,1,1,0.8874225225842245
1843760e,1,2,1,0.7345854262154543
18506cf3,1,1,0,0.5502497094756715
1894884e,1,2,0,0.16312526764234175
18962676,1,2,0,0.16136931231465007
18ab47f8,1,1,0,0.16505365086702328
18b79e9b,1,3,2,0.2512695638567787
18b8b2f6,1,1,1,0.32910570915669635
18e21bf1,1,3,0,0.20944344518721242
18f6e6db,1,1,0,0.28256136337304044
18fdbccc,1,2,0,0.2899431252365396
18feab0f,1,2,0,0.8438996896520778
19098ef0,1,1,0,0.704255819281229
1911731d,1,1,0,0.04888031653965086
1943fb23,1,3,0,0.20614560422891776
19455336,1,3,1,0.7220812468956528
198e50c9,1,2,0,1.1804497357015973
19b095d5,1,2,0,0.3243024691402052
19cc95e8,1,2,0,0.26715043348352124
1a1e8ac5,1,3,0,0.16790431608493234
1a23d282,1,2,1,0.7205556991812807
1a2412b3,1,1,0,0.7249616755710699
1a803bfe,1,3,0,0.35534534691207714
1aae1de3,1,1,0,0.9916716961974874
1afa48fe,1,2,0,0.358225349491034
1aff6762,1,3,2,1.0998066837180698
1b258140,1,2,0,0.050245674630735926
1b2cd439,1,2,0,0.6044217911131714
1b2eea8f,1,3,2,1.1303112502458132
1b32427b,1,1,0,0.7470529991206772
1b410106,1,3,0,0.23243947370630108
1b49c870,1,3,0,0.3695772320769566
1b5b34bc,1,3,1,0.5417667172502431
1b6fb363,1,3,1,0.6175379852356239
1b73fce0,1,1,0,0.1978919354133989
1bc6a98c,1,2,0,0.12100858573968681
1c063ebc,1,3,0,0.084640482904346
1c23295e,1,3,0,0.5594988797515296
1c481537,1,2,3,1.0664712655307529
1c5ba087,1,3,1,0.8982215070457615
1c66daf4,1,2,0,0.774661956101289
1c673231,1,2,2,0.6363031104524108
1c6ac3d4,1,3,0,0.31527138907060515
1ccf44f0,1,1,0,0.39877259695416645
1cd37b36,1,1,1,0.8719134535899324
1cf6dcef,1,1,1,0.3033749066774685
1d02812a,1,3,0,0.9339927859191336
1d041232,1,1,0,0.6335410412297712
1d11d488,1,2,0,1.3270299779498163
1d78b3c3,1,3,0,0.550517733390895
1da37c60,1,1,2,0.6097598363421707
1dd90b53,1,1,2,0.7982640473113276
1de3c240,1,3,0,0.19485966041599773
1dfd6433,1,1,1,0.6638143638915927
1e08b1dc,1,2,1,0.9272188348976794
1e2a1bd0,1,3,0,0.25121876214095074
1e5f6199,1,1,0,0.22675046294291457
1e87baed,1,2,0,0.550663743825825
1e986f93,1,2,0,0.041227136217775184
1eda934b,1,2,0,0.8173979398222364
1eea8df2,1,1,2,1.332249239201964
1eedf45e,1,2,1,0.6854260546770669
1f2164a4,1,3,1,0.13602361253920842
1f400626,1,3,0,1.1244524805612501
1f5835cd,1,3,0,0.08519620656495042
1f65fa82,1,3,1,1.2149974258797902
1f7bd44c,1,1,0,0.1631591292091082
1f7ec039,1,2,1,0.8409510510907988
1f881e3d,1,1,0,0.9927332703189881
1fc07a80,1,1,0,0.4682346648723337
1feb42f2,1,3,2,0.6035938995619846
1ffede3b,1,1,0,0.714832966723445
206c8562,1,3,1,0.44519074310002604
2084c823,1,1,0,0.9211187388120969
20cefbaf,1,3,0,0.41102278459199637
20d7ecfd,1,2,1,0.654412393553856
20df4cab,1,1,0,0.1595212320915746
20e8ca68,1,2,0,0.5321108359534463
2114473a,1,2,0,0.3809583594010819
215ca39b,1,2,1,0.5293051375309745
218faf6f,1,3,0,0.22616044363327703
21a76448,1,3,1,0.8148111375058708
21b835ac,1,3,0,0.16436856241177672
21c62163,1,1,1,0.39241809852255505
21e5833c,1,3,0,0.5310700780906581
21f58fba,1,3,0,0.29536666431335806
221e37e0,1,3,0,0.2057409990815101
223724b2,1,1,0,0.6198622575084376
22375702,1,3,1,1.419184457093995
22389051,1,3,1,0.27490694228310847
22447a95,1,3,0,1.3122541929862384
22536a61,1,1,0,0.8636382534516619
22a71606,1,3,0,0.0972647313247047
22b4191a,1,1,1,0.8562872013177438
22c72c4e,1,1,2,0.6771702714255583
22e44415,1,2,0,0.42512474915205833
22f43a12,1,3,0,0.4407936828166298
231f6db4,1,1,1,0.30357657098314067
233b9425,1,3,0,0.25708075465743774
2340e84a,1,2,0,0.5757926405233587
23418fa2,1,1,0,0.1325942472663097
23567787,1,1,1,0.5891480139105045
236ecde8,1,3,0,0.202415126334538
23d1a58d,1,1,0,0.9114900316290769
23d71e37,1,1,0,0.5516586254280926
23dafdab,1,3,0,0.3165015854093153
23e024bd,1,2,0,0.706484812840961
24398aed,1,2,0,0.20758136480589462
24591f4d,1,2,0,0.24987656295946964
247172f9,1,1,0,0.5648026826481712
2496c491,1,1,0,1.1776239038913494
249b6d68,1,1,0,0.8627567026651668
249d2266,1,1,0,0.15101582713383882
24a3b16d,1,3,1,0.9037930487004111
24ab10c6,1,1,1,0.09798439576378948
24b4bc6d,1,2,1,0.4448053806091664
24b75658,1,3,0,0.21576751297016256
24dac645,1,2,0,0.42504250225873313
252ebc5b,1,3,2,0.5882040203235868
253f5cb1,1,3,1,1.4538987261923337
2586774b,1,1,0,0.47797710455051834
25a3a723,1,3,0,0.6606869299533501
25e752c8,1,1,0,0.14820621582991506
25eba023,1,2,0,0.12008038135795746
260f542b,1,3,0,0.18261467339096754
26190ddd,1,2,0,0.4510832036281387
262cff6d,1,3,1,1.41449652529547
26891dbd,1,2,0,0.7855144914368926
269d9918,1,3,1,0.5978113742432802
26a4b61b,1,1,1,0.6300604599896543
26aeacdf,1,3,0,0.13280835822476283
26d31613,1,3,1,0.9465783355794604
26f0e055,1,3,1,0.23096239674607688
273c8ebd,1,3,0,0.08533557240930267
2760be91,1,3,2,0.5617184669042738
277f5b32,1,3,2,0.8903018820231671
279d0ec4,1,2,0,0.7779909087945232
27cd2a6c,1,3,2,0.8275029537890151
27d363de,1,2,1,0.7464209211383209
27d7e5e4,1,1,0,0.14302690633594434
27e0ca6b,1,3,0,0.4097032590490079
281174c9,1,3,0,0.5518838781576927
2812951b,1,1,0,0.5145560856351524
2840643b,1,1,1,0.21228418930217635
287390e6,1,2,2,0.9493803903191838
287f1349,1,1,0,0.7823478559054543
28b91cf3,1,2,0,0.14927964357631418
28ba92e9,1,3,0,0.3738385122745627
28e8b2b2,1,3,0,0.3875191565555297
28e973b1,1,3,0,0.5619142438536634
28f7e6ff,1,2,2,0.6406085059447196
28f99ddb,1,1,0,0.549977210743113
2911ef94,1,3,2,1.1353731894339005
29a1d334,1,1,0,0.47821219798985404
29c54890,1,1,0,0.6979960650181141
29e4911b,1,2,0,0.049563518299784004
2a3fcf9a,1,1,0,0.1262865471616602
2a64085d,1,1,0,0.22149139757136815
2a6a6b92,1,3,0,0.7596769159689096
2a7b5b79,1,1,1,0.41587614579321214
2a81925b,1,1,1,0.401526514467032
2a85889c,1,2,1,0.6893499103534542
2a88cbe9,1,3,0,0.45758823360647705
2a922ca4,1,1,0,0.1749177996646053
2a9e0dee,1,3,0,0.5767901200412141
2aa15e6b,1,2,1,0.2072258243991416
2aab37ac,1,2,0,0.40981336764045184
2ac0bd9f,1,2,1,0.856058986639982
2af3c8d8,1,3,1,1.340703054428001
2afea280,1,1,1,0.9031611097321571
2b34dcf3,1,1,0,0.3174009951553868
2b574ef7,1,3,0,0.17959700282691288
2bac0893,1,1,0,0.8958639805480886
2bad0db7,1,2,0,0.7801957475652409
2bbcfd43,1,1,0,0.30107619843311073
2beaaf7a,1,1,1,0.6336183248586914
2bfc9187,1,1,0,0.688542250510291
2c2dc20d,1,2,2,0.49946702682335725
2c406043,1,2,0,0.08429293780112962
2c483245,1,1,0,0.7730196503173049
2c512f2f,1,2,1,0.5573402878163238
2c54d6c5,1,1,0,0.5803703819872793
2c9a90e9,1,1,1,1.2797581669583007
2ca2206f,1,3,1,1.0387556797317998
2ca9811d,1,3,1,1.1461167816842628
2cb0db2c,1,1,0,0.13237196643502103
2cd9b5a3,1,2,1,0.8164130252284181
2cda86bd,1,3,2,1.306232073129113
2d043af7,1,2,0,0.7434199010490959
2d286c59,1,3,0,0.6737752890244303
2d5365c6,1,3,2,0.6536831832175406
2da6bf6e,1,2,0,0.11263485320385408
2dbdfe11,1,1,2,0.5496291389345029
2e17c497,1,1,1,0.3168708001801828
2e293d08,1,2,0,0.29762369389969623
2e42573e,1,2,0,0.20597225953795273
2e5f5207,1,1,1,0.611716684921027
2ebdadbc,1,1,0,0.4305760234299426
2ee0a1e8,1,1,1,1.0070270232454903
2f0f2949,1,3,0,1.0473303479753606
2f12de00,1,2,1,0.6314041175845149
2f154763,1,1,0,0.14958672753061059
2f16cad4,1,3,0,1.0729741295137563
2f6b484c,1,1,0,0.19980307824962196
2f72f441,1,1,0,0.0709561399455364
2f8ec752,1,1,0,0.628722287880334
2f91f3c1,1,1,0,0.840594037711042
2fba6cf4,1,1,0,0.3406980321970605
2fc568f6,1,1,1,0.9394858262664351
2ff729d3,1,2,0,0.8745439679700874
3055881a,1,2,0,0.8101224873220236
3065aa2f,1,2,0,0.71754469539263
307c91ee,1,3,0,0.22969583406457428
3093d29f,1,2,1,0.6957273752443822
30ac8a84,1,3,2,0.5170183044152448
30b3f203,1,3,2,1.0541749242119698
30ba4252,1,2,0,0.306561827160983
30d2fd47,1,2,0,0.1661977562255515
3133a6c9,1,2,1,0.5340410162728695
3134b69f,1,2,1,0.7092560653228039
3146f878,1,3,0,0.35700575238058685
3155ed01,1,1,0,0.8029096250927477
3162c492,1,2,1,0.42253036989185117
31648caa,1,1,0,0.012020577779058406
31b74cd4,1,3,1,0.4649135022961675
31d61741,1,1,1,0.49498817791268684
31d7a136,1,2,0,0.18140746330127
31f01671,1,2,0,0.18367261605419355
321202d4,1,2,1,0.6181882314633985
323ea319,1,3,0,0.5196277461443668
325afd3d,1,3,0,0.7301046389316684
3268c574,1,1,1,0.8253763454971166
326c23c2,1,2,0,0.44891702324728544
327736cd,1,1,0,0.08648637982887436
327ef356,1,2,1,0.6175340796828458
329a9c25,1,3,2,1.0598657540704188
32a9dac0,1,3,2,0.7527297707710914
32b8490d,1,2,0,0.5287632398650667
32d0ebca,1,2,0,0.7636045579127116
32dcc8ab,1,2,0,0.3884973375114018
32e18ccc,1,3,2,1.1741635679415887
3302713b,1,1,0,0.7665651222910461
3305a981,1,1,2,1.0873750242161906
331733c7,1,2,1,0.7402301317605543
333be478,1,2,1,0.46762990692221174
338146bd,1,3,0,0.5367546930633015
3399795b,1,2,1,0.554209214039992
33d60f7d,1,3,2,0.39759566301488036
33e34de8,1,1,1,1.0117636699829806
33fe1b04,1,3,0,0.728092554393079
342d43c7,1,1,1,0.8781399295439367
342edae9,1,3,1,0.265610733603807
343460ab,1,3,3,1.5063103375979106
34362a9a,1,1,1,0.31333784777562235
3441fd41,1,1,1,0.9859826323264334
3466c72a,1,3,1,0.6544753751620445
347095fe,1,1,2,1.3747123227722917
34c30fad,1,2,2,1.0490375465389783
350cf38b,1,3,0,0.23238480644032627
350dbeba,1,2,0,0.7285181411624401
35198c2d,1,1,2,1.02526475530276
351cd4ec,1,3,1,0.5850668157683865
35265670,1,1,1,0.3226792990036212
356ab908,1,3,1,0.9039709421240831
35d2aa41,1,3,0,1.206120144415885
35daea65,1,1,0,0.05027512392724387
36146fe1,1,1,0,0.8714007141533588
36473697,1,3,1,0.7142022434764849
36530d36,1,3,0,0.4299237480071511
3655395c,1,3,0,0.4200388361742425
36958957,1,2,2,0.8544208493902605
36c060b9,1,2,2,1.4630948237541288
36c1f189,1,2,0,0.2592852083686285
36e77bf0,1,1,1,0.5200570321975206
370b47c4,1,3,0,0.9400032985467888
3714afd7,1,1,0,0.4842963649942982
372a7950,1,1,1,0.7400248546252598
376e617f,1,3,2,0.9056848517072796
37995242,1,2,0,0.05312065187955217
37ae1239,1,1,1,0.3767764846297106
37bcfa7e,1,3,0,0.8914924439932713
380029ef,1,1,0,0.3262531245133998
3820a945,1,3,0,1.1821613616156892
38390669,1,2,0,0.23825104100448868
385819e6,1,3,1,0.16197420822719255
3875d4de,1,2,0,0.9657134510555085
38cccd6d,1,1,2,0.9532779542018228
38d53b92,1,2,0,0.4012246789496341
3901e707,1,1,0,0.18605880364769306
3918d854,1,2,0,0.10744402568997236
394684ae,1,1,0,0.7681243847510869
397efe7a,1,2,0,0.3393603928664548
3983d3cd,1,3,0,0.5100658555258939
3999e449,1,1,0,0.902244618371252
39c20e2a,1,3,0,0.8623707261579355
39cc2836,1,3,0,0.3184734707852851
39d626f4,1,1,0,0.6238979236901664
39dd3538,1,1,0,0.08037804017760508
3a33d579,1,3,1,0.5543837598402684
3a594acf,1,3,1,0.7606996823931635
3a9d7bd6,1,3,0,0.19714448331649115
3ab0b1ff,1,1,1,1.0815245778672449
3ab539f0,1,1,0,0.1900772366143219
3acb5be3,1,1,0,0.2120617491824695
3b047021,1,1,0,0.1642967433490733
3b091b83,1,3,0,0.4009661732680825
3b112284,1,1,0,0.08108574436315569
3b1b9538,1,3,1,0.8111766483430073
3ba48ca7,1,3,0,0.6042429665612148
3bbf88cd,1,1,2,0.7676960497296968
3c0aba64,1,2,0,0.728129091666373
3c2cf08e,1,2,0,0.24872321399309327
3c620257,1,1,0,0.2762838730941803
3c7a7f32,1,1,0,1.097856975993945
3c8f474a,1,3,0,0.3249652800313471
3cc9cfa6,1,3,0,0.23742976965425033
3cfeca85,1,2,0,0.15846013308798268
3d20d9a7,1,3,0,0.6575916522339463
3d2c0bc5,1,2,1,0.8705422875652289
3d36fe8b,1,1,0,0.9151907946555708
3d3b87db,1,2,1,0.7251207658036001
3d3fb503,1,1,0,0.27484575016258556
3d5ad997,1,2,0,0.617754043444213
3d6143f3,1,1,0,0.11158004894493806
3d8531f5,1,3,0,0.4107960152324167
3d970ce4,1,2,1,0.6419562356333479
3dcbc164,1,2,1,1.1267375835906714
3de6a21c,1,1,0,0.1678294894810567
3e377cb7,1,1,0,0.5901702510228088
3e398bf9,1,1,2,1.1232780374660498
3e3c242c,1,2,0,0.20054749200584848
3e5d5b58,1,2,1,0.1345107387594116
3e7ee995,1,2,1,1.1845698456912095
3e9fd8d6,1,2,2,1.1056248451562833
3eb48980,1,2,1,0.4860461059589529
3ebfbb4c,1,3,1,0.18061648166640065
3f1cf5ba,1,3,1,0.5228528966765543
3f1f23e7,1,2,2,0.631869092085178
3f2141da,1,1,0,0.48873684507052506
3f3d3809,1,2,0,0.2595780940358904
3f51a21d,1,3,2,0.4772389966696271
3fcef947,1,1,0,0.4809124611068084
3fe59141,1,3,0,0.8742211383325472
40087bc5,1,1,2,1.1863912425450913
40898508,1,2,0,0.9078002879238576
408bed19,1,3,0,0.43759701194374934
4093774d,1,1,1,0.7984241073226219
40aae75f,1,1,0,0.7911820835770715
40b904b3,1,3,1,0.6720725341159066
40cdadfc,1,3,0,0.41979984447613583
40e95163,1,2,0,0.2299325002459196
41185f8e,1,2,2,0.8947042153416949
4128aee6,1,3,0,0.23158645982888315
4135cb0e,1,2,1,1.1357400597826541
4157be55,1,1,2,1.3744779840604413
415d5a1a,1,1,0,0.9462544289827759
4177e5e5,1,2,1,0.5751661628742151
41974cde,1,3,0,0.2659361295849084
419d05c6,1,1,2,1.1146667970412532
41bacefb,1,1,0,0.9276186488587299
41badf5d,1,1,1,0.9017506420919835
41cfd1db,1,1,3,1.34513924726409
42309938,1,3,1,0.8681131094252578
4248261f,1,1,0,0.10043954573887243
4255e559,1,1,0,0.5404631359459514
4262ce3d,1,1,0,0.3562336744211024
4280076d,1,3,0,0.33561012953954866
428970d4,1,1,1,0.738292276621097
428c37ea,1,3,0,0.44615871381958694
429cc266,1,1,0,0.3885576719683967
42aa29fb,1,3,1,0.42218278610928905
42bf071e,1,1,2,0.5908667716633718
42c6f67a,1,1,0,0.21922649443672382
42dfc9dd,1,1,2,1.1441842845529506
42ebc3fd,1,2,0,0.7311398966597044
432a4c21,1,2,1,0.8218061716783358
432aff11,1,1,0,0.1484498778509546
435bfa7b,1,3,1,0.5156329525509065
43629a34,1,1,0,0.04474621055441719
436dd613,1,1,0,0.381244122662594
43720c15,1,1,0,0.7209267878023117
43808706,1,1,2,1.2682280663024712
43a7386d,1,1,1,0.6903241514657096
43e54b20,1,2,1,0.8081161438794208
43f44f6c,1,3,2,0.5798118548554818
43f5d3c5,1,3,1,0.42030511638605816
43fb80d6,1,2,0,0.5991115768060775
43fdba8b,1,3,0,0.4450996109131183
440acf4f,1,3,0,0.18446435495481023
444131bc,1,2,0,0.2276212262880602
4442c376,1,2,0,0.31066031695076035
446757cb,1,1,1,1.05466717151348
4496d883,1,1,2,0.608719956092385
44b8622c,1,2,0,1.0388196901428424
44cbf5c5,1,1,0,0.16757888041932417
4505724a,1,1,0,0.036322328444414076
4507da27,1,2,1,1.154709609020843
4518ed77,1,1,0,0.2864834588264191
45ea366f,1,2,0,0.10380883185475653
45eb32f2,1,2,2,0.9687292475102494
46170319,1,2,0,0.1401686774973951
463bf3b2,1,3,0,0.17959561875076063
464a75fb,1,3,1,1.0608281603959546
4659aa1a,1,2,0,1.0318382085191447
465d3273,1,2,1,0.8396959821116623
466752d9,1,2,0,0.4788366763372597
467c549f,1,2,0,0.2174687274267636
47240aa3,1,1,0,0.21042546859942962
47350ac6,1,2,0,0.8705730771890869
4777151c,1,1,2,1.139356998807203
47a52eb8,1,3,1,1.0775541065365364
47b3bea1,1,1,2,0.18351407542621279
47c1f368,1,3,2,1.1987331172357125
47c3b47c,1,2,1,0.3224660798286321
47c55e13,1,3,0,0.517869136561149
47fef4fc,1,1,0,0.30102307423953867
481a1861,1,3,0,0.43031550150431286
4829f7ca,1,3,0,0.7564688694485241
4859a9f9,1,3,0,0.12618604005188033
485d7c69,1,3,0,0.47196579660571836
489fa831,1,3,1,0.440238492116019
48c205d9,1,2,0,0.47545317284431315
48db8ecf,1,2,0,0.25112699421686274
48df987b,1,1,0,0.34225922250101665
48e69212,1,2,0,0.4117325412142864
491bf457,1,3,0,0.6721863782177034
4926b18a,1,1,0,0.36473869691893085
494eba8a,1,1,0,0.3671921203161801
499d4499,1,2,0,1.015619958843279
4a0b1b9d,1,2,1,0.7594180512073787
4a1440d9,1,3,2,0.3196633660956989
4a17b463,1,3,0,0.3601794229342817
4a21eb0c,1,2,0,0.8480927985352442
4a475a9f,1,3,1,1.1113575781413623
4a4a0f78,1,1,2,1.1456375672014683
4a62661a,1,2,1,0.699856714945685
4a69e534,1,1,0,0.07768524534601151
4a6af685,1,2,0,0.5125464044211487
4a6ea9de,1,1,2,0.892218289847079
4a9f92ca,1,3,0,0.12418196008896776
4aa87859,1,2,0,0.32414856556179994
4ac5c412,1,3,0,0.17326432045054213
4acac04e,1,3,2,0.504188599836457
4b0f961e,1,3,0,0.9945092019846783
4b1f6855,1,3,0,0.25012928419410385
4b20bce7,1,2,0,0.39741226604175633
4b328259,1,1,0,0.44540265089639863
4b3c7594,1,2,1,0.27379127022917876
4b3db4f4,1,3,0,0.38536272707107827
4b51db3e,1,3,0,0.1360461056804183
4b71830a,1,3,1,0.9428297276094241
4bc2bee9,1,3,0,0.5635482251657786
4be6f3c1,1,3,0,0.5271752456267661
4c37fb30,1,1,2,1.0951007044475396
4c8dfaf0,1,2,2,0.5449080667053854
4ca242ea,1,2,1,1.126649604887999
4cabd7aa,1,3,0,0.8542652708991102
4cde1e34,1,1,1,0.8983155457648
4d19854c,1,2,1,0.5159379649990374
4d2d9ef3,1,2,0,0.08836790205405104
4d41bb62,1,3,0,0.0764489258471599
4d42caed,1,1,0,0.1391249215054416
4d5a8ce7,1,1,2,1.1298956590867304
4d61a44e,1,1,1,0.8855472067536219
4da4aba2,1,2,2,0.9038170048836063
4dc4ed56,1,1,0,0.5166503093841045
4dc86a42,1,3,0,0.26726147385015286
4decbcd8,1,3,0,0.21431535527728107
4dfb4e1d,1,2,2,0.8973124616903676
4e314e47,1,3,0,0.21615364383364544
4e58d463,1,2,0,0.5573492334437007
4e85505f,1,1,2,0.9032082671054178
4ea3963e,1,2,0,0.531657638351795
4eade67b,1,3,0,0.45348166228632025
4edb98d8,1,2,2,0.9263818860753825
4f059a8a,1,3,0,0.9940106393069778
4f20b188,1,3,0,0.430032587251724
4f3b33ba,1,2,1,0.6448255102967009
4f3cd5c2,1,2,2,0.9507648310070392
4f93504a,1,3,0,1.0433341027329277
4fd7e043,1,1,0,0.22103199601276152
4fe97569,1,3,0,0.8740368726400894
4ffa995b,1,3,0,1.2443959352589293
50242fa0,1,2,1,0.17224030829013337
508a0f98,1,2,2,0.8930298974174793
50a90725,1,1,1,0.8234244235621355
50b2b84b,1,1,0,0.9865670257959682
5132511c,1,2,1,1.272629457059142
515402ee,1,1,0,0.32789890204941047
515dd683,1,2,1,0.6933931849886672
5180ff75,1,3,0,1.2109390678413674
518e5ae6,1,2,0,0.14363108383033169
5198e7b3,1,2,2,0.41323777502239156
51a349db,1,2,0,0.6045260227044307
51c15d22,1,1,1,1.1469257336195884
51f38b37,1,1,1,1.0308175161838231
51f3feb4,1,2,0,0.36944854868348065
5216ef61,1,3,1,1.130056217046618
52219dbb,1,2,1,0.49925802191435853
5264bb0e,1,2,1,1.0025586851656665
527e796c,1,3,2,0.6438918385225436
528db82d,1,2,1,0.8126544587097916
52bd147c,1,1,0,0.291505187758505
52ce9b8b,1,3,0,0.2215372113965296
5320dac6,1,3,0,0.9913609813111244
53621b84,1,3,0,0.8812407305785712
537dc410,1,1,2,0.9770678950458989
53814642,1,1,1,0.48554690723415705
53905a2c,1,1,1,0.4734392376097667
53cf99f2,1,3,0,0.20834329643249727
53d20dc3,1,3,0,0.07823177306332973
53ea1e7c,1,1,0,0.4206585236917943
53faf893,1,2,0,0.019002043125349588
54391716,1,3,0,0.9738279869589928
546bfb18,1,2,0,0.22539943430735954
54854783,1,1,0,0.7888660479392781
54868027,1,2,0,0.19516118541520744
54945f30,1,2,0,0.717552037506094
54b35de5,1,3,0,1.3408061663564168
54c87d3c,1,3,2,0.3858874826325184
54e592da,1,2,0,0.7225279958639261
54ffe872,1,2,1,0.2824615868893161
55464fb7,1,3,1,0.4618224051056172
554e46e9,1,3,2,0.43912623122902994
5588f518,1,3,1,0.5163258455451317
561f2797,1,3,0,0.23458975379925
56210fdb,1,1,0,0.12545150385341647
563ebc00,1,3,1,0.2832749577414696
56418caf,1,2,2,0.7155631593410408
56443aba,1,3,1,0.49997528045796447
56761daf,1,1,2,0.9242931316928489
567fd23a,1,2,1,1.1104400124700775
568eb64b,1,3,2,1.1157576530153435
56c99b23,1,3,0,0.2166729604269655
56cb7161,1,2,0,0.1856222954435634
56ef356c,1,3,0,0.3230837290496442
571907fc,1,2,0,0.5023311164695633
574599a8,1,2,0,0.1348432798422871
574cb902,1,2,0,0.1610398615209156
5775ec58,1,1,1,0.8523591731768883
579e50bd,1,1,0,0.5348569844573936
57c4f2b4,1,1,0,0.7074568738446025
57d82f30,1,3,0,0.9689051591744529
57de6095,1,1,0,0.04230806145377941
57f6fa6c,1,1,0,0.025760081233567766
580a30c5,1,2,2,0.9979742160098337
58900fd0,1,3,0,0.20421790146045682
58a255e6,1,1,0,0.1988575490458772
58ada72e,1,1,1,0.6582123111471493
58de61f0,1,2,1,0.7469009010859381
58dfccdb,1,2,0,0.4557153865732849
58f11465,1,2,0,0.39222923531219667
592b3b7f,1,2,0,0.4458310306542733
59305d37,1,3,1,0.9458250630636887
59307c13,1,1,2,0.49554580196583853
593a7148,1,3,1,0.36522856307820184
593b5cfa,1,1,0,0.10118355274210056
5985f299,1,3,0,0.22131765212446758
599850d0,1,3,0,0.19567843525323492
59b7fc28,1,1,0,0.04182028692704298
59d7a3a9,1,3,0,0.2827721808458145
59ea397f,1,1,0,-0.03071926967727201
5a07e79f,1,1,1,0.323166592763248
5a2c7642,1,1,0,0.14453887962118667
5a3005de,1,3,2,0.9571379330417564
5a313293,1,2,1,0.8642095767433078
5a3d5e05,1,3,1,0.44343107341656673
5a4b3725,1,1,1,0.985418939111876
5a5f6d41,1,3,0,0.5774053219922708
5a5f9fb2,1,3,1,0.5057250011857842
5a8712ae,1,3,3,1.2710144189983854
5ad85a02,1,3,0,0.36523945225533266
5af79adb,1,2,0,0.7741717205685168
5b299ae1,1,3,1,0.20189536462520763
5b2c9b83,1,2,1,1.0796904104238314
5b4d2604,1,1,0,0.4658211835311878
5b66b6f2,1,3,0,0.12078971059748461
5b9ff85e,1,2,1,0.7782264175923329
5ba201ba,1,3,1,0.5323173552139828
5bcf002a,1,3,0,0.47925295868714524
5c045867,1,2,1,0.9582417358132445
5c186496,1,2,0,0.2838141610579643
5c22f241,1,1,0,0.16672182294902838
5c3b30d7,1,3,0,0.4056036997969016
5cd83147,1,1,0,0.8305323183703321
5d04624a,1,1,1,0.8390841902341067
5d1d7e41,1,1,0,0.10290189128425398
5d48a5b0,1,1,0,0.09822184217452029
5d762840,1,3,0,0.9132506337745167
5daa20e7,1,1,0,0.3252659151732964
5dc62fec,1,3,0,0.19975137312836933
5ddbac80,1,3,0,1.164121864645655
5e08237d,1,3,1,0.6364386536020518
5e221c50,1,3,0,0.7790086918537238
5e2a9e63,1,1,1,0.15115211708141701
5e2c1349,1,3,1,1.1775566509908033
5e359a08,1,3,2,1.1727566051793565
5e415f05,1,1,2,1.0425200181580536
5e6490e3,1,2,0,0.4460165064876237
5e6b528e,1,3,0,0.33113545526781596
5ed5f205,1,2,0,0.22559234628944175
5ee595e8,1,3,0,0.6873268473169905
5ef3d64e,1,3,2,0.9320565762682009
5f099188,1,3,0,0.092070617651483
5f1b07e1,1,2,0,0.8859790416655055
5f281a62,1,2,0,0.5811354393540712
5f574f3d,1,1,0,0.23405316437540935
5f7537cf,1,2,0,0.921331643471125
5f78f7b9,1,3,0,0.2549395110834388
5f9dddb4,1,1,2,0.6459068348334814
5fdfbe47,1,1,0,0.33782106681690216
603ab4ee,1,3,1,0.08041793485442783
605d6e05,1,1,0,0.557391813170682
60c1ff37,1,3,0,0.6375733756803506
60d1fdee,1,2,0,0.1671144572797707
60d2774d,1,2,0,0.22441454697704416
60f8462b,1,1,0,0.12503488301419952
612487a5,1,1,1,1.066463010059688
612b3ff9,1,1,0,0.5794550048121333
612dd900,1,3,1,0.23648445742176682
613fc399,1,2,0,0.47618727766807123
613fc53d,1,3,0,0.23031109254246007
614d5517,1,3,1,0.674447662666541
616fc21f,1,2,0,0.279309403317653
61823525,1,1,0,0.1126826464891088
6187d0dc,1,2,0,0.04429899031402762
6192e6b6,1,3,1,0.683464592749632
6197a2ce,1,1,0,0.8272823433810261
620536d0,1,2,1,0.471175465767288
621066ff,1,2,2,0.6205215460360091
6247cc15,1,3,1,1.3089627781238566
624869b6,1,2,2,0.9815300910185034
624b9e34,1,3,0,0.27287718264399263
626a608e,1,3,2,1.158483177275699
6277e13c,1,1,0,0.5715367970396227
6282e693,1,3,0,0.10409701145308736
62839132,1,1,0,0.3913989730115284
6291fddd,1,3,2,0.6527385677922807
62b873a2,1,3,1,0.3772940288508255
62cd5c74,1,2,2,0.7731404650900606
62d0cf97,1,2,2,0.9780690688282522
62f77d2f,1,3,1,0.5317245732672575
632eca98,1,1,0,0.5878927019328467
6344bba1,1,1,2,1.3181684024329001
63a00e40,1,2,0,0.39646232685177285
63d4ab9a,1,2,0,0.34974475167865837
63d810bb,1,2,0,0.8395789308901709
63dd16ec,1,3,0,0.1766861747644568
63fc9770,1,3,2,0.9806695741771831
641a2b87,1,3,0,0.2821636675647091
646a4c0e,1,2,2,0.6539472395879117
649ff6d9,1,2,2,0.9468670223868506
64b4005d,1,3,1,0.7041296555095975
64ed48c4,1,1,2,1.2525083540902564
64fc556b,1,3,0,0.07004822834359803
650bf252,1,1,0,0.07150749466989159
6514c337,1,3,0,0.38686714629662267
6515ef94,1,1,0,0.20928514991409897
654203ec,1,2,0,0.431868707307842
658e66ec,1,3,2,1.0109040317596123
659fec57,1,1,0,0.6719351422658985
65af9f2a,1,1,0,0.4274219170591306
65dc81f5,1,2,0,0.7431481850658159
65dfe4b9,1,1,0,1.3363890054900363
65f9369d,1,3,0,0.4728923117538225
66094cfd,1,1,0,0.6395306745252957
6622b302,1,1,0,0.3587491641359787
6666aed3,1,1,1,0.808181616695133
668a2fea,1,2,0,0.42225433165025983
66ed301e,1,2,0,0.3069842902436902
66f044c7,1,3,1,0.49430769546196424
66f619e3,1,1,2,1.2286685352627165
6708fcd9,1,2,0,0.11265255226888793
672a32f1,1,1,0,0.1704333459276814
673a7e2a,1,1,0,0.07037846489087118
673e7be9,1,1,1,0.6191298254372364
677038b5,1,2,0,0.2625726639106397
6795027a,1,3,0,0.33390960914728873
679ce4b2,1,2,2,0.8482051997802139
67b54cdb,1,1,0,0.1269218883461305
682327c3,1,3,0,0.2662555867496085
6826f0be,1,3,1,0.826059029721978
683464ff,1,2,0,0.5810671131982408
68572a28,1,1,0,0.01945802459435031
685cc0f1,1,2,2,0.9511790858649287
68688509,1,3,0,0.6211595234322215
687c85e7,1,3,0,0.6573007776280237
6885737e,1,3,1,0.6444031910985721
68a59e56,1,1,1,0.22437989983862178
68be3d5c,1,1,0,0.4609369295385344
68be5113,1,1,0,0.048957393852330666
68d49292,1,2,0,0.2345891718070492
68e514dc,1,1,0,0.5866495163352677
68e61f96,1,3,0,0.36264791739808183
68e7140b,1,3,0,1.526068755211168
68fa4631,1,2,0,0.49911295674050415
69074cf3,1,1,1,0.004005961464980334
69742f6f,1,1,2,1.0292833498513339
697c41d7,1,3,2,0.5369208211879875
697d894b,1,3,1,1.1731000529214486
698b9067,1,2,1,0.4684744115792494
69b65679,1,2,0,0.3180580037871688
69cdf9c3,1,3,1,0.6283029742511397
69fabb6b,1,3,2,1.088049071082643
6a16089d,1,1,0,0.41217401667569864
6a2c6073,1,3,1,0.9838857660097377
6a2fd807,1,2,1,1.0543394866066829
6a4df6ff,1,3,0,0.09535036238580524
6a6da46c,1,2,1,0.5889204005650985
6a837387,1,3,0,0.12279231646903543
6a83a423,1,3,1,0.5799752382121873
6a98537b,1,2,0,0.4019366587595834
6a9f0db7,1,2,0,0.07361544251149776
6abd21d4,1,2,1,0.7010178901466723
6ac5eaaf,1,2,1,0.22282541902402703
6ad91972,1,3,0,0.579203675308109
6ae1473e,1,2,1,0.4989246058507907
6b4b8c14,1,2,1,0.8465708920747328
6b773506,1,1,1,0.922128368522517
6be56337,1,1,0,0.8232569596732184
6c0fe935,1,3,0,0.677705514102326
6c319d99,1,1,0,0.4863909016009477
6c4902c8,1,1,0,0.6390403391831421
6c6cd633,1,2,2,0.4857323642093728
6c737069,1,3,1,0.21600071909857554
6d341798,1,3,0,0.22875695290420184
6d5944a9,1,3,0,0.3108882149159355
6d707ac3,1,3,2,0.9126323051381413
6d7ba819,1,2,1,0.19984342226434165
6d855495,1,2,0,0.6592318240897047
6db14d48,1,2,1,0.6596789127732243
6db453ce,1,2,2,1.0353148869998658
6dfe4a75,1,1,1,1.1669906826348737
6e0d4774,1,1,1,0.9026066747762997
6e0ec0fe,1,1,1,0.8049228846951219
6e128c6b,1,3,0,0.7284386492932624
6e1d28b6,1,3,0,0.6326955250438244
6e5606d5,1,2,1,0.3539663695768378
6e68bcfd,1,3,1,0.6780299100069689
6e695d70,1,2,2,0.54303298514277
6e6d895f,1,3,0,0.33720508091442936
6e85a624,1,1,2,0.4776588229000468
6e9beaee,1,2,1,1.1947312188476533
6ea48a4e,1,1,0,0.6255025733409731
6ebfdc95,1,1,0,0.9050701199345479
6ecb430a,1,1,1,0.37058312787176684
6ed385f6,1,3,1,1.1338409353826384
6f49c8d0,1,3,0,0.29650159390112774
6f5677b7,1,3,0,0.9809170853804008
6f5a31ea,1,3,1,0.2655489290750748
6f878799,1,2,0,0.6095638277591616
6fb28c2a,1,2,0,0.09600347553100747
6fc95dfc,1,2,0,0.34562546077740713
6fcdcb2a,1,2,0,0.825149849145801
7015528d,1,2,0,0.44481908241916135
707c82c4,1,2,1,0.31710606517391593
7092a6ce,1,2,2,1.056352881138646
70de1c63,1,3,2,0.9645888094873252
710345b6,1,3,0,0.12868259483028688
7106a387,1,1,0,0.3932347025538745
7187caec,1,3,2,0.8663240752833439
718975fe,1,1,0,0.4301652332917135
7192b2e8,1,3,0,0.28205282999612724
71cf0f87,1,2,0,0.14357893433490532
71ee31f8,1,3,0,0.25421734304495575
71f21593,1,1,2,1.1954657661051966
71ffd0ba,1,2,0,0.43515533217253344
7214ad21,1,1,1,0.9132592369200705
721ea536,1,3,0,0.6741540852853656
72264d13,1,3,1,0.5740038501581642
723ee34c,1,2,0,0.41313433224263596
7250264b,1,2,0,0.1735813950860321
72565f5c,1,2,0,0.49976403150933274
7290824a,1,1,2,1.2740457407745858
72a0c969,1,1,0,0.3298315973782283
72aa1a30,1,3,2,1.2442965499062648
72bbfadf,1,2,1,0.7078065649618341
72c9c38d,1,3,1,0.5057921836653175
72cb1703,1,3,0,0.05990298807797867
72cc9a64,1,2,0,0.5346199364525815
72fa40ba,1,1,2,0.7684458790081065
7305af8b,1,1,0,0.3964580978424741
7308d22c,1,1,1,0.5909264201015283
732b2327,1,2,0,0.4431439733062661
7347b54e,1,2,0,0.10677311683375823
738e7248,1,2,1,0.9632784379544798
73aa6aab,1,3,1,1.1098165664499084
73d0e0a0,1,3,0,0.6232274706749258
73ec551e,1,2,0,0.1382272287905481
73ffa609,1,3,0,1.175345523481234
745e6065,1,1,1,0.5037489646391784
7494989e,1,1,0,0.09155445686467978
7514c6f4,1,3,2,1.2580508305877394
75311a3f,1,1,0,0.8291732388669175
7533a4a9,1,3,0,0.5792363678294558
75927c18,1,3,1,1.1534941322493817
759328e6,1,1,2,1.3743552313856273
75ad73ee,1,2,0,0.39103316321626747
75b0446f,1,1,0,0.7436724198869556
75b53bd4,1,3,1,0.3731582931411791
75c13e08,1,3,1,0.4468658652071015
75f26948,1,1,3,0.6937803505607629
764d8b42,1,2,0,0.12301355393482333
76781cd8,1,2,1,0.39520791500275615
7698543b,1,2,0,0.7882147537887433
76c9bf0e,1,1,1,0.6694623506366579
76dfa86c,1,1,0,0.11193405654025934
76f8f621,1,2,1,0.3997468398124109
76fb4afb,1,1,1,0.039574812775662105
76ff59f2,1,1,0,0.4146732428323439
7752d450,1,1,2,0.9436828799156503
776d33af,1,2,1,1.2813678734141778
777a3e9d,1,2,2,0.9036744237669483
77a5b2ad,1,3,0,0.29418460032420574
77e460ce,1,2,0,0.3458551161605329
7800a084,1,2,2,0.9925287174332773
781710fe,1,3,0,0.1257324892306262
7858fd16,1,3,0,0.37423715464291507
785d0663,1,1,0,0.8280006493082416
78667893,1,3,2,0.11886475892222492
787654dd,1,1,0,0.20350725208037673
78b488ff,1,3,0,0.21407382142513426
7914b38b,1,3,2,1.3712552943717427
792d2fa5,1,3,3,0.5904962060092311
793c2e31,1,3,0,0.21936419775139876
79483148,1,2,1,0.6708945863753325
7958e61b,1,2,1,0.6207619003834081
79629cf4,1,1,1,0.4132417313231297
7975694f,1,3,0,0.36676155543553457
79bd36b6,1,3,1,0.9859962496153345
79e496f2,1,1,2,0.9047880834318334
7a0136e0,1,3,0,1.157549792094433
7a5fccc9,1,3,1,0.40817439964828023
7a6d26a2,1,2,0,0.6241775406678215
7a86fcd2,1,1,2,0.8985389597316757
7aa3a145,1,1,0,0.06482122443345872
7ad92034,1,1,1,0.7675840923753218
7b516283,1,3,0,0.33758583942861364
7b543871,1,1,1,0.45136095060663955
7b9690de,1,3,0,0.40321586071907467
7bbde46f,1,1,2,0.19685946510375857
7bdbf66f,1,1,2,0.3496258209838634
7c02f4ec,1,3,2,1.5640232014509856
7c194077,1,3,1,1.4056835358487656
7c1d7ddd,1,2,1,0.36283000489368183
7c29e92d,1,2,1,0.6287222764321163
7c39c8e5,1,2,0,0.2813437250933695
7c6ca1d4,1,3,1,0.9806717675305495
7c6cbfdd,1,1,0,0.03224880543811459
7c71edac,1,3,0,0.6654536598293878
7c8f0c95,1,2,2,1.0591366029820422
7ca548f9,1,2,0,0.15603070764081928
7cb1e4c7,1,1,0,0.45603087503765805
7ce36c38,1,2,0,0.5761387754641737
7cf3bca6,1,2,0,0.6350304741378602
7d0a92d5,1,1,0,0.7250812889311612
7d22cd0a,1,2,1,0.25454281149322633
7d40a714,1,1,2,0.9436704474488227
7d666f0f,1,2,2,0.5359023756117381
7d751a6a,1,3,0,1.1820163149061824
7d878d0d,1,1,1,0.6918848483776026
7d8f1716,1,1,1,0.7362484213497433
7d927bdf,1,2,0,0.5331180522948
7dae6de9,1,3,1,0.3898039051076278
7dc65b92,1,3,0,0.6850699532704841
7dd54e69,1,1,2,0.6591239128606956
7deeb4fe,1,1,0,1.1210810820630468
7df487b1,1,3,0,0.4995029434352494
7e33976b,1,1,0,0.09677459320405768
7e41db05,1,3,1,1.0234843256645556
7e46b693,1,3,1,1.0098547755107676
7e71aa83,1,3,0,0.4237462281438775
7e87087b,1,2,0,1.023913352468268
7ebca7c4,1,2,0,0.7360656346444728
7ec65d94,1,2,0,0.11669042893778403
7ecea16d,1,2,0,0.06750265168098302
7f1063e4,1,3,1,1.2232064940813236
7f44236f,1,3,3,0.9944251042095882
7f5aeb05,1,2,0,0.4077348822223957
7fa51811,1,2,2,1.0974381730171339
7fa7ccc4,1,2,0,0.33380414408163317
7fcf0046,1,1,1,0.835106636594682
8017f13e,1,2,0,0.8829040204856389
80784c40,1,1,0,0.5596691121218988
8078b7de,1,3,1,0.5585059835107179
807d8908,1,1,1,0.7178823213735195
80a5f1e1,1,3,0,0.7752861061090823
80a9f2bb,1,1,0,0.26525822848249647
80b46ffb,1,2,1,1.0680652024584814
80d8829a,1,2,0,0.1683204261747948
81095901,1,3,0,0.3510276507096518
81394e0e,1,2,1,0.5018318304155489
813e7f93,1,2,0,0.18818640639956236
8148c785,1,3,3,1.3849073663807845
816b0564,1,2,0,0.8421820596249355
8189aa29,1,1,2,0.7894467219161996
819ad5f1,1,3,0,0.3786248227198759
81a4b826,1,3,0,0.38058041264586195
81c0b83c,1,1,1,0.36697601413828795
81d3ab22,1,2,0,1.0320612668150333
81d607bb,1,3,0,0.19019624263926388
81eaf4c1,1,3,0,0.07210622200096406
81f60502,1,3,1,0.5897384751086638
81feecad,1,3,0,0.6748532116247508
8226bbd4,1,3,1,0.3799551896511002
82422684,1,3,0,0.6891101979426262
8256a969,1,3,0,0.33333969113853423
828b31ca,1,2,0,0.17667853188667837
82923551,1,1,0,0.07776547410662882
82a114c1,1,3,2,0.7899961823524556
82ec9747,1,3,0,0.17999524901662295
8310a02f,1,1,0,0.38040066000272
8328c8b3,1,2,0,1.064390792003354
83379672,1,1,1,0.2681521341096917
836b4de3,1,3,0,0.7768824938474392
83711ef5,1,1,1,0.7377543416205966
8376acc5,1,2,0,0.23059416726343474
83846d0c,1,2,0,0.31467583049253517
839b507a,1,2,0,0.1372589085647415
83c33097,1,3,0,0.33632912384164415
83eda373,1,3,0,0.37304530223522503
83fb5ee0,1,2,0,0.17358269826274325
844b87f8,1,1,0,0.18673718800231992
84875079,1,1,0,0.38169054455283774
84b7d89d,1,1,1,0.9702002001589964
851b425b,1,2,0,0.395094155194165
852adec2,1,1,0,0.3880051499886792
85452335,1,1,1,0.7017619607874215
854eb237,1,3,0,0.3460100421772998
85525f8d,1,3,0,0.33277262174006644
8570ea5f,1,2,0,0.5350093972463986
8572d442,1,3,0,0.8389018442747901
857baaa6,1,1,0,0.5872084442796794
8581b9a1,1,1,1,0.7800483385010666
858ae6a3,1,3,2,0.7602779622418796
858be19a,1,1,1,0.7767635893853824
85a1082c,1,2,0,0.393414225794007
85b027ee,1,2,0,0.3897129688737766
85ba333f,1,1,2,0.42068389372519754
85d99199,1,3,0,1.2177963670686027
85d9c915,1,1,0,0.3810207755245396
860f4f9c,1,1,2,0.6460317090101028
861188f4,1,2,2,0.7136399464979576
861fd4a0,1,1,0,0.2534608370123561
86335468,1,1,1,0.7936102029203018
863e40c7,1,1,0,0.6493449574485404
863f7033,1,3,0,0.9995251879242089
866a08b7,1,2,1,0.1874123505558442
86a8e0d6,1,2,1,1.1480087908295349
86bd716a,1,1,2,0.9352450307580574
86e56299,1,2,1,0.7731776069352625
87050a09,1,2,0,0.5503085440007428
871b2b19,1,3,0,0.3122896192337836
874a348f,1,1,2,0.8999720122902689
87509a7b,1,3,0,0.3069015958653408
876a929e,1,2,2,1.041092155849868
87a60251,1,1,0,0.10983984713081829
87af775e,1,1,2,0.4731589702084393
87b78ee3,1,2,2,0.7459875043998726
8823b020,1,2,1,0.48973295690593377
88300a4b,1,1,0,0.9042088412282863
884c429c,1,2,0,0.044891716125642134
8875387b,1,3,0,1.0689284878285403
8877cdee,1,2,0,0.25734967480538046
88c640b9,1,1,1,0.8931018347970524
88e04d93,1,1,1,0.8326604736134791
891193eb,1,3,0,0.6209710725966373
891b8cd5,1,1,0,1.2023133888360475
895f9725,1,2,0,0.761845459853168
89739b1a,1,3,0,0.30519837613442785
897da2c8,1,3,0,0.328466543878454
898096eb,1,3,0,0.16733292616764506
89a26502,1,2,0,0.4099332107366013
89bd10b7,1,1,2,1.0321985895078383
89d475e2,1,1,2,1.1870081995170174
89d7d2c3,1,3,0,0.15673286594676594
8a444a98,1,3,0,0.2526277391915687
8a44ea3a,1,1,0,0.23178968709073206
8a4d341b,1,3,0,0.4430692454443732
8a4e5d1a,1,1,0,0.9744314986500215
8a645723,1,1,1,1.1231241961096086
8a77c3e9,1,1,1,1.0417922849708383
8a77d185,1,2,2,0.6067076741168647
8a78a063,1,2,0,0.18678981910252157
8a9cce44,1,2,2,0.39707976569849046
8abbbc38,1,1,0,0.5565691140081294
8ad5e251,1,1,0,0.24520553208935164
8ae6a52f,1,1,0,1.2627731017132442
8b3c900f,1,1,0,0.6159060153510416
8b4b9648,1,3,1,0.6593603519128883
8b6a40f5,1,3,0,0.6165409966070388
8b802ca8,1,1,0,0.22011917834158756
8ba98f12,1,2,0,0.13433673637949928
8bc5199c,1,3,1,0.3423341212892096
8bf72a9c,1,2,1,1.2018969300780953
8c0ca955,1,3,0,0.702383908826007
8c122779,1,2,0,0.9662882919999907
8c1f9196,1,3,1,0.6602340141349494
8c5a5a21,1,2,0,0.5880375597415904
8c6c52a2,1,1,0,0.3078337319613259
8c97411a,1,3,0,0.37358900729157496
8ca025c3,1,2,0,0.2331593736287042
8cab7bc4,1,3,0,0.5530930824878002
8cb19d64,1,2,1,0.2592208576793575
8d055cca,1,1,0,0.8201282405633251
8d11c14a,1,1,1,0.3457800376340625
8d8b8553,1,1,2,0.6111156952882737
8ddb6b8d,1,2,0,0.41546851635012283
8e59a69a,1,3,1,0.5626191452996803
8e749c85,1,2,1,0.9465473398377501
8e770d51,1,3,0,0.29022670344136625
8e80deb7,1,3,0,0.7488696155812989
8ec2cc63,1,1,0,1.1215667354185854
8ef72e3e,1,1,0,-0.026161450021714217
8f112082,1,1,1,0.9011316481398632
8f13c52a,1,1,1,0.8394957937960026
8f1e1df6,1,1,0,0.7735601737941219
8f21c613,1,3,1,0.7755725112113692
8f2d131f,1,3,1,0.5745921030175691
8f68479b,1,2,3,1.2457408969696484
8f753551,1,2,0,0.5766492980220012
8f9c03c6,1,2,0,0.058291770836418566
90161e10,1,2,1,1.189776514542437
9027c805,1,2,0,0.3351211249331417
9052579b,1,1,0,0.36352210831278337
9061cc9c,1,2,0,0.07336459596438483
90778278,1,3,0,0.2423240508710518
908b1207,1,1,2,0.9263133066512206
90a37530,1,2,0,0.08105999618542176
90fee6b1,1,2,0,0.48615201501178223
91098060,1,1,0,0.7268394294377387
912a91b0,1,3,0,0.5229306379155955
9130a22e,1,3,0,0.40153866349474593
91386987,1,3,1,0.8494162459620465
913bea9f,1,1,1,1.0943978740515088
91656d27,1,3,1,1.166342084090816
916f7069,1,2,0,0.5709445725984312
9173f25b,1,1,2,0.8850368500086565
9181b136,1,3,0,0.17472444192948172
91930eec,1,1,0,0.2480685077183094
91942b42,1,2,2,0.5560516688173002
91a5d06e,1,2,0,0.08969401674505018
91e23cc5,1,1,2,1.1342361838355524
91e86c47,1,3,0,0.4955486181121482
91fdc1e0,1,2,0,0.5451515766465328
92031591,1,1,0,0.8807274184021214
921146d1,1,3,0,0.360143901063367
92293b06,1,3,0,0.9002388688515149
92622443,1,2,1,0.6193321557688275
926b3a76,1,3,3,1.353690774244317
926bd07e,1,2,0,0.3924139236134583
9271574b,1,2,0,0.46542311418084437
92bcf0e7,1,2,0,0.13010964449446705
930c567c,1,3,1,0.5861875705026085
93188a17,1,3,0,0.4363625470003828
932b5928,1,1,1,1.1124189418777428
93363059,1,2,1,0.880755107952625
93507a1b,1,2,3,1.6111519131007366
93559639,1,1,0,0.10268849052944584
93904b23,1,2,1,1.0043448047354748
93c06d4c,1,2,0,0.47971103841093976
93c93585,1,2,0,0.5078331609691603
93cdae1c,1,1,0,0.5965586877744236
93fd93c4,1,2,1,0.6519521512304205
93fda84a,1,1,0,0.07532927804193035
9405bad1,1,3,0,0.2187193442642304
9416d70e,1,3,1,1.3058720020095993
945d802a,1,3,1,0.6298532410941389
948a7025,1,3,0,0.2882506377815648
948e1435,1,2,1,0.9541025195663462
94902bc9,1,3,1,1.4505191848648253
9498cc26,1,3,1,0.7395034797834743
94a1053b,1,1,1,0.8717179539555411
9508b72f,1,2,0,0.6647868264174561
9521093f,1,2,0,0.9958454649292388
9540fa8e,1,2,0,0.37031749407516
954a4c2e,1,1,1,0.6782931811068726
9568e659,1,1,2,1.100527716121876
9570bfb7,1,2,0,0.072757571270196
957dcb7f,1,2,1,0.1358801380525626
95cc96cc,1,2,0,0.12181719562599352
95d57ff9,1,2,0,0.8774074244913344
96262441,1,2,0,0.16154716124255508
9646a500,1,2,0,0.24346690480443217
96595f1d,1,3,0,0.2381196658390668
9682cd0d,1,3,0,0.2698696367614073
96d6034f,1,1,0,0.18619462156351008
96de5f57,1,3,2,0.9975564536059005
96f13763,1,1,0,0.09867239481152751
978218e6,1,1,0,0.4265526659585316
979a5c76,1,1,1,0.9585025047760696
97d0593e,1,1,0,0.39661094533661306
981568fa,1,1,0,0.6092007061118007
983bcb5b,1,1,0,1.0832483893116216
9853fb61,1,3,0,0.765897644040404
98a4be3f,1,2,0,1.0063061156107813
98a81a90,1,1,1,0.8918999601881363
98ed2153,1,1,2,1.0328403819824812
99205f42,1,1,1,0.83389213944371
99328d2e,1,2,0,0.7150638435345879
994ee014,1,2,0,0.39875836568677114
99752704,1,2,1,0.6726989354321883
9977fb0f,1,2,0,0.37094871967030607
998115f3,1,2,1,0.5334771848606491
998cfa64,1,2,0,0.18516407935303775
99a1711f,1,3,1,1.2441374575473194
99a8a9e7,1,2,0,0.23427784453170092
99b15811,1,3,0,0.3411794419703553
99ec8c4a,1,1,0,0.5760744627866838
99fe5b44,1,1,0,0.6549298325085962
9a2082cf,1,3,0,0.3528490839576666
9a50d2d8,1,2,0,0.9457928687898434
9a7e4c38,1,2,0,0.48266316337191917
9aa1a2ae,1,2,1,0.41565074770534016
9aa36639,1,2,0,0.059839571489229804
9ab4909f,1,2,1,1.0595142764205208
9af5548f,1,1,0,0.7498646365030948
9b328d6c,1,3,2,0.9843142858378146
9b5f13ec,1,2,2,0.8489442524066659
9b96b0e4,1,3,0,0.4454278686771776
9bc60f80,1,2,1,0.41864010782569777
9bd745aa,1,2,0,0.9176254064623945
9bdd6964,1,1,1,0.20365263119838423
9bf7051d,1,2,2,0.9816331941374112
9c12f80d,1,1,0,0.18763117019760434
9c23dba9,1,1,1,0.6660019043631552
9c2df71f,1,2,0,0.07223227425298939
9c589c9d,1,2,0,0.09552474039295877
9cb303cb,1,2,0,1.2014202736683388
9cba0d0e,1,1,1,0.6579258977949243
9ccbc70b,1,3,0,0.35100421026407125
9ce139d3,1,2,0,0.1144370780139835
9cee3c19,1,3,1,0.5911200223936164
9cf04c41,1,2,1,0.5880136792727859
9d1b2d2c,1,1,0,0.0639238187741965
9d29b706,1,3,2,0.6017410054461514
9d39f0da,1,3,2,0.4847813981627118
9d5826bb,1,3,1,0.5582709596248238
9d65adbf,1,2,1,1.0062939209184172
9d6b1410,1,2,0,0.20724321584554029
9dbdbebf,1,3,0,0.15480167012525053
9dc74359,1,3,0,1.3551863545549638
9ddb06db,1,1,2,1.0821926402963897
9ddfb9e6,1,3,1,0.9774753266003966
9de6a614,1,2,0,0.9149203219462817
9e027e04,1,2,0,0.22856089829649817
9e052412,1,1,0,0.2497941770734517
9e171735,1,2,0,0.6765816082598733
9e29b5d2,1,1,0,0.5777248138934105
9e7860ef,1,3,0,0.16545210732853788
9e964060,1,2,2,0.21191541556600846
9eb283e4,1,2,3,0.8806844336422592
9ebb73c7,1,2,0,0.45593023861684245
9f3ca269,1,1,1,1.1039042820623504
9f5f15ef,1,1,1,1.0292870828612686
9f70688f,1,3,0,0.09472010018067833
9f9be55c,1,3,2,0.7156028149322415
9fa5cdfd,1,3,0,0.2554147218381403
9fa68512,1,3,0,0.10987712936156191
9fbf31f9,1,2,0,0.20843978466939606
9fbfa81b,1,3,0,0.22640697440251883
9fec142f,1,3,1,1.0110947710249203
9ff73d95,1,2,0,0.3718253613132378
a00c85e7,1,1,1,1.167798458078802
a0182b17,1,3,0,0.7659368808421708
a0277c1c,1,3,0,0.35446338187933757
a032d7bb,1,2,0,0.4550824397895034
a0497d5d,1,1,1,0.7348691948424209
a0510686,1,2,1,0.1540393639743068
a0522c83,1,2,2,0.5563915405238323
a07ec6fb,1,3,1,0.6682302645769957
a0811cc1,1,1,0,0.4079749172848217
a08ebf6e,1,2,3,0.9122003667994372
a0dffdeb,1,1,1,0.26925965275922004
a148b46f,1,1,0,0.30682720613327064
a17f6cfd,1,2,0,0.9462916313280832
a1814875,1,1,2,0.8690893297900361
a1942b0b,1,2,0,0.27813272982154
a1ab89aa,1,3,0,0.07740778664818992
a1df952c,1,3,1,1.3120782240007671
a213c519,1,1,0,0.9278220929319858
a2240f50,1,2,2,0.7682337118508591
a26c3e8f,1,1,1,0.26978049564005396
a28c7891,1,1,0,0.7965738111126672
a297d1b9,1,2,0,0.12453652202040016
a2a8f352,1,2,0,0.09876752665060196
a302a015,1,2,1,0.37172555857835654
a317c78a,1,2,0,0.6588084327114803
a3413f0a,1,1,0,0.2438579336923946
a363ec1b,1,2,1,0.9236303279312194
a3858c6a,1,3,0,0.745462534497696
a3abe528,1,2,2,0.5231731490570353
a3b146ca,1,2,0,0.2615992810712415
a3bd8858,1,2,1,1.193170446187409
a3e53e34,1,2,1,0.8286481017213569
a3ec2999,1,3,1,0.5798477230833492
a402c6c8,1,2,0,0.41739036089177883
a4481101,1,3,0,0.6355813635344062
a457a4ab,1,1,0,0.17983372171556455
a4c15213,1,1,0,0.35152569042315696
a4e0447e,1,2,0,0.527191836771973
a4f13c0d,1,3,0,1.0111817146981474
a5078c62,1,1,0,0.6717491881525668
a5099438,1,1,0,1.302295069169682
a5356446,1,2,1,0.7905981890607392
a54d22e7,1,1,0,0.23846985165186962
a55b715d,1,3,1,0.7945604890381976
a5710c0a,1,2,0,0.4284609685979671
a59b2411,1,2,0,1.0279618521433784
a5a737f3,1,1,0,0.3725831272622634
a5c87de6,1,1,0,0.3468240257122318
a5dbb00a,1,1,1,0.6735184886993199
a614af1b,1,1,0,0.5649641215960678
a62edc1c,1,1,1,0.10689615151652843
a65b2226,1,2,0,0.385194580897934
a6969e1a,1,3,1,0.48389584435743443
a69f89e2,1,1,0,0.3451441236985674
a6fbb2e7,1,3,0,0.435017081041675
a70bb2c5,1,2,0,0.648281794216119
a7639eb5,1,2,2,1.223201401145852
a774c63b,1,1,0,0.5878665478926696
a78766db,1,1,0,0.9306429958336024
a808ad0a,1,3,0,0.9516227083161855
a814e825,1,2,0,0.6324764946968685
a84ae7e0,1,1,1,0.7521536151371577
a8722cde,1,2,1,0.8442365100111857
a886c07b,1,1,2,0.694079482563113
a88cd304,1,3,1,1.145912891060139
a8926a86,1,2,2,1.133313350838107
a89284b2,1,2,0,0.15391302914944566
a8b0428d,1,2,1,1.2150091801326572
a8c1aab5,1,3,0,0.35179673274180695
a8d90be8,1,2,0,0.7796075286712106
a8d9de72,1,3,2,0.5052879053381751
a8dc2e05,1,3,0,1.0863106372595657
a922ef3f,1,3,2,0.3336961492064746
a952659d,1,1,2,0.76067617436883
a9595acd,1,1,0,0.4250886624319373
a95b4487,1,1,0,0.5715099046178581
a9717f92,1,1,0,0.39189768529336694
a9aa2336,1,3,0,0.8345519305521336
a9b84b96,1,2,0,0.05320767287949646
a9c53cdb,1,3,1,0.3138746441191535
a9c5f872,1,3,0,0.5626403422730727
a9e5794a,1,3,0,0.5102720620591897
aa1700c7,1,3,0,0.2674613291058151
aa295760,1,2,0,0.28815816505462194
aa61d9da,1,2,0,1.0074641682063752
aa776ef6,1,1,0,-0.0024998532250287697
aacb0b33,1,1,0,0.9587298973645608
aae9800e,1,2,0,1.0348672740279186
aaefeff0,1,3,3,0.7170896262281188
ab2ad965,1,1,0,0.08495626105790638
ab36aa48,1,1,2,0.40951799082459994
ab4b6c15,1,2,1,0.872190027039373
ab4fe82b,1,3,2,0.7129108066964537
ab54c39e,1,2,1,0.6671980324341404
ab5889ef,1,2,0,0.11150531147696224
ab6e1b81,1,1,0,0.180640473160053
ab8245da,1,1,2,0.4201975957580828
abaf745c,1,2,0,0.22383958995560188
abb3b071,1,1,0,0.512376685209515
ac1ad4a7,1,3,0,0.16018835269987414
ac31e154,1,3,0,0.4447572864946777
ac3ba541,1,2,0,0.16538681701977664
ac5fad3b,1,1,0,0.16129596792425732
ac66c144,1,1,0,0.002628083172155793
ac675a81,1,1,1,0.3537272421412933
ac67c949,1,2,0,0.12033479403923203
ac967bb9,1,1,2,1.0274883479489714
acb75c15,1,2,0,0.6543282264623872
acde8e47,1,1,1,0.7121981936427976
aceefa4f,1,2,1,0.8191658255578287
ad0bbf35,1,2,0,0.10833873515071779
ad1dfc9a,1,2,0,0.9598740749651102
ad319a21,1,3,1,0.8114817225985307
ad380962,1,3,0,0.1769767774534754
ad536dea,1,2,1,0.6959926188493447
ad8189bd,1,2,3,1.1110153118476873
ad8945e3,1,1,1,0.5854234643079427
ad9f821d,1,2,0,0.7308453890517675
adaf7461,1,1,1,0.6103684896399766
adba23f0,1,1,1,0.43233826205699294
adbd6839,1,1,0,0.39243366641088084
adc2d620,1,2,0,0.30700336783457544
adc71322,1,2,0,0.5760053202129095
adf444ff,1,3,1,0.5416845980545317
adfef47a,1,3,0,0.1271808205941521
ae4fdae6,1,3,2,1.1336749754776947
ae6e4380,1,3,0,0.33086157129158955
ae712150,1,2,0,0.694121367603058
aea63a78,1,1,0,0.3559276193322485
aecc7e74,1,3,2,1.2407312906166985
aed29ee7,1,1,2,0.7537312680642121
af1c2775,1,3,2,1.2683646397579702
afa6cc9b,1,1,1,0.7127759998242823
afa92c37,1,2,1,0.8379336169055711
afae8244,1,3,1,0.3263155285376655
aff48273,1,3,1,0.6933622385056956
b01cb004,1,3,0,0.3372885499390266
b074f33b,1,2,0,0.47892358389810097
b08423c5,1,3,1,0.8499866941433732
b08f0ca4,1,1,1,0.09631997599812941
b092b360,1,1,0,0.6179996927842693
b0b57cb7,1,1,1,0.4585936657361684
b0e96997,1,1,1,0.42585379281207103
b120a337,1,3,0,0.41461894572120017
b1883100,1,2,0,0.09995792185928687
b1bc2fe4,1,3,0,0.12810201810735355
b1f064ac,1,1,0,0.7016985080286937
b21f7b12,1,1,1,1.1678051102712756
b2290813,1,2,0,0.861790068876807
b2382d94,1,1,0,0.13925543406464275
b2594910,1,3,0,0.4892378580509509
b25abc27,1,1,2,1.256867408096803
b285eac6,1,2,2,0.22897271186621587
b2a73566,1,1,0,0.7472157515812552
b2b56219,1,1,1,0.6668279439235969
b2b792a7,1,2,0,1.229270325863887
b308c03e,1,1,1,0.7211683839716454
b347b9cc,1,2,0,0.2365142926158153
b37281d5,1,3,2,0.4641588124436392
b39504a7,1,3,2,0.8904471234808293
b3b200af,1,3,0,0.36945757293190074
b3d74a58,1,3,0,0.09539804333670643
b3e10f59,1,2,0,0.10067273146501043
b3e14267,1,1,0,0.8489551053598354
b3f5c066,1,1,0,0.4798344767899092
b4002374,1,3,1,0.9311858859728597
b41cee02,1,3,0,0.4786153288349376
b447e66d,1,2,1,0.22810768708956958
b449ac61,1,3,2,0.7889783683748424
b452f767,1,2,0,0.3455383978228047
b463e777,1,1,1,0.20719502163050257
b4885e6f,1,1,3,0.8526305810043808
b494401a,1,2,0,0.695396511909101
b4bd49a0,1,3,1,0.12557772495184544
b4e69f09,1,1,0,0.11681122593415738
b516ca6f,1,3,0,0.4380058875250653
b53a8f23,1,1,2,0.5216204242818583
b55f7943,1,3,1,0.6641072124213847
b57e33a6,1,1,1,0.07757532045249083
b5a0707a,1,2,2,1.133636819635171
b5b2d51c,1,1,0,0.31519263436996026
b5c2bc50,1,3,0,0.26327086234638014
b62a320b,1,2,1,0.30961599105759896
b69bf1f7,1,3,0,0.614705333299951
b6af12af,1,2,0,0.4114402347342838
b6caa7fb,1,1,0,0.3182934069334652
b6e9a65f,1,1,0,0.16213095091033303
b712b69b,1,3,2,0.9407771625270008
b746cbe3,1,2,0,0.19357274144449038
b7a61f8d,1,3,0,0.16370773995551824
b7ac57d5,1,2,1,1.229052635831701
b7c3834f,1,3,3,1.1494346538992823
b7eb466c,1,2,0,0.6372766551435287
b802aec3,1,1,1,0.8942462105267059
b816d8d5,1,1,0,0.4781852087484344
b823508b,1,2,1,0.34850472956908285
b84754a9,1,3,0,0.5034630318672871
b89537ae,1,1,0,0.42166495569456797
b89b8154,1,1,0,0.4464921534926083
b8b48fbf,1,2,0,0.4526991858287426
b9318815,1,2,1,1.1399268273856358
b95aad8d,1,3,2,0.7430980719376764
b95da85d,1,3,2,0.5679893076168778
b96e3324,1,3,0,0.06989380736506279
b9c085ab,1,1,0,0.6432409727300058
b9cf3f7c,1,2,1,0.9225049696032646
b9d3616c,1,2,2,0.8468395942597382
b9dcf632,1,2,0,0.20974665346511917
b9e90f7f,1,2,2,0.9510309813698544
ba09d63f,1,3,0,0.5497710426839382
ba158a9c,1,2,0,0.5724076511185311
ba4294b3,1,2,0,0.5369107977146851
ba73bc7c,1,1,1,0.9661685197572674
bafc4389,1,1,1,0.2706357081875519
bb0d7d92,1,2,2,0.9772945179433263
bb4821ee,1,3,1,0.5676659259157464
bb808a71,1,3,0,0.8501344579837973
bba6ff20,1,2,0,0.5525525090056628
bbbd61c9,1,1,0,0.0651953700181993
bbe5bedd,1,3,0,0.3486203083425604
bc06600f,1,3,1,0.7696661102035347
bc437705,1,1,0,0.15462469400349244
bc4eaf77,1,1,3,0.9346574405304628
bc66f41d,1,3,0,0.48396561784614145
bc6bd8b2,1,3,0,0.33817904848728575
bc790ce0,1,3,0,0.54393449987881
bc95339a,1,3,0,0.3082077389281289
bccebc5a,1,2,0,0.5316647101826438
bce32ada,1,3,1,0.3923259645813659
bd124dbc,1,2,1,0.5950225988579199
bd480331,1,3,0,0.5516076908767522
bd4ccd4c,1,3,1,0.6706815322278868
bd8397cb,1,2,0,0.7615638860519092
bdbdc4b5,1,2,0,0.3727629363021685
bdbff28b,1,2,0,0.9485402751005114
bdcc7d10,1,2,0,0.20029323558182666
bdcddd09,1,2,1,0.6489258372701981
be1c3b0e,1,2,0,0.940145606784142
be26335a,1,1,1,1.0267629151334796
be9ba5f7,1,2,0,1.0168014013670277
be9e9a8e,1,1,0,0.46559530496672175
bea525dc,1,3,0,0.6251181282372754
beafa6f9,1,3,2,0.804015792565429
bebff291,1,1,0,0.0999452595643408
bedeb6f3,1,3,0,0.2268992036087351
bee4eab0,1,3,1,0.6803225022361689
bef259fd,1,2,1,1.0480985308825868
bef89ce4,1,1,0,0.31500254527611404
bf18965c,1,2,0,0.4419136536830891
bf280e13,1,1,1,0.7131349026714019
bfade1ba,1,3,0,0.23252798559467053
bfb421f9,1,1,2,0.7936570529676437
bfb52472,1,1,1,0.927488294605461
c03c0758,1,2,1,0.1997882036686744
c0442863,1,1,2,0.9785175905691499
c0869eb0,1,1,0,0.3774479815041031
c087b48a,1,3,1,1.029716525420282
c0a7d046,1,2,0,1.0843199829193264
c0c168fa,1,1,0,0.18294000728946186
c1200b71,1,1,0,0.12277206971858062
c1373df0,1,3,1,0.25203036052662015
c192715a,1,3,0,0.9092329630089634
c1add876,1,2,1,0.5222121049634446
c1ed20ef,1,1,1,0.4547581387594887
c24c877a,1,1,0,0.023703971836081972
c274a243,1,2,0,0.13643423052850084
c294b507,1,3,1,0.5363894209759681
c2adf42c,1,2,1,0.7722147313656436
c2b40d6f,1,1,0,0.44662038185447595
c2bac6ad,1,2,2,1.0301444528752994
c2bac92a,1,3,0,0.7253840354718304
c2e15338,1,3,2,1.4736478023046562
c3061b23,1,2,0,0.709292434547932
c308b134,1,2,3,0.926526959550104
c30f5122,1,1,2,1.2388041793910434
c31a5825,1,2,2,0.2815594201612736
c35218d4,1,3,0,0.2746582544205432
c3760eb9,1,3,0,1.204759235888551
c37ef416,1,1,0,0.4563012024917438
c38585c5,1,1,1,0.43817144575729927
c38a5c9b,1,3,2,1.1156226375111082
c391e9c0,1,2,1,0.5113103890506788
c3a86e3e,1,2,1,0.2831250877952976
c3adae87,1,2,2,0.8353208993868115
c3b87e5c,1,2,0,0.2569580691434979
c3dde859,1,3,0,0.37165008377167175
c409bc9d,1,3,0,0.08534064664982588
c41274a7,1,3,0,1.1945954258680607
c418e47a,1,2,1,0.9447396986915526
c42b7972,1,3,0,0.7132311515591263
c43b985c,1,2,0,0.40935873933055317
c446e1c5,1,2,2,0.9867770687958446
c45068a1,1,2,1,1.0049192112224112
c459095b,1,2,2,0.9149379871080721
c4aa8d47,1,1,0,0.11486099344218803
c4c2076b,1,3,0,0.20399585888361832
c4c86e6f,1,1,1,1.1710877559334245
c51c1139,1,1,0,0.267664574023618
c55187b4,1,1,0,1.0842033413925574
c55cc646,1,2,3,1.055631078359219
c5c891c1,1,3,0,0.5083996537958012
c5e91ebc,1,1,0,0.4283402173314548
c5f3d60c,1,2,0,0.07272990496894727
c6287031,1,1,1,0.8807916057797429
c63f1965,1,3,0,0.3910282488653952
c678730b,1,3,0,0.3219074477997879
c68c9809,1,1,1,0.608981439537303
c69ffa09,1,3,0,1.1986227803254228
c6a92a65,1,1,0,0.22401767186959576
c6b7811e,1,2,2,0.45833019122973545
c6cc7467,1,3,0,0.5941665386119589
c6da0d4b,1,3,0,0.4102691772636307
c6ead822,1,3,1,0.855979995067929
c715832b,1,3,0,0.5034647854658261
c731458f,1,1,1,0.798808043467482
c73dd2e4,1,1,0,0.5133329409185345
c73f149c,1,1,0,0.3576795745501889
c7d61396,1,3,1,0.4471527104338233
c7d9e964,1,2,0,0.3039764328281041
c7fd8939,1,2,0,0.20416533476761944
c805ebe7,1,3,0,0.07987130682860455
c829500d,1,2,0,0.2843754671836051
c892f324,1,1,0,0.14829351064362456
c8cc2e1b,1,2,0,0.3043590274969913
c8fbbc8a,1,3,0,0.596527567467917
c9133895,1,1,1,0.600891402396017
c9537127,1,1,0,0.6532159945734296
c96b9609,1,1,0,0.11068000287277657
c98527f7,1,2,0,0.2688894280283309
c9879365,1,2,0,0.632794118670362
c9902f48,1,1,1,0.38778277611736234
c9a57335,1,3,0,0.18375424305687243
c9ad9c75,1,3,0,0.9032022274595599
c9dabad5,1,1,0,0.48598077426945585
c9e419e7,1,3,0,0.3938501106453271
ca1bdcd3,1,2,0,0.26642318342704263
ca3204b0,1,3,0,0.6520019804804048
ca33a5e7,1,3,2,0.4387540474628256
ca724703,1,1,0,0.564493187917608
cac0f438,1,2,0,0.3057926341187821
cad3bc70,1,3,2,1.0447802403226625
cadd4ae5,1,3,0,0.3516589240555384
cae31194,1,1,0,0.2659417770644069
caec8d59,1,1,2,1.1422963643323434
cb054226,1,3,2,0.44415182585840546
cb2752bc,1,2,1,0.9442790239566616
cb3b7c3c,1,1,1,0.932043972695737
cba1c8b5,1,1,0,0.7752992470246869
cba39753,1,1,0,0.741497141367534
cbb1ddec,1,2,2,0.5331103602725167
cbca33a5,1,2,0,0.5292818363813515
cbcf8cf2,1,1,0,0.6132349008538274
cc010b72,1,3,0,0.1291508199863594
cc16d472,1,1,2,1.1051333101919154
cc224be2,1,3,0,0.4465705556291065
cc25e136,1,3,2,1.1094704575986354
cc477243,1,2,0,0.5522798654890864
cc5143df,1,3,0,0.4904503800431012
cca40abb,1,3,0,0.09309782467565808
ccc9db97,1,1,1,1.4121900191803447
ccd0fe74,1,3,2,0.5778106924632532
ccd3cb96,1,2,0,0.2340867748104768
ccdb4ae5,1,2,0,0.4027069586639841
cceddb57,1,1,0,0.892096220368751
cd144127,1,1,0,0.4025621756198915
cd1fff5a,1,2,0,1.337623448492974
cd36e51d,1,1,2,0.9648472370747374
cd39e576,1,1,0,0.5794506119679486
cd68643b,1,2,0,0.09413016855764633
cd703872,1,1,0,1.065835384852855
cd89d5f1,1,2,0,0.7766040845201793
cd8ec8ac,1,2,0,0.572947199260004
cd8f3c61,1,3,0,0.20863093163870117
cd92eaf6,1,3,0,0.3488144287093212
cda90e9e,1,2,0,0.8191947587449675
ce031b1b,1,1,0,0.4222147201006538
ce379a6a,1,3,1,0.7365015383586513
ce6eeadf,1,1,1,0.8678832225690527
ce95b2e1,1,2,2,1.0005415548105283
cea35700,1,3,0,0.3078468419843571
cea73edd,1,1,0,0.4741308480190054
cedf96c5,1,1,0,0.371642915963463
cefdb7fe,1,1,1,0.9412913834112937
cf0d6d38,1,1,0,0.26017708611713375
cf2e4065,1,2,2,0.374810859068044
cf86987d,1,1,2,1.1319543987790561
cfbbdd3d,1,2,1,0.6599466111771538
cfcf9dc9,1,2,2,0.27310408024131116
cff4bcee,1,3,0,0.25309924620260565
d00b493e,1,2,0,0.6636086881301916
d0429481,1,1,3,1.4222308422458414
d05f5d71,1,1,2,0.6889786362597757
d0ef0744,1,3,0,0.9158981961600466
d11428bd,1,2,0,0.6926593953447422
d1145910,1,2,1,0.9772443512700213
d14d79b5,1,3,0,0.3383382657088356
d19e1025,1,1,1,0.5127757986135253
d1a38988,1,2,0,0.3688155330332059
d1aa6625,1,2,0,0.43301266386635595
d1aafc4e,1,3,1,1.0334812649486707
d28f0d44,1,2,0,0.6022834963414245
d2b84f45,1,2,1,0.9542930045645609
d2bcca68,1,1,0,0.46111911320927357
d2d9b474,1,3,0,0.7540487325284155
d2fcde50,1,2,0,0.30273917583849114
d3b860ab,1,2,1,0.11471460630687763
d3bf6d28,1,2,1,0.8094135169920985
d3e45961,1,2,0,0.5542957449336063
d3eda827,1,1,0,-0.021677553636665237
d4337a28,1,2,0,0.212235686113447
d445fb74,1,2,2,0.7848521885783444
d45bae93,1,1,0,1.1492523159039347
d476f528,1,1,2,0.8318561126923527
d4a81b97,1,1,0,0.7861232287386993
d4b935f8,1,3,0,0.8675465738237513
d4bfc83f,1,2,1,0.124673321744117
d4c2e9a1,1,1,0,0.18653628111014126
d4d2f272,1,1,1,0.7801841754539072
d4d9f7f9,1,3,0,0.32462680949399164
d4f3e585,1,2,2,0.9824044734025172
d506f4c7,1,3,1,0.8340419925518296
d50a8c3c,1,1,1,0.8152700794763866
d53ead5c,1,2,0,0.4475235799203904
d547d0da,1,2,1,0.4778188920567337
d565ccf6,1,1,0,0.5957159603459129
d57802c5,1,2,0,0.34658865300545066
d57f6c9e,1,3,2,0.8020985751717656
d5a8d9b0,1,3,2,0.8013128008303942
d5b089a4,1,2,1,0.6996000584182741
d5fb07d2,1,1,1,0.7918800764842483
d61359ee,1,1,0,0.018234700963234873
d6251195,1,1,0,0.128823572519551
d661ddf7,1,3,1,0.5101502861658604
d6723b39,1,2,0,0.32221805146071014
d6add300,1,3,1,1.0922873475601855
d6be0a92,1,3,2,0.5347153409666364
d6c4d9eb,1,3,0,0.5107034706766793
d6cca65e,1,3,2,0.7943007127743477
d74e4d7c,1,3,1,1.2760449830226541
d766a1c8,1,1,0,1.0229450146147778
d77ac332,1,2,2,0.9518799292225506
d788a6a8,1,1,1,0.23185977511596206
d78f437c,1,2,0,0.10904240717226044
d791703f,1,3,1,0.9761740160443804
d7c063b4,1,1,1,0.20330422861705227
d8037389,1,1,1,0.9105771363230061
d80b8bb6,1,1,1,1.3418826075535608
d8196954,1,3,0,0.14519653745684302
d81f28d3,1,2,0,0.20662336948739962
d82e9b87,1,2,0,0.11486308040424831
d859115e,1,2,0,0.7290136699053107
d87d3d03,1,2,0,0.41431650750438437
d87e2d01,1,2,1,0.9411568938852304
d90900e1,1,3,0,0.3519821773519813
d94c91bf,1,2,0,0.26922243143800245
d980da40,1,2,0,0.10311939998924946
d98be7a1,1,1,0,0.07124514781373081
d9ae9a13,1,2,1,0.8311478442029663
d9c82502,1,2,2,0.23207554839747024
d9eb30bf,1,2,0,1.0166680064604086
d9f16cd2,1,1,0,0.40414628513468087
da19c97e,1,3,0,0.1719813152367477
da1b21b1,1,3,0,0.13006586356063404
da5a8921,1,2,0,0.15521956290834177
da94e67d,1,3,2,1.196371129286384
daa9b0aa,1,2,0,0.17362084470831513
dacfdb2c,1,3,0,0.18587409321189147
db175ab6,1,1,0,0.20116931648207487
db23fbe4,1,2,0,0.6743285084011834
db38d1f9,1,1,1,0.7219597381842644
db3b1dd1,1,1,0,0.31184093402557905
db49ac7c,1,3,0,0.7601096074760877
db609511,1,3,0,0.08977239018728739
db746de0,1,3,0,0.7573024952290873
db9353fd,1,1,0,0.2571502899543414
db9eae59,1,2,0,0.6958566461900904
dbfa6d84,1,1,0,0.1427707755733475
dc168599,1,1,0,0.3182540612445445
dc33dcef,1,1,0,0.5199382322754652
dc52906a,1,2,1,0.3555015439311061
dc6870da,1,1,0,0.40635277528700253
dca065be,1,2,0,0.2378844939263211
dcd2586d,1,2,0,0.6146938975864945
dce2a54d,1,2,1,0.39728100961123963
dcfcd574,1,1,0,0.48394283500498503
dcffa5d6,1,2,0,0.332158654771744
dd02cfa1,1,3,1,0.4311418404117632
dd6679a9,1,2,1,0.923884179996017
dd689eb0,1,3,0,0.11236663995865542
dd747bba,1,2,0,0.31134159744852385
dd9c9576,1,3,0,0.3459244356915434
dd9ce3c4,1,1,0,0.5100509232837652
ddd0cb12,1,2,0,0.3129341924894548
dde82df7,1,1,0,0.12450393932256693
ddfddd87,1,2,2,1.1796447321412011
de3750cc,1,2,0,0.12211186137092744
de3ecca9,1,1,2,0.7892462472978724
de6797db,1,1,0,0.3362014843685297
de91310c,1,1,2,1.2059948987070688
de961552,1,1,1,0.23132655063222718
de9fe1e0,1,3,2,0.9383583217629076
dea0552b,1,1,1,1.0064631172619691
dec9056d,1,3,0,0.11879944396426678
dee9eb9c,1,1,0,0.6756796825013474
df4a0fee,1,2,0,0.44692184305459837
df4d2085,1,2,1,0.5379407928183645
df98fbb4,1,2,2,0.6855138949868035
dfaa2a59,1,3,0,0.2606406199012256
dfd87763,1,2,0,0.274113672189287
e016d96c,1,2,0,0.4362336817213071
e0271395,1,1,0,0.24318251234168659
e0283d3d,1,2,0,0.07200825849417047
e0655da2,1,3,0,0.2306867569785686
e0706ce2,1,2,1,0.3340855325593364
e072b994,1,1,0,0.02868965991691652
e0736134,1,1,0,0.36712112011908926
e0767d64,1,3,2,1.0256997339420213
e07fa0b1,1,3,2,1.1452642297660691
e0869709,1,1,2,0.8726440508103035
e0a7f42a,1,2,1,0.7057432583683994
e0ad6550,1,3,2,0.3357974483861507
e0c4e965,1,3,0,0.5743776519924714
e0e35d4e,1,1,1,1.1528218560215064
e0eb3ea8,1,1,2,0.6524207125808192
e0fb3838,1,2,0,0.044877718270506906
e12c2944,1,2,2,0.8310996788638453
e16a4784,1,1,3,1.2582356933340517
e17b9cae,1,2,2,1.078796841941287
e1958a83,1,1,0,0.029974959764239917
e199d438,1,1,1,0.9136732461873408
e1a4575f,1,1,0,0.33544186196634584
e1af39f8,1,3,1,0.504489897856565
e1ccc3d1,1,1,0,0.2657929903871957
e1ea8dd7,1,2,0,0.7628927379607787
e21255e2,1,1,1,0.6870927449814526
e22cf08a,1,1,0,0.24563610807472563
e23a8a0a,1,1,0,0.6129670796993177
e243119c,1,3,0,0.44914543109975225
e252dcb6,1,1,2,1.3109402211338126
e25f7b9a,1,3,1,0.2072512713046908
e28c0bfa,1,1,1,0.7959292831856354
e296c5e4,1,3,0,0.17015047459011184
e2cb8401,1,1,0,1.263415990593471
e315fdd7,1,2,0,0.9425277612882786
e318ec9a,1,3,0,0.23649494392143022
e328a032,1,1,0,0.6529795491903367
e34b9430,1,3,1,1.147548276223847
e3a6f97f,1,2,1,0.9010064422390442
e3aa85a3,1,3,0,0.4327813105138979
e3aa9dcb,1,1,1,0.9202749553203575
e3af914a,1,3,1,0.6131762168638824
e3bb3735,1,2,1,0.8596534226541428
e3cec795,1,3,1,0.2923095128955243
e3d5aab8,1,2,0,0.06479721683158146
e3f71f7a,1,2,0,1.210859398236623
e40319d7,1,2,1,0.6039351403944944
e4614ec6,1,3,1,0.2156051808595396
e4762a2b,1,3,1,0.8540233529103941
e4a2e3bc,1,1,2,0.4870230503938765
e4ab3b12,1,1,0,0.1786076223865945
e4c008b9,1,2,0,0.3334648595016019
e4d396d7,1,3,0,0.26051369918941786
e4db6712,1,2,1,0.41128023612062703
e4e58096,1,2,0,0.5071581311337506
e51193d1,1,2,2,0.24843034941718822
e515c971,1,1,1,0.5884725037717112
e5349ce2,1,3,0,0.20844129028651937
e537418f,1,2,1,0.9633677797526095
e56b2209,1,3,0,0.36726623176365547
e5d77ff3,1,1,1,0.7106157799626971
e6169c6d,1,3,0,0.2867249020913387
e63000c5,1,1,0,0.06243744100685478
e63a0ea8,1,1,0,0.11148337795939234
e664dd71,1,2,1,0.0847074505392213
e683d2c9,1,2,1,0.884804697623422
e715739b,1,2,1,0.6527933971140043
e71f347e,1,1,0,0.8938563861978803
e72af462,1,2,1,0.7430587312910907
e739c579,1,3,1,1.063743553994683
e7401605,1,3,0,0.1873973534278668
e754411f,1,1,0,0.9515671552153786
e79487a3,1,2,0,0.29092012647584375
e7bbb32e,1,2,1,0.7084489612121162
e7d08824,1,3,0,0.8336803345454803
e7db432d,1,3,0,1.0288221243335616
e7db9aef,1,2,2,0.7294695111712994
e7e43817,1,2,1,0.20215799406137497
e7ee0921,1,1,0,0.1005129790420568
e86bb780,1,3,0,0.1613615837381106
e88aa867,1,1,0,1.3331219383112392
e892aec6,1,3,1,0.1663521843464945
e8ac21d2,1,2,2,0.8509090281769809
e8af663d,1,1,0,0.5252623598749195
e8d9d5ea,1,1,0,0.6538139872314027
e8e82627,1,1,0,0.5100752954315627
e9030ab7,1,3,2,1.0189018095593028
e90a63d0,1,2,0,0.44329652531510716
e912c973,1,2,1,1.237224849582127
e934bf0a,1,2,1,0.5720810572698112
e96763c1,1,1,1,0.7126858577006336
e96da61f,1,3,0,0.2438722211357227
e9a6c514,1,3,0,0.31962446169580194
e9b642a3,1,1,1,1.1979884553178517
e9d94c4e,1,3,0,0.4543364490124958
ea38bd63,1,3,2,1.4699266650960827
ea4619ec,1,1,0,0.5187743831855584
ea7277b4,1,3,0,0.4056674865461507
ea7adcd6,1,1,0,0.9095003553190768
eaa4821d,1,3,0,0.16023370404981574
eaab7a96,1,1,0,0.7553187493445044
ead25f13,1,1,1,0.39011124487722987
ead871be,1,1,2,-0.008179658741886087
eaedb188,1,1,0,0.6364372346174272
eb00abb3,1,3,1,0.09625940132795635
eb891208,1,1,0,0.6776020578297242
eb90ee20,1,1,0,0.43624398874984827
eb93a46a,1,1,0,0.25929376532160353
eb9a846d,1,3,0,0.3997332006600437
eba27772,1,3,0,0.09885010923070497
ebd15fdc,1,3,1,0.7363042183998667
ebd6f819,1,2,1,0.9556581508479582
ebf2b0c9,1,3,0,0.5428257955362452
ebf30e46,1,2,0,0.7481262143909676
ec015bbb,1,1,0,0.11975341882590212
ec0f4afa,1,2,0,0.3810763651256118
ec220299,1,2,0,0.6863194252601783
ec4a1461,1,2,2,1.074597300784594
ec65cd62,1,1,0,0.48367141564600535
ec6b57b4,1,3,0,0.67396488915398
ec890dbd,1,3,1,0.5397651284912259
ec8f8f95,1,2,2,0.8450409099101075
ec9044f5,1,1,0,0.6817470214621393
ec9179b7,1,2,0,0.10894331007405145
ec9195be,1,1,0,0.5572294567624891
ecbdbe55,1,3,0,0.1696828662085988
ecd22509,1,1,2,1.1969978866345072
ecd25dd1,1,1,0,0.8715112931806392
ed329c15,1,1,1,0.8330506557655104
ed50a6f6,1,1,2,0.6963250702664606
ed61b01e,1,3,0,1.0244278159527238
ed711416,1,1,1,0.3917123602982214
edb86a64,1,1,1,0.6298092855872856
edb9d0f3,1,1,0,0.37382262234973995
edbf35f3,1,3,2,1.282455293380802
edc44560,1,3,0,0.7871205738950086
edca760c,1,2,1,0.5531025600612057
edeec50d,1,2,0,0.24073427919521279
edfe1f8d,1,1,1,0.7897826879529302
ee0fa75a,1,3,1,1.0884469045942828
ee21612e,1,2,2,0.7186460475651637
ee2bf575,1,2,2,0.8380123265750903
ee4e9eed,1,2,0,0.33782479002078314
ee67eb55,1,3,0,0.2968702968452842
ee74be35,1,3,0,0.47031967433195115
ee7de96c,1,3,0,0.08752062815659567
eea74d46,1,1,1,0.22064173333658954
eec0d188,1,2,0,0.33795485935880976
eef79620,1,1,0,1.030203549754042
eefeb431,1,2,0,0.9507918158403116
ef07f833,1,2,0,0.08917798630886786
ef1b858a,1,2,0,0.18867653964022962
ef4ae515,1,3,0,0.07105389913682492
ef58dd3c,1,2,0,0.7333674655113757
ef9617e7,1,2,2,0.6068672253781918
efa35d35,1,1,0,0.29427452652546116
efcef0d6,1,3,0,0.7553601614020137
efedde24,1,2,0,1.2709355952431982
f015a18c,1,3,0,1.1142746222612523
f028534c,1,3,0,0.6547930438033563
f0356a48,1,1,0,0.39815836581698205
f08a5ac3,1,3,0,0.7024891470486854
f0957ca1,1,1,2,0.7134328311904767
f09a076a,1,2,1,0.8868980532412127
f09b02cd,1,2,0,0.4806341169223943
f09e7b33,1,2,2,0.8340155776095469
f0b5d026,1,3,2,0.6509442823207896
f0d76b32,1,3,1,0.5693461674800965
f0ed5690,1,2,0,0.3920458578596356
f0f3e41f,1,2,0,0.7980909937215251
f1049268,1,3,1,0.7190116994271059
f13cb65e,1,1,2,0.7392849890711619
f14e55d7,1,1,0,0.6298551212174817
f15dca1b,1,1,1,0.6256820102516881
f1702318,1,2,1,0.511148028559465
f1a16e58,1,3,1,0.6757336342007735
f1baabc1,1,3,1,0.29249415887972663
f1baae47,1,2,1,0.7396624461121365
f1bd0f59,1,3,0,0.7003570429453878
f1ed2e85,1,1,0,0.36177127001044246
f220a837,1,3,1,1.0073009317985024
f2260009,1,2,0,0.49813177468255004
f240387a,1,1,1,0.4851459987632495
f2499682,1,3,0,0.3131690466846907
f2649b91,1,2,1,0.7702811937129459
f29d4094,1,3,1,1.1326385760171418
f2d4efd8,1,2,2,0.8854301833642717
f3020788,1,2,2,1.0773032983985429
f32a9580,1,3,0,0.37161748125414085
f3600deb,1,3,1,0.3911885711858823
f3a1dd3b,1,3,1,0.6784213946679225
f3d22832,1,3,0,0.4990871401309523
f3fbe6c9,1,2,0,0.9025600383873079
f4114031,1,2,1,0.8397750955309109
f420b05a,1,3,0,0.125287070732844
f4223e3a,1,3,2,0.4855224324192335
f44f1227,1,2,0,0.5182105725512314
f47a67cc,1,2,0,0.07455222540380269
f47abc42,1,2,0,0.48679763298713724
f497dd7b,1,3,0,0.43521285877108573
f4d2f5af,1,3,2,0.6702334329829817
f4ece6b5,1,3,0,0.12441118673119522
f52a2597,1,1,0,0.5239347992144759
f5369cea,1,1,0,0.045810540327475335
f54eebeb,1,3,1,1.0979550445285975
f566e5cc,1,1,1,0.74389857203791
f567a1af,1,3,0,0.20786510464671665
f57de847,1,3,0,0.6725811220864677
f584742f,1,3,1,1.0412886602407332
f58ddd4a,1,3,1,0.5223035518741214
f5ad7abc,1,3,0,0.13854774077609772
f5d4c82e,1,1,1,0.7921826424566107
f6284dcb,1,1,0,0.46188140843216663
f62b317d,1,1,0,0.8684338768288046
f64ae747,1,2,2,0.9207218017006861
f64e1d85,1,1,2,0.20929036245336524
f64f877b,1,1,0,0.2901625143738182
f67908e7,1,2,0,0.3045974029592774
f68f158d,1,2,0,0.6884989855201356
f6b719ee,1,3,0,0.19619018948621547
f6c0e2b7,1,1,1,0.9877105140526168
f6c20447,1,1,0,0.23393620691713274
f6cc80a9,1,2,0,1.2190815720031933
f6d6f400,1,2,0,0.9846937199229984
f6d879aa,1,1,1,1.0991218929452988
f74c45c1,1,3,1,0.9316819522524562
f74eda33,1,1,2,0.8583873078138907
f75c957f,1,2,0,0.09099939757467657
f77c2636,1,1,1,0.8321925378783193
f7b1374e,1,3,1,0.8744128976569838
f7fc97cf,1,1,0,1.1040076918368067
f804c9f3,1,1,1,0.8163781394377576
f81598bf,1,1,1,0.6754432361946369
f817f33a,1,1,0,0.11813034161359226
f848f42b,1,1,1,0.3982010344262328
f8674e15,1,1,1,0.6031982267421371
f869d220,1,2,1,1.222419676920956
f8b08332,1,1,0,0.43304730871862895
f8b36382,1,3,1,0.4895211859925066
f8d293a0,1,1,0,0.12907204690209095
f8e3467e,1,2,1,0.4336966055660517
f8ff0bc8,1,1,0,0.893685208414007
f922ae21,1,1,0,0.6278402851922864
f93010a8,1,1,0,0.4800378016147487
f9334e08,1,1,1,0.04362408802660411
f9897bf1,1,2,1,0.18925628544525586
fa293db8,1,2,0,0.3614502833419885
fa29ab47,1,3,0,0.15890930369826878
fa34f945,1,3,1,1.1197712380735225
fa3e1e21,1,3,0,0.31326959136272
fa472647,1,2,1,0.6517289074737797
fa4f0329,1,2,0,0.3906295831117058
fa633e39,1,2,0,0.681765523780215
fa78d819,1,3,2,1.1489095403044942
fa9a0add,1,3,0,0.12476535857035209
fab75c2c,1,2,0,0.26048474083544515
fad07fce,1,3,0,0.4909846734898383
fb04f7dd,1,2,2,0.2718090143988658
fb22e454,1,3,0,0.8410749694460516
fb2c4db6,1,3,0,0.06369218878129013
fb3c2c87,1,2,0,0.42966070898586317
fb9b060f,1,1,2,1.2961343721669198
fb9c5a33,1,3,0,0.4734843016222028
fbbd97b1,1,2,0,0.48284272715952614
fbda3966,1,2,1,0.645390408596928
fc1912e3,1,2,1,0.6709730970727329
fc41be2f,1,2,0,0.13789669359056894
fc49ba65,1,3,0,0.17369738232477383
fc8e4de4,1,3,0,0.35193854628315896
fcc6347f,1,3,0,0.38461450966209454
fcd9a6bb,1,1,0,0.16320530702666286
fd028ecc,1,1,0,0.3414097651244651
fd0d9bca,1,3,0,0.03537230275146186
fd3448d9,1,2,2,0.4834725424577254
fd56e059,1,2,0,0.2869232764327684
fdb6b48b,1,1,0,0.5234654952545649
fdd9799f,1,2,1,1.1117271974874172
fdea7d9e,1,3,1,0.9762449082634692
fe102a25,1,3,1,0.39931494719661753
fe2bc235,1,2,2,0.733054501993706
fe3cbf02,1,3,0,0.16953816925777987
fe5e2dc9,1,3,2,0.46066535054984625
fe6afaf9,1,1,0,0.5098094603209448
fe9c71d8,1,3,0,0.2281303324318747
feb53635,1,3,2,1.4647347195642326
fee07f32,1,3,0,0.2363462501398556
fefaffe0,1,1,0,0.5780693922678742
ff18b749,1,1,0,0.48951514771213145
ff60112d,1,1,1,1.2942953429745776
ff6c2bb8,1,1,0,0.3588836329345432
ff8a2de4,1,3,1,0.8900550318689517
ffcd4dbd,1,1,1,0.9441199635829681
ffed1dd5,1,1,0,0.7880904685457838
00008ff9,2,2,2,0.5514646987355449
000fd460,2,2,0,0.3272868147995149
00105258,2,2,0,0.48939469478561104
00115b9f,2,1,1,0.27885361552254295
001f3379,2,3,1,0.6507935935936195
00abe655,2,3,0,0.5086799205661311
00ae59c9,2,1,1,0.7082590809331757
00c0cd71,2,1,2,0.33064518723786546
00e6167c,2,2,0,0.6396854583672351
00f332d1,2,1,1,0.8261819838787563
00f574e9,2,3,0,0.7776943258902044
01085eb3,2,2,0,1.1175802103730235
01182ce3,2,3,2,1.3286486886370341
011e71c3,2,2,0,0.8651495914477683
012e3869,2,3,0,0.14860752506358776
014c303e,2,3,0,0.385090957442911
01cae1ef,2,3,0,0.7413658038448834
0219f64a,2,3,2,0.5822577241264357
02347f13,2,1,0,0.8829416515584739
026102c4,2,3,0,0.12736405318819655
02648a1c,2,1,0,0.6616548694165585
029a19c9,2,3,1,0.7432871749955519
02c4cf7f,2,2,1,0.4214918947169926
02cebf33,2,3,1,1.1597086241698713
02dcf62a,2,3,0,0.37568973945093953
02e56a7c,2,2,0,0.38835837351318125
0347462d,2,1,1,1.1775270708143468
0357a10e,2,1,1,0.3712358885177304
035c96dd,2,1,0,0.4948717675348855
03833cec,2,3,0,0.26389607324926423
0391e587,2,2,2,0.5626947563537568
03a5c2d6,2,1,0,0.5913179802959608
03a9019b,2,3,1,0.6041868516807871
03bf5026,2,3,0,0.41587065546781055
0417c91e,2,2,0,0.07909051109120813
04370442,2,1,2,0.2827308702234028
0471236c,2,3,0,0.14833181548340346
0499c3e8,2,1,1,0.6969584447722025
04ad419d,2,2,0,0.4865800266001194
04afb6f9,2,1,2,0.7568876088913201
04b3cc70,2,2,0,0.42802203038247266
04bb1a76,2,1,2,0.64286210147956
04d06a9c,2,1,1,0.6650876013776099
04dc7df1,2,3,1,0.35930260581128126
04f094a8,2,2,1,0.5466575523587794
0506b9cd,2,3,1,1.2345483645873534
051680a0,2,1,1,0.46059093390285555
051f73ae,2,1,0,0.649900408658758
052a1122,2,3,1,0.6391652702624996
053d7d31,2,2,0,0.5392902284833568
055156e2,2,2,2,1.2782017286712697
058990e9,2,3,1,0.741159787078708
058d2812,2,1,2,0.9015814648287467
0598f669,2,1,0,0.4581411731144382
059e02ab,2,1,1,0.8076302243177454
059eed01,2,2,0,0.1900265037636028
05bbed1b,2,2,0,0.01483013049779458
05bc318e,2,2,1,0.8396252663256386
05d3d73a,2,2,0,0.18981557011957378
05e67680,2,1,0,0.589556527877603
05e94f88,2,3,0,0.48838815625724347
05f2d1b5,2,1,0,0.36339051379934484
0610c066,2,1,0,0.14359122011160547
061f2866,2,1,2,1.1209137465543684
0632d98a,2,2,0,0.38969955469282325
063353cc,2,1,0,0.9659424362219777
06472198,2,1,0,0.11178618123286854
064e8da5,2,1,0,0.012432882440736037
066343d4,2,3,0,0.3628296285905021
0668373f,2,2,2,0.41921696428714494
0676ead5,2,2,0,0.39474144273261713
067b9287,2,3,1,0.57246553177064
067de065,2,2,0,0.20893358739580914
06c7dcff,2,2,0,0.4769844222141945
06eb8adb,2,3,0,0.1878915569586918
07048067,2,1,1,0.5927645289755449
0720320e,2,3,0,0.6432738445442322
0745c390,2,1,1,0.6036671351583162
07d879cf,2,3,1,0.7710323979891727
080698b7,2,3,0,0.6531185785765465
08159c5e,2,1,0,0.7118128398276619
082df556,2,1,0,0.8525975838104884
0844aee7,2,3,1,0.32398920123927644
08577722,2,2,0,0.11624478451588055
0884aca8,2,1,0,0.5342578750453071
089a6b19,2,2,0,0.9465816962213898
08fa44ad,2,1,1,0.3586372212295323
09039272,2,1,0,0.4356965381831723
0924b815,2,1,1,0.11855592451840252
092c29b9,2,3,0,0.21147079319381684
09331bb8,2,3,2,0.9781085501449549
0983654b,2,3,0,0.46600720178595323
098b5836,2,2,2,1.1894254722667283
098d3c32,2,1,0,0.33810688957934054
099e3614,2,1,0,0.43809815397944357
09b29113,2,3,0,0.1743085064214917
09d80057,2,1,1,0.2797514998553616
09eeaba6,2,1,0,0.05884791463522332
0a418b57,2,2,1,0.7637259083694665
0a431608,2,1,0,1.3072055894469792
0a4b1425,2,3,0,0.19256207639338413
0a540797,2,1,0,0.3860554148974437
0a5f1214,2,3,0,0.42651204658182684
0a775819,2,2,2,1.2846042265881281
0a822c93,2,1,1,0.9321646653543642
0a9159f8,2,1,0,0.5120801831170099
0aa90ce7,2,1,0,0.71380993894671
0aaf08ec,2,1,1,0.6298256093072734
0ac521c8,2,3,3,0.8816888608293993
0ac5e12f,2,2,1,0.284450916124763
0acac70c,2,2,1,1.030167984319138
0adf511d,2,3,1,0.472415149309819
0af81037,2,1,0,0.6553396221891074
0b4014f0,2,3,0,0.6766086039106491
0b518637,2,2,0,0.18084410726080474
0b6b07f6,2,3,0,0.23709223363637894
0b7c6100,2,2,0,0.4113822334003475
0b7d7aec,2,1,0,0.98784033495222
0b9fcc42,2,3,2,0.38589271295309946
0bd89878,2,3,0,0.2962471156088377
0bfe4fc9,2,1,1,0.754655251792837
0c0a1576,2,2,0,0.017963836191666305
0c3d248f,2,1,0,0.22486964961709027
0c3d88cb,2,3,0,0.19108728504487105
0c4e2d68,2,3,0,0.056579119538983313
0c4eabac,2,1,0,0.11288885306378249
0c83af0f,2,1,2,0.7431421886123871
0c8efce0,2,2,0,0.08080122312936888
0ca08054,2,2,2,0.5002821136359352
0cccc6bc,2,1,0,0.3342434964110774
0d34aee4,2,2,1,0.8480481008526164
0d394928,2,1,0,0.30435443004832363
0d4800c8,2,1,1,0.8655728588247161
0d4fa8f4,2,2,1,0.1849876836768664
0d570d3e,2,1,2,0.4060426973979019
0d74d0ed,2,3,0,0.7937286015993565
0d924604,2,1,0,0.2605997069388438
0ddab8ff,2,1,0,0.23239498023429872
0de01ae7,2,1,1,0.7627427633259074
0df44f9e,2,3,2,0.7811581848662508
0df4c27d,2,1,0,0.8029751680634543
0e1cf9b8,2,3,0,0.17329033737114957
0e1f7fed,2,2,0,0.1902485811418979
0e3b0bd2,2,2,0,0.10921753400319734
0e9c1be6,2,3,1,0.5057916690972362
0ed2a3c8,2,3,1,0.3432525772600119
0ee70b3e,2,3,1,0.7940165915678542
0f4db4f2,2,3,0,0.7240171940402109
0f6b71c4,2,2,0,0.25151383276035916
0f7f3bf3,2,1,1,0.6916012029018128
0fbb3ca5,2,1,1,1.1777640574178305
0fc19fd9,2,3,0,0.13655478301331303
0ff6ac09,2,2,0,0.4202793719850667
101c27f1,2,3,0,0.6100043471905433
10258585,2,1,1,0.1999704043597525
108b8659,2,3,0,0.19009661350560847
10ad8c48,2,3,2,1.2907312292667925
10be7f09,2,1,0,0.1726786117350239
10c0e99a,2,1,0,0.22986845586031562
10e46254,2,3,0,0.3896377114126619
11477ed0,2,3,0,0.806918035428784
115d3db4,2,1,1,0.3942926011501685
1184a14a,2,3,0,0.28956973946000664
119d7562,2,1,1,1.1507417746756041
119dd2e1,2,2,1,0.30358219362091127
119e181e,2,1,0,-0.009598239766775207
11d1a5ac,2,1,0,0.41156876845956203
11f7253c,2,2,3,1.5410878071131935
11f9b26c,2,1,0,0.12100276167575269
1225fd28,2,1,1,0.6155285190381256
12380b06,2,1,0,0.6182463244419477
12cbf30c,2,1,0,0.6933349115786998
12cfb064,2,1,0,0.14911067410400353
12f37ff2,2,1,1,0.251882149063825
1301f65d,2,3,0,0.3502432632478083
1307c41a,2,3,0,0.32153670338430523
1314bc8c,2,2,0,0.8653931846897802
137baaec,2,2,2,0.6788839631592203
137fc699,2,2,1,0.24580853381238554
13a5e288,2,3,0,0.3472348989492965
13be5672,2,3,0,0.27251714791586673
13cdb63a,2,1,0,0.056491997789167914
13d23890,2,3,0,0.9251373135302798
13d2c419,2,2,0,0.23554682919298225
13e46923,2,1,2,0.5692913624498831
13eee030,2,3,1,0.6345810290739847
13fca10c,2,1,1,0.6521319798134101
1420b16e,2,3,1,0.9565730884209771
1429abf1,2,3,0,0.3885644469876057
14391970,2,2,0,0.14893533105581352
144a9a79,2,3,2,0.6166099341427753
14568d61,2,1,1,0.22186071351633863
147c4374,2,1,0,0.10576829594396409
14a6e58e,2,3,0,0.5023923124425788
14b8dd2a,2,3,0,0.7042910565471661
14eac885,2,2,2,0.763579586912425
15227eef,2,3,0,0.8838826175624062
1522fee1,2,2,2,0.917549387836113
154d1191,2,2,1,0.13836169469928317
1551c806,2,2,1,0.9214901486009413
1562998a,2,2,0,0.7500815995479263
157b271f,2,3,3,1.2102655072965791
15a2364d,2,1,1,0.8431153379420844
15d702f8,2,2,0,0.32325876564267825
15dbc929,2,3,0,0.21046758578581476
15f217a6,2,3,1,0.6479913041485375
15f2e240,2,3,0,0.2130314230191021
1606f203,2,3,0,0.5490428928036256
1649ce22,2,2,0,0.4268652935758192
164b29ed,2,1,0,0.24856273423790953
16bf9efe,2,2,0,0.7534842277718625
16deb306,2,3,0,0.2763544415897857
16e277aa,2,2,0,0.696831510616323
1704e646,2,2,1,1.0041129653827274
1713348a,2,2,0,0.4559119467368824
177f25ab,2,2,1,0.45550416371836305
17b08109,2,2,0,0.21455982568197463
17c1ae23,2,1,1,0.26161511991993663
18154f3a,2,3,1,0.8197169479246367
1837456f,2,3,0,0.6714563046548556
18400e8e,2,2,1,0.878670206465477
1843760e,2,3,1,0.8931937427363057
18b79e9b,2,1,2,0.241422098304079
18b8b2f6,2,3,1,0.3444714776113911
18e21bf1,2,1,0,0.22748901473578398
18fdbccc,2,3,0,0.36186143528056697
18feab0f,2,1,0,0.840695747276458
19098ef0,2,1,0,0.6639192006130981
1911731d,2,3,0,0.04701875595154936
19381499,2,2,2,0.766346386291057
1943fb23,2,1,0,0.42990180939150585
1949438b,2,2,2,0.4204337291029401
1957153d,2,3,2,0.49846234333634987
198e50c9,2,2,0,0.9040003165953483
19b095d5,2,2,0,0.2723110806765096
19c49039,2,3,1,1.0968892211805752
1a1e8ac5,2,3,0,0.15067652413891863
1a23d282,2,1,1,0.5444470670781109
1a2412b3,2,1,0,0.6547438596358739
1a803bfe,2,3,0,0.3745109698286284
1a9f8375,2,1,0,0.3936020360620293
1aff6762,2,3,2,1.0678016446143563
1b258140,2,1,0,0.02476860078677745
1b32427b,2,1,0,0.6905023689236778
1b329556,2,1,2,0.7356240952488036
1b410106,2,3,0,0.20014819872896888
1b49c870,2,2,0,0.3110248947652983
1b5b34bc,2,3,1,0.5838278432155464
1b5fb26f,2,2,0,0.6667259580740358
1b6be334,2,2,2,0.7856507415844001
1b6fb363,2,2,1,0.6313387388387132
1bc6a98c,2,3,0,0.15857117411021837
1c23295e,2,3,0,0.7042556378135557
1c3b7f1a,2,2,0,0.46497418173433513
1c3c2b2f,2,1,1,0.26840451432195706
1c481537,2,3,3,1.2147672304066326
1c5ba087,2,2,1,0.7404193233367624
1c66daf4,2,2,0,0.850382240971962
1c673231,2,1,2,0.6766048897572339
1ccf44f0,2,2,0,0.31213446521579435
1cd37b36,2,1,1,0.7244522544041639
1d02812a,2,1,0,0.8949403662635778
1d7edb86,2,1,2,0.8343688725382249
1dd90b53,2,2,2,0.8387318657438713
1dfd6433,2,2,1,0.7119928728980875
1e08b1dc,2,1,1,0.7671377521785527
1e2a1bd0,2,3,0,0.3376694459934193
1e5f6199,2,3,0,0.23827919334919195
1e7dd854,2,3,0,0.3232661452671998
1e986f93,2,1,0,0.04434429131590212
1eb206f0,2,2,0,0.5335115295772308
1eda934b,2,3,0,0.7634181214682922
1eea376f,2,3,0,1.1146441704563572
1eea8df2,2,3,2,1.1945161869723582
1eedf45e,2,2,1,0.6416547015054903
1f400626,2,1,0,1.011591291016145
1f5cefcc,2,3,1,0.7918143356413772
1f65fa82,2,3,1,1.0936613912715991
1f7bd44c,2,3,0,0.21842977785671774
1f7ec039,2,2,1,0.7581702382039347
1fc07a80,2,2,0,0.4463664332541102
1feb42f2,2,1,2,0.5012037804517193
1fed3943,2,3,0,0.3741811196600776
206c8562,2,3,1,0.45808474083143325
2084c823,2,3,0,1.0994657097227527
20d7ecfd,2,2,1,0.7801680302041479
2114473a,2,3,0,0.4607799012285922
214f46e8,2,1,1,0.6226495249831747
215ca39b,2,1,1,0.5429509971634986
217ce5e6,2,2,1,0.918528430829272
218faf6f,2,3,0,0.3408714693692801
21a76448,2,1,1,0.5823724371830924
21c62163,2,3,1,0.4001785079741645
21e5833c,2,2,0,0.6166679617367885
21eb6d47,2,2,0,1.0577699694559963
21f58fba,2,3,0,0.28703884365454885
223724b2,2,2,0,0.5008229327862597
22375702,2,3,1,1.3855361960762937
22389051,2,2,1,0.2921454355147548
22447a95,2,3,0,1.3853294396530815
224fc39a,2,3,2,0.9186084502186636
22536a61,2,1,0,0.6803442819985166
22a71606,2,3,0,0.09835428955572123
22c72c4e,2,1,2,0.6790095939596789
22e44415,2,3,0,0.4002138563543336
22f43a12,2,2,0,0.3455803823789324
232b7cb1,2,1,0,0.9074910301535923
233b9425,2,3,0,0.3018129771642641
23418fa2,2,3,0,0.12521911929174867
23567787,2,1,1,0.6029653173635491
236d450e,2,1,1,0.5335141478378153
236ecde8,2,3,0,0.22614589838685306
23d1a58d,2,2,0,0.8527812298623425
23d71e37,2,2,0,0.5315349529115019
23e024bd,2,1,0,0.7951399921884541
23e71e7c,2,1,1,1.1380883303445015
23e7f79b,2,3,1,0.39739989277279114
24591f4d,2,1,0,0.2541044861330356
2496c491,2,3,0,1.1914044751604567
249b6d68,2,1,0,0.7856885181524567
24a3b16d,2,3,1,1.0872211286199756
24ab10c6,2,1,1,0.20395274650764605
24b4bc6d,2,3,1,0.3646809714378913
24b75658,2,2,0,0.12837579929850512
24dac645,2,1,0,0.5154543055224391
24fb56db,2,2,2,1.098918943683759
252ebc5b,2,3,2,0.632915481057547
253f5cb1,2,3,1,1.417603992144675
25849c6c,2,1,1,0.5619840060640512
2586774b,2,1,0,0.46935370523697284
25a3a723,2,3,0,0.6804090972883855
25e752c8,2,2,0,0.24135110201331672
25eba023,2,2,0,0.05975571566008131
260f542b,2,2,0,0.161749991770264
2625767f,2,3,0,1.288201912216009
262cff6d,2,1,1,1.384668408632119
26891dbd,2,2,0,0.6662592468120184
269d9918,2,1,1,0.669468549126093
26aeacdf,2,2,0,0.17277481582913246
26b1792f,2,2,0,0.3274295294922549
26b893f4,2,3,2,0.5829928902578797
26d31613,2,2,1,0.9653384022935958
26d541c2,2,1,0,0.5850461117808405
26f0e055,2,3,1,0.25928271628241883
2715347c,2,1,1,1.1417299758758217
273c8ebd,2,3,0,0.11405386345515706
27724073,2,2,1,0.6368529511980848
277f5b32,2,1,2,0.9507254128189067
278e8a51,2,2,0,0.12201944210341054
279d0ec4,2,2,0,0.6054214191123566
27cd2a6c,2,2,2,0.8765203698882351
27d363de,2,1,1,0.8999922757766625
27d7e5e4,2,2,0,0.20471478253363062
27e0ca6b,2,3,0,0.6284621202087429
281174c9,2,1,0,0.5577224696778862
2812951b,2,2,0,0.5425202299108567
2840643b,2,2,1,0.2588148615781666
287390e6,2,3,2,0.9828043959882867
287f1349,2,1,0,0.9146683016011833
2891e36b,2,2,0,0.6447448008121208
2898269f,2,3,0,0.22920964754227435
28b91cf3,2,2,0,0.11286136746241499
28ba92e9,2,2,0,0.30435408740247233
28e973b1,2,2,0,0.7126707926875389
28f7e6ff,2,2,2,0.5747416563312936
28f99ddb,2,3,0,0.6492827292174886
2911ef94,2,3,2,1.011497949368801
29587a31,2,3,0,0.35059867253742477
29886a85,2,1,0,0.22728064374759094
29a1d334,2,3,0,0.3623345271983027
29b37b4a,2,1,2,1.2750436181726257
2a0b8386,2,1,0,0.667815312654161
2a64085d,2,3,0,0.2560378445444434
2a81925b,2,3,1,0.5464832802604306
2a85889c,2,3,1,0.6314049493371716
2a88cbe9,2,2,0,0.36864204573241205
2a9e0dee,2,3,0,0.5351918436037059
2aa15e6b,2,1,1,0.21837355024030453
2aab37ac,2,3,0,0.4835605659713207
2ac0bd9f,2,1,1,0.7725883024302149
2af3c8d8,2,3,1,1.0779724523934773
2afea280,2,3,1,0.8737337399939393
2b34dcf3,2,1,0,0.2754580149115999
2bac0893,2,3,0,1.0997400365089007
2bad0db7,2,1,0,0.9505610505809143
2bca454a,2,2,0,0.5134509028807193
2beaaf7a,2,1,1,0.5673224775322594
2bfc9187,2,3,0,0.695953064442427
2c2dc20d,2,3,2,0.6904619905410216
2c3b09db,2,2,1,0.7260888912736821
2c483245,2,2,0,0.8208162337852413
2c49257f,2,1,0,0.46857818234654797
2c512f2f,2,1,1,0.46105804538219197
2c56c930,2,1,0,0.4428221332415939
2ca2206f,2,1,1,1.0137815573635403
2cb0db2c,2,1,0,0.1289278789039386
2cc4b720,2,2,0,0.23752514775305322
2cd9b5a3,2,3,1,0.617769523824658
2d043af7,2,2,0,0.6731818669705212
2d0bbbd3,2,3,0,0.6173613906316519
2d3ba6fa,2,2,1,0.1508180030189777
2d5365c6,2,1,2,0.7881535810234614
2dbdfe11,2,1,2,0.4918752043740865
2e16053c,2,1,1,0.6006444633687176
2e293d08,2,2,0,0.2772533193176597
2e42573e,2,1,0,0.267336507110905
2e4e045a,2,2,0,0.1818060492911993
2e5f5207,2,3,1,0.6506266475766396
2e7d888c,2,3,1,0.7184022338713761
2e8c9884,2,1,0,0.19040970891798797
2ea277d5,2,2,2,0.5302070231701299
2ebdadbc,2,3,0,0.39565222646826376
2f0f2949,2,2,0,1.1387227716641184
2f12de00,2,3,1,0.5897380333836995
2f154763,2,3,0,0.17203269281602707
2f16cad4,2,2,0,1.0532310819603066
2f1af08a,2,3,0,0.11365892878255462
2f6b484c,2,1,0,0.16932847375610144
2f72f441,2,3,0,0.1071410263300604
2f7f0eb7,2,2,0,0.16746756237392885
2f81950d,2,1,0,0.25130612876574465
2f91f3c1,2,2,0,0.8568133115027456
2fba6cf4,2,2,0,0.3760073112165613
2fef897e,2,3,0,0.582270191331809
2ff729d3,2,3,0,0.7133211798761245
3046a5c7,2,1,0,0.24128330493557965
3055881a,2,1,0,0.7587001094239256
3065aa2f,2,1,0,0.6428282941091936
307c91ee,2,1,0,0.24011950971215767
30ac8a84,2,3,2,0.5117628881811522
30b3f203,2,2,2,0.9949869986253002
30ba4252,2,2,0,0.22758728518874777
30d2fd47,2,3,0,0.1676147876892864
3133a6c9,2,3,1,0.5669212858167846
31349d8b,2,1,0,0.8102099117174171
3146f878,2,2,0,0.2364363315693796
3155ed01,2,3,0,0.6776808147508535
3162c492,2,3,1,0.4672126931736361
31648caa,2,1,0,0.060133317823879984
318ccc0e,2,2,0,0.30385155751069653
31b74cd4,2,3,1,0.5506543162873655
31d61741,2,3,1,0.49724337811345637
31d7a136,2,3,0,0.2665406130878334
31ddec50,2,3,0,0.7696051349672215
321202d4,2,2,1,0.6827901568932196
3216b978,2,1,1,0.936243889021914
325afd3d,2,1,0,0.7553110897010299
3268c574,2,1,1,0.7663519479062875
326c23c2,2,2,0,0.48997756450749286
327736cd,2,2,0,0.09411342109405757
329a9c25,2,1,2,0.8837392329953832
32b8490d,2,3,0,0.6217208543687646
32d0ebca,2,1,0,0.6975556301664227
32d262c2,2,2,0,0.4484229069003055
32dcc8ab,2,3,0,0.3756456620984625
32e18ccc,2,3,2,1.0954732847813036
3302713b,2,3,0,0.7486331851641783
333be478,2,1,1,0.529536632479067
338146bd,2,2,0,0.6079011249571606
33a499ce,2,2,1,0.7334595590615189
33e34de8,2,3,1,1.1032391766601273
342d43c7,2,2,1,0.8527876080341334
3441fd41,2,3,1,1.1316387422652223
3466c72a,2,2,1,0.49117847867079056
347095fe,2,1,2,1.2780580693517398
34c30fad,2,2,2,0.7437297009378467
34eb79f9,2,2,0,0.6995284004631994
34ec5de4,2,3,0,0.7722031448680874
350cf38b,2,3,0,0.2775602991630944
35198c2d,2,3,2,1.0871624138295888
356ab908,2,2,1,0.8731191553716922
35d2aa41,2,2,0,1.2977152116646267
35fa2ebf,2,1,3,1.0689123772044709
36146fe1,2,3,0,0.7768670574312248
36473697,2,1,1,0.7885023113575396
3655395c,2,3,0,0.4237529620167227
36958957,2,2,2,0.8105093194787827
36b8c9e5,2,1,1,0.5287127197405481
36c060b9,2,2,2,1.4780595534912124
36c1f189,2,1,0,0.28683557573804797
36fda5de,2,1,0,0.15405357622300803
370b47c4,2,2,0,0.7776957152582078
3714afd7,2,1,0,0.4385853381004871
3738db26,2,2,2,0.8600357488169064
376e617f,2,3,2,0.916202051730163
37995242,2,2,0,0.05239879612693077
37ae1239,2,2,1,0.32039951899480307
37bcfa7e,2,1,0,0.9515689433062784
380029ef,2,2,0,0.3584167279870346
3820a945,2,3,0,1.1406144569007584
3826be66,2,2,1,1.2338494703023666
38390669,2,2,0,0.16898829161728246
384c3f27,2,1,0,1.3460243648016035
385819e6,2,1,1,0.154432566434612
385a6557,2,1,0,0.34366887000876467
3875d4de,2,1,0,0.8669249236998379
38d53b92,2,1,0,0.5637326048285047
38ee12e7,2,1,0,0.6837264134092932
3913797d,2,1,0,0.4192188135410261
3918d854,2,1,0,0.11575291218108319
3934e29c,2,2,2,1.4399111031598246
394684ae,2,1,0,0.8492231146454108
394a6219,2,1,0,0.27205369237161775
3950aa00,2,3,0,0.8924629456087623
397efe7a,2,3,0,0.3628445951400707
39bdbb00,2,1,0,0.07848954857076895
39c20e2a,2,2,0,0.6794336837287492
39cc2836,2,1,0,0.35488304751669236
39d626f4,2,2,0,0.5529138331396142
39dd3538,2,1,0,0.1177258444825936
39fb1ad0,2,1,2,0.7745722845223051
3a33d579,2,1,1,0.6483294177807892
3a9d7bd6,2,2,0,0.1550609380387214
3ab539f0,2,3,0,0.2359733906973317
3acb5be3,2,3,0,0.29260980382243323
3ae4ee9b,2,3,1,0.9944042946553785
3b047021,2,2,0,0.13828642562837345
3b091b83,2,3,0,0.5074844295766247
3b1b9538,2,2,1,0.8558774670836875
3bbf88cd,2,1,2,0.5762624744849959
3c0aba64,2,2,0,0.6825761306993603
3c5c85e7,2,3,0,0.6890029240828628
3c620257,2,3,0,0.25787254015232464
3c8f474a,2,3,0,0.4124345187708989
3ca35642,2,1,1,0.7334351798988142
3cc9cfa6,2,1,0,0.3107106286032519
3cd8802e,2,3,0,0.6176381970096203
3cfeca85,2,3,0,0.22473355285049845
3d20d9a7,2,2,0,0.6385943956759852
3d2c0bc5,2,3,1,0.6481119046985973
3d36fe8b,2,1,0,0.77196765989093
3d3b87db,2,3,1,0.9454626127260457
3d3dd3ae,2,2,0,0.8624629367611036
3d46429f,2,1,2,0.9036382385699708
3d48430d,2,3,0,0.2805228034478727
3d5ad997,2,1,0,0.6443612427044104
3d6143f3,2,3,0,0.17317326254893084
3d736110,2,1,1,0.8118188791644649
3d8531f5,2,1,0,0.3237352982093901
3d970ce4,2,1,1,0.5200155617092894
3dcbc164,2,1,1,0.9772661039584571
3de1a622,2,2,0,0.17402271878531617
3de6a21c,2,3,0,0.24370413391935847
3e398bf9,2,3,2,0.9358002269969898
3e3c242c,2,1,0,0.2905526300635422
3e5d5b58,2,1,1,0.1033360231513874
3e5ee48c,2,3,0,0.8673352062693098
3e7ee995,2,1,1,1.2316767892308698
3eb48980,2,3,1,0.577730655449569
3ebfbb4c,2,2,1,0.08965059073571052
3ede35d1,2,3,0,0.6309351785740762
3f1cf5ba,2,1,1,0.6760813709667798
3f1f23e7,2,1,2,0.48872054105517837
3f20e14b,2,3,1,0.9268084045358802
3f2141da,2,2,0,0.37349072398620414
3f3a70c8,2,2,1,1.2930409319225387
3f51a21d,2,3,2,0.5846884412506074
3fcef947,2,1,0,0.37502800164036537
3fe78116,2,2,0,0.6913086863241849
40087bc5,2,2,2,1.0633250385106332
4093774d,2,3,1,0.8949849202491387
40b904b3,2,2,1,0.560437114268677
41052ced,2,1,0,0.836812792844962
41185f8e,2,1,2,0.9146850271911073
4128aee6,2,2,0,0.1535916202277623
4135cb0e,2,1,1,1.0649143518320423
4157be55,2,3,2,1.3018210367675684
415d5a1a,2,1,0,0.9132473690311484
416b6ba2,2,2,0,0.14602345860647903
4177e5e5,2,1,1,0.5773369215941159
419d05c6,2,3,2,1.1079037419157518
41bacefb,2,1,0,0.7497176788965145
41badf5d,2,3,1,0.858831888883793
41cfd1db,2,1,3,1.3481425984810589
41d48900,2,2,0,0.591232452091493
42309938,2,3,1,0.733127239047201
423610ac,2,3,1,0.607253297497276
4248261f,2,1,0,0.1394926076463444
4255e559,2,3,0,0.49201444735789873
4262ce3d,2,1,0,0.3537047053658476
427037b2,2,2,0,0.14544373866029658
427fad9e,2,3,2,0.9492781116867987
4280076d,2,1,0,0.3603691759708716
429cc266,2,1,0,0.37193576013235846
42aa29fb,2,1,1,0.40948964307210867
42bf071e,2,1,2,0.5332168904066625
42c6f67a,2,2,0,0.20258798155297164
42dfc9dd,2,1,2,1.0723159649917706
42ebc3fd,2,3,0,0.6200351806794858
4307d287,2,3,1,1.1577470155309937
432a4c21,2,2,1,0.7813293153496508
432aff11,2,1,0,0.15047499260012193
435bfa7b,2,1,1,0.4837910622163988
43629a34,2,3,0,0.03488692063442356
436dd613,2,3,0,0.3078188042230858
43808706,2,3,2,1.16054814922609
43a7386d,2,1,1,0.6842846586366236
43d43363,2,1,3,1.4154024177306752
43e54b20,2,2,1,0.6586482019965174
43f44f6c,2,2,2,0.5535629327943475
43fb80d6,2,3,0,0.6808314225186518
444131bc,2,1,0,0.21619785024223603
446757cb,2,2,1,1.0133859119436675
4496d883,2,3,2,0.42606439850388045
44b8622c,2,1,0,1.1374754930069
44eaea78,2,2,2,0.8279226254322585
4505724a,2,3,0,0.1499565607819725
4518ed77,2,3,0,0.2767600310044573
451b0cd9,2,2,0,0.1266332068117219
451c11b3,2,3,0,0.6595575255576448
4570c8b8,2,3,0,0.40191982892490696
45ea366f,2,2,0,0.14709815513153796
45eb32f2,2,1,2,1.0095036793484664
46170319,2,1,0,0.1582057270285207
463bf3b2,2,1,0,0.14768013877723024
4659aa1a,2,2,0,0.9955864611429884
465d3273,2,1,1,0.8821366904104626
466752d9,2,1,0,0.5096878990413861
467c549f,2,1,0,0.23214274979679028
46850373,2,3,0,0.32892250780739285
471e4d12,2,3,2,1.2408187685470615
47350ac6,2,3,0,0.7920186117852022
475ebe47,2,3,0,0.15186763631508648
47b3bea1,2,1,2,0.22791528654281784
47c3b47c,2,2,1,0.35551816570347505
47c55e13,2,1,0,0.4092084023320638
47fef4fc,2,2,0,0.248736574021582
481a1861,2,2,0,0.3917427509549519
4829f7ca,2,1,0,0.9292273310821615
4859a9f9,2,3,0,0.18324519034796294
489fa831,2,1,1,0.4851080268684371
48db8ecf,2,2,0,0.2119653156426649
48df987b,2,1,0,0.31311867574526253
48e69212,2,3,0,0.49049092298963815
491bf457,2,1,0,0.6841633743569491
4926b18a,2,2,0,0.2803413479147161
4940a214,2,2,1,0.741946094731324
494eba8a,2,3,0,0.3199588912055227
4950e24c,2,1,0,0.9320724227286682
499d4499,2,2,0,0.9658716251304761
49a1931d,2,2,0,0.413115083304339
49e4eade,2,1,0,0.47466406035012243
49f38606,2,1,0,0.34517552590146305
4a0b1b9d,2,1,1,0.6709090708254677
4a1440d9,2,1,2,0.475112333511132
4a17b463,2,2,0,0.24932665826151412
4a21eb0c,2,2,0,0.7024590199261429
4a3b6521,2,3,1,0.4033081541578065
4a475a9f,2,1,1,1.0663687538433073
4a4a0f78,2,1,2,1.0750876991671368
4a62661a,2,2,1,0.6321623713146113
4a68d751,2,3,1,0.8059772691738797
4a6af685,2,3,0,0.5732237739306577
4a6ea9de,2,3,2,0.7396532533610574
4a9f92ca,2,2,0,0.1160049146987494
4aa87859,2,3,0,0.3267934986129311
4ac5c412,2,3,0,0.253518331971434
4acac04e,2,3,2,0.39866187099704076
4afa8a76,2,1,0,0.0663823414529654
4b0f961e,2,1,0,1.086474773652479
4b1f6855,2,1,0,0.37200249535719815
4b20bce7,2,1,0,0.3999704365904486
4b328259,2,2,0,0.37330964166570196
4b71830a,2,2,1,0.8459244516930824
4bc2bee9,2,1,0,0.44807123719291964
4be6f3c1,2,1,0,0.5175171363677843
4c238671,2,2,1,0.7848313913232252
4c37fb30,2,3,2,0.8899001504434094
4c8dfaf0,2,2,2,0.4074046847689262
4ca242ea,2,2,1,0.9144132139951182
4cabd7aa,2,2,0,0.9210969675348271
4cde1e34,2,2,1,0.7991615207960443
4d2d9ef3,2,1,0,0.1557400514412443
4d41bb62,2,2,0,0.07160450968265475
4d42caed,2,1,0,0.2295425804718893
4d5a8ce7,2,2,2,1.023595319796315
4d61a44e,2,3,1,0.7802739887533692
4da4aba2,2,2,2,0.9035777358924837
4decbcd8,2,1,0,0.28311638090458185
4dfb4e1d,2,3,2,1.1514185549635443
4e052db0,2,2,0,0.7372521417432832
4e314e47,2,3,0,0.25614474084164085
4e58d463,2,1,0,0.4707146004502608
4e6c7a75,2,2,1,0.3949611334162121
4e85505f,2,2,2,0.8260724869003615
4ea3963e,2,1,0,0.5447789776749787
4ea4e6c9,2,3,0,0.3354937395101444
4eade67b,2,2,0,0.3527364960033652
4f059221,2,3,0,0.02358051606327194
4f059a8a,2,2,0,0.9552251547551602
4f2d0925,2,2,1,0.5169014976062488
4f3cd5c2,2,2,2,0.7767779462801068
4f93504a,2,2,0,1.2740746154737566
4f96d1e7,2,2,0,0.21173970743502135
4fe97569,2,2,0,0.7752064876959421
50242fa0,2,3,1,0.14021793202786614
504ed32b,2,2,0,0.1999695924344328
50707f1e,2,1,0,0.6117345389207589
508a0f98,2,1,2,0.7789381992882874
50a90725,2,2,1,1.0055736386494538
50b2b84b,2,3,0,1.2283281202767715
5124169c,2,2,1,0.9126424106525621
51364c23,2,2,2,0.6307899874072925
515402ee,2,2,0,0.28073707647424234
515dd683,2,1,1,0.847277050456344
5180ff75,2,1,0,1.0627585892320983
518e5ae6,2,2,0,0.10211262862032522
5198e7b3,2,2,2,0.3702173896087486
51c15d22,2,1,1,1.1608676888309408
51eb8d14,2,3,0,0.5987625845236917
51f38b37,2,2,1,1.2738390414219336
51f3feb4,2,3,0,0.31538760097659274
52219dbb,2,2,1,0.4737295923648437
526f719b,2,1,0,0.31349456603913683
528db82d,2,2,1,0.7225678101625126
52ce9b8b,2,3,0,0.25854843679220385
52e9e467,2,3,0,0.6725460507165021
53621b84,2,3,0,1.0799758570095639
537dc410,2,2,2,1.0866794066083334
53905a2c,2,3,1,0.4316566128684661
53ea1e7c,2,3,0,0.2983284152547339
53faf893,2,3,0,0.03892271047715168
54391716,2,3,0,0.7690909453035725
546bfb18,2,1,0,0.2247077567875837
54854783,2,3,0,0.6187904724791217
54868027,2,3,0,0.23849844893368227
549712ab,2,2,2,0.9997561338120524
54b35de5,2,2,0,1.372804550473611
54e592da,2,3,0,0.9028027461452424
54fef303,2,1,0,0.5551428704962816
55464fb7,2,3,1,0.5601558856834166
554e46e9,2,1,2,0.44940198228612094
556604d2,2,3,2,1.0299731088740247
55edb6ed,2,1,1,1.1518977016835616
55f9338e,2,2,0,0.29841083739755747
56210fdb,2,3,0,0.11869164751116051
5637a5a4,2,3,0,0.18988211106625202
563ebc00,2,1,1,0.3854849982208618
56418caf,2,2,2,0.7126731086504696
56443aba,2,3,1,0.5225761174706054
56761daf,2,3,2,0.7553137427771132
567ecea5,2,3,0,0.5254793765621851
568eb64b,2,1,2,1.0723414229553732
56c99b23,2,1,0,0.2131848964506925
56cb7161,2,1,0,0.14159408458872386
56d9dead,2,3,0,0.16697880923632996
571907fc,2,2,0,0.4676393356474857
574599a8,2,2,0,0.21851738434764928
5775ec58,2,1,1,0.770689685668542
5779f2e9,2,1,0,0.1689130206938853
579e50bd,2,1,0,0.5711048881327059
57d82f30,2,2,0,0.7582976577802218
580a30c5,2,1,2,0.9397074738550631
58391429,2,1,2,1.4145421391549033
58900fd0,2,1,0,0.06657299360084135
58a255e6,2,3,0,0.34493673170348704
58de61f0,2,3,1,0.7130643918255827
58dfccdb,2,2,0,0.5364414456951201
58f11465,2,2,0,0.2742654330155334
592adca0,2,3,0,0.34252316141775474
592b3b7f,2,1,0,0.4081248452170767
59305d37,2,3,1,0.9130373986987255
593a7148,2,1,1,0.24048991739832232
593b5cfa,2,2,0,0.14121245923026093
59402969,2,1,1,0.98774667749703
59d7a3a9,2,3,0,0.32063015768149433
59ea397f,2,3,0,0.05235542952138372
5a07e79f,2,3,1,0.3170490310784559
5a3005de,2,1,2,0.7622943052269134
5a313293,2,3,1,0.8472344726797869
5a3d5e05,2,2,1,0.5469539521487362
5a5f6d41,2,1,0,0.5009803876354704
5ac9eca0,2,1,0,0.22542156956082599
5ad85a02,2,1,0,0.334569322009875
5af79adb,2,3,0,0.7559061353828198
5b4d2604,2,1,0,0.33169698153416777
5b66b6f2,2,2,0,0.0008979357296389212
5ba201ba,2,1,1,0.6529837691514495
5bcf002a,2,3,0,0.4720245490893534
5c045867,2,3,1,1.1199599945131393
5c22f241,2,3,0,0.22022110442443849
5c2c136d,2,1,2,0.9920047523109503
5c3b30d7,2,1,0,0.4353744081056625
5cd83147,2,3,0,0.7146291113735515
5d04624a,2,3,1,0.6865422708128435
5d1d7e41,2,3,0,0.1183207137781937
5d3b6ea5,2,3,1,0.5782437372708307
5d48a5b0,2,2,0,0.03769029606741603
5d805d83,2,3,0,0.6712308951187882
5d885b20,2,1,0,0.18282039898361546
5daa20e7,2,2,0,0.22490474194764454
5dad24ff,2,3,0,0.7418836572916364
5db3db12,2,2,1,0.6137376752963095
5dc62fec,2,3,0,0.27540281813186374
5ddbac80,2,2,0,1.1241160031050703
5e08237d,2,1,1,0.5112001619074047
5e221c50,2,3,0,0.6137162307800028
5e2a9e63,2,2,1,0.10311237010652402
5e2c1349,2,2,1,1.1058351817152028
5e359a08,2,3,2,1.1551693274460857
5e415f05,2,3,2,0.9017868777114275
5e55e9fd,2,3,3,0.9509308537488974
5e57bd12,2,2,0,1.3677913429853752
5e614c1a,2,1,2,1.2063582851608812
5e6490e3,2,1,0,0.4192001232213377
5ea2c305,2,2,1,0.8914010657140884
5eb063e0,2,2,0,0.49967164587723334
5ed5f205,2,3,0,0.29468915801133194
5ee595e8,2,2,0,0.5855388766175263
5ef3d64e,2,3,2,0.8400228314026601
5f099188,2,1,0,0.05009265267266272
5f1b07e1,2,1,0,0.92102608194266
5f281a62,2,2,0,0.4742231661593951
5f37ceb1,2,1,1,0.9004368817959463
5f574f3d,2,2,0,0.4283187872085475
5f7537cf,2,2,0,0.815557296258514
5f78f7b9,2,2,0,0.297365233159937
5fa91358,2,2,0,0.48116032565638533
5fdfbe47,2,2,0,0.23456129248420898
605d6e05,2,3,0,0.6071391214922791
606e979d,2,2,1,0.8060507945189003
60c1ff37,2,2,0,0.5356233244270926
60d1fdee,2,1,0,0.0812694551825559
60f8462b,2,1,0,0.2272324959585723
60fb7cb9,2,3,1,0.8180838652230291
612487a5,2,2,1,1.4138299783375974
612dd900,2,1,1,0.23125223763974795
613fc399,2,1,0,0.6250450074318181
613fc53d,2,1,0,0.2841541572675775
614d5517,2,2,1,0.6262446608188719
61823525,2,3,0,0.18050964052844487
6187d0dc,2,3,0,0.05430211814415886
6192e6b6,2,3,1,0.8011956168956462
6197a2ce,2,3,0,0.7257393093731204
622bb412,2,2,0,0.14702850988492172
624869b6,2,3,2,0.9510352163126778
624b9e34,2,2,0,0.33100293872233555
626a608e,2,1,2,0.9722957216101846
6282e693,2,1,0,0.09978278452919631
62839132,2,3,0,0.34570215685598166
6291fddd,2,2,2,0.532740089181435
62cd5c74,2,3,2,0.738301462720145
62d0cf97,2,3,2,0.7418784069133583
62f77d2f,2,2,1,0.6082627656494606
632eca98,2,3,0,0.6257210865140003
6332ad59,2,3,0,0.2898250686211015
63334478,2,2,0,0.4102913420992238
6344bba1,2,1,2,1.2649767433512835
635554d2,2,1,0,0.515553351046379
63a00e40,2,3,0,0.4494385050818486
63d810bb,2,1,0,0.7932709244317008
63dd16ec,2,2,0,0.2577937383569785
641697e6,2,2,0,0.26471090539481146
641a2b87,2,1,0,0.3758487250159534
646a4c0e,2,1,2,0.6757192152868754
64b4005d,2,3,1,0.6385586525877969
64ed48c4,2,2,2,1.3183083546692158
64fc556b,2,1,0,0.0967561102359355
650bf252,2,1,0,0.14836785177500367
6514c337,2,3,0,0.4786768903313696
6515ef94,2,1,0,0.20440800638213796
6595d479,2,1,1,1.0924325480022214
65af9f2a,2,1,0,0.3923778958598476
65dc81f5,2,3,0,0.7133505515353599
65dfe4b9,2,3,0,1.1670232452688676
65f9369d,2,3,0,0.4798803197424226
65fe69c0,2,2,1,1.3189754662157487
66094cfd,2,2,0,0.540255768674913
6622b302,2,3,0,0.3457387722303047
665abfda,2,3,1,0.45205392556414725
66665e95,2,2,2,0.6251575627943529
6666aed3,2,3,1,0.7866458996768997
6672e527,2,2,0,0.11309620359241956
668a2fea,2,3,0,0.44600812315375593
6699c999,2,1,0,0.22885604019316735
66d86d0b,2,1,0,0.8239843959006758
66ed301e,2,3,0,0.37142747512631147
673a7e2a,2,2,0,0.12220803337354824
673e7be9,2,1,1,0.6185077477904334
677038b5,2,1,0,0.09960851839557938
6774ba64,2,2,0,0.24581731900074827
678598dd,2,1,0,0.12592517599211267
6795027a,2,1,0,0.4231384855128427
67b54cdb,2,2,0,0.17389354058143242
682327c3,2,2,0,0.32871842062701506
6826f0be,2,2,1,0.8806090946428895
683464ff,2,3,0,0.5622989028284322
68572a28,2,2,0,0.05946310927584064
68688509,2,2,0,0.6535743875293473
687c85e7,2,3,0,0.582317801704024
6885737e,2,1,1,0.6774754605928495
68a59e56,2,3,1,0.288186004187707
68be5113,2,2,0,0.032102010287961
68d49292,2,3,0,0.27493807308320906
68e514dc,2,3,0,0.6628419013695755
68e61f96,2,2,0,0.33616941617044194
68e7140b,2,2,0,1.4794792477053862
69742f6f,2,3,2,1.1347122480598377
697d894b,2,2,1,1.221691071722974
698b9067,2,3,1,0.38216192769246227
69b65679,2,2,0,0.2800333458919745
69ccea20,2,1,0,0.2777218445065023
69cdf9c3,2,1,1,0.5563193432983302
69fabb6b,2,2,2,0.8625284865599316
6a04461f,2,3,2,0.24755138105955454
6a138911,2,1,0,0.40669849897685023
6a2fd807,2,1,1,1.2039672974802291
6a4df6ff,2,3,0,0.005690435684287953
6a6da46c,2,3,1,0.8001429387457658
6a7d07fb,2,3,0,0.2807731776816862
6a864b11,2,2,1,1.268522209245479
6a9f0db7,2,2,0,0.1403222790014848
6abd21d4,2,3,1,0.7957840181690257
6abd2bd4,2,1,1,0.8511550403616321
6abe8b60,2,1,0,0.2940353744365637
6ac5763a,2,3,2,1.0011115610485133
6ac5eaaf,2,3,1,0.3673464483447678
6ad91972,2,2,0,0.4238977396808299
6ae1473e,2,1,1,0.4609780809151667
6b4b8c14,2,3,1,1.1392007353284033
6b6467f4,2,3,2,0.8276787114163807
6b9a25e6,2,1,0,0.2915564112924853
6be0f069,2,1,0,0.5531508878890308
6becb599,2,1,0,0.0743884438288781
6c2edc91,2,3,0,0.750790470046759
6d341798,2,3,0,0.24586377909634916
6d5944a9,2,2,0,0.2989788217581107
6d5c5afb,2,3,0,0.350142303842619
6d70e716,2,3,2,0.7033705595560185
6d7ba819,2,2,1,0.13097178121332514
6d855495,2,1,0,0.5795961046631336
6db453ce,2,3,2,0.9693265273621394
6dfe4a75,2,1,1,1.0003166718504075
6e0d4774,2,2,1,0.7607103538688735
6e128c6b,2,3,0,1.0328722653833506
6e1d28b6,2,2,0,0.5190287875206054
6e5606d5,2,3,1,0.4262225029112535
6e68bcfd,2,2,1,0.5162698046153334
6e695d70,2,3,2,0.5021053331033039
6e6d895f,2,3,0,0.40196975276920627
6e85a624,2,2,2,0.39170325496267067
6e89cee5,2,2,0,0.6495361299816358
6ea48a4e,2,3,0,0.5874098688372578
6ebfdc95,2,2,0,0.955715233378682
6ecb430a,2,2,1,0.34646727838559666
6ed385f6,2,2,1,1.271913175563287
6eff29da,2,1,1,0.24663799895304916
6f49c8d0,2,1,0,0.20296043204493786
6f878799,2,3,0,0.5599656210200914
6fc6b5c4,2,3,0,0.4863037136284575
6fc95dfc,2,1,0,0.2507210818956442
6fcdcb2a,2,1,0,0.6580632950997283
7015528d,2,3,0,0.5766842671658039
707c82c4,2,1,1,0.32257410986542256
7092a6ce,2,3,2,0.9248862953090693
709457f3,2,2,1,0.44287919697435596
70de1c63,2,1,2,1.0804982091028326
7106a387,2,1,0,0.4282381477095494
7151d8b5,2,2,0,0.36714532486835555
71850348,2,2,0,0.42612260471789276
71852781,2,1,0,0.4292897842371721
718975fe,2,3,0,0.45264019487561746
71c1b1d2,2,3,0,0.11291919401458983
71cf0f87,2,1,0,0.14556849372746644
71ee31f8,2,3,0,0.191647183377546
71ffd0ba,2,2,0,0.3615875380155997
7214ad21,2,2,1,0.9683492189538289
721ea536,2,1,0,0.7791047214697896
72264d13,2,3,1,0.7488442664571721
72565f5c,2,3,0,0.592940575604731
7265f1e5,2,1,0,0.23397579617944753
7290824a,2,2,2,1.5103253874452989
72a0c969,2,1,0,0.40072999802410997
72afd4ca,2,3,0,0.9700772347130788
72bbfadf,2,3,1,0.7766084435607589
72c9c38d,2,2,1,0.5422069717753772
72cb1703,2,1,0,0.10302781383886994
72cc9a64,2,3,0,0.6649101243097565
72fa40ba,2,1,2,0.7444012393974246
7305af8b,2,2,0,0.28675332568600503
7308d22c,2,1,1,0.6092075170513147
732b2327,2,1,0,0.48471996099613013
738e7248,2,1,1,0.9168294627979184
73aa6aab,2,3,1,1.055442908188979
73d0e0a0,2,2,0,0.5538033891725535
73ec551e,2,1,0,0.10552228530625801
73ffa609,2,2,0,1.0782678573351834
7494989e,2,2,0,0.061680373665634614
7498fbde,2,3,1,0.5160856095598914
74be50af,2,3,0,0.17774776356623445
74c2bd81,2,3,1,0.9542963492426844
7514c6f4,2,1,2,1.2585678194535315
75927c18,2,2,1,1.222571599961273
759328e6,2,2,2,1.345981796551188
75ad73ee,2,2,0,0.2730984372752175
75b0446f,2,1,0,0.6642020604586416
75bcc1e0,2,3,1,0.37584188846258854
75db1257,2,2,1,0.9608286616277762
75f26948,2,2,3,0.8231779394679306
764d8b42,2,2,0,0.09858341726408665
76781cd8,2,3,1,0.3834544821368987
7698543b,2,3,0,0.7967450044929737
76c9bf0e,2,3,1,0.6951813035245777
76dc0e9f,2,2,0,0.22208872626694054
76dfa86c,2,1,0,0.17485019842203847
76f8f621,2,2,1,0.2739190396644296
76fb4afb,2,3,1,0.10494498036128624
76ff59f2,2,2,0,0.3248299986366277
7752d450,2,2,2,1.192829248593425
776d33af,2,3,1,1.186253893929349
777a3e9d,2,3,2,1.013237901196775
77941a98,2,2,0,0.32043183518314794
77a5b2ad,2,1,0,0.33337036856668334
77bfe07c,2,2,0,0.8441635518407192
7800a084,2,1,2,0.9900654651746753
781710fe,2,3,0,0.04988888421385229
782a0589,2,3,0,0.5395116447169199
782af70b,2,1,1,0.9408532376338786
7858fd16,2,2,0,0.38083555738970165
785d0663,2,2,0,0.8538727511950224
7860b64c,2,2,1,0.43922851647993133
78667893,2,1,2,0.21185448422615316
78704d22,2,2,1,0.9415562252988599
787654dd,2,2,0,0.2353530901719027
788268a4,2,2,0,0.17271042852781554
78a34e5d,2,1,0,0.25432762019703486
78b488ff,2,1,0,0.26425221281997596
7914b38b,2,1,2,1.3530600250047318
792d2fa5,2,2,3,0.6357724567944877
793c2e31,2,3,0,0.3542728342694142
79483148,2,3,1,0.6669770727693716
7958e61b,2,2,1,0.6201062064774286
79629cf4,2,3,1,0.48923354746896325
7975694f,2,1,0,0.36168209763680226
79bd36b6,2,2,1,1.0321197237189326
79de3beb,2,3,0,0.5659431418215224
79e496f2,2,2,2,0.8743837637289026
7a0136e0,2,3,0,1.1696451446377725
7a5fccc9,2,3,1,0.32937997260965507
7aa3a145,2,2,0,0.0689382489014998
7ad92034,2,1,1,0.6990676575939581
7af8eac0,2,3,0,0.08406230375339746
7b0a4060,2,1,0,0.19130502492211643
7b543871,2,3,1,0.42401862244674526
7b78e634,2,3,2,0.809991003191846
7b8842c3,2,3,2,0.7630815386091421
7b9690de,2,1,0,0.3929270765672286
7bbde46f,2,3,2,0.32007602737851637
7bdbf66f,2,2,2,0.4378271641993622
7c02f4ec,2,2,2,1.547500062430976
7c194077,2,1,1,1.4421093715997986
7c1d7ddd,2,2,1,0.3491528926285458
7c21ad67,2,3,0,0.5513433963796706
7c29e92d,2,3,1,0.7209804144373015
7c6ca1d4,2,2,1,0.8690159950870269
7c71edac,2,2,0,0.5286943348917692
7ca548f9,2,2,0,0.17429066110756813
7cb1e4c7,2,1,0,0.3934956544565653
7ccdb9f2,2,3,0,0.4641565349520953
7ce36c38,2,3,0,0.5249706305497674
7cf3bca6,2,1,0,0.5142447253418605
7d0a92d5,2,1,0,0.579326765855168
7d22cd0a,2,1,1,0.270876664891836
7d2f236b,2,2,0,0.16783749492710404
7d40a714,2,3,2,1.2892988654145632
7d666f0f,2,1,2,0.5922780137522511
7d751a6a,2,2,0,1.1221899450134676
7d878d0d,2,2,1,0.6468343138315912
7d8f1716,2,1,1,0.5995227604245068
7d927bdf,2,3,0,0.6337593874716412
7dae6de9,2,2,1,0.37452211153843296
7dc65b92,2,3,0,0.9120446159528794
7dd54e69,2,2,2,0.6168170607577312
7e33976b,2,2,0,0.06362101516546914
7e41db05,2,1,1,0.9708424020152419
7e46b693,2,3,1,0.8871931691125651
7e71aa83,2,2,0,0.41573146190802535
7e87087b,2,1,0,1.12309575376996
7ebca7c4,2,3,0,0.5173636570426446
7f04b4fc,2,1,1,0.47098049302096157
7f1063e4,2,1,1,1.0400544242288692
7f26f78c,2,1,1,1.2122296357707147
7f2715b4,2,1,0,0.3891121256441641
7f44236f,2,2,3,0.9622724210517868
7f5aeb05,2,2,0,0.33477301063959797
7f950ef2,2,1,3,1.0881778449591417
7fceb836,2,2,0,1.0222923736270138
7fcf0046,2,3,1,0.7437665989981596
7fd40f2b,2,1,1,0.6512997139983715
7fe0a99a,2,3,0,0.3046628291254
8033847f,2,1,1,0.9453174665558353
8068fafb,2,1,0,0.25592931421469883
806d877f,2,3,1,0.6180835629674704
80784c40,2,3,0,0.6636738253272021
8078b7de,2,3,1,0.5617217951359409
807d8908,2,1,1,0.5513169197918152
80a5f1e1,2,1,0,0.75238092548118
80a9f2bb,2,3,0,0.2753126723527869
80d8829a,2,2,0,0.2365950358438093
80ed2bcf,2,2,1,1.288476349217305
81095901,2,2,0,0.27308287248143465
812f6873,2,2,0,0.5220026073161859
81364a4b,2,3,1,0.9194517221474421
81394e0e,2,3,1,0.5401629471377695
8148c785,2,3,3,1.3662088955043559
816b0564,2,2,0,0.6517676183929928
81766b8a,2,1,0,0.4560817608616269
8189aa29,2,3,2,0.6977303287829536
819ad5f1,2,3,0,0.4486603695683937
81a4b826,2,1,0,0.43637801804877285
81c0b83c,2,3,1,0.3100518890219553
81d3ab22,2,2,0,0.8510848357694314
81d607bb,2,3,0,0.20733026730389076
81eaf4c1,2,3,0,0.09022514534739695
81f60502,2,3,1,0.5668896272014714
81feecad,2,3,0,0.6716529397309445
8226bbd4,2,2,1,0.40286122271667324
828b31ca,2,1,0,0.1777727605050976
82a114c1,2,2,2,0.7577713592356738
82ec9747,2,2,0,0.14093925569191923
8328c8b3,2,1,0,0.8627151470550154
83379672,2,1,1,0.34513232432718405
836b4de3,2,2,0,0.7116702323583284
83846d0c,2,3,0,0.2903230044601134
83912085,2,3,0,0.41676408173201057
839b507a,2,2,0,0.05717115739023271
83c33097,2,1,0,0.29270304525547125
83eda373,2,1,0,0.34040929403479936
83fb5ee0,2,3,0,0.2224054731149372
840ff4b7,2,1,0,0.14021660333325214
844be9e4,2,2,0,0.24421035288928722
84875079,2,2,0,0.33839996518152815
84a16b14,2,3,0,0.5607574760093488
84b7d89d,2,3,1,0.9134465899195596
852adec2,2,3,0,0.3630107854407132
85452335,2,1,1,0.7504189290067169
855c6099,2,3,1,0.43358188605442954
8570ea5f,2,3,0,0.6699387475374458
8572d442,2,2,0,0.8548168603558017
857baaa6,2,3,0,0.552359957898315
8581b9a1,2,2,1,0.6582924538793385
858ae6a3,2,1,2,0.6833716580525476
859cbb27,2,1,0,0.25388798413290625
85a1082c,2,1,0,0.47288664481186865
85ba333f,2,3,2,0.45018504238804763
85d99199,2,1,0,1.2670946729251074
85d9c915,2,3,0,0.353518660741444
85f23af6,2,1,1,0.2573363071149172
860f4f9c,2,2,2,0.5933060424180652
861188f4,2,2,2,0.8402283351405799
861fd4a0,2,2,0,0.16808410655971634
863e40c7,2,1,0,0.8023702720805815
863f7033,2,3,0,0.857497347700183
86a8e0d6,2,2,1,1.096688545765002
871b2b19,2,1,0,0.39713356912902775
874a348f,2,2,2,0.7581738116998897
87509a7b,2,1,0,0.32178691663678555
876a929e,2,2,2,1.1988769350325845
8772f64b,2,2,0,0.848541672997155
87a60251,2,1,0,0.09236005867241509
87af775e,2,1,2,0.502177208721852
87b78ee3,2,2,2,0.8342585045000814
884c429c,2,3,0,0.03440784887554005
8875387b,2,1,0,1.0915836512110995
888c45f9,2,1,1,0.10177366196340931
88cdb5bd,2,1,2,1.147618503298999
891193eb,2,1,0,0.44347412625893545
891b8cd5,2,2,0,1.1948539823735502
89261ca6,2,2,0,0.3345565727692933
893293dd,2,3,0,0.06608731166367154
895f9725,2,2,0,0.7287472394116172
89739b1a,2,3,0,0.2822103249886927
897da2c8,2,2,0,0.3045818923790446
898096eb,2,3,0,0.20465014486324984
89bd10b7,2,2,2,0.971129070008715
8a444a98,2,3,0,0.27794498510300103
8a44ea3a,2,3,0,0.28664641819449216
8a4d341b,2,3,0,0.40490284516398717
8a4e5d1a,2,1,0,0.8940321204224759
8a645723,2,3,1,1.2033685922789563
8a6b6912,2,3,0,0.22418060018891883
8a77c3e9,2,1,1,1.0090809404065397
8a77d185,2,2,2,0.5786083790997049
8a78a063,2,2,0,0.17357367054563672
8a9cce44,2,3,2,0.2965928651039604
8a9e653f,2,2,0,-0.0015757061489630741
8abbbc38,2,2,0,0.4340819925552009
8ad5e251,2,2,0,0.28628451107952946
8ae6a52f,2,1,0,1.1826950021661249
8b02eb7e,2,1,0,1.2881141362571769
8b3c900f,2,1,0,0.5123348000578498
8b4b9648,2,2,1,0.669359993962122
8b6a40f5,2,1,0,0.7666290818726371
8b802ca8,2,1,0,0.0805946558358217
8ba98f12,2,2,0,0.14551418549681305
8bc5199c,2,3,1,0.3839722052548865
8bf72a9c,2,1,1,1.257797120182649
8c0ca955,2,3,0,0.8118704819981728
8c122779,2,3,0,0.9188211967294779
8c5a5a21,2,1,0,0.49296067222092005
8c6c52a2,2,3,0,0.2686789014670838
8c97411a,2,2,0,0.36761436207550047
8c9c253d,2,2,0,0.46877185445054315
8ca025c3,2,2,0,0.2631238615427731
8cab7bc4,2,2,0,0.6081319830937554
8cb19d64,2,2,1,0.19791071056465653
8cfcac79,2,2,2,0.960685947163042
8d010562,2,3,0,0.46606274757440097
8d055cca,2,3,0,0.7421196136725591
8d11c14a,2,3,1,0.37173378871450635
8db09bb4,2,3,1,0.7230543595766092
8ddb6b8d,2,3,0,0.47395816998060003
8e24b103,2,3,0,0.18243586770079578
8e380413,2,1,1,0.612193751431473
8e59a69a,2,1,1,0.5785503016540536
8e749c85,2,1,1,0.9486300831592354
8e770d51,2,1,0,0.3498443836889165
8e93a873,2,3,1,1.0237997681455278
8ec2cc63,2,2,0,1.0054019250020778
8ef72e3e,2,1,0,0.04829338794911431
8f015125,2,1,0,0.7076629904931437
8f112082,2,3,1,0.9416400647643177
8f13c52a,2,1,1,0.7455572750519707
8f1e1df6,2,1,0,0.7939347137782252
8f21c613,2,3,1,0.7808550732872768
8f2d131f,2,2,1,0.7062027362994256
8f39a0e7,2,3,1,0.34687039044549983
8f68479b,2,1,3,1.0983793335990721
8f753551,2,3,0,0.5719891009529947
9027c805,2,1,0,0.2723699030743576
9052579b,2,1,0,0.28356015390101846
9061cc9c,2,1,0,0.010077388345729243
90778278,2,3,0,0.18060323563674108
908b1207,2,2,2,0.7981047034542
90a37530,2,1,0,0.10174024504244966
90fee6b1,2,3,0,0.3187141639573653
9105b812,2,1,1,0.9056619156544177
91098060,2,2,0,0.6230675711773457
911d1406,2,1,0,0.6884342664274289
912a91b0,2,3,0,0.5677609678218607
9130a22e,2,3,0,0.3826593446605172
91386987,2,1,1,0.7463542059621806
91656d27,2,2,1,1.166862900981998
916f7069,2,3,0,0.6585209862788141
9173f25b,2,1,2,0.8604255750279064
917990b2,2,3,0,1.138613287824386
9181b136,2,1,0,0.14418743877665968
91930eec,2,1,0,0.26020619302711506
91942b42,2,3,2,0.5844991369029003
91a5d06e,2,2,0,0.04406189099491675
91e23cc5,2,1,2,1.2090820944822107
91e86c47,2,2,0,0.418414291420175
91fdc1e0,2,2,0,0.5702696097158536
92293b06,2,1,0,0.9135013484976479
926a64d8,2,1,1,0.9629413306206984
926b3a76,2,2,3,1.0568893458144104
926bd07e,2,3,0,0.45229333200489485
92b18571,2,3,0,0.34863336552096647
92bb8516,2,1,0,0.34687087815189827
92bcf0e7,2,1,0,0.11432181729215252
930c567c,2,3,1,0.7442503007662488
932b5928,2,2,1,1.0354216067937365
93363059,2,2,1,0.8940277363008988
933da99b,2,3,0,0.8750241149983771
93507a1b,2,3,3,1.4099425979018814
93904b23,2,3,1,1.0058171820319175
93c72a97,2,3,0,0.9962797224415907
93cdae1c,2,1,0,0.47947464219015107
93f8b501,2,1,0,0.37058950967380133
93fd93c4,2,2,1,0.7422307596972996
9402b885,2,3,0,0.7741731147774324
9405bad1,2,3,0,0.3737759255191159
9416d70e,2,2,1,1.2272675787149494
948a7025,2,1,0,0.19313571453841455
948e1435,2,1,1,1.0523376058635532
9498cc26,2,2,1,0.8574602820964761
949f94e5,2,2,0,0.20178199918656842
94a1053b,2,2,1,1.024338739756782
9508b72f,2,1,0,0.6123046308719874
95488452,2,3,0,0.06343417870484414
95d57ff9,2,3,0,1.0026777437854035
95e04c4b,2,2,0,0.05992736677079269
96262441,2,2,0,0.172143988223121
9646a500,2,2,0,0.176267148207284
96595f1d,2,3,0,0.2882182480964232
966161e7,2,1,0,-0.0019616004520790487
966fffd0,2,3,2,1.303533714739491
9682cd0d,2,1,0,0.3076502039650972
96d6034f,2,1,0,0.15898127836260273
96de5f57,2,1,2,0.921564716534679
96f13763,2,1,0,0.062014632401929504
979a5c76,2,1,1,0.8287894765245581
97bb0cc0,2,1,2,0.8929222566066229
97d0593e,2,1,0,0.3863005620629357
981568fa,2,1,0,0.6248061346198994
983bcb5b,2,1,0,0.9580878958125973
98413061,2,3,0,0.14173434555394226
9853fb61,2,1,0,0.6678028591545766
98a4be3f,2,2,0,0.7495998035552308
98a81a90,2,3,1,0.8332199955133074
99328d2e,2,3,0,0.7691080430364495
99752704,2,3,1,0.6988642314490108
998115f3,2,2,1,0.4732977562050173
998cfa64,2,1,0,0.23446647454077146
99a1711f,2,3,1,0.9468715423324059
99a8a9e7,2,3,0,0.2433425090106962
99b15811,2,2,0,0.3865712656569683
99f0cc53,2,1,0,0.20068803105938798
99f3be05,2,1,1,0.6072746498379523
99fe5b44,2,1,0,0.6429292892859604
9a2082cf,2,3,0,0.30732382089133925
9a5aed6c,2,3,0,0.897041544826127
9a76906d,2,3,0,0.30713037931661163
9a7e4c38,2,3,0,0.5948402545453899
9aa1a2ae,2,3,1,0.346060912167349
9aab3e36,2,1,0,0.4521729480800144
9ab4909f,2,2,1,1.108829354161943
9af5548f,2,2,0,0.6098550665420693
9b328d6c,2,2,2,0.9901436443809313
9bc60f80,2,2,1,0.38840410080362064
9bd745aa,2,2,0,0.8991563714750018
9bf7051d,2,1,2,0.846256670575583
9c1ea003,2,2,1,0.6134728069438513
9c23dba9,2,3,1,0.8244388568832515
9c2df71f,2,2,0,0.09332336792777163
9c589c9d,2,1,0,0.09143748759983872
9c7a1561,2,1,0,0.1518173100442201
9c9cd7ef,2,1,1,0.37413815978440745
9cb303cb,2,2,0,1.3774573111485044
9cb32129,2,2,0,0.24068964100140994
9ccbc70b,2,1,0,0.3163574987988472
9ce139d3,2,1,0,0.1266676081650891
9cee3c19,2,1,1,0.5095535526561417
9cf04c41,2,1,1,0.6911122297282201
9d0670dd,2,3,0,0.18698942599258467
9d1b2d2c,2,2,0,0.1491590128424956
9d29b706,2,1,2,0.7599788003045582
9d65adbf,2,2,1,0.8647566643193945
9d6b1410,2,3,0,0.2783671998622746
9dbdbebf,2,1,0,0.06792540906804345
9dc74359,2,3,0,1.3303811907253513
9ddb06db,2,1,2,1.1446644439206355
9ddfb9e6,2,3,1,0.9310006503358064
9e027e04,2,1,0,0.25596565027498536
9e171735,2,2,0,0.6171504791922173
9e29b5d2,2,3,0,0.5205101827855547
9e4385f7,2,1,0,0.7015035283866955
9e7860ef,2,2,0,0.29804154154941226
9e964060,2,1,2,0.24169761008535823
9eb283e4,2,1,3,1.176934558911188
9f3ca269,2,1,1,1.1533791053172424
9f5f15ef,2,3,1,1.0083018881353243
9f6b9158,2,2,2,0.8890020328907327
9f70688f,2,2,0,0.04134265292244543
9f9be55c,2,3,2,0.7390153877021374
9fa5cdfd,2,1,0,0.29813938144459307
9fa68512,2,2,0,0.019775542200533347
9fb96ae3,2,1,2,0.9446831997779686
9fbc09a6,2,2,0,0.2687053967343132
9fec142f,2,2,1,1.037540531679728
9ff73d95,2,3,0,0.45040599994769026
a00c3ab0,2,2,3,1.6816990031852947
a00c85e7,2,3,1,0.9661805217850763
a0277c1c,2,2,0,0.3514809608873378
a032d7bb,2,1,0,0.3925712967235139
a0482f47,2,2,0,0.4676281606050413
a0497d5d,2,3,1,0.8192365062561275
a0510686,2,3,1,0.1167779216586145
a0522c83,2,2,2,0.5338135619929852
a0811cc1,2,3,0,0.5037333454812835
a08ebf6e,2,2,3,0.9307976727986547
a0dffdeb,2,2,1,0.19183361714197256
a148b46f,2,2,0,0.3056397372330998
a17f6cfd,2,2,0,1.1697915237460608
a196148e,2,2,1,1.499990558957304
a1df952c,2,3,1,1.1905161044523092
a1fe4f51,2,1,0,0.11330829723916869
a213c519,2,3,0,0.8603400482071053
a217e790,2,3,0,0.28515225658316096
a21ad8c0,2,2,1,0.8817915538014686
a221c60c,2,3,1,1.080845448732081
a2240f50,2,2,2,0.80922407480765
a263a68c,2,2,0,0.31381652682847316
a26c3e8f,2,2,1,0.2720883625794255
a28c7891,2,1,0,0.6934056963396413
a297d1b9,2,2,0,0.19537323476067542
a2994e55,2,3,2,1.2048308097788714
a2a8f352,2,1,0,0.1157401172084559
a302a015,2,1,1,0.41077306745757536
a30e6178,2,2,0,0.48283123034788356
a317c78a,2,2,0,0.5708185141137989
a3391798,2,2,0,0.2398639296694724
a3858c6a,2,3,0,0.8096092548276991
a38699a5,2,2,1,0.41825414056496746
a3abe528,2,3,2,0.5704559453794688
a3b146ca,2,3,0,0.25915596187864326
a3bd8858,2,3,1,0.9463714307458304
a3e53e34,2,3,1,0.8212165792844245
a3ec2999,2,3,1,0.49193912168736026
a402c6c8,2,2,0,0.35537339717267785
a40c8316,2,2,2,1.0018386673378799
a45230f4,2,2,0,0.6361047548489052
a4530b41,2,1,0,0.14692715689599567
a49eda7f,2,3,0,0.7571263634278953
a4be0322,2,3,1,0.5999776925589323
a4c15213,2,1,0,0.3493224357770288
a4e0447e,2,1,0,0.46324584034630406
a5024ef9,2,3,2,0.4263416626215035
a5078c62,2,3,0,0.654299400469541
a5099438,2,1,0,1.3745608102780038
a5356446,2,2,1,0.9392120855899654
a54d22e7,2,2,0,0.18489648576248335
a55b715d,2,3,1,0.6314411619106832
a5710c0a,2,2,0,0.46472025438218617
a5974a7d,2,2,0,0.5450106213519491
a5a737f3,2,2,0,0.3131766936371086
a5dbb00a,2,2,1,0.5486731817772194
a60b8575,2,3,2,1.254194407116158
a614af1b,2,2,0,0.5497782812362041
a62edc1c,2,1,1,0.11928285083519913
a65b2226,2,2,0,0.3209026594998486
a6969e1a,2,2,1,0.37923168845893557
a69f89e2,2,1,0,0.39019608700683045
a6e72e9d,2,3,0,0.22918111216120945
a6fbb2e7,2,1,0,0.24218642527228468
a70e9a7c,2,3,0,0.6184125106372353
a722f648,2,1,1,0.46397946867785456
a7639eb5,2,3,2,1.1637767012906801
a774c63b,2,3,0,0.6284719700215325
a7b9546a,2,1,0,0.42137868580112126
a7d2852d,2,1,1,0.9984138036584197
a808ad0a,2,1,0,0.8734582527958754
a84922d2,2,1,0,0.5887352504738231
a8722cde,2,1,1,0.7695942938416194
a88cd304,2,1,1,0.9233136602647664
a8926a86,2,3,2,1.275365214173806
a89284b2,2,1,0,0.181349593103305
a8c1aab5,2,2,0,0.3408045416116482
a8d90be8,2,1,0,0.7614353034031082
a8d9de72,2,1,2,0.4321755145378827
a8dc2e05,2,1,0,1.1622651044980714
a952659d,2,2,2,0.6671718103752503
a9595acd,2,3,0,0.3859230760122495
a95b4487,2,3,0,0.4675078787681819
a9717f92,2,1,0,0.6857867460960192
a971b3b1,2,3,0,0.10080492982089384
a9aa2336,2,1,0,0.6742679040116416
a9b84b96,2,1,0,0.03678740740458686
a9c3b925,2,2,0,0.41313295944771244
a9c53cdb,2,1,1,0.26377948671589746
a9c5f872,2,3,0,0.5631614250065559
a9e5794a,2,3,0,0.6132975459917663
aa61d9da,2,2,0,0.9713557732531137
aacb0b33,2,2,0,0.7239116674229905
aae9800e,2,2,0,0.7432000946637372
aaefeff0,2,2,3,0.8913301071025452
ab16a20d,2,2,0,0.524598099419197
ab1dc378,2,3,3,1.0804449714163142
ab2ad965,2,3,0,0.20451891722876986
ab36aa48,2,3,2,0.4207308654211822
ab4b6c15,2,2,1,0.8113757830646366
ab54c39e,2,3,1,0.82345055329372
ab5889ef,2,1,0,0.08876865307848802
ab6e1b81,2,2,0,0.10471907972415712
ab71f143,2,2,0,0.4919040143814582
ab8245da,2,1,2,0.26672102550663274
ab987c75,2,1,0,0.38944327388094674
abac67cc,2,1,0,1.1209081597142423
abb3b071,2,3,0,0.5652387550538623
abd1b232,2,1,2,1.1034167394910854
ac1ad4a7,2,3,0,0.18480696815850883
ac29ec80,2,3,0,0.20418529131180113
ac31e154,2,2,0,0.41720322191747283
ac3ba541,2,1,0,0.19589894984851763
ac5fad3b,2,2,0,0.12359900225566617
ac675a81,2,1,1,0.40667055249424666
ac67c949,2,2,0,0.1652409519464505
ac967bb9,2,3,2,1.039332101542339
acb75c15,2,1,0,0.5808241499462039
acde8e47,2,2,1,0.5849710168698042
aceefa4f,2,1,1,0.8785024483546282
ad0bbf35,2,1,0,0.06193340802246394
ad319a21,2,3,1,0.7338519619687633
ad380962,2,1,0,0.15924243824367096
ad536dea,2,3,1,0.6279238373610821
ad8945e3,2,2,1,0.5774223146187218
ad9f821d,2,1,0,0.8454793235892684
adbd6839,2,2,0,0.47312129516749896
adc2d620,2,2,0,0.3079534563569311
adc71322,2,2,0,0.5856573935833822
ade50eba,2,2,1,1.2275704245257444
adfef47a,2,2,0,0.03856941689995752
ae4fdae6,2,2,2,1.2070307131025055
ae6e4380,2,1,0,0.3056256474277341
ae712150,2,2,0,0.5406340510744223
aea92843,2,1,0,0.18388248714905053
aed29ee7,2,2,2,0.9025337905360793
af1c2775,2,2,2,1.2074861062143945
af485add,2,3,2,0.7208749959212312
af4f064e,2,3,0,0.2581841916899059
afa6cc9b,2,1,1,0.6396715626083421
afa92c37,2,1,1,0.7266619718434277
afae8244,2,2,1,0.34242426790360325
b01cb004,2,1,0,0.2855400490476208
b08423c5,2,3,1,0.8471664212755543
b092b360,2,1,0,0.6034110215050447
b0ab15a7,2,3,0,0.22795374677256686
b0b57cb7,2,2,1,0.34935542159621213
b120a337,2,2,0,0.5415763992916753
b13e0cd0,2,3,0,0.8143991146802589
b1883100,2,2,0,0.07459408344648388
b1a00510,2,3,1,0.44767512016089794
b1de4423,2,3,0,0.08328423945842289
b1f064ac,2,1,0,0.8734262854047758
b21f7b12,2,1,1,0.9911842623194372
b2290813,2,2,0,0.903580117357331
b23b9220,2,2,0,0.6920724987098075
b2594910,2,2,0,0.4542961148163508
b25abc27,2,3,2,1.193016922881247
b285eac6,2,1,2,0.27330089564240806
b2987a65,2,2,0,0.3934287038240521
b2b56219,2,3,1,0.6191068010675184
b2b792a7,2,1,0,1.224708855625696
b318f1d9,2,3,0,0.22418940207147914
b31dd1bb,2,2,0,0.8645206543994477
b347b9cc,2,3,0,0.23105866539758274
b37281d5,2,1,2,0.45966819725585345
b39504a7,2,3,2,0.7232746323485536
b397a73e,2,2,1,0.476878282894044
b3b200af,2,2,0,0.3452543654927326
b3d74a58,2,2,0,0.0268250244540984
b3dade53,2,2,2,0.7235545429179392
b3e10f59,2,3,0,0.126378947631464
b3e14267,2,2,0,0.8483987377301625
b3f5c066,2,1,0,0.5400257166669712
b4002374,2,2,1,0.7361645310438001
b412866b,2,3,1,0.9527540687408818
b41cee02,2,3,0,0.46188539633853315
b449ac61,2,3,2,0.8896830800197839
b4885e6f,2,1,3,1.157209392370127
b4bd49a0,2,2,1,0.23401022769536628
b4cfd8d7,2,3,0,0.5669138094538247
b4e69f09,2,1,0,0.16457940227429796
b516ca6f,2,2,0,0.572821734052183
b53a8f23,2,3,2,0.5526936212823828
b55f7943,2,1,1,0.4868473560285512
b57e33a6,2,1,1,0.15800794265928586
b5c2bc50,2,2,0,0.3059619533281384
b62a320b,2,2,1,0.3453696591727435
b64856e9,2,1,1,0.6309712534032397
b6af12af,2,3,0,0.561926064792412
b6caa7fb,2,3,0,0.41443820629253403
b6e9a65f,2,3,0,0.19013022729063628
b70db5d6,2,2,0,0.003162645960844257
b712b69b,2,3,2,1.0699020539032187
b746cbe3,2,3,0,0.24650708117911702
b78d5d2e,2,3,0,0.5746081650605124
b7a61f8d,2,3,0,0.18377797911904392
b7ac57d5,2,1,1,1.231971399911203
b7c3834f,2,3,3,1.4044026708294277
b7c410a9,2,3,0,0.579548330545186
b7eb466c,2,2,0,0.6364428614382736
b7ec062d,2,1,1,0.9359904098134435
b802aec3,2,3,1,0.787790833715874
b823508b,2,1,1,0.4205054883174344
b84754a9,2,2,0,0.5945265421185135
b89537ae,2,3,0,0.4511687123537964
b89b8154,2,2,0,0.31742708380269763
b8b48fbf,2,2,0,0.5444699919199762
b8bf20f9,2,1,0,0.3507354342159662
b8df3d7c,2,2,0,0.41584849707755367
b92be605,2,1,0,0.5278766042998156
b9318815,2,1,1,1.0904973012137873
b93e1e41,2,3,0,0.5035578887941612
b94ec4a1,2,1,0,0.6480767138909075
b95aad8d,2,3,2,0.9298626975256563
b95da85d,2,1,2,0.6909142738503712
b9b22bff,2,2,0,1.3289655872017672
b9c085ab,2,3,0,0.7311545138080224
b9d3616c,2,3,2,0.72435596265568
b9dcf632,2,1,0,0.20342517821197625
b9e20ba6,2,1,0,0.4756292737014687
b9eeb8fa,2,1,0,0.27417322382769643
ba09d63f,2,1,0,0.446048364603609
ba158a9c,2,3,0,0.6182383400930499
ba29cfb3,2,1,0,0.17449956709709763
ba42462b,2,2,0,0.3086166766990983
ba4294b3,2,1,0,0.40671387237939605
ba73bc7c,2,1,1,0.7644131133451695
bafc4389,2,3,1,0.3804274907127591
bb0d7d92,2,3,2,0.9565642267485401
bb4821ee,2,2,1,0.4991095354447697
bb808a71,2,2,0,0.7861325584768102
bbbd61c9,2,2,0,0.08430644467057319
bbd71a7c,2,1,2,0.9920115263603302
bbe5bedd,2,2,0,0.36556453930285326
bc06600f,2,2,1,0.7245526003812902
bc0c0f03,2,1,0,0.3018575043011927
bc1ec029,2,3,0,0.6563758099635842
bc4eaf77,2,1,3,0.9005634797074489
bc66f41d,2,2,0,0.4085383126416592
bc6bd8b2,2,1,0,0.23572530875387898
bc790ce0,2,2,0,0.4559075625060235
bc817a4c,2,1,0,0.11363050053343265
bc95339a,2,2,0,0.22051281981205684
bccebc5a,2,3,0,0.7582307801702524
bd124dbc,2,1,1,0.5058658137232525
bd480331,2,3,0,0.5077975455586881
bd4ccd4c,2,3,1,0.6428111416331216
bd713fb8,2,1,0,0.3802417280009683
bd932d04,2,2,2,1.5036935433177565
bdbd1afd,2,1,0,1.0120619867212657
bdbff28b,2,3,0,1.1346567590872616
bdcc7d10,2,1,0,0.27774522912424887
bdcddd09,2,2,1,0.5838590668663542
be1c3b0e,2,1,0,1.030600841145108
be210bc7,2,1,2,1.1875908622959441
be26335a,2,1,1,1.0201274681897474
bea525dc,2,1,0,0.6949722327126051
beafa6f9,2,2,2,0.8084277548440222
bebff291,2,3,0,0.14179884069388987
bee4eab0,2,1,1,0.5597213919159884
bee51adb,2,1,0,0.3296778762819751
bef89ce4,2,2,0,0.32762457260548977
bf0942bc,2,1,0,0.6217675715342275
bf18965c,2,1,0,0.5018755277820284
bf280e13,2,1,1,0.6433581532897662
bf31e0a7,2,3,0,0.1503072078645754
bfb421f9,2,3,2,0.6913472006750274
bfb52472,2,2,1,0.8525394135331581
c00c663c,2,2,1,0.6242464176249203
c03c0758,2,2,1,0.19447003687821246
c0442863,2,1,2,0.9677257311532643
c0869eb0,2,2,0,0.3699139125150991
c09d41cd,2,3,0,0.8323829527322624
c0a7d046,2,3,0,0.9784857316372271
c0adc389,2,3,2,1.2552151597946724
c0c168fa,2,3,0,0.22700701420321806
c0d5b3f3,2,2,0,1.0083375238906642
c0f2a046,2,1,0,0.6640996132855043
c1200b71,2,2,0,0.1280743384788659
c1373df0,2,2,1,0.20474507949212756
c192715a,2,2,0,0.7706147198106381
c1add876,2,2,1,0.45060554571536027
c1ed20ef,2,2,1,0.36054906636929773
c274a243,2,2,0,0.08318649533467931
c2adf42c,2,2,1,0.7403478307488798
c2b40d6f,2,2,0,0.3537290631006572
c2bac6ad,2,2,2,1.1194208149499976
c2bac92a,2,1,0,0.6099676094936922
c2e15338,2,3,2,1.2313994719603532
c2ea6e54,2,3,0,0.36502475036665183
c3061b23,2,3,0,0.6486772631978237
c30f5122,2,3,2,1.1187358704176726
c31a5825,2,2,2,0.22261346975950275
c35218d4,2,2,0,0.19990992658592677
c3760eb9,2,3,0,1.1679204496778004
c37ef416,2,2,0,0.3579027087369371
c38585c5,2,2,1,0.2984214393058188
c38a5c9b,2,2,2,1.2908012316783832
c391e9c0,2,2,1,0.4272374168665913
c3a3f61e,2,1,0,0.4196662513741925
c3a86e3e,2,1,1,0.22105810642163987
c3b87e5c,2,1,0,0.25185835359875364
c3d46daf,2,2,2,0.7727755350603689
c3dde859,2,2,0,0.2703147396973886
c409bc9d,2,3,0,0.1389579238972669
c40bb352,2,1,1,0.2354950183795061
c41274a7,2,3,0,1.1257656977624353
c42b7972,2,1,0,0.8461920290967204
c43b985c,2,1,0,0.4986794903555011
c4a681dc,2,1,1,0.24422210891950413
c4aa8d47,2,2,0,0.0876057146471767
c4c86e6f,2,3,1,1.1964674214236144
c51c1139,2,3,0,0.3076617729510291
c5462e87,2,2,1,0.3632008629588154
c55cc646,2,2,3,1.0895664141777046
c5cfaeae,2,1,2,0.7005185179237897
c5e91ebc,2,1,0,0.36972240860985683
c5f3d60c,2,1,0,0.10171417249432069
c6287031,2,1,1,0.8695126400903039
c6313b18,2,1,0,0.3092823528714466
c63f1965,2,1,0,0.32309431402868616
c6575d38,2,1,2,1.4522090020257798
c66daa08,2,2,2,1.0034879846719598
c678730b,2,3,0,0.33980667503324985
c68c9809,2,2,1,0.5876832780572461
c69ffa09,2,1,0,0.9755963954799441
c6a92a65,2,2,0,0.37418837262556515
c6b7811e,2,1,2,0.3833330746102689
c6cb894a,2,1,0,0.693217979716383
c6cc7467,2,1,0,0.8740436331425898
c6d4b453,2,3,1,0.26296570417406023
c6da0d4b,2,2,0,0.3818535733486821
c6fd800e,2,2,0,0.23992981609819408
c706a54d,2,1,0,0.12082702801828094
c715832b,2,3,0,0.547768692614337
c731458f,2,3,1,0.7123410295706063
c73f149c,2,1,0,0.24820081647236236
c79039af,2,1,1,0.2964223485248642
c7d61396,2,1,1,0.42899157811735006
c7d9e964,2,1,0,0.2901400870098419
c7fd8939,2,2,0,0.189004917726325
c805ebe7,2,3,0,0.13249222341640243
c8270746,2,1,1,0.8321334215694134
c829500d,2,2,0,0.35853584179145315
c892f324,2,3,0,0.2506630657884679
c8cc2e1b,2,1,0,0.23118679512755014
c8d6b871,2,1,0,0.48500594862564844
c9133895,2,3,1,0.5576222288328101
c9537127,2,3,0,0.7617797951672531
c9600298,2,3,0,0.2817585378918188
c96b9609,2,2,0,0.17965752007784364
c9879365,2,1,0,0.5595203032809672
c9a57335,2,1,0,0.2249567120728695
c9ad9c75,2,2,0,0.7918984233240628
c9d47171,2,3,2,0.36064324528640823
c9dabad5,2,1,0,0.4697549495101657
ca1bdcd3,2,1,0,0.3055777580000638
ca3204b0,2,3,0,0.7379671479567234
ca33a5e7,2,3,2,0.45941330988738127
ca724703,2,2,0,0.5197003664650165
cac0f438,2,3,0,0.36619400882775205
cad3bc70,2,1,2,1.0836228379795005
cae0531e,2,1,1,1.0675631014929388
cae31194,2,2,0,0.36911813856210657
caec8d59,2,2,2,1.2141542734482482
cb054226,2,1,2,0.5090932865209631
cb2752bc,2,1,1,0.6186530927022585
cb3b7c3c,2,1,1,0.7486362195867636
cb73fed9,2,2,0,0.2621528533177543
cba1c8b5,2,2,0,0.7554651811350942
cba39753,2,3,0,0.8453624034134044
cbb1ddec,2,1,2,0.757237829130775
cbcf8cf2,2,2,0,0.7272430716100098
cc010b72,2,1,0,0.1548637153964061
cc16d472,2,2,2,0.9084939051303159
cc224be2,2,2,0,0.4962420719983215
cc25e136,2,2,2,0.9948744476773534
cc477243,2,3,0,0.42931955096551444
cc5143df,2,2,0,0.6151933570055613
cca40abb,2,1,0,0.11438369312988061
ccc9db97,2,2,1,1.543132915035581
ccd0fe74,2,1,2,0.8420584230714805
ccdb4ae5,2,3,0,0.4709470120700855
cceddb57,2,1,0,0.7535210624908555
cd1fff5a,2,2,0,1.1641545807213531
cd36e51d,2,2,2,0.9931478810516728
cd39e576,2,2,0,0.43686270585083276
cd68643b,2,1,0,0.12724057858922083
cd703872,2,2,0,1.1310401481535397
cd89d5f1,2,1,0,0.9108286324184554
cd8f3c61,2,1,0,0.19023495074061036
cd92eaf6,2,3,0,0.39638737412057723
cda90e9e,2,1,0,0.5927370151952028
ce031b1b,2,1,0,0.3668845612578615
ce379a6a,2,2,1,0.6421200827676719
ce95b2e1,2,3,2,1.0080464325142606
cea35700,2,2,0,0.30920002327885376
cea73edd,2,3,0,0.4939539113514295
cedf96c5,2,1,0,0.40216507411788077
cefdb7fe,2,2,1,0.825846914166147
cf0d6d38,2,2,0,0.15382884717930712
cf1b9d44,2,3,0,0.7289544240219772
cf2e4065,2,2,2,0.3510421548225774
cf86987d,2,2,2,1.295910697715673
cfbbdd3d,2,3,1,0.5507380971887277
cfcf9dc9,2,1,2,0.28605018935989235
cfe4cf40,2,2,1,0.7275904415107965
cff4bcee,2,1,0,0.27632700716563074
d00b493e,2,1,0,0.7488044919890029
d0429481,2,3,3,1.4391728758957119
d05f5d71,2,2,2,0.5598629875847319
d08806a2,2,2,1,0.5577647059781543
d0ac4f1c,2,2,0,1.3866693798508338
d0ef0744,2,3,0,1.0135545493963065
d11428bd,2,3,0,0.748820652323479
d1145910,2,3,1,0.7964717051940388
d14d79b5,2,3,0,0.3645169748998862
d19e1025,2,3,1,0.4603900686733194
d1a38988,2,2,0,0.2571997798489396
d1aa6625,2,2,0,0.40852048099056965
d1ab95e5,2,1,0,0.4551611636455847
d22e7168,2,1,0,0.4903582825874304
d28f0d44,2,3,0,0.6327483114138305
d2b84f45,2,1,1,0.9045814461676152
d2bcca68,2,3,0,0.357317261226771
d2d9b474,2,1,0,0.6179075504204631
d2fcde50,2,1,0,0.290560398157201
d3b860ab,2,2,1,0.0249898959835142
d3bf6d28,2,2,1,0.8493645366193674
d3da09e8,2,3,1,0.9789262890643532
d3e45961,2,3,0,0.6361821273875375
d42454d4,2,1,0,0.31322339302402036
d445fb74,2,3,2,0.8814090821723857
d476f528,2,1,2,0.6776595622836461
d4a81b97,2,1,0,0.7812606539759093
d4b935f8,2,3,0,1.0557520337637463
d4bfc83f,2,1,1,0.14650192818480073
d4c2e9a1,2,2,0,0.16736741684302836
d4f3e585,2,1,2,0.8836135643533445
d506f4c7,2,2,1,0.9820325274931169
d50a8c3c,2,2,1,0.8552488116313376
d547d0da,2,2,1,0.4845322113001748
d565ccf6,2,1,0,0.5359807783282772
d57380cf,2,3,2,0.9516933633939484
d57802c5,2,2,0,0.2978172114254756
d57f6c9e,2,3,2,0.8490145298674735
d5874bad,2,3,1,0.9052032023266782
d5a8d9b0,2,2,2,1.072056857033929
d5b089a4,2,1,1,0.5741725643554983
d5cebbfc,2,2,1,0.4976501158610006
d5fb07d2,2,2,1,0.8738701017249326
d5fde276,2,1,1,0.4637687496986873
d6007386,2,2,1,0.4764341254640851
d61359ee,2,3,0,0.04338864318506763
d6251195,2,2,0,0.12524271621627098
d661ddf7,2,1,1,0.6889290768697837
d66aed49,2,1,0,0.2915146975386105
d6723b39,2,2,0,0.25121770197069077
d6776176,2,3,0,0.1811831250512792
d6be0a92,2,1,2,0.38019629622855056
d6c4d9eb,2,2,0,0.5014962553727226
d6c6baa5,2,2,0,0.6826042193062247
d6cca65e,2,1,2,0.9001786675044592
d6e613bc,2,2,0,0.6193415390201157
d74e4d7c,2,3,1,1.0059939542238348
d766a1c8,2,1,0,0.8866150608403429
d788a6a8,2,1,1,0.23377092396502558
d78c55fb,2,1,2,0.8604676263771042
d78f437c,2,1,0,0.1394092668924235
d791703f,2,1,1,0.872775708561744
d7c063b4,2,2,1,0.13422322654005153
d8037389,2,2,1,0.7334721308625345
d80b8bb6,2,3,1,1.2102712260458484
d8196954,2,2,0,0.22229144899923314
d81f28d3,2,3,0,0.19972551522788107
d82e9b87,2,3,0,0.18286847084819313
d859115e,2,3,0,0.8397075883067794
d85a62b3,2,1,2,0.4362929859096929
d85b7c71,2,2,1,0.4198481972827118
d87d3d03,2,2,0,0.402612204795506
d87e2d01,2,3,1,0.9843632060976665
d8a78157,2,1,1,0.926637410016109
d8b066ad,2,3,2,0.7029876645000771
d90900e1,2,2,0,0.3843631373845866
d94c91bf,2,2,0,0.30410332184677863
d9ae9a13,2,3,1,0.8212182512041248
d9f16cd2,2,3,0,0.44296318370647225
da0001de,2,2,1,0.21853004319626423
da09ed4b,2,2,0,1.012414863749326
da15064a,2,1,1,0.5572495934139154
da19c97e,2,2,0,0.14093733449206702
da1b21b1,2,3,0,0.17902902100235396
da5a8921,2,2,0,0.2006436212903276
da94e67d,2,1,2,1.1053047807683507
daa9b0aa,2,1,0,0.19522885630416914
dacc2f83,2,3,0,0.7735501265590295
dacfdb2c,2,3,0,0.21790086561408345
daf3969c,2,2,2,1.1456806345014199
db175ab6,2,2,0,0.26676993645292163
db23fbe4,2,3,0,0.6575598374519821
db38d1f9,2,1,1,0.6811467951031738
db3b1dd1,2,1,0,0.26328316954599384
db49ac7c,2,3,0,0.7970117237097255
db746de0,2,2,0,0.6930795001223057
db9353fd,2,2,0,0.20914945399988605
db9eae59,2,3,0,0.6993195690417175
dc168599,2,3,0,0.2814847898866578
dc33dcef,2,1,0,0.4575825723949347
dc4e9e2f,2,2,0,0.6146677313766622
dc52906a,2,3,1,0.3943369658683685
dc6870da,2,3,0,0.46729330379589773
dc81eac1,2,2,1,0.3474574383997793
dca065be,2,3,0,0.3945495984269979
dcd2586d,2,2,0,0.6835218554914824
dce2a54d,2,2,1,0.3131034227546544
dcfcd574,2,3,0,0.504565157086784
dcffa5d6,2,3,0,0.34756756852522264
dd02cfa1,2,3,1,0.35645436515830065
dd6679a9,2,2,1,1.1396679019871714
dd689eb0,2,3,0,0.09167229057295384
dd9c9576,2,1,0,0.3060354874527254
dd9ce3c4,2,1,0,0.4720847626616605
ddd0cb12,2,3,0,0.3125016221965263
ddd9a88d,2,3,0,0.8782438717538145
dde82df7,2,2,0,0.0665123447585475
ddfddd87,2,2,2,1.2716323729909287
de6797db,2,3,0,0.2990992037403095
de742c5c,2,3,2,1.100448775331866
de91310c,2,2,2,1.4603593107376522
de961552,2,2,1,0.19840621847489687
de9fe1e0,2,3,2,0.9276785949489361
dea0552b,2,2,1,1.0912943902657628
dec9056d,2,3,0,0.08934129318070827
dee8b1bd,2,2,2,0.7381370604323579
dee9eb9c,2,2,0,0.6668158949945452
df4a0fee,2,1,0,0.4845785207406847
df4ab9b1,2,2,1,0.7397231107912958
df4d2085,2,2,1,0.4436199888057507
df556fd2,2,2,3,1.0703963387690378
df98fbb4,2,1,2,0.5819467413613022
dfaa2a59,2,1,0,0.20487860182597695
dfd87763,2,3,0,0.3385642801090982
e016d96c,2,3,0,0.6531360195747592
e0271395,2,2,0,0.1920335490162272
e0283d3d,2,3,0,0.09902368547496643
e049dab1,2,1,0,0.5643020033383289
e0655da2,2,1,0,0.2720988638465506
e0706ce2,2,2,1,0.5326759293899501
e072b994,2,2,0,0.03380484871522704
e0736134,2,1,0,0.39468648130699074
e07fa0b1,2,3,2,1.0985898847309878
e0869709,2,2,2,0.9236783114459185
e0a7f42a,2,3,1,0.705683066685849
e0ad6550,2,2,2,0.35218012754553685
e0c4e965,2,3,0,0.5296105634153524
e0db55b1,2,3,1,1.0049093599502152
e0e35d4e,2,3,1,1.2793303266670146
e0eb3ea8,2,2,2,0.5400747125457204
e11be9c1,2,1,0,0.813077645804569
e15fe97b,2,2,0,0.5244765836250542
e16a4784,2,1,3,1.264532552153102
e17b9cae,2,1,2,1.0359891221864066
e1958a83,2,2,0,0.08460778654338663
e1e02e28,2,3,0,0.3591280609051779
e1ea8dd7,2,3,0,0.7866998698394522
e21255e2,2,3,1,0.6749939734809256
e22cf08a,2,3,0,0.3694253768046287
e23a8a0a,2,2,0,0.4114563902460969
e243119c,2,1,0,0.4576512525841189
e252dcb6,2,3,2,1.2257576705411126
e25f7b9a,2,2,1,0.15594659792782178
e28c0bfa,2,3,1,0.8269441661020605
e296c5e4,2,3,0,0.2367726844333113
e2d370a2,2,3,1,0.7173823621218682
e2fcc91e,2,1,0,0.28403629777031014
e315fdd7,2,2,0,0.850013405260414
e318ec9a,2,3,0,0.19150334077491216
e328a032,2,2,0,0.5673713685794891
e345b271,2,2,1,0.2671293719059393
e34b9430,2,1,1,1.1224809543966736
e362108f,2,2,0,0.5678383989703901
e37d000b,2,3,0,0.2643080589090729
e3aa85a3,2,3,0,0.341506988868243
e3aa9dcb,2,2,1,0.9796260660625646
e3bb3735,2,3,1,0.7916015196751182
e3bce7e1,2,1,0,0.9111242996662303
e3cec795,2,3,1,0.3501673269285659
e3d5aab8,2,2,0,0.11042996598984972
e3f71f7a,2,1,0,1.0615496198757408
e40319d7,2,1,1,0.5260941796909254
e4614ec6,2,2,1,0.20866590476668362
e46417a7,2,1,0,0.05051736907041249
e4762a2b,2,2,1,0.5902315166654275
e47c1eb7,2,2,1,0.595137644080674
e4a2e3bc,2,3,2,0.42883894101254016
e4ab3b12,2,2,0,0.13131017153450597
e4b47411,2,3,1,0.6789087407591905
e4c008b9,2,1,0,0.32803986851672895
e4d396d7,2,2,0,0.2552645012996402
e4d5bf2b,2,1,1,0.635207215773826
e4db6712,2,3,1,0.42473556904293785
e4e58096,2,3,0,0.5157972746974365
e4ee6ff3,2,3,0,1.066624854450925
e51193d1,2,2,2,0.27418709788438045
e515c971,2,2,1,0.6163871078675255
e5349ce2,2,3,0,0.19545505513616374
e537418f,2,3,1,0.9279985269553543
e5b902bc,2,2,2,0.6365155272212851
e5d77ff3,2,3,1,0.7541384452540314
e6169c6d,2,2,0,0.29154705118767527
e63000c5,2,2,0,0.0653326124958149
e63a0ea8,2,1,0,0.12410324741252854
e664dd71,2,3,1,0.06861310199720905
e683d2c9,2,1,1,0.6933397644100802
e71f347e,2,3,0,0.9149694852393951
e72af462,2,2,1,0.642904518196492
e739c579,2,3,1,0.9383495725769889
e7401605,2,3,0,0.18020042565018152
e754411f,2,2,0,0.92199479223649
e76ad778,2,1,2,0.9960991287556045
e79487a3,2,3,0,0.2659430735879883
e7bbb32e,2,3,1,0.6151797620358658
e7d08824,2,3,0,0.8206470398185346
e7db9aef,2,2,2,0.8070560206530228
e7e43817,2,2,1,0.2715768511115241
e7ee0921,2,2,0,0.13157840568279316
e8313da5,2,2,1,0.18062730704990781
e86bb780,2,2,0,0.11266119246361794
e88aa867,2,2,0,1.287667064428085
e892aec6,2,1,1,0.21337627161350492
e8ac21d2,2,1,2,0.7065167714712906
e8b64419,2,2,0,0.7134032295917555
e8e82627,2,1,0,0.35555709638271177
e9030ab7,2,3,2,0.9607504658203962
e90a63d0,2,3,0,0.5084137376883713
e912c973,2,3,1,1.1695343015729813
e934bf0a,2,1,1,0.5513072300910425
e93cce44,2,1,1,0.3743393889422034
e96763c1,2,1,1,0.616402380532107
e9a6c514,2,2,0,0.2812058207178993
e9b642a3,2,2,1,1.2159365770286232
e9ca5586,2,1,0,0.3875592626225247
e9d94c4e,2,1,0,0.4908528684275296
ea38bd63,2,2,2,1.532349913293836
ea4619ec,2,2,0,0.43330787773350204
ea544af3,2,1,0,0.7187234596463503
ea7277b4,2,2,0,0.5034586291306011
eaa4821d,2,1,0,0.1275838607588216
eaab7a96,2,2,0,0.7356503367531286
eac08386,2,2,0,0.16991574802784937
ead25f13,2,2,1,0.33131674467221783
ead871be,2,3,2,0.005882204294976545
eb00abb3,2,1,1,0.05900808976701821
eb5c46b0,2,1,0,0.9298450588170134
eb749e46,2,1,2,1.0388744744515594
eb891208,2,1,0,0.6366271267364615
eb90ee20,2,3,0,0.4179532768326445
eb93a46a,2,3,0,0.23408849750413657
eb9a846d,2,3,0,0.5011935337680475
eba27772,2,1,0,0.13546136324918417
ebd6f819,2,1,1,0.7382276694710563
ebf2b0c9,2,1,0,0.5923350432081538
ebf30e46,2,1,0,0.7794458370013705
ec0f4afa,2,3,0,0.37786305448330215
ec13a1b9,2,1,2,0.3046123450993851
ec220299,2,1,0,0.849076224680892
ec4a1461,2,3,2,0.8557109074589839
ec619149,2,3,0,0.5747521682345003
ec65cd62,2,2,0,0.40509298095125906
ec850b10,2,3,0,1.0060042120284565
ec890dbd,2,2,1,0.4941738732977799
ec8f8f95,2,1,2,0.7856734006715691
ec9179b7,2,1,0,0.14628425228047487
ec9195be,2,2,0,0.38127796608318537
ecb1c038,2,1,1,0.4309325305033198
ecd22509,2,1,2,1.0433550084104208
ecd25dd1,2,3,0,0.9525610723393806
ed0b3906,2,1,2,0.9809522826176321
ed50a6f6,2,2,2,0.6699329133421849
ed61b01e,2,2,0,1.1309589552079204
ed711416,2,3,1,0.4541527148424467
edb86a64,2,2,1,0.6086799858180246
edb9d0f3,2,2,0,0.27705236324267407
edbf35f3,2,1,2,1.3146675674888448
edeec50d,2,1,0,0.26822268639142266
edfe1f8d,2,2,1,0.7989727122572449
ee0fa75a,2,3,1,1.187021771767042
ee21612e,2,1,2,0.8378309500168417
ee2bf575,2,3,2,0.9177574243302484
ee4e9eed,2,1,0,0.29948448227150676
ee654259,2,3,1,0.2227899386560473
ee67eb55,2,1,0,0.3318808248894217
ee74be35,2,1,0,0.5275931368466866
ee7de96c,2,1,0,0.03796102340397356
eea74d46,2,2,1,0.18224714220762717
eeedcd5e,2,2,1,0.8350831539784813
eeefa792,2,1,0,0.47107981714688274
eefeb431,2,1,0,0.8485348761728448
ef07f833,2,3,0,0.14566005757101497
ef9617e7,2,1,2,0.6151785012989844
efc2bc05,2,2,0,0.6752969163230685
efcef0d6,2,1,0,0.6101217026025637
efedde24,2,2,0,1.4645076132325472
f028534c,2,1,0,0.541506925139712
f0356a48,2,3,0,0.4136915840650423
f043be76,2,1,0,0.7690836128810447
f08a5ac3,2,3,0,0.6085709837848141
f0957ca1,2,1,2,0.7021823934286082
f09a076a,2,3,1,0.9313863831771593
f09b02cd,2,3,0,0.5173747564358377
f09e7b33,2,2,2,0.7198470068581121
f0b5d026,2,3,2,0.5697073894196276
f0ed5690,2,2,0,0.4097064162651357
f0f3e41f,2,3,0,0.8294468448109533
f11e17c0,2,3,1,1.0081461228891344
f14e55d7,2,2,0,0.6562140547286068
f15dca1b,2,1,1,0.6170142216622941
f1702318,2,2,1,0.42019075375094384
f1a16e58,2,3,1,0.6656348243478638
f1baabc1,2,3,1,0.3058392324141347
f1baae47,2,3,1,0.7356053569206111
f1bd0f59,2,3,0,0.8361054052341059
f1c3cb6b,2,3,1,0.7589722943380023
f1ed2e85,2,2,0,0.32295336583493794
f1ee75bf,2,1,1,0.4276033308102106
f220a837,2,3,1,1.0136495982738696
f2260009,2,2,0,0.4133540055325424
f240387a,2,2,1,0.40651677946336573
f2499682,2,1,0,0.27189459177023706
f285b43c,2,1,1,1.1076530178084094
f29d4094,2,2,1,0.9457655764735111
f301e7a9,2,1,0,0.3323395270049334
f32a9580,2,2,0,0.3354632110993755
f35b607c,2,2,0,0.5364585656517539
f3aac45a,2,3,1,0.8901501435296679
f3d22832,2,3,0,0.5873422883463554
f3fbe6c9,2,2,0,0.7342428070914802
f4114031,2,2,1,0.632808784958254
f4223e3a,2,2,2,0.5239065634485705
f44f1227,2,2,0,0.384719986810387
f47a67cc,2,1,0,0.07166078818666799
f47abc42,2,1,0,0.5684778669057683
f497dd7b,2,2,0,0.46144912604674565
f4ece6b5,2,3,0,0.1797988154248265
f52a2597,2,2,0,0.66817430543807
f54eebeb,2,3,1,1.1356823505885423
f566e5cc,2,1,1,0.8361432914551588
f57de847,2,1,0,0.6491486807057558
f584742f,2,3,1,1.2105086708552517
f58ddd4a,2,3,1,0.6005699298812275
f5ad7abc,2,1,0,0.14516253252377292
f5b2acf0,2,2,1,0.36354471514129405
f5d4c82e,2,3,1,1.0175385620235016
f5e64c94,2,2,1,0.5479302204823978
f6284dcb,2,1,0,0.46029296572401096
f64e1d85,2,2,2,0.26846834289844446
f67908e7,2,2,0,0.38238612570303243
f68f158d,2,1,0,0.6435037823423256
f6b719ee,2,2,0,0.17991373589015197
f6c0e2b7,2,3,1,1.1337971739996118
f6c20447,2,1,0,0.13801781194898866
f6cc80a9,2,2,0,1.3152472749098485
f6d3a5ad,2,1,0,0.3873198861418701
f6d6f400,2,2,0,0.9200929088675087
f6d879aa,2,3,1,1.0172205011117539
f74c45c1,2,1,1,0.8105124612593602
f74eda33,2,2,2,0.9694704403528631
f75c957f,2,2,0,0.12040465499052272
f77c2636,2,1,1,0.9737225297214407
f7b1374e,2,3,1,0.7951620685011515
f7fc97cf,2,2,0,1.0060712951018562
f81598bf,2,2,1,0.6216648002358445
f817f33a,2,2,0,0.17882598975030828
f848f42b,2,2,1,0.320681199251549
f869d220,2,3,1,1.2026144715127154
f8b08332,2,1,0,0.5087101126401953
f8b36382,2,2,1,0.4438956090373163
f8bf4a1c,2,2,0,0.9701066590766605
f8d293a0,2,2,0,0.09178842722290048
f8ff0bc8,2,1,0,1.0508774719068006
f9384fa2,2,1,1,0.8644638389348833
f958efdc,2,2,0,0.67772692926962
fa293db8,2,2,0,0.39592854993007853
fa29ab47,2,1,0,0.1939642871785039
fa34f945,2,1,1,1.1774202172507664
fa3e1e21,2,2,0,0.29893006672113787
fa4f0329,2,3,0,0.4487626513325207
fa62d7b1,2,2,0,0.5268544643688411
fa633e39,2,3,0,0.5946042252728295
fa9a0add,2,3,0,0.07878040881674264
fab75c2c,2,2,0,0.3419726462421661
fad07fce,2,2,0,0.5284312615348472
fb04f7dd,2,1,2,0.3455275092313155
fb22e454,2,1,0,0.8427624412223391
fb2c4db6,2,2,0,-0.03118150809088438
fb2ddbd1,2,3,2,0.5589376316402805
fb3c2c87,2,3,0,0.4638971884752932
fb9982a2,2,2,0,0.21444229983607832
fb9b060f,2,3,2,1.296922131209187
fb9c5a33,2,3,0,0.5088501066910438
fbb39bfe,2,3,2,0.9880289951240571
fbbd97b1,2,1,0,0.5775464259561984
fbc6ade7,2,2,1,0.09339555993188742
fc2c2c08,2,2,0,0.39205107890265656
fc41be2f,2,3,0,0.16300168927361586
fcc6347f,2,3,0,0.30011224960324234
fcd9a6bb,2,3,0,0.2595377962453149
fd028ecc,2,2,0,0.3198475846041997
fd0d9bca,2,2,0,0.15055378766451427
fd5589f6,2,1,0,0.20368024712689686
fd56e059,2,2,0,0.3038148413198313
fdc11b96,2,1,0,1.203371229198781
fdea7d9e,2,1,1,0.9089111643759671
fdf4691f,2,2,0,0.6213718438151727
fe2bc235,2,1,2,0.5734441272100004
fe3cbf02,2,3,0,0.21405706576385858
fe5e2dc9,2,2,2,0.45051440455258984
fe6afaf9,2,1,0,0.5560634304015042
fecc07d6,2,3,0,0.12550056277114302
fee07f32,2,3,0,0.30319127242466526
fefaffe0,2,2,0,0.5104910760375962
ff18b749,2,3,0,0.4909217795706399
ff60112d,2,1,1,1.2614748998568912
ff6c2bb8,2,3,0,0.48892934780375663
ff759544,2,2,1,0.23564339790979705
ffcd4dbd,2,2,1,0.8200598857698117
ffed1dd5,2,3,0,0.8361705531373766
00008ff9,3,2,2,0.4101047072857994
000fd460,3,2,0,0.4118562526786012
00105258,3,1,0,0.5608917119724841
00115b9f,3,1,1,0.35568006390866486
001f3379,3,1,1,0.5674147428953191
0038ba98,3,3,0,0.5434314321172262
00abe655,3,3,0,0.5672406008130263
00ae59c9,3,1,1,0.8617339987411583
00c0cd71,3,1,2,0.4808995403944492
00d56d4b,3,3,0,0.09015748917917965
00f332d1,3,3,1,1.001952512063073
00f574e9,3,2,0,1.140763568917164
01085eb3,3,2,0,1.0633709409136285
01182ce3,3,2,2,1.4172389415608864
012cadd8,3,1,0,0.4066989671329355
012e3869,3,3,0,0.16444392065700025
014c303e,3,3,0,0.3627595629910719
015ba5b1,3,2,2,1.0366921189457916
02073150,3,2,0,0.15275527941440153
0219f64a,3,2,2,0.5407442549138521
02347f13,3,1,0,1.0569301788274466
026102c4,3,2,0,0.13756103590034607
02648a1c,3,1,0,0.4507285726100292
026fcbc3,3,3,0,0.5701127611293382
029a19c9,3,2,1,0.9169901698755814
02a01f18,3,3,0,0.24832734078414148
02c4cf7f,3,2,1,0.501783032608793
02cf7384,3,2,0,0.8530986969852421
02dcf62a,3,3,0,0.38582992287358675
02e56a7c,3,2,0,0.42700872215664487
0347462d,3,3,1,1.3044678070446594
034f923b,3,2,0,1.0458378557832306
0357a10e,3,2,1,0.3235069843301268
035c96dd,3,3,0,0.5072413073673983
0380e709,3,2,2,0.7486417384732621
03833cec,3,1,0,0.16890571863099418
0391e587,3,2,2,0.5523804037143405
03a5c2d6,3,2,0,0.6948779084874316
03bf5026,3,1,0,0.505652528268783
03f1c1c8,3,2,2,0.8278949981209894
0417c91e,3,3,0,0.07486143278407742
04370442,3,3,2,0.3320424259028217
045a0a94,3,1,2,1.2161861100045064
0471236c,3,3,0,0.16818437382817358
0499c3e8,3,3,1,0.7299264550174418
04ad419d,3,2,0,0.3866379392445661
04af8fdd,3,2,0,0.5396682926122873
04afb6f9,3,3,2,0.6997440249451818
04b3cc70,3,2,0,0.4748683419665572
04cb2c30,3,3,1,0.5692954156271276
04d06a9c,3,1,1,0.565332910790947
04f094a8,3,1,1,0.7903447775317928
0506b9cd,3,2,1,1.3209358625509233
051680a0,3,1,1,0.45362171739159307
051f73ae,3,2,0,0.44706864672549496
052a1122,3,1,1,0.5169429598428635
053d7d31,3,1,0,0.5535489468459016
055156e2,3,3,2,1.2524726339564873
05777ce1,3,2,2,1.2132153160435988
058990e9,3,2,1,0.8434155938355503
058d2812,3,1,2,1.1956483983253978
059e02ab,3,1,1,0.8502525809561046
059eed01,3,2,0,0.2189324840442004
05bbed1b,3,3,0,0.05026076063322271
05bc318e,3,2,1,0.7132575524174749
05db1b9b,3,2,0,0.4321341727317747
05e67680,3,1,0,0.5999883906523307
05e94f88,3,1,0,0.3113467365802666
05f2d1b5,3,2,0,0.29312754013292014
0610c066,3,3,0,0.22192994313051267
061f2866,3,1,2,1.2848107229842742
0632d98a,3,1,0,0.409278152572999
063353cc,3,2,0,0.9203926783307146
063b16fc,3,2,1,0.838462210463882
06472198,3,3,0,0.09312838374323429
064e8da5,3,1,0,0.01676975735094477
065801e3,3,2,0,0.720596318883901
0668373f,3,3,2,0.46240119162664445
0676ead5,3,3,0,0.48663233613689877
067de065,3,2,0,0.18489744376318618
06c7dcff,3,2,0,0.4456576230399638
06c8b2fb,3,2,0,0.07240075025387771
06ec8be3,3,3,1,0.35860766086657897
070386b2,3,1,0,0.6175478885899791
0720320e,3,1,0,0.5341849052508425
0745c390,3,1,1,0.5419751473810854
077ac7a2,3,1,1,0.2558240952242066
080698b7,3,3,0,0.586778115264451
082df556,3,1,0,0.7058721842085797
0844aee7,3,2,1,0.2866811688745126
08577722,3,3,0,0.1975320382901013
08660d12,3,2,2,0.8419393701798781
086d6e7f,3,3,0,0.19793164290759008
0884aca8,3,1,0,0.5226057560113914
08fa44ad,3,3,1,0.31988259159383325
09039272,3,2,0,0.35526090972329155
092494ec,3,3,1,0.9939563232817008
0924b815,3,3,1,0.1249439718833451
092c29b9,3,2,0,0.222271704263712
09331bb8,3,3,2,1.04433764702563
096bf063,3,3,2,0.7128625439471881
0983654b,3,1,0,0.2794454312318583
098b5836,3,1,2,1.086176157599895
099e3614,3,2,0,0.5915885027179424
09b29113,3,1,0,0.1266578340998723
09eeaba6,3,1,0,0.08647989078653218
09eeec14,3,1,2,0.41807873915396343
09f44fd2,3,2,0,0.268488203234599
0a1afc11,3,3,0,0.2591241399660068
0a418b57,3,3,1,0.5494950776838358
0a431608,3,3,0,1.220206507657945
0a4b1425,3,3,0,0.1842418698955059
0a540797,3,3,0,0.4456773626355657
0a5f1214,3,2,0,0.35240346771972375
0a995f99,3,3,0,0.40077831414438925
0aa90ce7,3,3,0,0.44089584278679916
0aaf08ec,3,1,1,0.5320071214769738
0ac521c8,3,1,3,0.9126463290660523
0ac5e12f,3,1,1,0.3022529149092162
0acac70c,3,3,1,0.8528502635083791
0adf511d,3,3,1,0.4713937771540833
0af81037,3,3,0,0.527640215286621
0afb2535,3,2,0,0.5928732162303568
0b4014f0,3,1,0,0.9340432410768577
0b4f597e,3,1,0,0.0761704540125756
0b50f3fa,3,2,1,0.6374323547085359
0b518637,3,1,0,0.151457246244236
0b6b07f6,3,2,0,0.22490592354642436
0b7c6100,3,3,0,0.44715056843203593
0b7d9da6,3,1,0,0.2509804319376784
0b9fcc42,3,2,2,0.3033604558695733
0ba53e53,3,2,2,0.1797552455375594
0bdace00,3,2,0,0.37654830707684284
0bfe4fc9,3,3,1,0.736439484267117
0c0a1576,3,2,0,0.04203093233579169
0c3d248f,3,3,0,0.21074121925000622
0c3d88cb,3,2,0,0.22957622525192933
0c4e2d68,3,3,0,0.06525871797692084
0c4eabac,3,2,0,0.20725117244598312
0c794cf7,3,2,0,0.1415103961511271
0c8efce0,3,1,0,-0.018779416832700457
0c98f822,3,3,1,0.9135326697523883
0ca08054,3,2,2,0.656134165072843
0cbe4e54,3,3,0,0.5753176516845632
0cccc6bc,3,3,0,0.3912994989263129
0d01bbf2,3,1,0,0.35081421542515634
0d279d77,3,2,0,0.5521088556619523
0d34aee4,3,2,1,0.8117565560350316
0d394928,3,1,0,0.4186188924234753
0d4800c8,3,3,1,1.0141730821897879
0d4fa8f4,3,1,1,0.15265029133715768
0d570d3e,3,3,2,0.5699977003025478
0d74d0ed,3,1,0,0.7506285025466348
0d924604,3,2,0,0.24971630776408543
0df44f9e,3,1,2,0.8813452814078833
0df4c27d,3,1,0,0.7244290471766796
0e1cf9b8,3,1,0,0.22181754417046362
0e1f7fed,3,1,0,0.2554705583900496
0e951124,3,3,3,0.8685727978301063
0ec403df,3,2,2,1.0055141538882881
0ed2a3c8,3,3,1,0.24910152494339205
0eddd8e5,3,2,0,0.4412563199381507
0ee70b3e,3,1,1,0.6116256322369559
0f4db4f2,3,1,0,0.779078981880468
0f6b71c4,3,2,0,0.37946742044358284
0f7f3bf3,3,3,1,0.62760509854583
0f9b8e65,3,3,1,0.7130159720016556
0ff6ac09,3,1,0,0.5044798852538881
101774f0,3,1,0,0.02288188440645833
101c27f1,3,3,0,0.6206462540076916
105e3f96,3,3,0,0.6968769892828672
108b8659,3,3,0,0.22739596402926876
10ad8c48,3,1,2,1.4532663103260646
10c0e99a,3,2,0,0.25560237954069404
10e46254,3,2,0,0.42871800661249615
113f5798,3,3,2,0.8217400347758722
11477ed0,3,3,0,0.8474357039740447
115d3db4,3,1,1,0.37593749451279845
11739de2,3,3,0,0.702422074045126
1184a14a,3,3,0,0.2648731828223751
118b7733,3,3,1,0.4737857880841702
119d7562,3,3,1,1.1915574497975436
119e181e,3,2,0,0.05311965276794828
11be5d2e,3,1,1,0.7650537497185885
11d1a5ac,3,1,0,0.4778409318342695
11f9b26c,3,3,0,0.13901642162001865
1225fd28,3,1,1,0.8305212423896162
12380b06,3,2,0,0.62356850868401
1286dab7,3,1,0,0.15782787376891894
12a607f6,3,2,1,0.4171293030799985
12cfb064,3,3,0,0.16834509324185937
1301f65d,3,1,0,0.2461054602047057
136894bc,3,1,0,1.1075047524314219
137fc699,3,1,1,0.25126093256455084
13a5e288,3,3,0,0.35195863174656405
13be5672,3,1,0,0.2706383877985294
13cdb63a,3,1,0,0.14403404279257154
13d23890,3,3,0,0.8533522323398888
13d2c419,3,1,0,0.13198077800455005
13e46923,3,2,2,0.7477257669199608
13eee030,3,1,1,0.7333954670879368
13fca10c,3,3,1,0.7525017727864212
14109652,3,1,2,0.9643063951957742
1420b16e,3,2,1,0.879937986605361
1429abf1,3,3,0,0.508351574667672
14391970,3,3,0,0.18521055172935275
144a9a79,3,2,2,0.4254979749693323
1455e657,3,3,0,0.24607873242723421
14568d61,3,1,1,0.21457155646464793
1458a9d2,3,2,0,0.420704094649977
1470a1df,3,1,1,0.5355887996906896
147c4374,3,3,0,0.19834443775783167
14a6e58e,3,2,0,0.39630173281758546
14b3d6e5,3,1,0,0.01516767153967602
14b8dd2a,3,3,0,0.9891420994798099
14b999b6,3,1,0,0.5546457083351164
14c12974,3,1,0,0.1729113447572304
14dae995,3,3,0,0.665579990084807
14e00ce0,3,1,0,0.1830528007787781
14eac885,3,2,2,0.849286212892443
15227eef,3,1,0,0.7410404848112193
1522fee1,3,2,2,0.8421479592654983
154d1191,3,1,1,0.09703705136775609
157b271f,3,3,3,1.0848262555450607
15a2364d,3,3,1,0.8635877070047471
15dbc929,3,3,0,0.21774530004297327
15f217a6,3,2,1,0.6082582003188286
15f2e240,3,2,0,0.20915473775640042
1606f203,3,2,0,0.47084264763664707
1649ce22,3,2,0,0.278888168601794
164edc75,3,1,2,0.7321949624696011
16deb306,3,2,0,0.2639363356629874
1704e646,3,3,1,0.9589119298838871
1713348a,3,2,0,0.5513029062005647
176f33fb,3,2,0,0.3488457697883044
177f25ab,3,2,1,0.5521003307170643
17b08109,3,1,0,0.26492611248629816
17c1ae23,3,3,1,0.35534333750033376
17e9cba0,3,1,2,0.9475313480674499
18154f3a,3,1,1,0.8686502667678344
1824417f,3,3,3,1.0979107912283443
1837456f,3,1,0,0.7778915395469174
18400e8e,3,3,1,0.6175788680870569
1843760e,3,3,1,0.61252715042323
18506cf3,3,2,0,0.6019590445392126
1894884e,3,1,0,0.21266659901111368
18962676,3,1,0,0.14008136723708908
18ab47f8,3,3,0,0.20373704978928686
18b79e9b,3,3,2,0.26345604922215066
18e21bf1,3,1,0,0.27528576020781625
18f6e6db,3,3,0,0.34757776681442804
18fdbccc,3,2,0,0.3647325299401993
18feab0f,3,2,0,0.8890880729479277
1911731d,3,1,0,0.056667943913649155
19381499,3,2,2,0.7160592691019835
1943fb23,3,3,0,0.2797108731179507
19455336,3,2,1,0.6509314101138275
1949438b,3,1,2,0.409381922133784
1957153d,3,1,2,0.5903180215369095
198e50c9,3,1,0,1.0723904874010264
19c49039,3,3,1,0.9620176077354801
19cc95e8,3,1,0,0.19620667647642914
1a2412b3,3,1,0,0.6889753440864994
1a803bfe,3,1,0,0.2673975273138316
1a9f8375,3,2,0,0.4028108303990476
1aae1de3,3,3,0,0.8295938100609029
1afa48fe,3,2,0,0.4113277837041752
1aff6762,3,2,2,1.0768379457640689
1b258140,3,2,0,0.0645931121772918
1b2cd439,3,3,0,0.7041860993343875
1b2eea8f,3,3,2,0.9543080811847443
1b32427b,3,2,0,0.847089840513797
1b329556,3,2,2,0.8488982449194475
1b410106,3,3,0,0.254972791510941
1b49c870,3,3,0,0.4498147399193839
1b5b34bc,3,3,1,0.5589210714299095
1b5fb26f,3,2,0,0.6521910767011992
1b6be334,3,2,2,0.8161916376368806
1b6fb363,3,1,1,0.6821393123762552
1b73fce0,3,3,0,0.24699614153233934
1bc6a98c,3,2,0,0.14718482001504052
1c063ebc,3,3,0,0.028904932364188785
1c3b7f1a,3,3,0,0.4573975779402988
1c3c2b2f,3,2,1,0.28824865772698627
1c481537,3,2,3,1.1452707834441778
1c673231,3,3,2,0.7597926917454985
1c6ac3d4,3,1,0,0.3577411958598926
1cd37b36,3,2,1,0.8569470529839409
1cf6dcef,3,2,1,0.28318180845350066
1d041232,3,3,0,0.8040097216453288
1d11d488,3,1,0,1.4231558308228998
1d78b3c3,3,2,0,0.6070960257958147
1d7edb86,3,1,2,0.8864830008828286
1da37c60,3,2,2,0.6174505205122871
1dd90b53,3,1,2,1.0030799568216824
1de3c240,3,2,0,0.1813313391385602
1e08b1dc,3,2,1,0.8970456236963386
1e2a1bd0,3,1,0,0.3106644264263094
1e5f6199,3,1,0,0.25095085889089397
1e7dd854,3,2,0,0.28438653405160197
1e87baed,3,1,0,0.5792086525952705
1eb206f0,3,2,0,0.599637474898435
1eda934b,3,2,0,0.8453887787056945
1eea376f,3,1,0,1.3127845095109314
1eea8df2,3,1,2,1.374804198733787
1f2164a4,3,3,1,0.16174240229170206
1f400626,3,1,0,1.2931561353174712
1f5835cd,3,1,0,0.09461542994100836
1f5cefcc,3,1,1,0.776238152227061
1f65fa82,3,3,1,1.253462970988286
1f7bd44c,3,2,0,0.18959588828646534
1f7ec039,3,3,1,0.7923583786298485
1f881e3d,3,3,0,0.8826749832492644
1feb42f2,3,1,2,0.6405413466631352
1fed3943,3,2,0,0.3561916072233621
1ffede3b,3,3,0,0.685781134524234
206c8562,3,2,1,0.5260698214974332
2084c823,3,1,0,0.9167096969981294
20cefbaf,3,3,0,0.5650346409333371
20d7ecfd,3,1,1,0.5360791875025417
20df4cab,3,3,0,0.22182220788689683
20e8ca68,3,1,0,0.5149883266587489
214f46e8,3,3,1,0.6331961783229525
215ca39b,3,3,1,0.5009413093061433
217ce5e6,3,2,1,0.9092047348703161
21b835ac,3,2,0,0.20440256145572855
21c62163,3,2,1,0.39418419080741196
21eb6d47,3,1,0,0.9392999134491331
221e37e0,3,3,0,0.2919815910410249
223724b2,3,1,0,0.5023883172892432
22389051,3,3,1,0.4204825987027937
224fc39a,3,1,2,1.1861693740249108
22b4191a,3,1,1,0.6855982955148054
22f43a12,3,1,0,0.3945668168434846
231f6db4,3,1,1,0.32186698691176596
232b7cb1,3,2,0,0.8388352309155356
233b9425,3,3,0,0.28936841986110906
2340e84a,3,1,0,0.47046379227818225
23418fa2,3,3,0,0.2037992839966662
23567787,3,2,1,0.4173058008546364
236d450e,3,2,1,0.4276408817408738
236ecde8,3,1,0,0.16078573281359454
23d71e37,3,3,0,0.5705972177453366
23dafdab,3,2,0,0.34687110826484924
23e024bd,3,1,0,0.8827721194482727
23e71e7c,3,2,1,1.1978114858853015
23e7f79b,3,1,1,0.49976497250764546
24398aed,3,3,0,0.24643901536881418
24591f4d,3,1,0,0.26385684305083035
247172f9,3,1,0,0.5754224308706803
2496c491,3,2,0,1.175317200160801
249d2266,3,3,0,0.21475619113377215
24a3b16d,3,3,1,0.8718986183388617
24ab10c6,3,2,1,0.18938739437627627
24b75658,3,1,0,0.14849879512570296
24dac645,3,2,0,0.4229971602364273
24fb56db,3,3,2,1.0890132259020295
252ebc5b,3,2,2,0.5302784303668003
25849c6c,3,3,1,0.6043081476732479
25e752c8,3,3,0,0.22254276973834697
25eba023,3,1,0,0.06299187785070459
260f542b,3,2,0,0.19141918424406218
26190ddd,3,2,0,0.39348100475366043
2625767f,3,3,0,1.206323489263533
262cff6d,3,2,1,1.3119523715945962
26891dbd,3,2,0,0.6610369240972483
269d9918,3,1,1,0.6432083927722768
26a4b61b,3,2,1,0.6266608036733522
26aeacdf,3,1,0,0.17095483271714956
26b1792f,3,2,0,0.3624722843282239
26b893f4,3,1,2,0.529579407306385
26d541c2,3,1,0,0.6018809231456286
26f0e055,3,1,1,0.17033883350637358
2715347c,3,2,1,1.0436542453858346
273c8ebd,3,1,0,0.04828217453174921
2760be91,3,1,2,0.4482908136734417
27724073,3,2,1,0.7036410407796826
278e8a51,3,3,0,0.1612976821824627
27d363de,3,1,1,0.8738047740397972
27d7e5e4,3,2,0,0.21333911848267695
27e0ca6b,3,1,0,0.368468221238209
281174c9,3,2,0,0.5142959540027586
2812951b,3,1,0,0.5083140274878399
2840643b,3,1,1,0.2823506972954972
287390e6,3,3,2,1.0306691372090258
287f1349,3,1,0,0.8305801743243534
2891e36b,3,3,0,0.7200593110264218
2898269f,3,3,0,0.1924142816922681
28e8b2b2,3,2,0,0.5078335517624339
28e973b1,3,3,0,0.6766652727781005
28f7e6ff,3,3,2,0.5771330417000903
2911ef94,3,1,2,0.9066444172568855
29587a31,3,1,0,0.33731881195714486
29886a85,3,1,0,0.23367784511924639
29a1d334,3,3,0,0.35253515305351313
29b37b4a,3,2,2,1.3166244604309636
29c54890,3,3,0,0.7057414657773604
29e4911b,3,2,0,0.045197336439614544
2a0b8386,3,1,0,0.5321803490031335
2a3fcf9a,3,3,0,0.1224634320453763
2a64085d,3,3,0,0.25468007946467747
2a6a6b92,3,1,0,0.7156356576055022
2a7b5b79,3,3,1,0.48672605699830457
2a81925b,3,1,1,0.6483106949398356
2a88cbe9,3,3,0,0.41733065188301643
2a922ca4,3,3,0,0.2173055305535505
2ac0bd9f,3,1,1,0.926984714894673
2af3c8d8,3,2,1,1.233522646004718
2afea280,3,2,1,0.9491272876603927
2b34dcf3,3,3,0,0.29824866283330365
2b574ef7,3,3,0,0.11039783704576084
2bbcfd43,3,2,0,0.2676365400634214
2bca454a,3,2,0,0.4657478422570912
2beaaf7a,3,2,1,0.6036808723501882
2c2dc20d,3,2,2,0.4104158025458231
2c3b09db,3,1,1,0.6252518384844933
2c406043,3,3,0,0.06688022884554712
2c483245,3,3,0,0.5417771706746339
2c49257f,3,3,0,0.481114962020999
2c512f2f,3,3,1,0.5689911172854547
2c54d6c5,3,3,0,0.5676578629263577
2c56c930,3,2,0,0.47481702788789487
2c9a90e9,3,3,1,1.0770393100917242
2ca2206f,3,1,1,0.9951604218896966
2ca9811d,3,1,1,1.1721782669816423
2cb0db2c,3,2,0,0.18201261843374628
2cc4b720,3,1,0,0.24935133684034766
2cd9b5a3,3,1,1,0.5064729481249534
2cda86bd,3,2,2,1.2385553320921079
2d043af7,3,3,0,0.7541550699518189
2d0bbbd3,3,3,0,0.6111347878466061
2d286c59,3,1,0,0.6326505722961508
2d3ba6fa,3,1,1,0.11951578655368633
2d5365c6,3,2,2,0.6327500822821547
2da6bf6e,3,1,0,0.14739211570058997
2e16053c,3,1,1,0.7663979226045117
2e17c497,3,3,1,0.4615630821173168
2e293d08,3,3,0,0.3791605717626969
2e42573e,3,2,0,0.2571734303193024
2e4e045a,3,1,0,0.13997527201168913
2e5f5207,3,2,1,0.6232080225117939
2e7d888c,3,3,1,0.685587477392217
2e8c9884,3,1,0,0.0807014900451461
2ea277d5,3,2,2,0.5383628096581133
2ee0a1e8,3,2,1,1.0123842092680888
2f16cad4,3,3,0,0.8705340226000999
2f1af08a,3,3,0,0.14710737348399638
2f6b484c,3,2,0,0.1577381987956879
2f72f441,3,3,0,0.11233191156865768
2f7f0eb7,3,2,0,0.2523410003452253
2f81950d,3,2,0,0.25720078861194956
2f8ec752,3,3,0,0.5324074940412387
2f91f3c1,3,1,0,0.6439035364800776
2fba6cf4,3,3,0,0.3754001899896371
2fc568f6,3,1,1,0.9931978363941066
2fef897e,3,2,0,0.5422065796779441
2ff729d3,3,1,0,0.7497743670599166
3046a5c7,3,1,0,0.18093746034118752
307c91ee,3,3,0,0.22690107357324052
3093d29f,3,2,1,0.6760407037687641
30d2fd47,3,3,0,0.2011683817439815
31349d8b,3,2,0,0.8785025131996393
3134b69f,3,2,1,0.6828245935794423
3155ed01,3,1,0,0.6338769404349925
3162c492,3,2,1,0.3866212889995796
31648caa,3,1,0,0.08639751271356444
318ccc0e,3,3,0,0.35076608291422295
31b74cd4,3,3,1,0.5387723840624818
31d61741,3,3,1,0.4924138393326972
31d7a136,3,1,0,0.11737579468905995
31ddec50,3,2,0,1.0193722000046614
31f01671,3,1,0,0.151039263438829
3216b978,3,1,1,0.923353521455688
323ea319,3,1,0,0.47617538715951546
325afd3d,3,3,0,0.7818123907558604
3268c574,3,3,1,0.7582509779808098
326c23c2,3,3,0,0.49777123692378683
327736cd,3,2,0,0.11205023869129938
327ef356,3,1,1,0.7778408188266209
329a9c25,3,2,2,1.096997717521114
32a9dac0,3,2,2,0.6853068395626448
32d0ebca,3,1,0,0.6715080574278484
32d262c2,3,2,0,0.4461397733239686
32dcc8ab,3,2,0,0.35520499615340806
32e18ccc,3,1,2,1.1181924196541178
3302713b,3,2,0,0.697391336786894
3305a981,3,2,2,1.0802632731599822
331733c7,3,3,1,0.9143985453687091
3399795b,3,3,1,0.46512446365728144
33a499ce,3,1,1,0.7499538922182918
33d60f7d,3,1,2,0.4157792126082336
33e34de8,3,2,1,1.0733788068095715
33fe1b04,3,2,0,0.719672261783628
342d43c7,3,3,1,0.9372815181646703
342edae9,3,2,1,0.32377226846260204
343460ab,3,1,3,1.5466585455272501
34362a9a,3,1,1,0.29233743270300044
3441fd41,3,1,1,1.1745857385353682
3466c72a,3,2,1,0.7127288737924782
347095fe,3,2,2,1.3846336632872034
34c30fad,3,3,2,0.7706124008477493
34eb79f9,3,3,0,0.662316324446975
34ec5de4,3,1,0,0.6883229569634248
350cf38b,3,1,0,0.21278810674421894
350dbeba,3,3,0,0.4972427629378109
351cd4ec,3,1,1,0.6081848544842373
35265670,3,3,1,0.5032243706966394
356ab908,3,2,1,0.8012877135813077
35daea65,3,3,0,0.11643449205199524
35fa2ebf,3,1,3,1.3037020519551112
36146fe1,3,3,0,0.7884590546734385
36530d36,3,1,0,0.3867517617654216
3655395c,3,1,0,0.4130484253230262
36958957,3,1,2,0.7909257049470142
36b8c9e5,3,1,1,0.6248982405270697
36e77bf0,3,2,1,0.4890716639349979
36fda5de,3,2,0,0.11029776870729074
370b47c4,3,3,0,0.8228025660770275
3714afd7,3,3,0,0.48869621802273877
372a7950,3,3,1,0.6925165123200229
3738db26,3,1,2,1.00979631193357
37995242,3,1,0,0.010118011644860925
37ae1239,3,3,1,0.3664315227468883
3826be66,3,1,1,1.2847172842171877
38390669,3,1,0,0.2311868658837512
384c3f27,3,2,0,1.2382340711587432
385819e6,3,1,1,0.2573058959440083
385a6557,3,3,0,0.3955019407524937
38cccd6d,3,1,2,0.9346339820830073
38ee12e7,3,2,0,0.8391797411463799
3901e707,3,2,0,0.14116162133548688
3913797d,3,1,0,0.47571370078385733
3934e29c,3,2,2,1.1671128760465264
394a6219,3,3,0,0.23415542725982952
3950aa00,3,1,0,0.9258035979772384
3983d3cd,3,2,0,0.6766230295344672
3999e449,3,3,0,0.7766699898367059
39bdbb00,3,2,0,0.08261238264022763
39cc2836,3,1,0,0.405097467375522
39dd3538,3,1,0,0.04228745549473767
39fb1ad0,3,1,2,0.656054091641632
3a594acf,3,3,1,0.6051846675057354
3a9d7bd6,3,1,0,0.18437374340432888
3ab0b1ff,3,1,1,1.178164141944439
3ab539f0,3,1,0,0.2866208123957743
3acb5be3,3,1,0,0.29541703719178825
3ae4ee9b,3,1,1,0.9452306621059112
3b091b83,3,1,0,0.5302595899869458
3b112284,3,2,0,0.12324332148256728
3ba48ca7,3,2,0,0.42165546295769696
3bbf88cd,3,1,2,0.7712387866580313
3c0aba64,3,3,0,0.6545889090991679
3c2cf08e,3,1,0,0.24151471327268115
3c5c85e7,3,1,0,0.6185869492033357
3c620257,3,3,0,0.2782308810965847
3c7a7f32,3,3,0,1.2327862795933138
3ca35642,3,3,1,0.7146041560008818
3cc9cfa6,3,1,0,0.3049451415666194
3cd8802e,3,3,0,0.6684235964200254
3cfeca85,3,1,0,0.12909997246290733
3d20d9a7,3,2,0,0.6558494458894621
3d2c0bc5,3,1,1,0.6572171178662394
3d36fe8b,3,2,0,0.7117431831214394
3d3b87db,3,2,1,0.834545243839809
3d3dd3ae,3,1,0,0.8679136681899191
3d3fb503,3,3,0,0.3282104273555524
3d46429f,3,3,2,0.8198017775589177
3d48430d,3,3,0,0.32230091929151367
3d5ad997,3,1,0,0.6540350920848029
3d736110,3,1,1,0.7771070430772541
3d8531f5,3,3,0,0.40473214016819054
3d970ce4,3,3,1,0.6053180739409794
3de1a622,3,3,0,0.21050924438316437
3de6a21c,3,3,0,0.20820500377635787
3e377cb7,3,2,0,0.45523258301157504
3e3c242c,3,1,0,0.19582970663780203
3e5ee48c,3,3,0,0.8473107786497077
3e9fd8d6,3,1,2,1.3111867609953944
3eb48980,3,3,1,0.44908849350134283
3ebfbb4c,3,2,1,0.15029781406249598
3ede35d1,3,3,0,0.6864354116368785
3f1cf5ba,3,2,1,0.6146011699779839
3f1f23e7,3,1,2,0.6209215643267884
3f20e14b,3,3,1,0.8837551063672526
3f2141da,3,1,0,0.4569147270929388
3f3a70c8,3,2,1,1.2210486660216506
3f3d3809,3,2,0,0.16913678823683143
3f51a21d,3,1,2,0.5837429016381585
3fcef947,3,2,0,0.3683698823065923
3fe59141,3,2,0,0.8044109053370775
3fe78116,3,1,0,0.7371417195829435
40898508,3,2,0,0.9584134147152633
408bed19,3,1,0,0.45782501745022997
4093774d,3,1,1,0.9968104340614936
40aae75f,3,1,0,0.9131966619213862
40cdadfc,3,3,0,0.28444218965390305
40e95163,3,1,0,0.21108640968012238
41052ced,3,3,0,0.6219329605152981
4128aee6,3,3,0,0.26404676934466836
4135cb0e,3,1,1,1.2090414813564276
4157be55,3,3,2,1.4374922506780272
415d5a1a,3,1,0,1.0473922707511427
416b6ba2,3,2,0,0.16553465245384397
4177e5e5,3,2,1,0.576670586875051
41974cde,3,3,0,0.4057550829543336
419d05c6,3,1,2,1.0858704680678322
41bacefb,3,1,0,0.7806490570573961
41badf5d,3,1,1,0.8933803604805519
41cfd1db,3,3,3,1.0788191287976923
41d48900,3,3,0,0.7195801152729124
42309938,3,1,1,0.8123447933771435
423610ac,3,3,1,0.5254078975334656
4248261f,3,2,0,0.14979067465980878
4255e559,3,2,0,0.37657530692163305
4262ce3d,3,2,0,0.3513082863306811
427037b2,3,2,0,0.16371774927934968
427fad9e,3,2,2,0.9546130434768063
4280076d,3,1,0,0.32130408860910703
428970d4,3,2,1,0.8378146076956858
428c37ea,3,1,0,0.42320414452675253
429cc266,3,3,0,0.47708741963844586
42aa29fb,3,2,1,0.47358158387780475
42bf071e,3,2,2,0.4637583517995727
42c6f67a,3,1,0,0.16061743845485593
42dfc9dd,3,2,2,1.007525894718719
42ebc3fd,3,2,0,0.6819042050506876
4307d287,3,1,1,1.257358906262636
435bfa7b,3,1,1,0.46046224430252664
43629a34,3,1,0,0.0411392014042431
436dd613,3,3,0,0.3761841435060744
43720c15,3,3,0,0.9138730796349266
43808706,3,2,2,1.0118601705213484
43a7386d,3,3,1,0.6843780431097961
43d43363,3,1,3,1.4139619759886317
43f44f6c,3,1,2,0.5224560646378114
43f5d3c5,3,3,1,0.4941611836489599
43fb80d6,3,2,0,0.6639831301629037
43fdba8b,3,2,0,0.36566802879644994
440acf4f,3,1,0,0.10684689722689422
4442c376,3,3,0,0.33825441174669413
4496d883,3,3,2,0.49263963318137777
44b8622c,3,1,0,1.0435895325554636
44cbf5c5,3,2,0,0.30936793942890417
44eaea78,3,3,2,0.7978595448738163
4505724a,3,1,0,0.022356181702326672
4507da27,3,2,1,1.0952917359981797
451b0cd9,3,3,0,0.21287601890619062
451c11b3,3,2,0,0.539484800763912
4570c8b8,3,1,0,0.3141902573996085
463bf3b2,3,1,0,0.11021148371629236
464a75fb,3,2,1,1.1136670696325381
4659aa1a,3,3,0,1.2250007117057469
465d3273,3,3,1,0.5521302913105649
467c549f,3,2,0,0.25862625487264546
46850373,3,1,0,0.2882893928696589
471e4d12,3,2,2,1.2183844064155331
47240aa3,3,3,0,0.3214955028498889
47350ac6,3,2,0,0.7568110678475127
475ebe47,3,1,0,0.3152519592982151
4777151c,3,3,2,1.159772480960755
47a52eb8,3,2,1,1.100868991517243
47b3bea1,3,3,2,0.20655603669442013
47c1f368,3,3,2,1.0686641063487754
47c3b47c,3,3,1,0.3447642650017204
47c55e13,3,1,0,0.39072697246216825
481a1861,3,3,0,0.5650935688019426
4859a9f9,3,3,0,0.21121071806413838
485d7c69,3,3,0,0.4237496472065294
489fa831,3,3,1,0.5392187033859592
48c205d9,3,3,0,0.4783694336990092
48db8ecf,3,1,0,0.1139152180197735
48df987b,3,3,0,0.4280078527114254
4926b18a,3,3,0,0.31234870618708116
4940a214,3,1,1,0.5851319713216424
4950e24c,3,1,0,0.775963752616468
499d4499,3,1,0,0.9287920086475505
49a1931d,3,3,0,0.33787400708368664
49e4eade,3,1,0,0.4838173608733428
49f38606,3,2,0,0.2417345734717758
4a0b1b9d,3,1,1,0.6379138567556345
4a3b6521,3,2,1,0.35360646694024084
4a475a9f,3,2,1,1.147976545877913
4a4a0f78,3,1,2,1.248415617922792
4a68d751,3,1,1,0.7165827751120644
4a69e534,3,3,0,0.13774756584241732
4a6af685,3,1,0,0.5167975494988489
4a9f92ca,3,3,0,0.17916392717315793
4aa87859,3,2,0,0.35968468148120836
4ac5c412,3,2,0,0.23637359531032232
4acac04e,3,2,2,0.5213671376113501
4afa8a76,3,3,0,0.114748033080043
4b0f961e,3,2,0,1.087468286377295
4b1f6855,3,2,0,0.3190620443263528
4b20bce7,3,1,0,0.2953128659495094
4b328259,3,3,0,0.42309466980663696
4b3c7594,3,1,1,0.2567565791736985
4b3db4f4,3,3,0,0.35746291903063077
4b51db3e,3,1,0,0.1303361093408557
4bc2bee9,3,1,0,0.4898365803844222
4be6f3c1,3,3,0,0.5166872354559576
4c238671,3,2,1,0.7754722347626561
4c37fb30,3,3,2,0.9344912797876619
4c8dfaf0,3,1,2,0.4623568355431906
4ca242ea,3,1,1,1.315177765965922
4d19854c,3,1,1,0.6126798238454384
4d41bb62,3,3,0,0.10933170929025227
4d42caed,3,2,0,0.15412112229548564
4d5a8ce7,3,2,2,0.9222195123681183
4d61a44e,3,1,1,0.775554192514174
4da4aba2,3,3,2,1.0301285293065159
4dc4ed56,3,3,0,0.5691763282693462
4dc86a42,3,2,0,0.3288860284643365
4decbcd8,3,2,0,0.23044003707042787
4e052db0,3,2,0,0.7272411855112519
4e6c7a75,3,3,1,0.3469348200399619
4e85505f,3,3,2,0.9576088647239847
4ea3963e,3,2,0,0.6068816640600494
4ea4e6c9,3,2,0,0.2668578858761091
4eade67b,3,3,0,0.43699084724850257
4edb98d8,3,2,2,0.7418086493410139
4f059221,3,1,0,0.040596372927311886
4f059a8a,3,3,0,0.9137174339131594
4f20b188,3,3,0,0.40361307820459413
4f2d0925,3,3,1,0.6478481245513822
4f3b33ba,3,1,1,0.594429084953549
4f3cd5c2,3,1,2,0.8502533834122825
4f93504a,3,1,0,1.1946800318150572
4f96d1e7,3,2,0,0.2754685697344768
4fd7e043,3,3,0,0.3809672944519221
4fe97569,3,3,0,0.8249382435359884
4ffa995b,3,1,0,1.2008145473774074
504ed32b,3,1,0,0.1943757633107852
50707f1e,3,2,0,0.5351033867480841
50b2b84b,3,1,0,1.124831502316356
5124169c,3,3,1,0.8375099219434287
5132511c,3,1,1,1.0913665698463495
51364c23,3,3,2,0.623451821545943
515402ee,3,2,0,0.38528113937552383
5198e7b3,3,1,2,0.43775558141314386
51a349db,3,2,0,0.6982796131753122
51c15d22,3,1,1,1.3580214271825772
51eb8d14,3,1,0,0.5417296578056452
51f38b37,3,1,1,1.169559699732913
5216ef61,3,3,1,1.0746432984198866
52219dbb,3,3,1,0.5603767311124597
5264bb0e,3,1,1,1.0975424982461797
526f719b,3,2,0,0.26296608570460256
527e796c,3,2,2,0.6881027773432697
52bd147c,3,2,0,0.3241830323828829
52ce9b8b,3,2,0,0.23215288841738752
52e9e467,3,3,0,0.685972023205735
5320dac6,3,3,0,0.810591767759563
537dc410,3,1,2,1.141750862775035
53814642,3,3,1,0.31538074641639235
53cf99f2,3,1,0,0.23643908357770732
53d20dc3,3,3,0,0.10944836492798143
53ea1e7c,3,2,0,0.44412370154426484
54391716,3,2,0,0.7213392860241068
54854783,3,3,0,0.5693599482541183
54945f30,3,2,0,0.5980844749828672
549712ab,3,3,2,1.1581066279419678
54b35de5,3,2,0,1.3295185841566308
54c87d3c,3,1,2,0.6586265466802542
54e592da,3,2,0,0.880105564515701
54fef303,3,1,0,0.6975305505768128
54ffe872,3,3,1,0.3304817270219098
55464fb7,3,1,1,0.39889451259580455
554e46e9,3,2,2,0.5263654689817442
556604d2,3,3,2,1.0401858532911847
5588f518,3,2,1,0.42052352537466287
55edb6ed,3,3,1,1.0880177231314276
55f9338e,3,2,0,0.2704027973983477
561f2797,3,3,0,0.2738223441242794
56210fdb,3,3,0,0.16725469065324028
5637a5a4,3,3,0,0.19931807390362283
56418caf,3,1,2,0.7522590659133807
56443aba,3,3,1,0.5021674620453443
56761daf,3,1,2,0.8438081003162431
567ecea5,3,1,0,0.4254944568067337
567fd23a,3,3,1,0.8711355474542899
56d9dead,3,3,0,0.10179589987196658
56ef356c,3,2,0,0.3997565806792621
574599a8,3,1,0,0.2119925406589881
574cb902,3,2,0,0.23136208196999436
5775ec58,3,1,1,0.7798571391460491
5779f2e9,3,2,0,0.3277508344401119
579e50bd,3,1,0,0.6165276391925562
57c4f2b4,3,3,0,0.5871574659506215
57d82f30,3,1,0,0.9504724126892697
57de6095,3,3,0,0.11037758343422033
57f6fa6c,3,1,0,0.04589544450357508
58391429,3,1,2,1.649605568740161
58a255e6,3,1,0,0.20072738226226505
58ada72e,3,1,1,0.6242196583266539
58de61f0,3,1,1,0.7554100465118526
58dfccdb,3,2,0,0.40816446665280315
58f11465,3,1,0,0.27884773990504225
592adca0,3,3,0,0.36364334950641547
592b3b7f,3,1,0,0.43962885003506924
59305d37,3,1,1,0.8934444954058145
59307c13,3,2,2,0.5201858698580174
593a7148,3,1,1,0.26109553080927067
59402969,3,2,1,1.0210058406305398
5985f299,3,2,0,0.18925382664839613
599850d0,3,3,0,0.31160655093449247
59b7fc28,3,1,0,0.09430644300720209
59d7a3a9,3,2,0,0.36537633856088203
59ea397f,3,2,0,0.047424487689980976
5a07e79f,3,3,1,0.31451615994416715
5a2c7642,3,2,0,0.2172591389567315
5a3005de,3,3,2,0.8123584508672381
5a313293,3,2,1,0.8794849660776416
5a4b3725,3,3,1,0.9219209235742323
5a5f6d41,3,1,0,0.6291746236536024
5a5f9fb2,3,1,1,0.5375731694947646
5a8712ae,3,2,3,1.16237234892264
5ac9eca0,3,3,0,0.2689634675564338
5ad85a02,3,3,0,0.3829356993741512
5af79adb,3,1,0,0.7958118608106383
5b299ae1,3,3,1,0.16693167735401893
5b2c9b83,3,2,1,1.1173000062274157
5b4d2604,3,1,0,0.499346581657873
5b66b6f2,3,3,0,0.035674602280895806
5b9ff85e,3,2,1,0.6199440445254739
5ba201ba,3,1,1,0.6824615383962089
5bcf002a,3,2,0,0.4486372650394306
5c045867,3,3,1,0.9478875840890979
5c186496,3,3,0,0.21827007234294854
5c22f241,3,1,0,0.10269538032134251
5c2c136d,3,3,2,0.9256191600481205
5c3b30d7,3,1,0,0.31274755323912046
5cd83147,3,3,0,0.7376824349838151
5d1d7e41,3,1,0,0.13108543631846775
5d3b6ea5,3,2,1,0.5240624631438786
5d762840,3,2,0,0.8601869586543803
5d805d83,3,3,0,0.7016582171756811
5d885b20,3,2,0,0.14715117253316568
5daa20e7,3,3,0,0.3122626888655968
5dad24ff,3,2,0,0.937517803631059
5db3db12,3,2,1,0.7404200908903563
5ddbac80,3,2,0,1.077984504390397
5e221c50,3,1,0,0.5737634591837196
5e2a9e63,3,3,1,0.2503240757990318
5e2c1349,3,2,1,1.0364490578358128
5e359a08,3,2,2,1.1105145077802927
5e415f05,3,1,2,0.9804181199346209
5e55e9fd,3,2,3,1.020291310441884
5e57bd12,3,1,0,1.2707870313559622
5e614c1a,3,3,2,1.019336111339704
5e6490e3,3,2,0,0.5011884842578672
5e6b528e,3,3,0,0.4252751047986869
5ea2c305,3,2,1,0.8554008820276844
5eb063e0,3,1,0,0.5511203646046241
5ed5f205,3,1,0,0.2191618860289638
5ee595e8,3,1,0,0.6059193989932313
5f099188,3,1,0,0.03017282581382774
5f1b07e1,3,3,0,0.8822089075799826
5f281a62,3,2,0,0.5437873852154094
5f37ceb1,3,1,1,1.0477235940540122
5f574f3d,3,2,0,0.26499530359728735
5f7537cf,3,2,0,0.8498135558718274
5f9dddb4,3,1,2,0.6922139133454097
5fa91358,3,1,0,0.590512348916844
603ab4ee,3,2,1,0.09648140148127604
605d6e05,3,3,0,0.385446888112093
606e979d,3,2,1,0.8558291182138644
60c1ff37,3,3,0,0.6166034209715618
60d2774d,3,2,0,0.2712188106912216
60f8462b,3,2,0,0.18953018572120295
60fb7cb9,3,3,1,0.7717502328438501
612b3ff9,3,1,0,0.42641158685852104
612dd900,3,1,1,0.2002578160366527
616fc21f,3,2,0,0.24161309144834803
61823525,3,1,0,0.12769525008552268
6187d0dc,3,2,0,0.0981905749817884
620536d0,3,2,1,0.37032784847760614
621066ff,3,3,2,0.5844732965649242
622bb412,3,2,0,0.14330584942650543
6247cc15,3,2,1,1.0906628917699805
624869b6,3,3,2,0.8849410535884479
6277e13c,3,1,0,0.49836322432025093
6282e693,3,1,0,0.01611241810862718
6291fddd,3,2,2,0.5716307994522127
62b873a2,3,1,1,0.42440177773387777
632eca98,3,1,0,0.5545262845831095
6332ad59,3,1,0,0.1276170036455595
63334478,3,3,0,0.408969703814363
635554d2,3,3,0,0.538064972105232
63d4ab9a,3,3,0,0.42998551370468896
63fc9770,3,3,2,0.8937794374648692
641697e6,3,2,0,0.22227031949302312
641a2b87,3,3,0,0.21530029944957074
649ff6d9,3,2,2,0.8977713540709347
64fc556b,3,2,0,0.12086692633693541
6515ef94,3,2,0,0.18386740876408564
654203ec,3,3,0,0.4132024563408604
658e66ec,3,2,2,0.8777099980906885
6595d479,3,3,1,1.2347161988309616
659fec57,3,3,0,0.5885873484161794
65af9f2a,3,2,0,0.47184699955463444
65dc81f5,3,3,0,0.7686092905755902
65dfe4b9,3,2,0,1.2577617374424845
65f9369d,3,2,0,0.5375568372036994
65fe69c0,3,2,1,1.3822563071986458
66094cfd,3,1,0,0.751009680564478
665abfda,3,2,1,0.5096206107797279
66665e95,3,1,2,0.7190453099096619
6666aed3,3,2,1,0.7185041158224574
6672e527,3,3,0,0.11894281946722729
668a2fea,3,2,0,0.3938222962140962
6699c999,3,3,0,0.2408528106866849
66d86d0b,3,3,0,0.8905667825687427
66f044c7,3,2,1,0.5276062896879438
66f619e3,3,3,2,1.3319475621480654
6708fcd9,3,3,0,0.22087396521888075
672a32f1,3,2,0,0.18652836711213178
673a7e2a,3,2,0,0.1268363358856232
6774ba64,3,2,0,0.37497977612929345
678598dd,3,2,0,0.16252075515061593
6795027a,3,1,0,0.2477115616601554
679ce4b2,3,1,2,0.9371299073064427
67b54cdb,3,2,0,0.2257929593163973
683464ff,3,2,0,0.49784740825679497
68572a28,3,2,0,0.10232499177110582
685cc0f1,3,3,2,0.997864922625598
68688509,3,1,0,0.7744165829048454
687c85e7,3,3,0,0.604153729981063
68a59e56,3,1,1,0.2550408382527358
68be3d5c,3,1,0,0.28469522964648963
68be5113,3,1,0,0.02835013819079335
68e514dc,3,2,0,0.6215190502255495
68e61f96,3,1,0,0.3699132031506085
68e7140b,3,1,0,1.5087342226026155
68fa4631,3,2,0,0.42809228011390077
69074cf3,3,2,1,0.06555296160462398
69742f6f,3,2,2,0.842609592564642
697c41d7,3,2,2,0.4782760418133644
698b9067,3,2,1,0.4373804418200685
69b65679,3,2,0,0.2805892527498211
69ccea20,3,3,0,0.31595725365395483
69cdf9c3,3,2,1,0.5615992564053792
6a04461f,3,1,2,0.4042153712043383
6a138911,3,3,0,0.5599139849868848
6a16089d,3,2,0,0.5024172999532972
6a2c6073,3,1,1,0.9846851506847349
6a2fd807,3,3,1,1.2040971056183212
6a4df6ff,3,2,0,0.028269129475874677
6a6da46c,3,2,1,0.6221743292132893
6a7d07fb,3,3,0,0.24160589089371054
6a837387,3,1,0,0.14877695059677387
6a83a423,3,1,1,0.478060828546321
6a864b11,3,2,1,1.0458495314948357
6a98537b,3,1,0,0.3637279008711322
6a9f0db7,3,2,0,0.14761582975889093
6abd21d4,3,2,1,0.7709135979747463
6abd2bd4,3,3,1,0.9004997010607676
6abe8b60,3,1,0,0.21139505330032365
6ac5763a,3,2,2,1.0995741428906478
6ad91972,3,1,0,0.4697148794023612
6ae1473e,3,3,1,0.4424871043264399
6b4b8c14,3,3,1,1.0690452724428252
6b6467f4,3,1,2,0.8435382450780028
6b773506,3,1,1,0.8867436858484623
6b9a25e6,3,1,0,0.2033935792872728
6be0f069,3,3,0,0.5926128795515151
6be56337,3,1,0,1.0373832154677332
6becb599,3,1,0,0.08442272218622954
6c0fe935,3,2,0,0.8099317072798063
6c2edc91,3,1,0,0.9851187166825994
6c319d99,3,3,0,0.3514686048673018
6c4902c8,3,1,0,0.5549255591814408
6c6cd633,3,1,2,0.6237405334870347
6c737069,3,2,1,0.18373904081983672
6d341798,3,3,0,0.2388587090758299
6d5944a9,3,2,0,0.31625475490893334
6d5c5afb,3,1,0,0.4143938631687506
6d707ac3,3,2,2,0.9752665952970183
6d70e716,3,1,2,0.6421476447841079
6d855495,3,1,0,0.7224193518529409
6db14d48,3,2,1,0.5618690075811302
6db453ce,3,3,2,1.0160983548241693
6dfe4a75,3,2,1,1.1413410315866575
6e0d4774,3,1,1,0.8874887213085125
6e0ec0fe,3,3,1,0.8172564915014684
6e128c6b,3,1,0,0.7888394105092238
6e1d28b6,3,2,0,0.5074138062042228
6e85a624,3,2,2,0.4402993150826845
6e89cee5,3,1,0,0.772408966241245
6e9beaee,3,1,1,1.3494061809160018
6ea48a4e,3,3,0,0.47384550529803793
6eff29da,3,3,1,0.26491671283854157
6f49c8d0,3,1,0,0.30825918940835456
6f5677b7,3,2,0,0.854644088654175
6f5a31ea,3,1,1,0.41635168473637196
6f878799,3,3,0,0.5712393426419032
6fb28c2a,3,3,0,0.026474655182583184
6fc6b5c4,3,3,0,0.32872034521502075
7015528d,3,2,0,0.41731289994817405
707c82c4,3,3,1,0.3254070394087184
7092a6ce,3,1,2,1.0616157763085905
709457f3,3,3,1,0.43415288312936884
710345b6,3,2,0,0.14941381712628432
7106a387,3,3,0,0.497424910372849
7151d8b5,3,2,0,0.4373531531250493
71850348,3,1,0,0.47874094393769917
71852781,3,1,0,0.4386296428551912
7187caec,3,1,2,0.9282014189870302
7192b2e8,3,3,0,0.30453730714636545
71c1b1d2,3,3,0,0.11309226299525171
71ee31f8,3,2,0,0.17773991417402757
71f21593,3,3,2,1.2953443465057644
71ffd0ba,3,3,0,0.4276539979827938
7214ad21,3,2,1,0.9365882052470084
721ea536,3,1,0,0.8502749034717698
72264d13,3,2,1,0.6407262342824889
723ee34c,3,2,0,0.4585639548897803
7250264b,3,1,0,0.2036137416907175
72565f5c,3,3,0,0.5286787781955183
7265f1e5,3,2,0,0.27171290196967735
72a0c969,3,1,0,0.3680963771156738
72aa1a30,3,1,2,1.2103315470786533
72afd4ca,3,1,0,0.7972936257228802
72bbfadf,3,3,1,0.7281943499471385
72cb1703,3,2,0,0.15223046130138085
72cc9a64,3,2,0,0.5869425220323786
72fa40ba,3,3,2,0.8346555195902918
7305af8b,3,2,0,0.4283944663009327
7308d22c,3,3,1,0.5168072288961636
732b2327,3,1,0,0.5356088017371835
7347b54e,3,2,0,0.11386746127481151
738e7248,3,2,1,1.048954843678381
73d0e0a0,3,2,0,0.5541197667489802
73ec551e,3,2,0,0.15943551131203348
73ffa609,3,2,0,1.1016028510289146
745e6065,3,3,1,0.5431762932233157
7494989e,3,3,0,0.09873989907882791
7498fbde,3,1,1,0.5467556007779952
74be50af,3,2,0,0.2534451979324754
74c2bd81,3,3,1,0.9740944075820819
7514c6f4,3,1,2,1.425195259302713
75311a3f,3,2,0,0.768192296310036
7533a4a9,3,3,0,0.5889070531628834
759328e6,3,1,2,1.6338607408960226
75ad73ee,3,3,0,0.2796052625637005
75b0446f,3,1,0,0.5549818265156469
75b53bd4,3,1,1,0.3119634575618572
75bcc1e0,3,2,1,0.35589478037742694
75c13e08,3,3,1,0.47943680852425546
75db1257,3,1,1,0.8741183136322563
764d8b42,3,2,0,0.1521144601868301
76781cd8,3,3,1,0.3992350259131731
7698543b,3,3,0,0.7550487016835873
76dc0e9f,3,1,0,0.2435280893532633
76dfa86c,3,3,0,0.18478803398282312
76f8f621,3,3,1,0.37131309405645097
776d33af,3,2,1,1.131695237198103
777a3e9d,3,2,2,1.0952281639930077
77941a98,3,2,0,0.4459562019199277
77a5b2ad,3,2,0,0.26928635392358913
77bfe07c,3,1,0,0.8013847061917994
77e460ce,3,3,0,0.3333668189479435
7800a084,3,2,2,0.9423546288309759
782a0589,3,3,0,0.5947905988368076
782af70b,3,2,1,0.8792816834415089
7858fd16,3,3,0,0.40468552546856834
7860b64c,3,2,1,0.48165518818904196
78667893,3,1,2,0.06924424509748128
78704d22,3,2,1,0.9335719778085065
788268a4,3,2,0,0.21576840450263707
78a34e5d,3,1,0,0.3163796322088244
78b488ff,3,1,0,0.28011917182725876
793c2e31,3,3,0,0.3084889339714086
7958e61b,3,1,1,0.7034870183797315
79629cf4,3,3,1,0.4855916482102151
7975694f,3,3,0,0.341606733292121
79bd36b6,3,2,1,1.103007716489396
79de3beb,3,3,0,0.6815442210972429
79e496f2,3,3,2,0.8312690996459974
7a0136e0,3,3,0,1.1460368859538757
7a5fccc9,3,3,1,0.44308104339838905
7a6d26a2,3,1,0,0.6883401816376358
7a86fcd2,3,3,2,0.8825672959394522
7ad92034,3,1,1,0.5050320608375503
7af8eac0,3,3,0,0.1066960583588688
7b0a4060,3,3,0,0.30630789623676286
7b516283,3,3,0,0.4414735224667465
7b543871,3,3,1,0.45352153162281594
7b78e634,3,2,2,0.6678724820039951
7b8842c3,3,2,2,0.7820809540556084
7b9690de,3,2,0,0.3873567183721972
7bbde46f,3,3,2,0.24256565416317277
7c194077,3,2,1,1.316709608171724
7c1d7ddd,3,1,1,0.3527046751337969
7c21ad67,3,1,0,0.5002068619882345
7c29e92d,3,2,1,0.7340321509613509
7c39c8e5,3,2,0,0.3686062208270977
7c6cbfdd,3,3,0,0.16090590464606525
7c71edac,3,1,0,0.4940150554553885
7c8f0c95,3,3,2,1.191480629735209
7ccdb9f2,3,1,0,0.47419161399403914
7ce36c38,3,3,0,0.5374355735062377
7d0a92d5,3,3,0,0.663237433067
7d22cd0a,3,2,1,0.35680615109972946
7d2f236b,3,2,0,0.2654652778776668
7d666f0f,3,2,2,0.6262397607856623
7d878d0d,3,2,1,0.7719723945046022
7d927bdf,3,3,0,0.5777972380619805
7dae6de9,3,2,1,0.3256221998771414
7dc65b92,3,3,0,0.9399067165057906
7dd54e69,3,1,2,0.5694373721594083
7deeb4fe,3,3,0,0.9423752534037151
7df487b1,3,2,0,0.7435819040429307
7e33976b,3,2,0,0.1574276108441766
7e46b693,3,3,1,0.876528613505515
7ebca7c4,3,1,0,0.5609141854938985
7ec65d94,3,3,0,0.22031774460048847
7ecea16d,3,1,0,0.040626345135656994
7f04b4fc,3,2,1,0.4934145694174409
7f1063e4,3,2,1,0.9929896186206374
7f26f78c,3,3,1,1.1534493039812754
7f2715b4,3,1,0,0.32537554187491924
7f44236f,3,3,3,0.869150882731886
7f5aeb05,3,1,0,0.31681754338260015
7f950ef2,3,2,3,1.1211266891007243
7fa51811,3,1,2,1.097010182459177
7fa7ccc4,3,2,0,0.30185391547040774
7fceb836,3,2,0,0.9511402723964409
7fd40f2b,3,2,1,0.5760486581364761
7fe0a99a,3,1,0,0.43444342314032347
8017f13e,3,3,0,0.8577631102537809
8033847f,3,2,1,0.9470006219065656
8068fafb,3,1,0,0.2594038324093196
806d877f,3,1,1,0.608462935770598
8078b7de,3,1,1,0.586091807352368
80a5f1e1,3,1,0,0.6767195859662236
80a9f2bb,3,3,0,0.23548054783674727
80b46ffb,3,1,1,1.2975438118101748
80d8829a,3,3,0,0.1632573150938556
80ed2bcf,3,2,1,1.18602852947949
81095901,3,3,0,0.285612696836878
812f6873,3,3,0,0.5596712584639052
81364a4b,3,3,1,0.9644535395152196
813e7f93,3,2,0,0.17434557260693462
8148c785,3,2,3,1.303296453510891
81766b8a,3,2,0,0.5178387161101138
8189aa29,3,2,2,0.7017397357725892
819ad5f1,3,1,0,0.33841184470427693
81c0b83c,3,3,1,0.3476604292460214
81d3ab22,3,2,0,0.8325054417720604
81d607bb,3,3,0,0.21716277709087034
81eaf4c1,3,3,0,0.1314386496107347
81f60502,3,1,1,0.536878217738958
8226bbd4,3,3,1,0.34986836625774753
82422684,3,1,0,0.7993688349655339
8256a969,3,1,0,0.3382014296130693
828b31ca,3,2,0,0.2565858762764467
82923551,3,3,0,0.12000348635968144
82a114c1,3,2,2,0.6455336395065194
82ec9747,3,1,0,0.11061412644202762
8310a02f,3,3,0,0.40608107588036013
8328c8b3,3,3,0,0.822580881280547
83379672,3,2,1,0.292619971322443
836b4de3,3,2,0,0.6789773020531992
83711ef5,3,1,1,0.707683559379465
8376acc5,3,2,0,0.2233614473658263
83846d0c,3,2,0,0.33981295955859475
83912085,3,1,0,0.3035032409143902
839b507a,3,2,0,0.15732650180035734
83eda373,3,1,0,0.3252670724747904
83fb5ee0,3,2,0,0.22676970535825508
840ff4b7,3,1,0,0.06144846682171601
844b87f8,3,1,0,0.28742801913032034
844be9e4,3,2,0,0.3005844888478694
84875079,3,3,0,0.4247190244502623
84a16b14,3,3,0,0.46511580125246305
851b425b,3,1,0,0.33526916295102005
854eb237,3,3,0,0.2733134296575146
85525f8d,3,3,0,0.3860701775490948
855c6099,3,3,1,0.44925648639026444
8570ea5f,3,1,0,0.5353492850712724
8572d442,3,2,0,0.9527137257865838
8581b9a1,3,2,1,0.6349361934649437
858ae6a3,3,1,2,0.9648796833315287
858be19a,3,1,1,0.6742066875749535
859cbb27,3,2,0,0.26950923343694455
85a1082c,3,3,0,0.4746709638822539
85b027ee,3,2,0,0.3510409382843296
85ba333f,3,3,2,0.5044010281198624
85d9c915,3,3,0,0.3235831620141208
85f23af6,3,2,1,0.20117265652999905
861188f4,3,1,2,0.8685596215530587
861fd4a0,3,1,0,0.15694971433764981
86335468,3,3,1,0.6160070083912531
863f7033,3,2,0,0.8883630090146435
866a08b7,3,2,1,0.24065747076576927
86bd716a,3,3,2,0.7770778619524585
86e56299,3,1,1,0.6406857487483033
87050a09,3,2,0,0.5140976683131186
871b2b19,3,2,0,0.33105293308511574
87509a7b,3,3,0,0.32452391302278916
8772f64b,3,2,0,0.737906694419903
87a60251,3,2,0,0.16227022266722296
87b78ee3,3,1,2,0.7562265614571686
8823b020,3,1,1,0.43762754344322763
88300a4b,3,3,0,1.0694815794241381
884c429c,3,3,0,0.04776826445526894
8875387b,3,2,0,1.0897169275875171
8877cdee,3,1,0,0.24541388698744065
888c45f9,3,2,1,0.12916760921490222
88c640b9,3,3,1,1.0246979251470947
88cdb5bd,3,2,2,1.049874494963647
88e04d93,3,1,1,0.8308172118165194
891b8cd5,3,3,0,0.9033292401270998
89261ca6,3,2,0,0.3833918133551392
893293dd,3,3,0,0.1013114075387132
895f9725,3,1,0,0.9114643038359452
897da2c8,3,1,0,0.22258288031953266
89a26502,3,1,0,0.3750093999953046
89d475e2,3,1,2,1.2800902540037538
89d7d2c3,3,2,0,0.1474818692062127
8a44ea3a,3,2,0,0.2844810974227857
8a4d341b,3,1,0,0.422075062247887
8a645723,3,1,1,1.2181267861830294
8a6b6912,3,2,0,0.29314517241816074
8a77c3e9,3,1,1,1.0401703956870938
8a77d185,3,2,2,0.5370316264688646
8a78a063,3,1,0,0.21869927232410935
8a9cce44,3,1,2,0.47861396403164413
8a9e653f,3,1,0,-0.04756035797700631
8abbbc38,3,1,0,0.5280212634022212
8ad5e251,3,3,0,0.2806186232143157
8ae6a52f,3,3,0,1.0296773257537084
8b02eb7e,3,3,0,1.3979121432062929
8b3c900f,3,1,0,0.5884978458393774
8b4b9648,3,2,1,0.5279453355418654
8b802ca8,3,1,0,0.06434601990774369
8bf72a9c,3,3,1,1.3178653855815865
8c0ca955,3,1,0,0.5308227779682353
8c1f9196,3,3,1,0.7757502996795986
8c9c253d,3,3,0,0.5383501220132051
8cab7bc4,3,1,0,0.47824059670717456
8cb19d64,3,3,1,0.27744623623248377
8cfcac79,3,1,2,1.0408735589988458
8d010562,3,1,0,0.5426524688832733
8d11c14a,3,1,1,0.27510048564193834
8d8b8553,3,1,2,0.6535499326584037
8db09bb4,3,2,1,0.694126054893861
8ddb6b8d,3,3,0,0.48005090517800275
8e24b103,3,1,0,0.247918803774491
8e380413,3,2,1,0.5304087201322256
8e59a69a,3,1,1,0.47115921967902175
8e749c85,3,2,1,0.9090584360898089
8e80deb7,3,1,0,0.7967494850347786
8e93a873,3,2,1,0.9191074037280341
8ec2cc63,3,1,0,1.0014149106187271
8f015125,3,3,0,0.7370699633105376
8f112082,3,2,1,0.7777966811614886
8f13c52a,3,3,1,0.764114418218768
8f1e1df6,3,3,0,0.6972055179571192
8f21c613,3,3,1,0.682028710554204
8f2d131f,3,2,1,0.5820838279794356
8f39a0e7,3,3,1,0.3517327655993543
8f68479b,3,3,3,0.9782451705293266
8f9c03c6,3,2,0,0.08620185234440952
90161e10,3,1,1,1.0734631449151895
9027c805,3,2,0,0.380993652126115
9052579b,3,1,0,0.40677162842715336
9061cc9c,3,2,0,0.03666479721021243
908b1207,3,3,2,0.7347066914380843
9105b812,3,1,1,0.8012418956961601
911d1406,3,3,0,0.6719489798320772
912a91b0,3,2,0,0.6093137717657008
9130a22e,3,2,0,0.3945864080471023
91386987,3,3,1,0.7003113233402057
913bea9f,3,3,1,1.2023400637208228
91656d27,3,1,1,1.3530232382597394
916f7069,3,3,0,0.4940013611309111
917990b2,3,1,0,1.0242437742558947
9181b136,3,3,0,0.21316994099817482
91930eec,3,3,0,0.26624582135471087
91942b42,3,2,2,0.5663543123035535
91a5d06e,3,2,0,0.17455865194889525
91e23cc5,3,3,2,1.1798096963755413
91e86c47,3,3,0,0.6624479459489379
92031591,3,2,0,0.6854067139503658
921146d1,3,1,0,0.396739534279395
92293b06,3,1,0,0.7940169901628612
92622443,3,3,1,0.4919592910246065
926a64d8,3,2,1,1.1522187016824217
926b3a76,3,2,3,1.1223387762184514
926bd07e,3,1,0,0.40970811427429654
9271574b,3,3,0,0.5046330732532497
92b18571,3,2,0,0.3702652578043492
92bb8516,3,2,0,0.27860989825887905
93188a17,3,3,0,0.527662058988039
932b5928,3,1,1,1.1042795523828923
93363059,3,3,1,1.073716588892627
933da99b,3,3,0,0.8208933442825737
93559639,3,1,0,0.11219546959367532
93904b23,3,3,1,0.9365977727606063
93c06d4c,3,3,0,0.47835825527634046
93c72a97,3,2,0,0.9762845547130173
93c93585,3,1,0,0.4463777870349065
93f8b501,3,2,0,0.3524192269888262
93fd93c4,3,2,1,0.8245912792246317
93fda84a,3,2,0,0.1040897811064253
9402b885,3,3,0,0.8718364413971251
9416d70e,3,1,1,1.0010617058519717
945d802a,3,2,1,0.6415817518046363
948a7025,3,1,0,0.3566128048310737
948e1435,3,2,1,0.9246984961910638
94902bc9,3,2,1,1.347786724877095
9498cc26,3,1,1,0.6192982989155089
949f94e5,3,1,0,0.18235925331272806
94a1053b,3,1,1,0.9663551391150182
9508b72f,3,3,0,0.7352138978104757
9521093f,3,2,0,0.8219344355192681
9540fa8e,3,3,0,0.38280368166521506
95488452,3,2,0,0.08420248865923236
954a4c2e,3,2,1,0.6670348053899252
9568e659,3,2,2,1.1889395550557884
9570bfb7,3,3,0,0.12647785970671144
957dcb7f,3,2,1,0.16698716180504763
95cc96cc,3,3,0,0.1536243904569125
95d57ff9,3,2,0,0.8653979496138489
95e04c4b,3,2,0,0.12532669891150683
96262441,3,1,0,0.18367410352258356
9646a500,3,3,0,0.30540072215010733
96595f1d,3,3,0,0.21390240600590527
966161e7,3,1,0,-0.03594060612428629
966fffd0,3,3,2,1.2074708878643203
9682cd0d,3,2,0,0.24126631903846457
96de5f57,3,3,2,0.9247611807181071
96f13763,3,1,0,0.08229243632072969
978218e6,3,2,0,0.4713687683795668
97bb0cc0,3,3,2,0.8501351794940868
97d0593e,3,3,0,0.5217643162372302
981568fa,3,1,0,0.4583967654420677
98413061,3,1,0,0.136725714097012
9853fb61,3,3,0,0.6971531693796487
98a4be3f,3,3,0,0.7411996171592115
98a81a90,3,1,1,0.8273132917871303
98ed2153,3,2,2,0.9926483564829027
99205f42,3,3,1,0.7450407418358004
994ee014,3,1,0,0.38095128855833277
99752704,3,1,1,0.5650872708592188
9977fb0f,3,3,0,0.4366506486811532
998115f3,3,3,1,0.43637206559210007
998cfa64,3,3,0,0.225012941319572
99a1711f,3,2,1,1.1468902148368985
99b15811,3,3,0,0.4582143777050499
99ec8c4a,3,2,0,0.45912133953259304
99f0cc53,3,3,0,0.2492567842181041
99f3be05,3,2,1,0.5296495205445476
99fe5b44,3,2,0,0.8009283430199581
9a2082cf,3,1,0,0.3269832901173352
9a50d2d8,3,2,0,0.9900824115362431
9a5aed6c,3,1,0,0.8543467698351298
9a76906d,3,2,0,0.288104340513022
9aa1a2ae,3,3,1,0.4804710554115883
9aa36639,3,3,0,0.12919037171171988
9aab3e36,3,2,0,0.30231472791014624
9ab4909f,3,1,1,1.0821802691771778
9af5548f,3,3,0,0.6705181161474246
9b328d6c,3,1,2,0.7990539560339317
9b5f13ec,3,2,2,0.9159968787732626
9b96b0e4,3,3,0,0.42167701037854777
9bc60f80,3,2,1,0.3206949077650659
9bd745aa,3,3,0,0.6959230561935271
9bdd6964,3,1,1,0.16400770333378079
9bf7051d,3,1,2,0.9930645465494132
9c12f80d,3,3,0,0.20618868499326926
9c1ea003,3,2,1,0.5012745502443277
9c23dba9,3,3,1,0.7720193707770266
9c2df71f,3,3,0,0.055560782828814714
9c589c9d,3,3,0,0.11308934361883916
9c7a1561,3,2,0,0.2209628746053941
9c9cd7ef,3,1,1,0.4917114307535706
9cb32129,3,1,0,0.23796660384962753
9cba0d0e,3,1,1,0.5940018995898794
9ccbc70b,3,2,0,0.34141617734813406
9cee3c19,3,2,1,0.5887110223935084
9cf04c41,3,1,1,0.679801618248884
9d0670dd,3,2,0,0.19028419390904977
9d1b2d2c,3,1,0,0.13310495491294994
9d29b706,3,1,2,0.6191335455394965
9d39f0da,3,3,2,0.6236490584867618
9d5826bb,3,1,1,0.481441215181881
9d6b1410,3,2,0,0.2718933040245119
9ddfb9e6,3,1,1,0.9113806269198779
9de6a614,3,2,0,0.8719134220349779
9e052412,3,3,0,0.3072270101486358
9e29b5d2,3,1,0,0.4972061197276172
9e4385f7,3,3,0,0.7615276719087456
9e7860ef,3,3,0,0.30080623113583055
9e964060,3,2,2,0.20811648782059972
9eb283e4,3,1,3,1.0157982200339388
9ebb73c7,3,1,0,0.5740265970279476
9f3ca269,3,1,1,1.1265537000483525
9f5f15ef,3,2,1,0.8303542790591703
9f6b9158,3,1,2,0.8992439656748995
9f70688f,3,2,0,0.05853016480145434
9f9be55c,3,1,2,0.7929162702571372
9fa5cdfd,3,1,0,0.19440405843545833
9fb96ae3,3,1,2,1.0618880443401928
9fbc09a6,3,2,0,0.28934952033502215
9fbf31f9,3,2,0,0.15859766710931067
9fbfa81b,3,2,0,0.14388457163290735
9fec142f,3,2,1,0.9904302713544364
9ff73d95,3,3,0,0.3670803625285628
a00c3ab0,3,3,3,1.3952408550626636
a00c85e7,3,2,1,0.9186059908031575
a0182b17,3,2,0,0.6843766651510463
a0277c1c,3,2,0,0.3617718585456521
a032d7bb,3,2,0,0.4717383198866457
a0482f47,3,2,0,0.49580512481760003
a0510686,3,2,1,0.10145965648428396
a0522c83,3,3,2,0.6207883407981647
a07ec6fb,3,2,1,0.6094116654163754
a08ebf6e,3,2,3,0.9324536257607259
a17f6cfd,3,3,0,0.9905582840738805
a1814875,3,1,2,0.7097887535116378
a1942b0b,3,1,0,0.3516471229049296
a196148e,3,3,1,1.0890987501592626
a1ab89aa,3,3,0,0.04085109122527941
a1df952c,3,2,1,1.1790093238706194
a1fe4f51,3,2,0,0.10718253395640209
a217e790,3,1,0,0.23944968934578814
a21ad8c0,3,3,1,0.9150349815252893
a221c60c,3,1,1,1.0789803741051263
a263a68c,3,1,0,0.3822976980205839
a28c7891,3,1,0,0.9085977812495539
a297d1b9,3,3,0,0.2277037279553522
a2994e55,3,2,2,1.2496356679323295
a302a015,3,3,1,0.40252395033271826
a30e6178,3,2,0,0.4584343341295919
a3391798,3,3,0,0.2771809475204429
a3413f0a,3,1,0,0.32875134084985747
a363ec1b,3,2,1,0.9115569426772592
a38699a5,3,2,1,0.5385772198890321
a3b146ca,3,1,0,0.31594991104902304
a3bd8858,3,2,1,1.1051631719042674
a3e53e34,3,2,1,0.6284562525989221
a3ec2999,3,2,1,0.5322818774194626
a402c6c8,3,1,0,0.3544246990349329
a40c8316,3,1,2,1.0885932933766163
a4481101,3,3,0,0.7483950622899389
a45230f4,3,3,0,0.6786389942976202
a4530b41,3,1,0,0.17264931397640698
a457a4ab,3,3,0,0.23361669231341164
a49eda7f,3,3,0,0.7018186953946038
a4be0322,3,1,1,0.4616586562095398
a4f13c0d,3,1,0,0.9848270254425452
a5024ef9,3,1,2,0.4314315672226282
a5078c62,3,3,0,0.6313205360177552
a5099438,3,3,0,1.408949053136983
a55b715d,3,1,1,0.7270413667131557
a5974a7d,3,3,0,0.5330616412139744
a59b2411,3,2,0,1.0344063311881684
a5c87de6,3,1,0,0.2416820233185636
a5dbb00a,3,2,1,0.5666329525857673
a60b8575,3,2,2,1.494182401856868
a614af1b,3,2,0,0.5096493583184201
a62edc1c,3,3,1,0.1255460507892885
a65b2226,3,3,0,0.29160347740306586
a6e72e9d,3,2,0,0.2660352323763518
a6fbb2e7,3,3,0,0.36135920642848035
a70bb2c5,3,3,0,0.5577948666085003
a70e9a7c,3,3,0,0.6353836304049107
a722f648,3,3,1,0.6198530820907451
a774c63b,3,3,0,0.6113138175217867
a78766db,3,2,0,0.8204945581704847
a7b9546a,3,3,0,0.4749534409482087
a7d2852d,3,3,1,1.0303981101148805
a808ad0a,3,2,0,0.7916790293042058
a814e825,3,3,0,0.5942671179359693
a84922d2,3,1,0,0.5808168358595779
a84ae7e0,3,2,1,0.6771613200480026
a8722cde,3,1,1,0.9093775704442925
a886c07b,3,1,2,0.9126632549492076
a88cd304,3,3,1,0.9359208078011831
a8926a86,3,2,2,1.1884485984124273
a8b0428d,3,1,1,1.4542741091410982
a8c1aab5,3,1,0,0.3438162382887632
a8d90be8,3,2,0,0.7864888013506746
a8d9de72,3,1,2,0.5922280944330827
a8dc2e05,3,2,0,1.0859107036389068
a922ef3f,3,3,2,0.3762945821615461
a952659d,3,2,2,0.7307091356542741
a95b4487,3,2,0,0.48656521893007343
a9717f92,3,2,0,0.630329279495904
a971b3b1,3,1,0,0.15019624714093693
a9b84b96,3,2,0,0.09564984521018993
a9c3b925,3,2,0,0.407815763392204
a9c53cdb,3,1,1,0.31590130786844306
a9e5794a,3,3,0,0.6863664215197536
aa1700c7,3,1,0,0.2992778855125213
aa295760,3,1,0,0.2836030440751436
aa776ef6,3,1,0,-0.041162946361291364
aacb0b33,3,2,0,0.8334506012983309
aae9800e,3,2,0,0.7966832502575599
ab16a20d,3,1,0,0.44285790633280975
ab1dc378,3,3,3,0.9625963334127737
ab2ad965,3,3,0,0.1950691264877692
ab4b6c15,3,3,1,0.8316822984556527
ab4fe82b,3,3,2,0.7838583828131632
ab54c39e,3,2,1,0.7360702763830521
ab5889ef,3,2,0,0.09470053908850168
ab6e1b81,3,1,0,0.1028415521682628
ab71f143,3,1,0,0.4599672732416471
ab8245da,3,3,2,0.39699787540432874
ab987c75,3,3,0,0.4177293228898243
abac67cc,3,3,0,0.9549410268840853
abaf745c,3,1,0,0.088042337613017
abd1b232,3,1,2,1.2557397441217781
ac1ad4a7,3,3,0,0.18170873620098288
ac29ec80,3,1,0,0.11388923271020612
ac31e154,3,1,0,0.49662011808885753
ac3ba541,3,2,0,0.23047584022377643
ac5fad3b,3,2,0,0.23300267453568912
ac66c144,3,1,0,0.03104394214881878
ac675a81,3,3,1,0.44896312623850576
ac67c949,3,1,0,0.12402966734364951
ac967bb9,3,3,2,0.9871627476831071
acb75c15,3,2,0,0.6301393450290597
aceefa4f,3,2,1,0.8572747239787848
ad0bbf35,3,1,0,-0.01759703178405625
ad1dfc9a,3,3,0,0.9113710732326896
ad319a21,3,3,1,0.7298973147616059
ad536dea,3,1,1,0.5598487820525696
ad8189bd,3,2,3,1.180445974199281
ad8945e3,3,3,1,0.4897471923732012
ad9f821d,3,3,0,0.7844094666143379
adaf7461,3,3,1,0.707308591790026
adba23f0,3,1,1,0.25415088641032624
adbd6839,3,3,0,0.46550084899855754
adc2d620,3,3,0,0.3239527466546693
adc71322,3,2,0,0.5498689466621202
ade50eba,3,3,1,1.2613321726593618
adf444ff,3,3,1,0.5312747437099449
adfef47a,3,1,0,0.08658274386326564
ae4fdae6,3,3,2,0.933968034235223
ae6e4380,3,3,0,0.2870336596187132
aea63a78,3,1,0,0.23529090716962614
aea92843,3,1,0,0.17322872242234694
aecc7e74,3,3,2,1.1557465122073634
aed29ee7,3,3,2,0.7229267122793734
af485add,3,3,2,0.758033927164226
af4f064e,3,1,0,0.2849183072486305
afa6cc9b,3,1,1,0.6471007005030142
afae8244,3,1,1,0.2771198132904148
aff48273,3,3,1,0.7542598834803935
b01cb004,3,3,0,0.30558350903270803
b074f33b,3,1,0,0.46902495242919506
b08423c5,3,1,1,0.9260162951342537
b08f0ca4,3,3,1,0.08266494081451381
b0ab15a7,3,1,0,0.1640942488391774
b0b57cb7,3,2,1,0.3034393831337462
b0e96997,3,3,1,0.48413455312430387
b13e0cd0,3,1,0,0.7557634252414371
b1a00510,3,2,1,0.3046252425425457
b1bc2fe4,3,1,0,0.04958536259625945
b1de4423,3,2,0,0.08935785661461454
b21f7b12,3,3,1,0.9439793142088204
b2290813,3,3,0,0.9819572693525248
b2382d94,3,3,0,0.1565501902371117
b23b9220,3,2,0,0.7230129006778848
b2594910,3,2,0,0.5571808279988071
b25abc27,3,1,2,1.304341714115448
b2987a65,3,1,0,0.4242407811613148
b2a73566,3,1,0,0.8353840006616917
b2b792a7,3,1,0,1.331850403086793
b308c03e,3,3,1,0.8023112961958012
b318f1d9,3,2,0,0.07825814908119455
b31dd1bb,3,2,0,0.8178384119701596
b347b9cc,3,1,0,0.2546865403347512
b37281d5,3,1,2,0.23375631315467943
b39504a7,3,3,2,0.9800062802201355
b397a73e,3,1,1,0.3728674466559251
b3b200af,3,3,0,0.461407231326636
b3dade53,3,2,2,0.8233516765022997
b3e10f59,3,2,0,0.17915047197635542
b3e14267,3,1,0,0.7235151137442071
b3f5c066,3,2,0,0.5143021472444121
b4002374,3,1,1,0.7561965538132989
b412866b,3,2,1,0.8164833473364861
b41cee02,3,2,0,0.47578266635107525
b447e66d,3,1,1,0.3207335183555435
b449ac61,3,2,2,0.7555684631391089
b452f767,3,2,0,0.3788732564962042
b463e777,3,2,1,0.19578070893963784
b4885e6f,3,1,3,0.9082188267684106
b494401a,3,2,0,0.7133538291806147
b4bd49a0,3,2,1,0.14234360510235278
b4cfd8d7,3,2,0,0.5266674548621111
b516ca6f,3,3,0,0.5918608727963754
b53a8f23,3,3,2,0.36634801141756224
b55f7943,3,1,1,0.5339993096323135
b57e33a6,3,3,1,0.11334516541935419
b5a0707a,3,3,2,0.9128788463537931
b5b2d51c,3,3,0,0.3086922309097572
b5c2bc50,3,2,0,0.41770670210789773
b64856e9,3,1,1,0.6860906907425033
b69bf1f7,3,2,0,0.7082809660529189
b6af12af,3,3,0,0.4333565335402058
b6caa7fb,3,1,0,0.22287154753430422
b6e9a65f,3,2,0,0.1973239734501379
b70db5d6,3,3,0,0.10874668577901625
b746cbe3,3,2,0,0.15025472492867498
b78d5d2e,3,2,0,0.5709447358772399
b7ac57d5,3,3,1,1.029252757012489
b7c3834f,3,1,3,1.3269940650651253
b7c410a9,3,1,0,0.49369771020869724
b7eb466c,3,2,0,0.6164745436131592
b7ec062d,3,3,1,0.8648770558216778
b816d8d5,3,2,0,0.48328550745013554
b823508b,3,2,1,0.37840746592484586
b84754a9,3,2,0,0.6063537606549444
b89537ae,3,1,0,0.4542783820340402
b8b48fbf,3,1,0,0.4687561786487285
b8bf20f9,3,1,0,0.39016481598296404
b8df3d7c,3,3,0,0.5030855709493751
b92be605,3,3,0,0.541210082321286
b9318815,3,2,1,0.923830887345906
b93e1e41,3,2,0,0.3617468742905167
b94ec4a1,3,3,0,0.6128098587577996
b95aad8d,3,2,2,0.9792608009673756
b96e3324,3,3,0,0.129930279380975
b9b22bff,3,2,0,1.1612359907003837
b9c085ab,3,3,0,0.6456690966968696
b9cf3f7c,3,3,1,1.2255696528054365
b9e20ba6,3,2,0,0.5526424341052112
b9e90f7f,3,3,2,0.8628209021091511
b9eeb8fa,3,3,0,0.284893515265203
ba29cfb3,3,3,0,0.13808664693613915
ba42462b,3,2,0,0.300093754831958
ba4294b3,3,3,0,0.4696667686933224
ba73bc7c,3,1,1,0.5033049473048233
bafc4389,3,1,1,0.42226187965267503
bb4821ee,3,2,1,0.5675628513953294
bba6ff20,3,2,0,0.6190706891027136
bbbd61c9,3,1,0,0.08393523915728957
bbd71a7c,3,1,2,0.9879717469828968
bbe5bedd,3,3,0,0.39928616065278877
bc0c0f03,3,3,0,0.26671152025176664
bc1ec029,3,3,0,0.6010172782032843
bc437705,3,2,0,0.21590053297723422
bc66f41d,3,3,0,0.35597563383845654
bc790ce0,3,1,0,0.468104099977021
bc817a4c,3,2,0,0.13372746807656055
bce32ada,3,1,1,0.5851920438266803
bd124dbc,3,3,1,0.551713670653117
bd480331,3,2,0,0.5365478710142966
bd4ccd4c,3,3,1,0.6726504062089058
bd713fb8,3,1,0,0.26444825038724284
bd8397cb,3,2,0,0.8070132213145218
bd932d04,3,2,2,1.4174852042081942
bdbd1afd,3,2,0,0.997562137957706
bdbdc4b5,3,1,0,0.2979545481582924
bdbff28b,3,1,0,1.1341055151826076
be210bc7,3,3,2,1.0764604148556147
be26335a,3,1,1,1.023650449084951
be9ba5f7,3,1,0,0.8478671999186453
be9e9a8e,3,1,0,0.3339810849639703
beafa6f9,3,2,2,0.7261401896665827
bebff291,3,1,0,0.11657064406980466
bedeb6f3,3,2,0,0.17935414423045887
bee51adb,3,3,0,0.41698454703279586
bef259fd,3,1,1,1.4222033037006772
bef89ce4,3,3,0,0.3510863164020085
bf0942bc,3,2,0,0.7017065984083439
bf18965c,3,2,0,0.4729798145607501
bf280e13,3,3,1,0.7229436792276661
bf31e0a7,3,1,0,0.1418243063854811
bfade1ba,3,3,0,0.29583179694414635
bfb52472,3,2,1,0.8746595653127593
c00c663c,3,1,1,0.7052763541695926
c03c0758,3,1,1,0.24153811381309093
c0442863,3,1,2,1.189081427605256
c087b48a,3,1,1,0.8635064524495389
c09d41cd,3,2,0,0.7365775100386379
c0a7d046,3,2,0,0.9876192778808017
c0adc389,3,3,2,1.0438603562306732
c0c168fa,3,3,0,0.2164572847651408
c0d5b3f3,3,2,0,0.9086769332041778
c0f2a046,3,3,0,0.5223619228362225
c1200b71,3,1,0,0.14520004501376244
c1373df0,3,3,1,0.3421199905045115
c24c877a,3,2,0,0.08096738904223266
c294b507,3,3,1,0.6202971310687532
c2adf42c,3,1,1,0.7851631099533749
c2b40d6f,3,1,0,0.4609668801156772
c2bac6ad,3,1,2,1.1520431349936477
c2bac92a,3,1,0,0.7496844247249549
c2e15338,3,2,2,1.244020320586737
c2ea6e54,3,1,0,0.36486036692751034
c3061b23,3,1,0,0.6570782513897224
c308b134,3,3,3,0.8332693871515192
c30f5122,3,2,2,1.34658691590782
c35218d4,3,2,0,0.2442202206572331
c3760eb9,3,2,0,1.1340619071904467
c37ef416,3,2,0,0.38321223814042965
c38585c5,3,3,1,0.3551333085718049
c38a5c9b,3,1,2,1.2475175158757903
c391e9c0,3,2,1,0.517163771073095
c3a3f61e,3,1,0,0.548722366195359
c3a86e3e,3,2,1,0.2970967227869004
c3adae87,3,2,2,0.8755551775456244
c3b87e5c,3,2,0,0.25672053250648474
c3d46daf,3,2,2,0.8967395262454877
c409bc9d,3,2,0,0.11613048066628834
c40bb352,3,2,1,0.31900549002687384
c41274a7,3,2,0,1.0802846740952494
c418e47a,3,3,1,1.0278162633894201
c43b985c,3,3,0,0.43720146029855966
c446e1c5,3,3,2,0.8175878632289978
c45068a1,3,1,1,1.1671869135957778
c459095b,3,1,2,1.0157369643572842
c4a681dc,3,3,1,0.3135623628322987
c4aa8d47,3,3,0,0.17632462354148665
c4c2076b,3,1,0,0.19114142920635618
c4c86e6f,3,2,1,0.9581881954172808
c51c1139,3,2,0,0.37971421836923763
c5462e87,3,2,1,0.4686101738254612
c55187b4,3,3,0,1.1345800093044323
c55cc646,3,1,3,1.2306822877221277
c5c891c1,3,3,0,0.5579347945336006
c5cfaeae,3,3,2,0.831238947361764
c5e91ebc,3,1,0,0.3396677453167447
c5f3d60c,3,1,0,0.06331252894332351
c6287031,3,2,1,0.827511257670506
c6313b18,3,2,0,0.3372513799799446
c6575d38,3,3,2,1.391804059122808
c66daa08,3,2,2,1.0361879899878041
c678730b,3,3,0,0.2941947007032675
c68c9809,3,2,1,0.6130675897606876
c6a92a65,3,1,0,0.3845819272599297
c6cb894a,3,3,0,0.6890318016874125
c6d4b453,3,3,1,0.319570816801323
c6da0d4b,3,2,0,0.4223691216916093
c6ead822,3,2,1,0.9251397158979124
c6fd800e,3,1,0,0.3611542352219056
c706a54d,3,1,0,0.09388729368904802
c715832b,3,1,0,0.5774019232907218
c73dd2e4,3,1,0,0.5101647638139476
c73f149c,3,1,0,0.35739170114263236
c79039af,3,3,1,0.2949269882692494
c7d61396,3,3,1,0.5173498294955229
c7d9e964,3,1,0,0.3379589783046286
c7fd8939,3,2,0,0.2608456339744819
c805ebe7,3,3,0,0.15768474930753423
c8270746,3,1,1,0.8741964102510512
c829500d,3,3,0,0.3877141573121526
c8cc2e1b,3,2,0,0.27333087883049056
c8d6b871,3,3,0,0.45848060580787214
c8fbbc8a,3,1,0,0.49075597842016755
c9133895,3,3,1,0.5611227678526778
c9600298,3,2,0,0.302087316259724
c98527f7,3,3,0,0.3205612679921638
c9902f48,3,1,1,0.42366630014670825
c9d47171,3,1,2,0.2907724266042282
c9dabad5,3,3,0,0.4598164768713473
c9e419e7,3,2,0,0.33456350279801417
ca1bdcd3,3,2,0,0.2694933537567224
ca3204b0,3,3,0,0.6466982996034651
ca33a5e7,3,3,2,0.37234625582427605
ca724703,3,2,0,0.5624336608894399
cac0f438,3,2,0,0.3085360827033481
cad3bc70,3,3,2,1.022526053433873
cadd4ae5,3,3,0,0.5138317374912603
cae0531e,3,2,1,0.8061300624221248
cb054226,3,3,2,0.6150773125951634
cb2752bc,3,2,1,0.7501994973760006
cb3b7c3c,3,2,1,0.793867638533946
cb73fed9,3,3,0,0.2022185182250808
cbb1ddec,3,3,2,0.5452063660102116
cbca33a5,3,3,0,0.49012642592852274
cbcf8cf2,3,1,0,0.6652653477600783
cc16d472,3,3,2,0.8904040253271863
cc224be2,3,3,0,0.5619877817428449
cc477243,3,3,0,0.46526802248461574
cc5143df,3,2,0,0.5432975390142863
cca40abb,3,3,0,0.16514746253292922
ccd3cb96,3,3,0,0.24588727231632224
cceddb57,3,1,0,0.6807290471484677
cd144127,3,2,0,0.38502989266720755
cd1fff5a,3,1,0,1.2061377123236214
cd36e51d,3,3,2,0.8455814835979294
cd703872,3,3,0,0.9233058643628685
cd89d5f1,3,2,0,1.0039710167271125
cd8ec8ac,3,3,0,0.5813635550175661
cd8f3c61,3,1,0,0.0742236332083851
cd92eaf6,3,2,0,0.46682873108010803
cda90e9e,3,2,0,0.7558185595485344
ce031b1b,3,3,0,0.39438743523414643
ce6eeadf,3,3,1,0.9282034657889633
ce95b2e1,3,2,2,0.9348181076985456
cea35700,3,1,0,0.3273400807117611
cea73edd,3,3,0,0.5478611859768375
cedf96c5,3,3,0,0.39939140960309305
cf1b9d44,3,1,0,0.5832338018866019
cf2e4065,3,3,2,0.39639217366110224
cf86987d,3,3,2,0.9815928282135815
cfbbdd3d,3,2,1,0.5274892687006965
cfcf9dc9,3,2,2,0.29239894811154354
cfe4cf40,3,1,1,0.6589226109120503
cff4bcee,3,3,0,0.2909272814129257
d05f5d71,3,2,2,0.6718520397430735
d08806a2,3,1,1,0.5816346666261463
d0ac4f1c,3,3,0,1.1198319707274158
d0ef0744,3,3,0,0.9006847105816553
d14d79b5,3,1,0,0.43712494503478583
d19e1025,3,1,1,0.39526127666867417
d1aafc4e,3,3,1,1.0282039718104343
d1ab95e5,3,1,0,0.5262219531410869
d22e7168,3,2,0,0.5066696951809686
d28f0d44,3,1,0,0.5716535263333815
d3b860ab,3,1,1,0.02104484444016852
d3bf6d28,3,1,1,0.8698273587932785
d3da09e8,3,3,1,1.1579651760018428
d3e45961,3,2,0,0.5895434686389505
d3eda827,3,2,0,0.03939515491510992
d42454d4,3,3,0,0.39810813436212256
d4337a28,3,2,0,0.3623804170231476
d445fb74,3,3,2,0.7592939754883343
d45bae93,3,3,0,1.290591082738721
d4a81b97,3,1,0,0.7963058595947814
d4d2f272,3,3,1,0.7379466732262177
d4d9f7f9,3,3,0,0.24089460704082966
d506f4c7,3,1,1,1.1235283926214046
d53ead5c,3,2,0,0.46065512364813194
d547d0da,3,1,1,0.5961678389608402
d565ccf6,3,3,0,0.633924958007774
d57380cf,3,2,2,0.8938536289373347
d57802c5,3,1,0,0.3744648204038231
d5874bad,3,3,1,0.8839834801921866
d5b089a4,3,2,1,0.6955300253499512
d5cebbfc,3,2,1,0.5273130040442928
d5fde276,3,1,1,0.5898024354287906
d6007386,3,1,1,0.5990394299528066
d61359ee,3,2,0,0.0750221954983824
d661ddf7,3,1,1,0.5722042257865979
d66aed49,3,1,0,0.2411056931625613
d6723b39,3,2,0,0.3960472870799703
d6776176,3,1,0,0.10297822466720674
d6add300,3,2,1,1.1600963227820862
d6be0a92,3,2,2,0.43836461586826314
d6c6baa5,3,1,0,0.7245686309430244
d6cca65e,3,2,2,0.7725289986185776
d6e613bc,3,1,0,0.6276978888490011
d74e4d7c,3,1,1,1.270190498693297
d766a1c8,3,3,0,0.8666493022676125
d77ac332,3,3,2,1.074082619682938
d788a6a8,3,2,1,0.2926070923400147
d78c55fb,3,1,2,0.8742609257738139
d791703f,3,2,1,0.7949742681666976
d80b8bb6,3,3,1,1.0199368342695054
d8196954,3,2,0,0.23272466238381884
d81f28d3,3,1,0,0.1586995051950978
d82e9b87,3,1,0,0.08371374812129934
d859115e,3,1,0,0.8215486810126951
d85a62b3,3,1,2,0.6035030589857633
d85b7c71,3,1,1,0.48733013478648524
d87d3d03,3,1,0,0.4185146287110905
d87e2d01,3,2,1,1.001003297524099
d8a78157,3,3,1,1.0075317771292889
d8b066ad,3,3,2,0.41639864106426694
d90900e1,3,1,0,0.4359036633416046
d94c91bf,3,1,0,0.26132283381263466
d980da40,3,2,0,0.2104259434990423
d98be7a1,3,2,0,0.1197720545637187
d9c82502,3,2,2,0.29471445735267915
d9eb30bf,3,3,0,1.000239149101993
d9f16cd2,3,1,0,0.5022746073409166
da0001de,3,1,1,0.2784847796157848
da09ed4b,3,2,0,1.0449714945691642
da15064a,3,2,1,0.5208450557673019
da19c97e,3,2,0,0.16999282361730816
da1b21b1,3,2,0,0.1556209801317655
dacc2f83,3,1,0,0.7130388705698026
dacfdb2c,3,2,0,0.223900930732782
daf3969c,3,2,2,1.0859557218442109
db175ab6,3,2,0,0.24390699701228213
db23fbe4,3,1,0,0.5006999214297253
db38d1f9,3,1,1,0.74479072643273
db3b1dd1,3,1,0,0.3253519025163393
db609511,3,1,0,0.0333483645726631
db9353fd,3,2,0,0.3352315047714346
db9eae59,3,1,0,0.8271989640674305
dbfa6d84,3,1,0,0.16434505107521996
dc4e9e2f,3,2,0,0.6925417601347101
dc81eac1,3,3,1,0.38450243501893894
dca065be,3,3,0,0.25304459606770846
dcd2586d,3,3,0,0.6212497499405162
dce2a54d,3,3,1,0.3548792719888002
dcfcd574,3,1,0,0.491997814992045
dcffa5d6,3,1,0,0.30079097397743976
dd6679a9,3,3,1,0.9910991811835619
dd689eb0,3,2,0,0.08511883173433948
dd747bba,3,2,0,0.28532523550186145
dd9ce3c4,3,1,0,0.45687625809811816
ddd0cb12,3,1,0,0.2777890541603344
ddd9a88d,3,3,0,0.9520178073114436
dde82df7,3,2,0,0.11182248628774455
ddfddd87,3,3,2,1.107387764220649
de3750cc,3,3,0,0.13602560510214368
de3ecca9,3,1,2,0.9717166355193816
de6797db,3,1,0,0.2909360608952066
de742c5c,3,1,2,1.1823584092049706
de91310c,3,3,2,1.0429752572674966
de9fe1e0,3,3,2,0.8782663915019131
dec9056d,3,3,0,0.1512283978785255
dee8b1bd,3,2,2,0.8619154864606529
df4ab9b1,3,3,1,0.815092651365654
df556fd2,3,2,3,1.139214093856637
df98fbb4,3,1,2,0.5796307072737836
dfaa2a59,3,3,0,0.2039639253495294
dfd87763,3,2,0,0.25698784985228457
e016d96c,3,1,0,0.4634680091033291
e0271395,3,1,0,0.19157833046723005
e049dab1,3,3,0,0.5688901774540344
e0655da2,3,1,0,0.15391084227057966
e0767d64,3,1,2,1.0583497790320728
e07fa0b1,3,3,2,1.1238912625839321
e0a7f42a,3,3,1,0.666455572252558
e0ad6550,3,2,2,0.30365055445164985
e0db55b1,3,2,1,0.9282432846400284
e0e35d4e,3,3,1,1.0249090604798448
e0eb3ea8,3,1,2,0.643209668122988
e0fb3838,3,3,0,0.038460879453261265
e11be9c1,3,1,0,0.904025913646358
e12c2944,3,1,2,0.9385023225067333
e15fe97b,3,2,0,0.5729714361892664
e16a4784,3,1,3,1.314897629701128
e17b9cae,3,3,2,0.9873836181613458
e1958a83,3,1,0,0.08454391956889135
e199d438,3,3,1,0.8059245798662056
e1a4575f,3,2,0,0.36105979650527564
e1af39f8,3,1,1,0.3927881441437676
e1ccc3d1,3,2,0,0.22287182025358832
e1e02e28,3,1,0,0.29541867706229424
e1ea8dd7,3,3,0,0.7899910624788984
e21255e2,3,3,1,0.8279061391049142
e23a8a0a,3,1,0,0.48173718607932403
e243119c,3,3,0,0.4171145310339671
e252dcb6,3,2,2,1.2710814971864428
e25f7b9a,3,3,1,0.2641502771896283
e296c5e4,3,3,0,0.2103625631047107
e2cb8401,3,3,0,1.2238572024096346
e2d370a2,3,3,1,0.7244757906120929
e2fcc91e,3,1,0,0.25426276510637624
e315fdd7,3,3,0,0.8107677108224323
e328a032,3,2,0,0.6631957597809426
e345b271,3,2,1,0.2271095060797128
e34b9430,3,3,1,1.209843697215013
e362108f,3,3,0,0.6014729637536395
e37d000b,3,3,0,0.22036321763253758
e3a6f97f,3,1,1,0.8742359404386053
e3aa85a3,3,3,0,0.3789335005564979
e3aa9dcb,3,1,1,0.9714120535783652
e3af914a,3,1,1,0.6728783711908495
e3bb3735,3,3,1,0.7538273652524655
e3bce7e1,3,2,0,0.9488923772714568
e3d5aab8,3,2,0,0.10452748948309865
e4614ec6,3,2,1,0.2548812756190406
e46417a7,3,3,0,0.06714693828541773
e4762a2b,3,3,1,0.6710998609307486
e47c1eb7,3,3,1,0.7845241032665398
e4a2e3bc,3,2,2,0.4429445148316694
e4ab3b12,3,3,0,0.15960656173747767
e4b47411,3,2,1,0.7378684533574065
e4c008b9,3,3,0,0.2953598303661825
e4d396d7,3,1,0,0.17805195897262627
e4d5bf2b,3,3,1,0.7514950374427428
e4db6712,3,3,1,0.40978186125302046
e4ee6ff3,3,2,0,0.9990552512527306
e51193d1,3,3,2,0.26721398195613
e515c971,3,1,1,0.5875492080653688
e56b2209,3,3,0,0.29142269874265436
e5b902bc,3,3,2,0.7495755712372252
e5d77ff3,3,3,1,0.8304109407712308
e6169c6d,3,2,0,0.23126348053319462
e715739b,3,3,1,0.5372672543746563
e71f347e,3,1,0,0.8376195260824986
e739c579,3,3,1,0.9638510680422177
e7401605,3,2,0,0.2204525369359419
e76ad778,3,1,2,0.9970512371389262
e79487a3,3,1,0,0.2788974786214561
e7bbb32e,3,3,1,0.6750428072207367
e7d08824,3,2,0,0.879977726760734
e7db432d,3,3,0,1.1000783497699835
e7e43817,3,1,1,0.10771585049104693
e7ee0921,3,1,0,0.13445891844256064
e8313da5,3,1,1,0.20489168924516654
e88aa867,3,2,0,1.4008102056631948
e892aec6,3,3,1,0.2820450649445862
e8af663d,3,1,0,0.5274825588194425
e8b64419,3,3,0,0.779709699771884
e8d9d5ea,3,2,0,0.7198478458149471
e8e82627,3,3,0,0.559713305809736
e9030ab7,3,3,2,1.0269641070660538
e90a63d0,3,2,0,0.4692899775020877
e912c973,3,1,1,1.1901775491638427
e934bf0a,3,2,1,0.7082344027208315
e93cce44,3,3,1,0.42634852741711077
e96da61f,3,1,0,0.18317425739863263
e9b642a3,3,2,1,1.124409224846219
e9ca5586,3,2,0,0.34677191774056104
ea4619ec,3,3,0,0.3925053378631691
ea544af3,3,2,0,0.7506414174212934
ea7adcd6,3,1,0,0.9338604755913079
eaa4821d,3,3,0,0.2206225194484251
eaab7a96,3,2,0,0.8030254775572425
eac08386,3,3,0,0.1616154963435557
eaedb188,3,1,0,0.613670280603943
eb00abb3,3,3,1,0.09418614202741427
eb5c46b0,3,2,0,0.944217922394434
eb749e46,3,3,2,1.1623274223301499
eb891208,3,1,0,0.9318825055473058
eb90ee20,3,3,0,0.41308251999860746
eb93a46a,3,2,0,0.26023906912560385
eb9a846d,3,2,0,0.5315166280982107
eba27772,3,3,0,0.18803276020077486
ebd15fdc,3,2,1,0.7578153916325208
ebd6f819,3,1,1,0.938767110128663
ebf30e46,3,1,0,0.8758243731564423
ec015bbb,3,3,0,0.12176969393155185
ec13a1b9,3,2,2,0.3704449595972363
ec4a1461,3,1,2,1.0287267033234289
ec619149,3,1,0,0.6324869783723767
ec6b57b4,3,2,0,0.8280786493492782
ec850b10,3,2,0,0.9900912126619668
ec890dbd,3,1,1,0.4612423023615354
ec8f8f95,3,2,2,0.6473576797325197
ec9044f5,3,3,0,0.730625485749501
ec9195be,3,2,0,0.4353337684552728
ecb1c038,3,2,1,0.575457618767394
ecbdbe55,3,2,0,0.23776478527332245
ecd22509,3,2,2,1.089814197152176
ecd25dd1,3,3,0,0.7493896456864677
ed0b3906,3,3,2,0.8257889267501398
ed329c15,3,1,1,1.0067897153393848
ed50a6f6,3,3,2,0.6964567145824285
ed61b01e,3,1,0,1.304907502451372
ed711416,3,1,1,0.3844851620650209
edb86a64,3,1,1,0.6572174757809692
edc44560,3,3,0,0.678270288096033
edca760c,3,2,1,0.5501269372295277
edfe1f8d,3,3,1,0.7361156953583027
ee21612e,3,3,2,0.9443733224581519
ee4e9eed,3,3,0,0.2905069736347565
ee654259,3,2,1,0.20559318046983427
ee67eb55,3,3,0,0.3638113703077749
ee74be35,3,1,0,0.48067356426478636
ee7de96c,3,1,0,0.04935776364877098
eec0d188,3,3,0,0.3257259393876012
eeedcd5e,3,1,1,0.7584301691095531
eeefa792,3,2,0,0.47120060833242783
eef79620,3,2,0,0.8761669586515173
eefeb431,3,3,0,0.8580949809965218
ef07f833,3,2,0,0.12765585294479315
ef1b858a,3,1,0,0.1679940287724978
ef4ae515,3,2,0,0.08649408642611028
ef58dd3c,3,2,0,0.8218136122295215
ef9617e7,3,1,2,0.7581026555391562
efa35d35,3,1,0,0.3640177901982161
efc2bc05,3,3,0,0.606519127573673
efedde24,3,1,0,1.521572708112013
f015a18c,3,1,0,1.2093818560419156
f028534c,3,3,0,0.6919810258161746
f0356a48,3,3,0,0.36644679560111404
f043be76,3,2,0,0.6150082239343783
f08a5ac3,3,1,0,0.7002096067059819
f0957ca1,3,3,2,0.6953037274498548
f09a076a,3,2,1,0.7520835529999975
f09b02cd,3,3,0,0.47819455292033175
f09e7b33,3,3,2,0.8363744455792387
f0b5d026,3,3,2,0.6613758244687582
f0d76b32,3,1,1,0.7524962147127279
f0ed5690,3,1,0,0.39998804343843986
f0f3e41f,3,1,0,0.7005700292305287
f1049268,3,3,1,0.5249504073190964
f11e17c0,3,1,1,1.340472953776616
f13cb65e,3,3,2,0.6123949661251668
f14e55d7,3,3,0,0.7307963072165246
f1702318,3,3,1,0.5802885521756145
f1baabc1,3,1,1,0.25236637359010794
f1baae47,3,2,1,0.6151247213211124
f1c3cb6b,3,2,1,0.8289076262615863
f1ed2e85,3,3,0,0.4134782390257476
f1ee75bf,3,3,1,0.352541740493042
f2260009,3,1,0,0.4578539049616521
f240387a,3,2,1,0.5289421834034117
f2499682,3,1,0,0.2759166106599981
f2649b91,3,1,1,0.7052248537779565
f285b43c,3,1,1,1.0245268814483852
f2d4efd8,3,3,2,0.863480493119823
f301e7a9,3,1,0,0.43524555229133505
f3020788,3,1,2,1.0668506093037537
f32a9580,3,2,0,0.3579876436915467
f35b607c,3,3,0,0.5452113475728145
f3600deb,3,2,1,0.3762901355711018
f3a1dd3b,3,1,1,0.5904684289965174
f3aac45a,3,3,1,0.9936568601920606
f4114031,3,2,1,0.7111798976769779
f420b05a,3,3,0,0.12013905421547155
f4223e3a,3,1,2,0.45062098793696315
f44f1227,3,2,0,0.4250452122886974
f47abc42,3,2,0,0.48925409097194317
f497dd7b,3,3,0,0.615335690234561
f4d2f5af,3,3,2,0.7004809374906048
f52a2597,3,3,0,0.5364073040825503
f5369cea,3,1,0,0.08730021520775899
f54eebeb,3,1,1,0.8346230305952305
f567a1af,3,2,0,0.16096592885381844
f57de847,3,2,0,0.764230193965041
f58ddd4a,3,3,1,0.5682541282857143
f5ad7abc,3,3,0,0.22446802122776943
f5b2acf0,3,1,1,0.43534063140637985
f5e64c94,3,2,1,0.7621756049733781
f62b317d,3,1,0,0.8508768888363374
f64ae747,3,3,2,0.897202917832685
f64e1d85,3,2,2,0.367375591429813
f64f877b,3,2,0,0.28464492857998114
f67908e7,3,2,0,0.46725842055020106
f68f158d,3,2,0,0.6836652078764616
f6b719ee,3,3,0,0.09442592222154012
f6c20447,3,1,0,0.2098914221405831
f6d3a5ad,3,1,0,0.461036229039556
f6d6f400,3,2,0,1.082886420844794
f77c2636,3,3,1,0.9342983036299506
f7fc97cf,3,2,0,1.081313285909113
f804c9f3,3,2,1,0.9343754207778749
f817f33a,3,1,0,0.18962394093050855
f8674e15,3,3,1,0.6937485480146437
f8b36382,3,2,1,0.41347759307272336
f8bf4a1c,3,1,0,1.049685613788587
f8e3467e,3,3,1,0.48803268649111164
f8ff0bc8,3,2,0,0.971368426411388
f922ae21,3,1,0,0.6641926700296923
f93010a8,3,1,0,0.43843494736101685
f9334e08,3,2,1,0.058804131060086196
f9384fa2,3,1,1,0.8879627140937868
f958efdc,3,2,0,0.6429170727409632
f9897bf1,3,1,1,0.17788463557464101
fa472647,3,1,1,0.6777901312485316
fa62d7b1,3,2,0,0.498028433668321
fa633e39,3,1,0,0.61015839290901
fa78d819,3,1,2,1.2285560653407377
fab75c2c,3,1,0,0.3166059840131839
fb04f7dd,3,3,2,0.31277633432958696
fb2c4db6,3,3,0,0.032718314872343335
fb2ddbd1,3,2,2,0.4159427665242461
fb3c2c87,3,2,0,0.3770073124148169
fb9982a2,3,3,0,0.21791732293377325
fb9c5a33,3,2,0,0.49718047833150875
fbb39bfe,3,2,2,0.9829155391993354
fbbd97b1,3,3,0,0.5443858221922933
fbc6ade7,3,3,1,0.1438007138420782
fbda3966,3,2,1,0.5579309274176307
fc1912e3,3,2,1,0.7880000243072555
fc2c2c08,3,1,0,0.4961017691282988
fc41be2f,3,1,0,0.07491628959769414
fc49ba65,3,1,0,0.12346374045180297
fc8e4de4,3,2,0,0.3731519450626669
fcc6347f,3,2,0,0.33858992037624186
fcd9a6bb,3,3,0,0.24983351123332598
fd3448d9,3,1,2,0.4182595497501884
fd5589f6,3,2,0,0.2971686165744179
fd56e059,3,1,0,0.37220291145114853
fdb6b48b,3,1,0,0.5493058995901999
fdc11b96,3,3,0,1.101165739572169
fdd9799f,3,2,1,1.104620321783746
fdea7d9e,3,2,1,0.9679546841996205
fdf4691f,3,2,0,0.5505571406338965
fe102a25,3,3,1,0.35640348573739844
fe2bc235,3,2,2,0.692058709402853
fe3cbf02,3,3,0,0.2369801231908359
fe5e2dc9,3,1,2,0.49867343180897844
fe6afaf9,3,1,0,0.4641043705112502
fe9c71d8,3,2,0,0.24697947022925854
feb53635,3,2,2,1.3961290640008663
fecc07d6,3,3,0,0.1852014651760212
ff60112d,3,2,1,1.1913693925864057
ff6c2bb8,3,2,0,0.41995804626379196
ff759544,3,2,1,0.2791852141257466
ff8a2de4,3,2,1,0.677297777300475
ffcd4dbd,3,1,1,0.9895227067397137
ffed1dd5,3,2,0,0.7966151490374997
00105258,4,1,0,0.6342278955655424
00115b9f,4,2,1,0.22616178188562797
0038ba98,4,3,0,0.5640763864254766
00ae59c9,4,3,1,0.8057379037644533
00c0cd71,4,3,2,0.3985292125825653
00d56d4b,4,3,0,0.14148716731125405
00e6167c,4,3,0,0.44605292362925275
00f574e9,4,3,0,0.9828994244484488
01085eb3,4,2,0,0.987551506390352
01182ce3,4,1,2,1.3828305368705023
011e71c3,4,2,0,0.8591512013660376
012cadd8,4,3,0,0.3602401957829743
014c303e,4,1,0,0.3212886116167158
015ba5b1,4,2,2,0.9949314092522805
01cae1ef,4,3,0,0.6514302648447722
02073150,4,1,0,0.22123251376378256
0219f64a,4,3,2,0.5212698765542503
02347f13,4,3,0,0.9100359647340244
026102c4,4,1,0,0.20548072306608417
026fcbc3,4,2,0,0.5522875130702066
029a19c9,4,1,1,0.9129955985351952
02a01f18,4,3,0,0.3049621220269337
02c4cf7f,4,2,1,0.31831573934244783
02cebf33,4,1,1,0.8737694966304304
02cf7384,4,1,0,0.7728632358457284
02dcf62a,4,1,0,0.38079874267371483
0347462d,4,3,1,1.0412278140723366
034f923b,4,2,0,1.0204716677926813
035c96dd,4,1,0,0.4181283431053593
0380e709,4,3,2,0.6891767565895294
03833cec,4,3,0,0.20795869781533222
0391e587,4,3,2,0.6351648059074211
03a5c2d6,4,2,0,0.5050959456952403
03a9019b,4,1,1,0.6921791648232948
03bf5026,4,2,0,0.5251363299044758
03f1c1c8,4,3,2,0.8655169165020025
0417c91e,4,3,0,0.051861745731615616
04370442,4,2,2,0.3832090609765954
045a0a94,4,1,2,1.4849989590126293
0471236c,4,1,0,0.16668497731901838
0499c3e8,4,1,1,0.6895719483950038
04ad419d,4,2,0,0.4929609020786746
04af8fdd,4,2,0,0.5811780564442637
04bb1a76,4,1,2,0.6617602270040306
04cb2c30,4,2,1,0.4770611776333852
04d06a9c,4,3,1,0.6130511319462529
04dc7df1,4,1,1,0.43144378878331807
04f094a8,4,3,1,0.6759347461273686
0506b9cd,4,2,1,1.232012968730869
051680a0,4,3,1,0.4799346710797224
051f73ae,4,3,0,0.6093762469782117
052a1122,4,1,1,0.603841184058453
053d7d31,4,1,0,0.5931125799220396
055156e2,4,3,2,1.164201848201863
05777ce1,4,2,2,1.2328926005749619
058990e9,4,1,1,0.7301180705820602
058d2812,4,2,2,0.9045978818853957
0598f669,4,1,0,0.354710375052414
059e02ab,4,2,1,0.721755511312322
059eed01,4,1,0,0.20869685848750846
05bc318e,4,1,1,0.882461133134979
05d3d73a,4,2,0,0.25140349811448287
05db1b9b,4,3,0,0.4428558782528689
05e94f88,4,2,0,0.2559717258208841
05f2d1b5,4,2,0,0.30379613990972953
0610c066,4,3,0,0.14881406751142912
061f2866,4,2,2,1.1602619733641053
0632d98a,4,1,0,0.4591853981162217
063353cc,4,1,0,0.8703940095788509
063b16fc,4,3,1,0.8387148347892914
06472198,4,1,0,0.10220533719890829
065801e3,4,3,0,0.6780116638447498
066343d4,4,2,0,0.556287546851596
0676ead5,4,2,0,0.5354622031634386
067b9287,4,3,1,0.41487255129290523
067de065,4,3,0,0.23165978755596017
06c7dcff,4,2,0,0.392498688827845
06c8b2fb,4,1,0,0.11140479496304034
06eb8adb,4,1,0,0.15454959972838173
06ec8be3,4,2,1,0.3709519710685988
070386b2,4,2,0,0.6063243690096106
07048067,4,2,1,0.7154302003591856
0720320e,4,3,0,0.6618997808162769
077ac7a2,4,2,1,0.2618558257423233
07d879cf,4,2,1,0.8307270348990238
080698b7,4,2,0,0.7056958678549242
08159c5e,4,3,0,0.5662651178389594
082df556,4,3,0,0.7023629520026385
0844aee7,4,1,1,0.28401738124526893
08577722,4,3,0,0.1932070119052416
08660d12,4,3,2,0.926442765105708
086d6e7f,4,1,0,0.18917723384278906
089a6b19,4,1,0,1.141105094554772
09039272,4,1,0,0.4032755832589786
092494ec,4,2,1,1.0420918775416754
092c29b9,4,3,0,0.1976995420588668
09331bb8,4,2,2,0.9993859318522029
096bf063,4,2,2,0.7587472773871063
0983654b,4,1,0,0.4427286385657808
098b5836,4,3,2,1.149751151119656
098d3c32,4,3,0,0.4178555073602472
099e3614,4,3,0,0.4559938164952582
09b29113,4,2,0,0.1916143522719379
09d80057,4,1,1,0.32854827855855684
09eeaba6,4,3,0,0.11318807167947209
09eeec14,4,3,2,0.4114467740553484
09f44fd2,4,2,0,0.2850148093993716
0a1afc11,4,3,0,0.3046629131165846
0a418b57,4,1,1,0.6596652204902492
0a431608,4,2,0,1.2008228884791912
0a4b1425,4,2,0,0.25391370965229865
0a5f1214,4,1,0,0.4529462634454613
0a775819,4,1,2,1.2311254250839365
0a822c93,4,1,1,0.9231942594040029
0a9159f8,4,2,0,0.6018724088070365
0a995f99,4,3,0,0.3329362483528793
0ac5e12f,4,2,1,0.39062133279218025
0af81037,4,2,0,0.57979355202711
0afb2535,4,2,0,0.5754770839018616
0b4014f0,4,2,0,0.7820698665057504
0b4f597e,4,2,0,0.0954769080326992
0b50f3fa,4,3,1,0.5769538430253011
0b518637,4,2,0,0.20551386636817376
0b7c6100,4,3,0,0.506905288930809
0b7d7aec,4,2,0,0.8225458798712283
0b7d9da6,4,3,0,0.20631078569169936
0b9fcc42,4,1,2,0.3471300520446501
0ba53e53,4,2,2,0.19087013515465617
0bd89878,4,1,0,0.24935895556137133
0bdace00,4,1,0,0.3744812006811286
0c3d248f,4,3,0,0.23463051223858206
0c4e2d68,4,3,0,0.04280742692689177
0c4eabac,4,1,0,0.1508148602945164
0c794cf7,4,3,0,0.10686371447218618
0c83af0f,4,1,2,0.7188080236340952
0c8efce0,4,2,0,0.13195610716807415
0c98f822,4,1,1,1.1302544588456553
0ca08054,4,1,2,0.4764086946120819
0cbe4e54,4,3,0,0.6646921371411929
0cccc6bc,4,2,0,0.3798061238868394
0d01bbf2,4,2,0,0.2380171102498022
0d279d77,4,3,0,0.45381026756958515
0d34aee4,4,3,1,0.8474071657287265
0d4fa8f4,4,2,1,0.2074744038227216
0d570d3e,4,3,2,0.4800805164249644
0d74d0ed,4,3,0,0.7511034090013715
0ddab8ff,4,2,0,0.3191592298483435
0de01ae7,4,1,1,1.012545684117121
0df44f9e,4,2,2,0.9529707007466692
0df4c27d,4,2,0,0.8470553887974844
0e1cf9b8,4,3,0,0.3074350954748579
0e1f7fed,4,1,0,0.21883128870951113
0e3b0bd2,4,3,0,0.155718777269245
0e951124,4,3,3,0.9848561585209489
0e9c1be6,4,2,1,0.5260085360146491
0ec403df,4,2,2,0.9052308368111934
0eddd8e5,4,3,0,0.4464638334093377
0ee70b3e,4,3,1,0.6837746460328277
0f4db4f2,4,3,0,0.6676969446027404
0f6b71c4,4,3,0,0.23232693299336915
0f7f3bf3,4,3,1,0.5815481534747861
0f9b8e65,4,2,1,0.5724640478366798
0fbb3ca5,4,1,1,1.23213394581661
0fc19fd9,4,3,0,0.16915996705052977
0ff6ac09,4,2,0,0.5226763244107961
101774f0,4,1,0,0.054050197138221345
101c27f1,4,2,0,0.5549675504017635
10258585,4,3,1,0.22535813346694294
105e3f96,4,3,0,0.6426725438222646
108b8659,4,3,0,0.19424125623899796
10be7f09,4,1,0,0.20149971610211548
10c0e99a,4,3,0,0.2551647122908893
10e46254,4,2,0,0.41991253524097527
113f5798,4,3,2,0.7580480141178059
11477ed0,4,2,0,0.7612887136770559
11739de2,4,3,0,0.7509070682105776
1184a14a,4,3,0,0.1888046006982988
118b7733,4,2,1,0.4424956697200896
119dd2e1,4,1,1,0.3991490545705432
11be5d2e,4,1,1,0.7757489842566382
11f7253c,4,3,3,1.4026130084791884
1225fd28,4,1,1,0.7284553942338587
1286dab7,4,3,0,0.2955390710681407
12a607f6,4,1,1,0.34670163393255027
12cbf30c,4,2,0,0.6821740291580654
12f37ff2,4,2,1,0.26605895682671943
1301f65d,4,1,0,0.31885628392016413
1307c41a,4,2,0,0.270530331957786
1314bc8c,4,1,0,0.9475371136407177
136894bc,4,1,0,1.0374507521101692
137baaec,4,2,2,0.5864298583089038
137fc699,4,3,1,0.3479580337892738
13be5672,4,1,0,0.2533361202155177
13cdb63a,4,2,0,0.1221501066579056
13d23890,4,3,0,0.8877709437737638
13e46923,4,2,2,0.7148462182769686
13fca10c,4,1,1,0.7230434493376363
14109652,4,1,2,1.104068940851849
1420b16e,4,2,1,0.8737104118096466
1429abf1,4,3,0,0.4239939046292063
14391970,4,3,0,0.21233178565938637
144a9a79,4,1,2,0.5230059559416669
1455e657,4,3,0,0.1523831036096106
14568d61,4,3,1,0.19496610165934897
1458a9d2,4,3,0,0.4188918641326793
1470a1df,4,2,1,0.6689029411349647
14b3d6e5,4,1,0,0.13977562948120714
14b8dd2a,4,1,0,0.7802450049056283
14b999b6,4,2,0,0.4582603040119023
14c12974,4,3,0,0.11082944997703559
14dae995,4,1,0,0.7267615190529448
14e00ce0,4,2,0,0.22534901168080568
14eac885,4,3,2,0.9171382617039905
15227eef,4,2,0,0.8609238538293614
1522fee1,4,1,2,1.0911407089466927
1551c806,4,2,1,1.1005231381112306
1562998a,4,3,0,0.7406836156808169
15d702f8,4,3,0,0.3879757700516725
15dbc929,4,2,0,0.2632014183460036
15f2e240,4,2,0,0.051589578280392345
164b29ed,4,2,0,0.29381046649137704
164edc75,4,3,2,0.8346649295623297
16bf9efe,4,2,0,0.8333676083636568
16deb306,4,2,0,0.28395326883746663
16e277aa,4,1,0,0.7295228864976568
1704e646,4,3,1,1.0028852220482953
1713348a,4,2,0,0.5926695219296109
176f33fb,4,1,0,0.32296695580884294
177f25ab,4,3,1,0.5514755712629303
17b08109,4,2,0,0.36056083498395364
17e9cba0,4,2,2,0.8660119049788928
18154f3a,4,1,1,0.7018486551554932
1824417f,4,1,3,1.344668405199684
1837456f,4,3,0,0.6141866458723867
1843760e,4,1,1,0.7610554649884564
18506cf3,4,3,0,0.6074660853319175
1894884e,4,2,0,0.2270544121649311
18962676,4,2,0,0.20384213444603616
18ab47f8,4,1,0,0.16360510443513687
18b8b2f6,4,1,1,0.27556539574719024
18e21bf1,4,3,0,0.22033355298706997
18f6e6db,4,2,0,0.3448463892853729
18feab0f,4,2,0,0.8056827164993967
19098ef0,4,3,0,0.6939012428565008
19381499,4,1,2,0.6446744850725146
19455336,4,1,1,0.6222616721770338
1949438b,4,1,2,0.4154325477932471
1957153d,4,2,2,0.2909602437972928
19b095d5,4,2,0,0.3055697457261843
19c49039,4,1,1,0.9745324873070917
19cc95e8,4,2,0,0.29496432315694415
1a1e8ac5,4,3,0,0.1303915266850325
1a23d282,4,2,1,0.6675560896969727
1a9f8375,4,1,0,0.44752331889342356
1aae1de3,4,3,0,0.820673855217599
1afa48fe,4,2,0,0.2900529594520602
1b258140,4,1,0,0.08079886258877711
1b2cd439,4,2,0,0.5960665084669117
1b2eea8f,4,3,2,0.8805447565374358
1b32427b,4,1,0,0.5540460508258251
1b329556,4,3,2,0.7332908998875368
1b410106,4,2,0,0.3154285905150449
1b5fb26f,4,3,0,0.5226600763663309
1b6be334,4,1,2,0.8901511722989065
1b73fce0,4,3,0,0.2441598928358784
1bc6a98c,4,2,0,0.1819662153367982
1c063ebc,4,1,0,0.07182030861468025
1c23295e,4,1,0,0.8719124054450416
1c3b7f1a,4,2,0,0.4540273859654559
1c3c2b2f,4,1,1,0.2706013788974541
1c481537,4,1,3,1.0838993181274001
1c5ba087,4,1,1,0.8932214248113967
1c66daf4,4,3,0,0.8446145306615482
1c673231,4,2,2,0.7434270574721414
1c6ac3d4,4,1,0,0.39229811636463485
1ccf44f0,4,2,0,0.20231730781771162
1cd37b36,4,2,1,0.8956333288833696
1cf6dcef,4,1,1,0.3111918006758622
1d02812a,4,1,0,0.9429149201681282
1d041232,4,3,0,0.773658138281742
1d11d488,4,3,0,1.1828569311463732
1d78b3c3,4,1,0,0.5131115615704887
1d7edb86,4,1,2,0.8184128424637257
1da37c60,4,1,2,0.5883933295330415
1de3c240,4,2,0,0.21517104936696008
1dfd6433,4,1,1,0.6351199832899634
1e2a1bd0,4,1,0,0.29826154851901443
1e5f6199,4,1,0,0.2781583962201681
1e7dd854,4,3,0,0.3918487787631365
1e87baed,4,3,0,0.5964410528333198
1e986f93,4,1,0,0.08379068374668669
1eb206f0,4,1,0,0.4921893106656967
1eda934b,4,2,0,0.8730938436093627
1eea376f,4,2,0,0.8783960940802571
1eea8df2,4,1,2,1.4804534839975099
1eedf45e,4,1,1,0.5724284228303256
1f2164a4,4,3,1,0.1252841440518177
1f400626,4,3,0,1.0459620128194655
1f5835cd,4,3,0,0.10163944056713142
1f5cefcc,4,2,1,0.6824074216346429
1f65fa82,4,2,1,1.274787492756661
1f7ec039,4,2,1,0.8086847963449759
1f881e3d,4,3,0,0.952745961194656
1fc07a80,4,1,0,0.5269572640961275
1fed3943,4,2,0,0.46596993580071927
1ffede3b,4,1,0,0.6196078151692801
206c8562,4,1,1,0.4386824725437978
2084c823,4,2,0,0.9612802652945165
20cefbaf,4,2,0,0.5445455384799954
20df4cab,4,3,0,0.26245123077824223
20e8ca68,4,2,0,0.4080025830495049
2114473a,4,3,0,0.33464640582215416
214f46e8,4,3,1,0.6331083166491354
217ce5e6,4,2,1,0.9741920391044336
218faf6f,4,2,0,0.16973306761447632
21a76448,4,3,1,0.6967209428994847
21b835ac,4,2,0,0.2868150889664717
21e5833c,4,2,0,0.674789519918427
21eb6d47,4,1,0,0.8049419395352063
21f58fba,4,2,0,0.2556423657680539
221e37e0,4,2,0,0.2689237185574585
223724b2,4,1,0,0.5400970925289891
22375702,4,3,1,1.424171416585391
22389051,4,2,1,0.3930098386389592
22447a95,4,3,0,1.277400924701193
224fc39a,4,1,2,1.0196877588586761
22536a61,4,1,0,0.7654451823723338
22a71606,4,1,0,0.11546242760105047
22b4191a,4,3,1,0.6285699885129488
22c72c4e,4,2,2,0.5522780521454573
22e44415,4,2,0,0.42058429072942605
22f43a12,4,3,0,0.4281264492624543
231f6db4,4,1,1,0.31597337472906667
232b7cb1,4,2,0,0.860725421331092
2340e84a,4,3,0,0.5135717838149165
23418fa2,4,1,0,0.24770286804350494
23567787,4,3,1,0.6200730047119185
236d450e,4,2,1,0.3471575127047624
23d1a58d,4,3,0,0.8620319831358864
23d71e37,4,1,0,0.3684745443431898
23dafdab,4,2,0,0.25925429894763347
23e71e7c,4,3,1,1.2005097886790845
23e7f79b,4,3,1,0.42264473970554206
24398aed,4,2,0,0.2711650815003838
24591f4d,4,3,0,0.22992843926377682
247172f9,4,3,0,0.5406088473062903
2496c491,4,2,0,1.2581029130003103
249b6d68,4,3,0,0.8347091793709687
249d2266,4,3,0,0.21386131566705213
24ab10c6,4,1,1,0.1606825761581866
24b4bc6d,4,3,1,0.41129990420413376
24fb56db,4,1,2,1.0195133650199255
253f5cb1,4,3,1,1.3075309401030308
25849c6c,4,2,1,0.47632040259461794
2586774b,4,1,0,0.5029654079798191
25a3a723,4,1,0,0.58836346026944
26190ddd,4,2,0,0.4887557621285762
2625767f,4,1,0,1.1601834681101209
262cff6d,4,3,1,1.4198794505392165
26891dbd,4,2,0,0.8434611308346794
269d9918,4,1,1,0.5493243245552348
26a4b61b,4,3,1,0.5689877014331902
26aeacdf,4,2,0,0.18208347990505147
26b1792f,4,2,0,0.34577408864139975
26b893f4,4,1,2,0.5740759134797251
26d31613,4,3,1,0.921188019485236
26d541c2,4,3,0,0.5493586065566776
26f0e055,4,1,1,0.19807165098631097
2715347c,4,1,1,1.234736948504784
273c8ebd,4,2,0,0.18539918391557575
2760be91,4,3,2,0.4534558284296755
27724073,4,2,1,0.689320223128883
277f5b32,4,3,2,0.9763425027005457
278e8a51,4,2,0,0.19432481030600102
279d0ec4,4,3,0,0.5687426695501889
27cd2a6c,4,1,2,0.9573881992762522
27d363de,4,3,1,0.7714488418253165
27e0ca6b,4,2,0,0.37852706600989955
287390e6,4,2,2,0.9770551605479961
2891e36b,4,1,0,0.688409477757955
2898269f,4,2,0,0.2168421799154875
28b91cf3,4,1,0,0.13808701489438258
28ba92e9,4,3,0,0.4257007597177237
28e8b2b2,4,3,0,0.47911530332086805
28e973b1,4,2,0,0.7082304323233881
28f99ddb,4,2,0,0.6038240083533907
29587a31,4,2,0,0.3859899995451874
29886a85,4,1,0,0.18446935402331793
29b37b4a,4,2,2,1.2903064648419982
29c54890,4,3,0,0.6223996804209098
29e4911b,4,1,0,0.11088868559291509
2a0b8386,4,2,0,0.6212931468847294
2a3fcf9a,4,3,0,0.1478908109161079
2a64085d,4,2,0,0.3021864494449136
2a6a6b92,4,1,0,0.7028582018258862
2a7b5b79,4,1,1,0.391990678685996
2a81925b,4,1,1,0.5010051786089337
2a85889c,4,3,1,0.5897578718102159
2a88cbe9,4,1,0,0.4182407163366072
2a922ca4,4,1,0,0.18461557628834313
2a9e0dee,4,3,0,0.434831308427374
2aa15e6b,4,2,1,0.2617379268500466
2aab37ac,4,3,0,0.5669534108133855
2b34dcf3,4,1,0,0.1966343628221629
2b574ef7,4,1,0,0.10710189726164926
2bac0893,4,3,0,0.9626024679088298
2bad0db7,4,2,0,0.7452510140059637
2bbcfd43,4,1,0,0.19404166415813784
2bca454a,4,3,0,0.4806000477249404
2bfc9187,4,3,0,0.5801656321341716
2c3b09db,4,3,1,0.5274704169406788
2c406043,4,1,0,0.08219851357872199
2c483245,4,3,0,0.5556490300361805
2c49257f,4,3,0,0.41568288551865984
2c512f2f,4,1,1,0.4402722797614568
2c54d6c5,4,1,0,0.45628212738883467
2c56c930,4,1,0,0.47733145059364235
2c9a90e9,4,1,1,1.2103144209079268
2ca9811d,4,3,1,1.0596499756826514
2cb0db2c,4,1,0,0.10284513746030816
2cc4b720,4,2,0,0.28848903713243385
2cda86bd,4,1,2,1.2587040660933133
2d043af7,4,3,0,0.738084393256928
2d0bbbd3,4,2,0,0.5966262342138462
2d286c59,4,1,0,0.5741743475544815
2d3ba6fa,4,3,1,0.22929599822798474
2d5365c6,4,2,2,0.5840946480483877
2da6bf6e,4,2,0,0.17483880818354924
2dbdfe11,4,2,2,0.497104744083989
2e16053c,4,3,1,0.6195532819708243
2e17c497,4,1,1,0.32387849827102233
2e293d08,4,2,0,0.31418646859668753
2e4e045a,4,3,0,0.2522653962476099
2e7d888c,4,2,1,0.7916839584446269
2e8c9884,4,2,0,0.20326040554664832
2ea277d5,4,2,2,0.5037507220158755
2ebdadbc,4,2,0,0.3777165407752012
2ee0a1e8,4,3,1,0.9679182969193654
2f0f2949,4,3,0,1.0133465402362607
2f12de00,4,3,1,0.627841288927584
2f154763,4,1,0,0.1965718954745732
2f16cad4,4,2,0,1.0340002713188636
2f1af08a,4,3,0,0.11535875324516726
2f7f0eb7,4,1,0,0.1753318624738363
2f81950d,4,3,0,0.30931642039824553
2f8ec752,4,2,0,0.39122992635665366
2f91f3c1,4,1,0,0.7219306988011351
2fba6cf4,4,2,0,0.4329042582866443
2fc568f6,4,2,1,0.945102831063288
2fef897e,4,3,0,0.6149895079188799
3046a5c7,4,2,0,0.2776895909611805
3055881a,4,2,0,0.8570113391648346
3065aa2f,4,3,0,0.5948967976247512
307c91ee,4,1,0,0.22772488173373207
3093d29f,4,3,1,0.7380856222947278
30ac8a84,4,3,2,0.6085380773770678
30b3f203,4,3,2,0.9727248262126716
30ba4252,4,3,0,0.2715405408951532
30d2fd47,4,2,0,0.22660167686690819
3133a6c9,4,2,1,0.4772578920510204
31349d8b,4,1,0,0.7363117231123595
3134b69f,4,2,1,0.5759861154174963
3146f878,4,3,0,0.25728338176372695
3155ed01,4,1,0,0.7798028840821813
3162c492,4,2,1,0.34890822312779335
31648caa,4,1,0,0.09611034340971591
318ccc0e,4,1,0,0.4062348757226826
31b74cd4,4,3,1,0.47650839241211895
31d61741,4,3,1,0.42644066197470726
31ddec50,4,3,0,0.8961926380734149
31f01671,4,3,0,0.218593147577328
321202d4,4,3,1,0.5346593836378812
3216b978,4,2,1,0.8559847322879492
323ea319,4,1,0,0.48460597512461157
325afd3d,4,2,0,0.7690822591830703
327736cd,4,1,0,0.1268532961022114
327ef356,4,1,1,0.5968014501422578
329a9c25,4,1,2,0.9749177388850332
32a9dac0,4,3,2,0.5575234733351595
32b8490d,4,2,0,0.46780864150632395
32d262c2,4,3,0,0.5151647389699714
32dcc8ab,4,2,0,0.42973782235406977
32e18ccc,4,1,2,0.9692809573378645
3302713b,4,2,0,0.7179926392058991
3305a981,4,1,2,1.036749571263387
331733c7,4,1,1,0.611789539054882
333be478,4,1,1,0.58123703295006
338146bd,4,2,0,0.5973848742057934
3399795b,4,1,1,0.4560858205126579
33a499ce,4,1,1,0.8239531016552113
33d60f7d,4,2,2,0.594356388956324
33e34de8,4,3,1,0.9749207970361822
33fe1b04,4,2,0,0.7019179047008933
342edae9,4,3,1,0.22193273093211952
343460ab,4,3,3,1.4589557090115859
34362a9a,4,1,1,0.3271205398094776
3441fd41,4,2,1,1.1862923513860677
347095fe,4,2,2,1.4893867279538324
34eb79f9,4,1,0,0.5687026997109791
34ec5de4,4,3,0,0.8014647231063448
350cf38b,4,3,0,0.251903891311508
350dbeba,4,2,0,0.6219468081322636
35198c2d,4,1,2,1.0719135374753175
351cd4ec,4,2,1,0.4794276508251108
35265670,4,1,1,0.3937605455513521
356ab908,4,1,1,0.7301032841040901
35d2aa41,4,1,0,1.3311938427007888
35daea65,4,1,0,0.10280043056935961
35fa2ebf,4,2,3,0.9742387153008654
36473697,4,3,1,0.7543517545939131
36530d36,4,1,0,0.28496830714290555
36958957,4,1,2,0.9551831185190285
36b8c9e5,4,1,1,0.5500170689701688
36c060b9,4,2,2,1.4005157040916822
36c1f189,4,3,0,0.2473813034567348
36e77bf0,4,1,1,0.5307200880557545
36fda5de,4,1,0,0.16161686429567074
3714afd7,4,2,0,0.5187119890172566
372a7950,4,1,1,0.6737467250226191
3738db26,4,1,2,0.9396845347524523
376e617f,4,2,2,0.8045868166279331
37ae1239,4,3,1,0.4021679950482612
37bcfa7e,4,3,0,0.8419054977055977
380029ef,4,2,0,0.42614028714880037
3820a945,4,3,0,1.056808502025703
3826be66,4,3,1,1.1905976834204117
38390669,4,2,0,0.3233479512289402
384c3f27,4,3,0,1.3165475248919685
385a6557,4,3,0,0.3694941478036744
3875d4de,4,1,0,0.8075057382339936
38cccd6d,4,3,2,0.7236005339426987
38d53b92,4,3,0,0.5867737696340217
38ee12e7,4,1,0,0.7147185382212711
3901e707,4,1,0,0.1927227663700095
3913797d,4,3,0,0.5422247651074199
3918d854,4,1,0,0.13701622005762426
3934e29c,4,2,2,1.1564455833758343
394684ae,4,3,0,0.7700756229971707
394a6219,4,2,0,0.22179581486756605
3950aa00,4,2,0,0.8161475620776075
397efe7a,4,1,0,0.3185572026314769
3983d3cd,4,1,0,0.4680557329658477
3999e449,4,3,0,0.7723200774940933
39bdbb00,4,3,0,0.09610325412037235
39c20e2a,4,2,0,0.619140229584315
39cc2836,4,1,0,0.3400996213104598
39d626f4,4,3,0,0.575473888515889
39fb1ad0,4,1,2,0.8308663050226616
3a33d579,4,1,1,0.5532981599262135
3a594acf,4,2,1,0.6190001517301529
3ab0b1ff,4,3,1,1.067421722760462
3ab539f0,4,3,0,0.21583416891194274
3ae4ee9b,4,3,1,0.9783115657311359
3b047021,4,1,0,0.23125248899695905
3b091b83,4,3,0,0.4113984393343193
3b112284,4,3,0,0.12337173940034346
3b1b9538,4,2,1,0.774629463520564
3ba48ca7,4,1,0,0.4564144532387421
3bbf88cd,4,3,2,0.6644261091634738
3c0aba64,4,2,0,0.717150155777651
3c2cf08e,4,3,0,0.23489353732183182
3c5c85e7,4,2,0,0.59612121846175
3c620257,4,1,0,0.30580896816307135
3c7a7f32,4,2,0,1.1025639579920157
3c8f474a,4,3,0,0.33112109284044383
3ca35642,4,2,1,0.870462699745579
3cd8802e,4,1,0,0.6413858737641501
3cfeca85,4,2,0,0.19222996202368137
3d36fe8b,4,3,0,0.7014850694819539
3d3b87db,4,2,1,0.7599664764822494
3d3dd3ae,4,1,0,0.7470227851753928
3d3fb503,4,2,0,0.3550481595250465
3d46429f,4,3,2,0.9443881943904766
3d48430d,4,2,0,0.388253766015114
3d5ad997,4,2,0,0.5961779925565446
3d6143f3,4,1,0,0.1815394207346469
3d736110,4,3,1,0.8272776035300868
3d970ce4,4,1,1,0.5476034092451875
3dcbc164,4,3,1,0.8800708277891929
3de1a622,4,3,0,0.1652929143747614
3e377cb7,4,3,0,0.5480672566799321
3e398bf9,4,1,2,0.9623032770542681
3e3c242c,4,2,0,0.2033884876532484
3e5d5b58,4,3,1,0.1624453846741825
3e5ee48c,4,1,0,1.0320192993257402
3e7ee995,4,3,1,1.31278833988212
3e9fd8d6,4,2,2,1.2216114178966695
3eb48980,4,2,1,0.3495716329419362
3ede35d1,4,2,0,0.5103666143629628
3f1cf5ba,4,3,1,0.6545714829373414
3f1f23e7,4,3,2,0.5468704282548887
3f20e14b,4,2,1,0.9729436676547302
3f3a70c8,4,1,1,1.2788625635211086
3f3d3809,4,1,0,0.32669172291868115
3f51a21d,4,1,2,0.47032312997593057
3fcef947,4,1,0,0.3980410734787028
3fe59141,4,1,0,0.8005219115477661
3fe78116,4,1,0,0.6528905213288645
40087bc5,4,1,2,1.0660013573339975
40898508,4,1,0,0.9092939801228344
408bed19,4,3,0,0.5271219209023571
40aae75f,4,3,0,0.7428510739588732
40b904b3,4,3,1,0.5554413883833403
40cdadfc,4,3,0,0.4497635232776648
40e95163,4,2,0,0.2537756580101959
41052ced,4,1,0,0.6289254090294418
41185f8e,4,3,2,0.9494782613299944
4135cb0e,4,2,1,1.1019504890615854
416b6ba2,4,2,0,0.24610559480275934
41974cde,4,3,0,0.27345444369001337
41bacefb,4,2,0,0.7842661003986833
41badf5d,4,1,1,0.7830262791726081
41d48900,4,2,0,0.6005746728452886
42309938,4,3,1,0.7896158881491272
423610ac,4,2,1,0.45313010592409364
4255e559,4,1,0,0.5058298129368892
4262ce3d,4,3,0,0.35819801248798
427037b2,4,1,0,0.24447677237829035
427fad9e,4,1,2,1.006865059477614
428970d4,4,2,1,0.8400134375857895
428c37ea,4,2,0,0.2827277626741216
42bf071e,4,1,2,0.4500562655526317
42ebc3fd,4,1,0,0.6011247197163594
4307d287,4,2,1,1.1645587446602121
432a4c21,4,1,1,0.8157135737729817
432aff11,4,2,0,0.2458369381256965
435bfa7b,4,3,1,0.5305800721023352
43629a34,4,2,0,0.08859712462845099
436dd613,4,1,0,0.3011816427224384
43720c15,4,2,0,0.9647899982102802
43808706,4,2,2,1.0590606321365734
43a7386d,4,1,1,0.5870440880391355
43d43363,4,3,3,1.296440787172148
43e54b20,4,1,1,0.8979777058172538
43f5d3c5,4,2,1,0.4563844298171167
43fb80d6,4,2,0,0.7426970029818248
43fdba8b,4,1,0,0.397717839612947
440acf4f,4,3,0,0.12648091563231562
444131bc,4,1,0,0.2305622078310498
4442c376,4,2,0,0.39041418637787373
446757cb,4,2,1,1.0261666290799134
4496d883,4,3,2,0.5497884159304998
44cbf5c5,4,1,0,0.28205159051043427
44eaea78,4,2,2,0.8846217488679801
4505724a,4,3,0,0.12346969997813367
4507da27,4,1,1,1.1164600298218157
4518ed77,4,2,0,0.3020817745445727
451b0cd9,4,3,0,0.2267289322901846
451c11b3,4,2,0,0.451346422289548
4570c8b8,4,3,0,0.3325483615814705
45ea366f,4,1,0,0.11829253448604365
45eb32f2,4,2,2,1.0517305309333058
46170319,4,2,0,0.173952678834151
463bf3b2,4,1,0,0.19812615738098815
464a75fb,4,1,1,1.2047159447666327
4659aa1a,4,1,0,1.2314561077771542
466752d9,4,3,0,0.44835317590419105
46850373,4,2,0,0.3600018747289222
471e4d12,4,3,2,1.1917255046619855
47240aa3,4,1,0,0.25167803567652847
475ebe47,4,2,0,0.22477055629138948
4777151c,4,1,2,0.8823522979295827
47a52eb8,4,3,1,1.0854591175355948
47b3bea1,4,1,2,0.22432579179769563
47c1f368,4,2,2,1.2310705877392931
47fef4fc,4,2,0,0.19414943703156845
481a1861,4,1,0,0.4626790212387139
4829f7ca,4,2,0,0.7251190823200085
485d7c69,4,3,0,0.3976521062950017
48c205d9,4,2,0,0.4901651624545854
48df987b,4,1,0,0.29779690911413303
48e69212,4,1,0,0.3050586225977187
491bf457,4,1,0,0.5650516141086553
4926b18a,4,3,0,0.31826332273473484
4940a214,4,2,1,0.7131852741501238
494eba8a,4,2,0,0.3360414238987141
4950e24c,4,1,0,1.0265717651671216
49a1931d,4,1,0,0.3256442575896797
49e4eade,4,3,0,0.40606723864300504
49f38606,4,1,0,0.26561506107527627
4a1440d9,4,3,2,0.3208959473982347
4a17b463,4,3,0,0.2983818287388923
4a21eb0c,4,1,0,0.7909489762931761
4a3b6521,4,3,1,0.31190799877441105
4a475a9f,4,1,1,1.0903530569801678
4a62661a,4,1,1,0.7596316259893947
4a68d751,4,2,1,0.8078152831089229
4a69e534,4,3,0,0.13254931233951084
4a6af685,4,2,0,0.48085523884484704
4a6ea9de,4,3,2,0.6564623341338043
4a9f92ca,4,2,0,0.21653196031012245
4ac5c412,4,1,0,0.23938493676069994
4acac04e,4,3,2,0.4748935986207287
4afa8a76,4,3,0,0.07025252508234314
4b0f961e,4,1,0,0.9504180795284911
4b328259,4,3,0,0.4290222655972411
4b3c7594,4,2,1,0.35376488503059395
4b3db4f4,4,3,0,0.3438082836512809
4b51db3e,4,1,0,0.18408335824826133
4b71830a,4,1,1,0.9401823452797965
4bc2bee9,4,1,0,0.5186603117787516
4be6f3c1,4,2,0,0.4866683616969899
4c238671,4,1,1,0.7345097156878235
4c37fb30,4,3,2,1.0345222700409944
4cabd7aa,4,3,0,0.9156356269079557
4cde1e34,4,3,1,0.8511637618471419
4d19854c,4,2,1,0.5836504020442553
4d2d9ef3,4,2,0,0.14973759399059533
4d42caed,4,3,0,0.21859323300396272
4d61a44e,4,2,1,0.5928077813963412
4dc4ed56,4,2,0,0.46284226147133606
4dc86a42,4,2,0,0.400826406272753
4decbcd8,4,3,0,0.2718463106492618
4dfb4e1d,4,2,2,0.8817297748638354
4e052db0,4,2,0,0.7045452820772267
4e314e47,4,2,0,0.19192490627905534
4e58d463,4,3,0,0.5367596245495594
4e6c7a75,4,2,1,0.33085929461772257
4ea3963e,4,2,0,0.43984575999820075
4ea4e6c9,4,3,0,0.30654748626246314
4edb98d8,4,3,2,0.818722481665982
4f059221,4,3,0,0.05384470690860288
4f059a8a,4,1,0,0.8969758442653157
4f20b188,4,2,0,0.4145885773190252
4f2d0925,4,1,1,0.582751289113173
4f3b33ba,4,1,1,0.6578413441662029
4f3cd5c2,4,3,2,0.8410447379522321
4f96d1e7,4,2,0,0.1677590631553038
4fd7e043,4,3,0,0.25972943997399817
4ffa995b,4,1,0,1.1458575873312533
50242fa0,4,1,1,0.23175165242546308
504ed32b,4,2,0,0.29975106369468457
50707f1e,4,3,0,0.5524483733149905
508a0f98,4,3,2,0.8577156597469389
50a90725,4,2,1,1.0052463504011004
50b2b84b,4,2,0,1.191988815493572
5124169c,4,1,1,0.8712984999889611
5132511c,4,1,1,1.0089982533161443
51364c23,4,2,2,0.6317356657057341
515402ee,4,2,0,0.46069151304506395
515dd683,4,2,1,0.835230363110937
5180ff75,4,1,0,1.5081587051771619
518e5ae6,4,2,0,0.23940881281352688
5198e7b3,4,2,2,0.4680668314116892
51a349db,4,2,0,0.597368883544276
51eb8d14,4,3,0,0.6142013937059291
51f3feb4,4,1,0,0.3084558232785727
5216ef61,4,2,1,1.0637553014777432
5264bb0e,4,2,1,0.9909698587646609
526f719b,4,1,0,0.2624368535421201
527e796c,4,2,2,0.5200860621796974
528db82d,4,3,1,0.6546312948923554
52bd147c,4,1,0,0.3137357230246364
52ce9b8b,4,2,0,0.2739735508106186
52e9e467,4,2,0,0.9324085786470538
5320dac6,4,3,0,0.8519150446941763
53621b84,4,1,0,0.9791002407485789
53814642,4,3,1,0.3263457662659846
53905a2c,4,3,1,0.3092506006078162
53cf99f2,4,1,0,0.2629817070405674
53d20dc3,4,1,0,0.10336030185184508
53faf893,4,1,0,0.0833896803410849
54391716,4,1,0,0.7962064722896774
546bfb18,4,1,0,0.22692309198361826
54868027,4,2,0,0.1929793068606428
54945f30,4,2,0,0.6576933520791028
549712ab,4,3,2,1.0869182338607535
54c87d3c,4,1,2,0.3945656570880379
54e592da,4,1,0,0.8128780066223045
54fef303,4,1,0,0.6442509393501699
54ffe872,4,2,1,0.4211721252897762
556604d2,4,3,2,0.9408435526913812
5588f518,4,1,1,0.47648318715375926
55edb6ed,4,1,1,1.1498631146446467
55f9338e,4,2,0,0.1781135172052556
561f2797,4,1,0,0.21385255836684858
56210fdb,4,1,0,0.16103400717051802
5637a5a4,4,1,0,0.1858121419328872
563ebc00,4,2,1,0.2762247287527328
567ecea5,4,2,0,0.5118347979850126
567fd23a,4,3,1,0.9430608022398692
568eb64b,4,1,2,1.2585740375026533
56c99b23,4,3,0,0.301672580987255
56cb7161,4,1,0,0.24279258713284346
56d9dead,4,1,0,0.08070101205232705
56ef356c,4,3,0,0.2603877311912558
571907fc,4,3,0,0.6416785399791464
574cb902,4,1,0,0.2514932011637153
5779f2e9,4,2,0,0.3542979589913177
579e50bd,4,2,0,0.6658661283518456
57c4f2b4,4,3,0,0.740566803128342
57d82f30,4,2,0,0.9594381953415467
57de6095,4,3,0,0.11538769387723596
57f6fa6c,4,1,0,0.11145372386354402
580a30c5,4,3,2,1.013079659689975
58391429,4,1,2,1.296668121701952
58900fd0,4,2,0,0.10045636081161341
58ada72e,4,1,1,0.49947102876968574
58f11465,4,3,0,0.37244235922388647
592adca0,4,3,0,0.3548152693729416
592b3b7f,4,2,0,0.5484920991295233
59305d37,4,1,1,0.8670784588460824
59307c13,4,3,2,0.5263018553045459
593b5cfa,4,3,0,0.17753345183619412
59402969,4,1,1,0.9166239773462049
5985f299,4,2,0,0.24275874990938717
599850d0,4,2,0,0.23238429714650866
59b7fc28,4,3,0,0.08633432383329043
5a07e79f,4,1,1,0.3137932489947382
5a2c7642,4,3,0,0.1565059780221732
5a3d5e05,4,1,1,0.4526580088088625
5a4b3725,4,3,1,0.9187915579440956
5a5f9fb2,4,1,1,0.4906499400416724
5a8712ae,4,2,3,1.176697687873156
5ac9eca0,4,2,0,0.21399045189560517
5b299ae1,4,3,1,0.2613212340639028
5b2c9b83,4,2,1,0.910849484863624
5b66b6f2,4,3,0,0.02800771084161202
5b9ff85e,4,1,1,0.751686025889023
5ba201ba,4,3,1,0.5730396559393319
5bcf002a,4,3,0,0.43205599402913386
5c045867,4,1,1,0.9764813683475501
5c186496,4,2,0,0.27165569957812236
5c22f241,4,1,0,0.17379076771110047
5c2c136d,4,2,2,0.9483291985888593
5c3b30d7,4,1,0,0.3226401784985187
5cd83147,4,1,0,0.7021297399854092
5d04624a,4,3,1,0.6630590468765799
5d1d7e41,4,2,0,0.12268223027219327
5d3b6ea5,4,1,1,0.5078744232918264
5d48a5b0,4,1,0,0.1262091742476001
5d762840,4,2,0,0.9732589550296996
5d805d83,4,2,0,0.8631455801502945
5d885b20,4,1,0,0.1702174278454679
5daa20e7,4,1,0,0.3513834619550486
5dad24ff,4,1,0,0.8917595029602935
5db3db12,4,3,1,0.7100497810785779
5dc62fec,4,3,0,0.2505213185979773
5ddbac80,4,2,0,1.0936553647951464
5e08237d,4,2,1,0.41681642525480334
5e2c1349,4,3,1,1.0869589819989853
5e55e9fd,4,2,3,1.0550797419755398
5e57bd12,4,3,0,1.2359501524116014
5e614c1a,4,2,2,1.088781966457436
5e6b528e,4,1,0,0.23326320917375326
5ea2c305,4,3,1,0.921160666014345
5eb063e0,4,2,0,0.6387577614099772
5ef3d64e,4,2,2,1.0058772909135543
5f099188,4,1,0,0.13304741761827776
5f37ceb1,4,2,1,0.8812583248975354
5f574f3d,4,2,0,0.2620456637995933
5f78f7b9,4,1,0,0.45150422090494835
5f9dddb4,4,2,2,0.5490399215187675
5fa91358,4,3,0,0.39362760828645604
5fdfbe47,4,2,0,0.27604141033479346
603ab4ee,4,3,1,0.09808118827633772
606e979d,4,1,1,0.7419671617330061
60d1fdee,4,2,0,0.12404234395692565
60d2774d,4,2,0,0.28677310984295235
60fb7cb9,4,2,1,0.7927278704963561
612487a5,4,1,1,1.2325678553277961
612b3ff9,4,3,0,0.5683365586389018
612dd900,4,2,1,0.2986538412459916
613fc399,4,1,0,0.5743192688277688
613fc53d,4,2,0,0.3945757482343416
614d5517,4,2,1,0.5919256800268936
616fc21f,4,3,0,0.18772912883004234
61823525,4,3,0,0.21652698281128518
6187d0dc,4,3,0,0.06697807953869572
6192e6b6,4,3,1,0.8265879620845655
6197a2ce,4,1,0,0.724585584678408
620536d0,4,1,1,0.38509272960061625
621066ff,4,3,2,0.5276301789921337
622bb412,4,3,0,0.17887849215121698
6247cc15,4,3,1,1.0525689813384935
624869b6,4,2,2,0.902482209651144
624b9e34,4,2,0,0.3519576063589055
626a608e,4,2,2,1.0353698077716436
6277e13c,4,3,0,0.5193287678502425
6282e693,4,2,0,0.11440892541913966
62839132,4,3,0,0.42042809175402807
6291fddd,4,1,2,0.47452287562337236
62b873a2,4,3,1,0.42519395700684515
62cd5c74,4,3,2,0.7923451712091255
62d0cf97,4,1,2,0.9656246095075576
62f77d2f,4,3,1,0.4313177968315398
632eca98,4,2,0,0.5422779788253892
6332ad59,4,3,0,0.22657385560027132
63334478,4,3,0,0.37287507977006923
6344bba1,4,3,2,1.2525809395011496
635554d2,4,3,0,0.5291046505178663
63a00e40,4,2,0,0.3076371557839898
63d4ab9a,4,3,0,0.40675947546504637
63d810bb,4,1,0,0.845641983113997
63dd16ec,4,3,0,0.22387206693334194
63fc9770,4,1,2,1.0048181267842158
641697e6,4,3,0,0.2981230487288326
641a2b87,4,1,0,0.32006892333283965
646a4c0e,4,1,2,0.6180507711010573
649ff6d9,4,3,2,0.9816502400750811
64b4005d,4,3,1,0.6245458207886103
64ed48c4,4,3,2,1.2496941742389556
64fc556b,4,3,0,0.1108293241621568
650bf252,4,3,0,0.1889565537086938
6514c337,4,1,0,0.419518254397207
6515ef94,4,2,0,0.23030182020927636
654203ec,4,1,0,0.41321448930088855
658e66ec,4,1,2,0.9069049933281231
6595d479,4,2,1,1.1275422041235905
659fec57,4,2,0,0.5381458061239381
65dfe4b9,4,3,0,1.1786366134289497
65f9369d,4,1,0,0.48522119920527695
65fe69c0,4,2,1,1.2614807158404557
6622b302,4,1,0,0.3708284625951689
665abfda,4,3,1,0.5203668595771834
66665e95,4,2,2,0.6258114481287513
6672e527,4,1,0,0.15540090726759354
6699c999,4,1,0,0.26491917642780827
66d86d0b,4,1,0,1.0053461243474981
66ed301e,4,1,0,0.3093493335736474
66f044c7,4,1,1,0.4398745085072796
66f619e3,4,2,2,1.212298100691321
6708fcd9,4,3,0,0.19283461890091397
672a32f1,4,2,0,0.06287991892460654
673e7be9,4,2,1,0.6014672820950812
677038b5,4,2,0,0.15183597655361963
6774ba64,4,2,0,0.3807498247671812
678598dd,4,3,0,0.13120411126322495
679ce4b2,4,2,2,0.9676842803854941
67b54cdb,4,1,0,0.16145447346396807
682327c3,4,1,0,0.26735088330270834
6826f0be,4,2,1,0.7503986317790693
68572a28,4,2,0,0.13481258390986867
685cc0f1,4,1,2,1.1409028549004345
687c85e7,4,3,0,0.5899941659475594
6885737e,4,2,1,0.48600246709141215
68a59e56,4,1,1,0.2676129540104609
68be3d5c,4,3,0,0.3938574174287714
68d49292,4,3,0,0.27149223206940126
68e514dc,4,3,0,0.6134644694491971
68fa4631,4,1,0,0.5194125223250609
69074cf3,4,2,1,0.1161881758453085
697c41d7,4,2,2,0.4681364360171613
697d894b,4,2,1,1.1096251616961987
69b65679,4,1,0,0.3794893448936024
69ccea20,4,2,0,0.22152968895182645
69fabb6b,4,2,2,1.0227592079788381
6a04461f,4,3,2,0.33346379929579917
6a138911,4,2,0,0.5781845515546671
6a16089d,4,1,0,0.45640614571252935
6a2c6073,4,2,1,1.0248958119711724
6a2fd807,4,3,1,1.0880462619089302
6a7d07fb,4,1,0,0.3085809323935098
6a837387,4,3,0,0.16555488240981947
6a83a423,4,3,1,0.4608991211470035
6a864b11,4,1,1,1.188198142877674
6a98537b,4,3,0,0.3495352573927043
6abd21d4,4,3,1,0.6923612032537222
6abd2bd4,4,1,1,1.021454251653295
6abe8b60,4,2,0,0.27812800496357387
6ac5763a,4,1,2,0.9133253076057406
6ac5eaaf,4,1,1,0.24442091895516666
6ad91972,4,3,0,0.6218006208610962
6b6467f4,4,2,2,1.019073013260812
6b773506,4,1,1,0.7812939825674444
6b9a25e6,4,3,0,0.2930937446789421
6be0f069,4,3,0,0.5784694077631233
6be56337,4,2,0,1.0083579550101243
6becb599,4,3,0,0.1279618466866269
6c0fe935,4,2,0,0.7891308447829288
6c2edc91,4,3,0,0.8650952419035192
6c319d99,4,3,0,0.371937923319439
6c4902c8,4,1,0,0.5555238390923442
6c6cd633,4,1,2,0.506889285431409
6c737069,4,1,1,0.24725967478334393
6d341798,4,1,0,0.28542539853322174
6d5c5afb,4,3,0,0.446940576534893
6d707ac3,4,3,2,0.75913257343147
6d70e716,4,1,2,0.7522023900647636
6d7ba819,4,1,1,0.26101104675278414
6db14d48,4,2,1,0.5230998883982301
6db453ce,4,3,2,1.2128696806837755
6dfe4a75,4,1,1,1.0489317582360904
6e0d4774,4,2,1,0.8238419031098452
6e0ec0fe,4,1,1,0.6337359029603916
6e1d28b6,4,2,0,0.561760878846522
6e5606d5,4,3,1,0.3994220711067753
6e68bcfd,4,1,1,0.6245845168552647
6e695d70,4,2,2,0.37690883630010374
6e6d895f,4,2,0,0.49652433329657303
6e89cee5,4,3,0,0.549915960228082
6e9beaee,4,2,1,1.3092560230645316
6ea48a4e,4,1,0,0.5271089568491816
6ebfdc95,4,1,0,0.9612748519481329
6ecb430a,4,3,1,0.411933786957535
6ed385f6,4,2,1,1.0085257152290659
6eff29da,4,3,1,0.30329981847753473
6f49c8d0,4,2,0,0.3002665179728986
6f5677b7,4,3,0,0.9253479992978815
6f5a31ea,4,2,1,0.30500709438574114
6fb28c2a,4,1,0,0.10088920583210986
6fc6b5c4,4,1,0,0.39079493638992
6fc95dfc,4,1,0,0.27041420879029254
6fcdcb2a,4,1,0,0.7547351691010955
7015528d,4,2,0,0.449314431499632
709457f3,4,2,1,0.3605668619097068
70de1c63,4,3,2,0.9004457006568851
710345b6,4,3,0,0.14044403287924057
7151d8b5,4,1,0,0.4275417760311453
71850348,4,2,0,0.355452824345728
71852781,4,2,0,0.48048252799209634
7187caec,4,1,2,0.6688002369187486
718975fe,4,3,0,0.5407977092841879
7192b2e8,4,1,0,0.3165886179082984
71c1b1d2,4,2,0,0.14383864814997027
71cf0f87,4,1,0,0.15506731976543825
71ee31f8,4,1,0,0.19030101067415606
71f21593,4,2,2,1.2969420936914742
7214ad21,4,2,1,0.9645816373113385
721ea536,4,1,0,0.8927357953898762
723ee34c,4,3,0,0.5275497664072867
7250264b,4,3,0,0.15128382539715785
72565f5c,4,1,0,0.5334830978565642
7265f1e5,4,3,0,0.2873539851200773
7290824a,4,1,2,1.3673351107319527
72aa1a30,4,3,2,1.1866632201611078
72afd4ca,4,2,0,0.8719390875999815
72bbfadf,4,2,1,0.7330430953574512
72c9c38d,4,3,1,0.5992507486488936
72cb1703,4,2,0,0.06980844887438997
72cc9a64,4,2,0,0.39939834100254035
72fa40ba,4,1,2,0.7259271951883488
7308d22c,4,3,1,0.5972193548429703
732b2327,4,1,0,0.5464455022430967
7347b54e,4,3,0,0.10272679032855442
738e7248,4,1,1,0.8564866261896149
73aa6aab,4,2,1,0.8759482686619482
73d0e0a0,4,1,0,0.6521155177536703
73ec551e,4,2,0,0.16328067594161938
73ffa609,4,3,0,1.0991944480413258
745e6065,4,3,1,0.5840608991526673
7494989e,4,2,0,0.12005207411611812
7498fbde,4,3,1,0.5969015581975874
74be50af,4,1,0,0.2896932374230041
74c2bd81,4,1,1,0.7503175711638121
75311a3f,4,1,0,0.8434335810584574
7533a4a9,4,1,0,0.5313348857963898
75927c18,4,1,1,1.0299685889908403
759328e6,4,3,2,1.272182883940165
75b53bd4,4,2,1,0.3158813698960844
75bcc1e0,4,3,1,0.3569988205095862
75c13e08,4,2,1,0.37962881196782094
75db1257,4,3,1,0.7036281616890733
75f26948,4,2,3,0.8237163553862226
7698543b,4,2,0,0.8666563733570448
76c9bf0e,4,2,1,0.5774340836966751
76dc0e9f,4,1,0,0.23851791942978856
76dfa86c,4,2,0,0.12668878582237975
76f8f621,4,3,1,0.3882090566505949
76fb4afb,4,2,1,0.11467623389627046
76ff59f2,4,3,0,0.41717277009041553
7752d450,4,1,2,1.000967400886757
77941a98,4,2,0,0.4338083663274279
77a5b2ad,4,1,0,0.3258156734871063
77bfe07c,4,3,0,0.8783006650947387
77e460ce,4,3,0,0.29894954829401643
7800a084,4,2,2,0.9922365231367329
781710fe,4,2,0,0.15741310993229873
782a0589,4,3,0,0.5479400858681622
782af70b,4,1,1,0.7429607184627391
7858fd16,4,1,0,0.3969655769252773
785d0663,4,1,0,0.8796196312803962
7860b64c,4,2,1,0.44820215623850856
78704d22,4,3,1,0.9438784677696919
787654dd,4,1,0,0.19145450416181303
788268a4,4,2,0,0.21821386540765636
78a34e5d,4,1,0,0.2727813554404671
7914b38b,4,3,2,1.327397499621938
792d2fa5,4,2,3,0.604148813378721
793c2e31,4,1,0,0.3315193431214469
79483148,4,2,1,0.5952803775687326
7958e61b,4,2,1,0.6231201610795346
79629cf4,4,3,1,0.4910435527690431
79de3beb,4,2,0,0.5224777971627621
7a0136e0,4,1,0,1.1698319973021598
7a5fccc9,4,3,1,0.4553086099363439
7a6d26a2,4,1,0,0.6926546149885897
7a86fcd2,4,2,2,0.9160756330339968
7aa3a145,4,2,0,0.13821812047315263
7ad92034,4,1,1,0.6396124838799687
7af8eac0,4,3,0,0.08307632951904781
7b0a4060,4,2,0,0.26066449467498726
7b516283,4,1,0,0.3848243240445829
7b78e634,4,2,2,0.6120658006385368
7b8842c3,4,1,2,0.7069166194103098
7b9690de,4,2,0,0.4702648618457506
7bbde46f,4,3,2,0.3362081717700747
7bdbf66f,4,1,2,0.36428965291805476
7c02f4ec,4,1,2,1.431585145236875
7c194077,4,1,1,1.3884357723897216
7c21ad67,4,1,0,0.42788381715588575
7c39c8e5,4,2,0,0.38959199925102034
7c6ca1d4,4,1,1,0.9104153472780525
7c6cbfdd,4,1,0,0.1472906723166757
7c71edac,4,1,0,0.5718990044747326
7c8f0c95,4,2,2,1.1698027869307814
7ca548f9,4,3,0,0.21280376541413548
7cb1e4c7,4,2,0,0.36626785803831674
7ccdb9f2,4,2,0,0.5966589985768544
7cf3bca6,4,3,0,0.5321939660330328
7d22cd0a,4,3,1,0.2920409858315874
7d2f236b,4,1,0,0.259753654578311
7d40a714,4,2,2,1.4107303095095747
7d751a6a,4,3,0,1.1203110125117695
7d878d0d,4,2,1,0.8505712997852453
7d8f1716,4,2,1,0.6900765082051088
7d927bdf,4,3,0,0.5219782384065386
7dc65b92,4,1,0,0.8165607878465657
7deeb4fe,4,2,0,1.0908493308979756
7df487b1,4,3,0,0.5423678566575382
7e33976b,4,1,0,0.130909247391153
7e41db05,4,2,1,0.7652792141119051
7e71aa83,4,2,0,0.5543869663557942
7e87087b,4,2,0,1.056311007350561
7ebca7c4,4,1,0,0.5738802226562095
7ec65d94,4,2,0,0.15108779488812213
7ecea16d,4,2,0,0.16398186058288383
7f04b4fc,4,2,1,0.4453715720082164
7f1063e4,4,1,1,1.1293912523619483
7f26f78c,4,3,1,1.1534424319030818
7f2715b4,4,3,0,0.39253681283701547
7f44236f,4,1,3,0.9410323951379844
7f950ef2,4,1,3,0.9652030645482942
7fa51811,4,2,2,1.137952088887641
7fa7ccc4,4,2,0,0.3539754327358423
7fceb836,4,3,0,1.0164723439178718
7fcf0046,4,1,1,0.8748471851973152
7fd40f2b,4,3,1,0.5414376492092832
7fe0a99a,4,1,0,0.5994614214596047
8017f13e,4,2,0,0.972840395281008
8033847f,4,2,1,0.839953350347798
8068fafb,4,1,0,0.34738146818423354
806d877f,4,2,1,0.6113399941620845
80784c40,4,2,0,0.47170342086770567
807d8908,4,2,1,0.6278432772659096
80b46ffb,4,3,1,1.044372026986106
80d8829a,4,1,0,0.11136759262526436
80ed2bcf,4,1,1,1.426332081697028
812f6873,4,2,0,0.5042339432046952
81364a4b,4,1,1,1.1415347175271202
81394e0e,4,2,1,0.4993606915047889
813e7f93,4,1,0,0.23788456616863696
8148c785,4,3,3,1.3058778302421103
816b0564,4,1,0,0.8996948890408965
81766b8a,4,3,0,0.5980654288522068
8189aa29,4,2,2,0.618147262314266
819ad5f1,4,1,0,0.23399698764152144
81a4b826,4,3,0,0.3902152410548768
81c0b83c,4,1,1,0.3589994073480034
81d3ab22,4,1,0,0.9513348109681754
81d607bb,4,2,0,0.2536649197833604
81feecad,4,1,0,0.6282940662609828
82422684,4,2,0,0.7522464184812967
8256a969,4,1,0,0.31159653105566154
828b31ca,4,3,0,0.2360727438666047
82923551,4,1,0,0.09773625009636233
82a114c1,4,1,2,0.8237392300295936
82ec9747,4,3,0,0.13419418173811376
8310a02f,4,3,0,0.4659313182913346
8328c8b3,4,3,0,0.8624602929506843
836b4de3,4,3,0,0.8509537388295445
83711ef5,4,1,1,0.5948062883194416
8376acc5,4,3,0,0.2436496654490431
83912085,4,1,0,0.324399173228899
83c33097,4,3,0,0.33626738456108224
83eda373,4,3,0,0.33491391451451236
83fb5ee0,4,3,0,0.2362015702780602
840ff4b7,4,3,0,0.16332163433466956
844b87f8,4,3,0,0.1587873838729113
844be9e4,4,2,0,0.23782088832734105
84a16b14,4,1,0,0.7088970970146652
84b7d89d,4,3,1,0.7792216723071825
851b425b,4,3,0,0.3737105388564411
852adec2,4,2,0,0.36092815067149236
85452335,4,2,1,0.5872538527208628
854eb237,4,2,0,0.2833324186202852
85525f8d,4,3,0,0.34609498748069656
855c6099,4,3,1,0.37773030182276846
857baaa6,4,1,0,0.5641142317207052
858ae6a3,4,2,2,0.8229077939231867
858be19a,4,1,1,0.8079755376167688
859cbb27,4,3,0,0.24047418072532345
85b027ee,4,1,0,0.3683927646785111
85ba333f,4,1,2,0.4394696786589075
85d99199,4,1,0,1.1528617384665403
85d9c915,4,1,0,0.40334868779960037
85f23af6,4,3,1,0.22261208056460308
860f4f9c,4,3,2,0.6838385806675414
86335468,4,2,1,0.6325733831098991
863e40c7,4,3,0,0.6679684362043602
863f7033,4,1,0,0.9223901633753973
866a08b7,4,3,1,0.2501741847650451
86a8e0d6,4,3,1,1.1141106439880857
86bd716a,4,2,2,0.8266200469909242
86e56299,4,1,1,0.7625220628374214
87050a09,4,3,0,0.5009090583054272
874a348f,4,3,2,0.9060218754658088
876a929e,4,1,2,1.1381647259862855
8772f64b,4,3,0,0.7889747232381368
87af775e,4,3,2,0.44367514590414636
87b78ee3,4,1,2,0.7514184903682113
8823b020,4,2,1,0.6038050123375571
88300a4b,4,2,0,1.0356494849882112
884c429c,4,3,0,0.02265222399659217
8877cdee,4,2,0,0.2565557242039644
888c45f9,4,1,1,0.1580685225388042
88c640b9,4,2,1,1.093379032891742
88cdb5bd,4,1,2,0.9603936079019834
88e04d93,4,2,1,0.8350143107287769
891193eb,4,1,0,0.505502066463777
891b8cd5,4,1,0,1.20887633469509
89261ca6,4,1,0,0.4270633593636173
893293dd,4,1,0,0.12715822691477396
89739b1a,4,2,0,0.3006104520455515
898096eb,4,2,0,0.16454814581111937
89a26502,4,1,0,0.46208122415032016
89bd10b7,4,1,2,1.0545308547920547
89d475e2,4,1,2,1.0996049714249416
89d7d2c3,4,2,0,0.28482872539520204
8a444a98,4,1,0,0.3051650004447172
8a4d341b,4,1,0,0.4586974709737831
8a4e5d1a,4,2,0,0.9554420306099589
8a645723,4,2,1,1.1175626285469433
8a6b6912,4,3,0,0.2616509667040121
8a77c3e9,4,2,1,0.9264626119588694
8a9e653f,4,2,0,0.09200437655571092
8abbbc38,4,1,0,0.4630162711867011
8ad5e251,4,2,0,0.3034554195344017
8b02eb7e,4,2,0,1.3180738720079002
8b3c900f,4,1,0,0.5320148064421455
8b6a40f5,4,1,0,0.677433033497515
8ba98f12,4,2,0,0.1252744567587783
8bc5199c,4,2,1,0.3773673955663144
8c0ca955,4,2,0,0.8548162806162418
8c122779,4,2,0,0.88107749020075
8c1f9196,4,1,1,1.1707455567042375
8c5a5a21,4,2,0,0.7169788742971658
8c6c52a2,4,1,0,0.2418782266563656
8c97411a,4,3,0,0.3307515407645757
8c9c253d,4,1,0,0.5885460701536438
8ca025c3,4,3,0,0.27948717688856134
8cb19d64,4,1,1,0.23441297194148308
8cfcac79,4,2,2,1.064400237761098
8d010562,4,1,0,0.40148474106632936
8d055cca,4,3,0,0.8636742534577385
8d8b8553,4,3,2,0.5972427735282823
8db09bb4,4,1,1,0.6959006201382729
8e24b103,4,1,0,0.291252116458754
8e380413,4,1,1,0.6273992054870374
8e59a69a,4,2,1,0.4892221676721705
8e770d51,4,3,0,0.3169087464609489
8e80deb7,4,1,0,0.638074378402354
8e93a873,4,3,1,0.8225819474150952
8ef72e3e,4,3,0,0.040694502704546776
8f015125,4,1,0,0.9021579887631017
8f112082,4,1,1,0.7957599291524524
8f13c52a,4,1,1,0.8216885228748334
8f39a0e7,4,1,1,0.47751285397029375
8f753551,4,3,0,0.5400745933752368
8f9c03c6,4,1,0,0.07832821333205642
90161e10,4,1,1,1.3238944832391168
90778278,4,1,0,0.17008279162529755
90a37530,4,1,0,0.12921157221130863
90fee6b1,4,1,0,0.3970778424447846
9105b812,4,2,1,0.8911859453095622
91098060,4,1,0,0.7072107146522804
911d1406,4,2,0,0.6276822653064427
9130a22e,4,2,0,0.29458151982920794
913bea9f,4,1,1,0.8965184572280995
916f7069,4,3,0,0.5281971481649694
9173f25b,4,3,2,0.8638464817687654
917990b2,4,3,0,1.044466916961337
9181b136,4,1,0,0.1789071172334722
91e23cc5,4,2,2,1.1860459669063759
91fdc1e0,4,3,0,0.6380530051009637
92031591,4,2,0,0.6288226943580831
921146d1,4,1,0,0.29888529498330224
92293b06,4,2,0,0.7796699566341663
92622443,4,3,1,0.5341297256121026
926a64d8,4,1,1,1.064317922004487
926b3a76,4,1,3,1.0950935268403643
926bd07e,4,3,0,0.40371666098998676
9271574b,4,2,0,0.6148719517966457
92b18571,4,3,0,0.28370656727472754
92bb8516,4,2,0,0.2776695666323604
92bcf0e7,4,3,0,0.16015598784256924
930c567c,4,3,1,0.5674753144177092
93188a17,4,1,0,0.45769540370703315
93363059,4,2,1,1.020130481459881
933da99b,4,1,0,0.7022937720898305
93507a1b,4,3,3,1.3430012799149833
93559639,4,2,0,0.16329702597833212
93904b23,4,1,1,1.0909983102903742
93c06d4c,4,3,0,0.5395450280607406
93c72a97,4,2,0,0.8786940238662577
93c93585,4,1,0,0.41998547884249493
93cdae1c,4,3,0,0.5397869954673695
93f8b501,4,2,0,0.3257549893603716
93fda84a,4,1,0,0.14096607491295793
9402b885,4,2,0,0.8634348330436314
9405bad1,4,1,0,0.2526461771491366
945d802a,4,2,1,0.5340184167792582
94902bc9,4,3,1,1.34896474327665
949f94e5,4,2,0,0.2216279500896497
94a1053b,4,3,1,0.861354929715015
9508b72f,4,3,0,0.5561813227480485
9521093f,4,1,0,0.9414736233354963
9540fa8e,4,2,0,0.37309397883103657
95488452,4,3,0,0.02867052503513745
954a4c2e,4,3,1,0.6956478445742891
9568e659,4,3,2,1.1111892264222396
9570bfb7,4,2,0,0.15792194836612217
957dcb7f,4,1,1,0.1862858568204755
95cc96cc,4,3,0,0.09818091576831423
95e04c4b,4,3,0,0.11702268229377111
9646a500,4,2,0,0.3604403733006744
966161e7,4,2,0,0.07289934490570682
966fffd0,4,3,2,1.0798720515803475
96d6034f,4,3,0,0.10696479655042834
96de5f57,4,1,2,1.3041873220407325
978218e6,4,1,0,0.4414080810766019
979a5c76,4,1,1,0.9497682661652933
97bb0cc0,4,2,2,0.8136239360711028
981568fa,4,2,0,0.6763997808794432
983bcb5b,4,1,0,1.3711423617210206
98413061,4,3,0,0.12568231784034734
9853fb61,4,3,0,0.7594835734191153
98a4be3f,4,1,0,1.206975999851311
98a81a90,4,2,1,0.6298875212776386
98ed2153,4,1,2,0.912195230221666
99205f42,4,2,1,0.6285277364796638
99328d2e,4,2,0,0.7411644801987083
994ee014,4,1,0,0.4065141680769318
9977fb0f,4,3,0,0.5414431465999333
998115f3,4,1,1,0.5880480543615105
998cfa64,4,1,0,0.23902004408121852
99a1711f,4,2,1,1.1614558176886607
99a8a9e7,4,3,0,0.20127382111994474
99ec8c4a,4,2,0,0.4616069523887692
99f0cc53,4,1,0,0.2159471829703723
99f3be05,4,2,1,0.6027659434252219
9a2082cf,4,3,0,0.40984127407694926
9a50d2d8,4,2,0,0.9615248221208363
9a5aed6c,4,2,0,0.7814287187843596
9a76906d,4,3,0,0.3405967980478084
9a7e4c38,4,2,0,0.6020693854875112
9aa36639,4,2,0,0.12490756539808018
9aab3e36,4,1,0,0.37344279209565817
9ab4909f,4,1,1,1.0613123640650364
9b328d6c,4,2,2,0.8390233255914232
9b5f13ec,4,1,2,0.8486126815952665
9b96b0e4,4,3,0,0.42087398258160863
9bc60f80,4,2,1,0.3991712535108321
9bdd6964,4,1,1,0.22314086268521766
9c12f80d,4,1,0,0.2147506285119205
9c1ea003,4,1,1,0.6920877076335323
9c2df71f,4,3,0,0.06805069048325019
9c589c9d,4,3,0,0.10709071022576255
9c7a1561,4,3,0,0.18290411359459358
9c9cd7ef,4,2,1,0.4644547010354999
9cb303cb,4,1,0,1.376072921239058
9cb32129,4,1,0,0.23338904451003117
9cba0d0e,4,3,1,0.6949168331127844
9ce139d3,4,1,0,0.1393430325874903
9cee3c19,4,1,1,0.5106206942638107
9d0670dd,4,3,0,0.1258934632148891
9d1b2d2c,4,2,0,0.15158256847902857
9d29b706,4,3,2,0.7350312434053174
9d39f0da,4,2,2,0.4607881821333482
9d5826bb,4,2,1,0.5539259275845768
9d65adbf,4,1,1,0.9186808287297972
9d6b1410,4,3,0,0.30435370453646265
9dbdbebf,4,1,0,0.12848295180282987
9dc74359,4,2,0,1.2432858810671747
9ddb06db,4,3,2,1.1164776009296875
9ddfb9e6,4,1,1,0.8819499042879089
9de6a614,4,2,0,0.8505493954396719
9e027e04,4,1,0,0.24004574552554797
9e052412,4,3,0,0.26683963938421884
9e171735,4,1,0,0.668300409146134
9e4385f7,4,3,0,0.6950451282971977
9e7860ef,4,2,0,0.18035149829158315
9e964060,4,3,2,0.27712991293028383
9ebb73c7,4,3,0,0.5475716497526638
9f6b9158,4,3,2,0.8198589719172698
9f9be55c,4,2,2,0.677210484507559
9fa5cdfd,4,3,0,0.2713487955062265
9fa68512,4,1,0,0.12191519658674477
9fb96ae3,4,2,2,1.1043704682301891
9fbc09a6,4,3,0,0.25268539526974915
9fbf31f9,4,1,0,0.2947019049352767
9fbfa81b,4,3,0,0.2919654740806649
9ff73d95,4,1,0,0.4062843352491343
a00c3ab0,4,2,3,1.4715733388535541
a0182b17,4,2,0,0.73590132864759
a0277c1c,4,1,0,0.3506637745237729
a032d7bb,4,3,0,0.44943151163530554
a0482f47,4,2,0,0.4539451954225715
a0497d5d,4,3,1,0.8319565128677687
a0510686,4,3,1,0.12823650601602343
a07ec6fb,4,3,1,0.6433241740693536
a0811cc1,4,2,0,0.5108647357465509
a08ebf6e,4,2,3,0.8529437254891098
a0dffdeb,4,1,1,0.29643788238613905
a148b46f,4,2,0,0.42546977760583315
a1814875,4,2,2,0.8403913170547099
a1942b0b,4,3,0,0.37535660011523087
a196148e,4,1,1,1.4499733460772068
a1ab89aa,4,2,0,0.08327168883936886
a1fe4f51,4,1,0,0.11297008855860396
a213c519,4,2,0,0.9835927870913057
a217e790,4,1,0,0.3378441600989564
a21ad8c0,4,1,1,0.9907211975704371
a221c60c,4,2,1,1.0528170095580696
a2240f50,4,2,2,0.7436485279468308
a263a68c,4,2,0,0.45647633106691826
a26c3e8f,4,3,1,0.2955738508360125
a297d1b9,4,3,0,0.2100239896978689
a2994e55,4,3,2,1.174346429849455
a2a8f352,4,2,0,0.1403966532678665
a302a015,4,2,1,0.285997046657534
a30e6178,4,1,0,0.4668126075238917
a317c78a,4,2,0,0.5178635882115803
a3391798,4,3,0,0.2388402524767561
a3413f0a,4,2,0,0.3574989051641384
a363ec1b,4,2,1,0.984343569227903
a3858c6a,4,1,0,0.9828152099228757
a38699a5,4,2,1,0.45649681387245056
a3abe528,4,2,2,0.476719793015953
a3b146ca,4,1,0,0.31231204680616614
a3bd8858,4,3,1,1.1216239181341128
a3e53e34,4,2,1,0.6102460203666946
a40c8316,4,1,2,0.9771839478299762
a4481101,4,2,0,0.6522065254750716
a45230f4,4,1,0,0.6576792573580187
a4530b41,4,1,0,0.14465757027118314
a457a4ab,4,2,0,0.3012759022908876
a49eda7f,4,2,0,0.7174881025721761
a4be0322,4,1,1,0.5916301971093765
a4c15213,4,3,0,0.37437118571438305
a4e0447e,4,1,0,0.5527951132038664
a4f13c0d,4,2,0,0.7224843734003276
a5024ef9,4,2,2,0.4501597828749406
a5078c62,4,2,0,0.5680228159824775
a5356446,4,1,1,0.9769645442456132
a54d22e7,4,3,0,0.285718017517479
a5710c0a,4,2,0,0.43708385120971727
a5974a7d,4,3,0,0.5721407937241271
a59b2411,4,2,0,1.0454600040985655
a5a737f3,4,1,0,0.31249812040308395
a5c87de6,4,1,0,0.39117720083044233
a5dbb00a,4,2,1,0.49472557857402477
a60b8575,4,2,2,1.3128728276081838
a62edc1c,4,3,1,0.11314046917896825
a65b2226,4,3,0,0.2270508610845436
a6969e1a,4,3,1,0.3913984792889964
a69f89e2,4,2,0,0.3353018699688285
a6e72e9d,4,1,0,0.20236206491840697
a6fbb2e7,4,3,0,0.34571706127940405
a70bb2c5,4,3,0,0.6546904698692655
a70e9a7c,4,3,0,0.6075595222445065
a722f648,4,3,1,0.5188387128644514
a7639eb5,4,3,2,1.1322986855573998
a774c63b,4,3,0,0.563283964296185
a78766db,4,3,0,0.7667445273768215
a7b9546a,4,2,0,0.4431295315203595
a7d2852d,4,3,1,1.0952627086742703
a814e825,4,1,0,0.5559049862203357
a84922d2,4,2,0,0.5173547971780489
a84ae7e0,4,3,1,0.7860804573993858
a886c07b,4,1,2,0.7828810654429613
a88cd304,4,2,1,0.8781404837385959
a89284b2,4,2,0,0.2452419646259379
a8b0428d,4,2,1,1.1024809064110537
a922ef3f,4,3,2,0.3609244524600165
a9595acd,4,3,0,0.3409992317376843
a95b4487,4,1,0,0.4666232282685028
a971b3b1,4,3,0,0.14408543524495143
a9aa2336,4,3,0,0.7841351345458138
a9c3b925,4,1,0,0.4185014360407233
a9c53cdb,4,1,1,0.3176812309176243
a9c5f872,4,3,0,0.6970952644686609
a9e5794a,4,3,0,0.5191149732444256
aa1700c7,4,3,0,0.23304704315539804
aa295760,4,3,0,0.36816857039705525
aa61d9da,4,3,0,0.9327888477317023
aa776ef6,4,3,0,0.07156687426169439
aacb0b33,4,3,0,0.9180265105100911
aaefeff0,4,3,3,0.7763707265436534
ab16a20d,4,3,0,0.445527656829401
ab1dc378,4,2,3,1.0284450991329388
ab36aa48,4,1,2,0.38128987568313844
ab4b6c15,4,1,1,0.7219281910240927
ab4fe82b,4,1,2,0.6640544494596043
ab54c39e,4,2,1,0.7564053111780563
ab5889ef,4,2,0,0.14260522827589694
ab71f143,4,1,0,0.5451061592544435
ab987c75,4,1,0,0.43072034202436216
abac67cc,4,1,0,1.2143187591979863
abaf745c,4,2,0,0.2659942978180088
abb3b071,4,3,0,0.5362373762726131
abd1b232,4,3,2,1.1582653001118937
ac29ec80,4,2,0,0.22041123196084028
ac31e154,4,1,0,0.5229811343340911
ac66c144,4,3,0,0.0641330824480294
acb75c15,4,1,0,0.669689413468755
acde8e47,4,3,1,0.5045638685395842
ad1dfc9a,4,1,0,1.2647490808133859
ad380962,4,1,0,0.2058624128956601
ad8189bd,4,3,3,1.0945856006347927
ad8945e3,4,3,1,0.6112093602960882
adaf7461,4,1,1,0.6223244183039778
adba23f0,4,2,1,0.25275022445025086
ade50eba,4,1,1,1.3868749162744078
adf444ff,4,1,1,0.4438068857592181
adfef47a,4,3,0,0.10418800025795627
ae712150,4,1,0,0.6502748109163978
aea63a78,4,1,0,0.3375317154130271
aea92843,4,1,0,0.2371459362168007
aecc7e74,4,3,2,1.1090404674892393
af1c2775,4,3,2,1.1052989714187165
af485add,4,1,2,0.7971059245924538
af4f064e,4,3,0,0.2563869978789871
afa92c37,4,1,1,0.800831767328538
afae8244,4,2,1,0.3134320019824947
aff48273,4,1,1,0.6808384316077847
b01cb004,4,3,0,0.28844823449279094
b074f33b,4,1,0,0.8045811596760684
b08f0ca4,4,3,1,0.06596157891569487
b092b360,4,3,0,0.5990885550079614
b0ab15a7,4,1,0,0.20753083337866934
b0e96997,4,3,1,0.4463457862820172
b120a337,4,1,0,0.5159851261303103
b13e0cd0,4,3,0,0.8706658332320703
b1883100,4,2,0,0.11868970549503571
b1a00510,4,2,1,0.24300209747634377
b1bc2fe4,4,2,0,0.10505554725588084
b1de4423,4,2,0,0.16764653096005327
b1f064ac,4,1,0,0.8234735616198592
b21f7b12,4,1,1,1.0225716238329647
b2382d94,4,2,0,0.13308385964227348
b23b9220,4,2,0,0.7207287527988318
b2594910,4,2,0,0.5618908671257161
b285eac6,4,2,2,0.1747329419142557
b2987a65,4,3,0,0.47664759666716316
b2a73566,4,2,0,0.8715405667178977
b2b56219,4,3,1,0.4478194967068271
b308c03e,4,3,1,0.6919234610217827
b318f1d9,4,3,0,0.15688230593940244
b31dd1bb,4,1,0,0.7842311410027266
b347b9cc,4,3,0,0.24745594697759943
b39504a7,4,1,2,0.861213230425781
b397a73e,4,2,1,0.34472334480692024
b3d74a58,4,2,0,0.14139941596493955
b3dade53,4,2,2,0.7928812684048728
b4002374,4,2,1,0.8422226073002146
b412866b,4,2,1,0.8979264375618177
b447e66d,4,3,1,0.27944291466418686
b452f767,4,1,0,0.370076209964139
b463e777,4,1,1,0.25595723359279343
b4885e6f,4,3,3,1.0122043151216895
b494401a,4,3,0,0.6227854594149335
b4cfd8d7,4,3,0,0.6207062415217135
b4e69f09,4,3,0,0.1913290248552943
b516ca6f,4,3,0,0.5899123502883431
b53a8f23,4,1,2,0.3509220483106386
b55f7943,4,1,1,0.5426594804592654
b57e33a6,4,3,1,0.10253683154686277
b5a0707a,4,1,2,0.9280069375754162
b5b2d51c,4,1,0,0.30537975039758564
b5c2bc50,4,3,0,0.3747245616609568
b62a320b,4,3,1,0.32198459908167126
b64856e9,4,1,1,0.61863263369203
b69bf1f7,4,1,0,0.7300267349839177
b6e9a65f,4,3,0,0.21684381179251971
b70db5d6,4,2,0,0.11290996566840295
b712b69b,4,2,2,0.9152221410076926
b746cbe3,4,3,0,0.19415270508648413
b78d5d2e,4,1,0,0.5577135121388911
b7a61f8d,4,1,0,0.10855245557184112
b7c410a9,4,3,0,0.4645536789001123
b7eb466c,4,3,0,0.5451630301213367
b7ec062d,4,2,1,0.921024441101066
b802aec3,4,3,1,0.8705628633336215
b816d8d5,4,1,0,0.45931775927839175
b89b8154,4,1,0,0.4290270561550442
b8b48fbf,4,2,0,0.5371264691099253
b8bf20f9,4,2,0,0.3870504284698192
b8df3d7c,4,1,0,0.36440164423106103
b92be605,4,2,0,0.5221261851876356
b93e1e41,4,3,0,0.5048196259005873
b94ec4a1,4,1,0,0.5185456813741918
b95aad8d,4,3,2,0.9981184236027164
b95da85d,4,2,2,0.7197769791727043
b96e3324,4,2,0,0.11337694712889079
b9b22bff,4,3,0,1.2309333909094007
b9cf3f7c,4,3,1,1.0955686781453742
b9d3616c,4,1,2,0.9564633521385949
b9dcf632,4,2,0,0.27038358812489366
b9e20ba6,4,2,0,0.5178667432274708
b9e90f7f,4,2,2,0.972396077184422
b9eeb8fa,4,3,0,0.2625214915776797
ba09d63f,4,1,0,0.4259010531659109
ba158a9c,4,2,0,0.7522905355227707
ba29cfb3,4,3,0,0.16664145125125518
ba42462b,4,3,0,0.3066084280568995
ba4294b3,4,1,0,0.5273639384958205
ba73bc7c,4,2,1,0.7783737020596038
bafc4389,4,2,1,0.3414787286238054
bb0d7d92,4,3,2,0.8896780702896365
bb808a71,4,3,0,0.7922139116960468
bba6ff20,4,1,0,0.5018911946310943
bbd71a7c,4,3,2,0.8362135350956951
bc06600f,4,1,1,0.8890924634385305
bc0c0f03,4,3,0,0.273608735946048
bc1ec029,4,3,0,0.5507501611197603
bc437705,4,1,0,0.18879932833378643
bc4eaf77,4,1,3,0.9417978617992027
bc6bd8b2,4,3,0,0.2767818767870347
bc817a4c,4,2,0,0.18646439564096973
bc95339a,4,2,0,0.3385054853617563
bccebc5a,4,3,0,0.6878102424847051
bce32ada,4,1,1,0.5068143750051514
bd124dbc,4,3,1,0.5732515911841435
bd480331,4,3,0,0.5815298322743462
bd713fb8,4,3,0,0.37055010236902497
bd8397cb,4,1,0,0.9283018994527896
bd932d04,4,2,2,1.1855506806024567
bdbd1afd,4,1,0,1.000660769189249
bdbdc4b5,4,3,0,0.3398826330241436
bdbff28b,4,2,0,0.9381410237448458
bdcc7d10,4,3,0,0.32068281740372545
bdcddd09,4,2,1,0.6054026392981069
be1c3b0e,4,2,0,0.9974580150544072
be210bc7,4,3,2,1.18135475876884
be26335a,4,2,1,0.9574452553039946
be9ba5f7,4,2,0,0.9219393725320263
be9e9a8e,4,2,0,0.47435169891819595
bea525dc,4,3,0,0.6616151622705155
bedeb6f3,4,3,0,0.20591148630519535
bee4eab0,4,1,1,0.6985606919595522
bee51adb,4,3,0,0.4069288969048039
bef259fd,4,2,1,0.940318892764309
bef89ce4,4,3,0,0.2887039105733563
bf0942bc,4,1,0,0.6340570569799928
bf31e0a7,4,1,0,0.14705170765001474
bfade1ba,4,3,0,0.2319540655901418
bfb421f9,4,3,2,0.6893110830579253
c00c663c,4,3,1,0.7191103675004271
c0442863,4,3,2,0.9702129685638938
c0869eb0,4,1,0,0.4025016780014007
c087b48a,4,2,1,0.9502881423621559
c09d41cd,4,2,0,0.7385237718060254
c0a7d046,4,1,0,1.0459672532983837
c0adc389,4,2,2,1.0077924963322022
c0d5b3f3,4,1,0,0.7402835175060344
c0f2a046,4,3,0,0.5984808186859646
c1200b71,4,3,0,0.1253207060008119
c1373df0,4,3,1,0.2677374048792356
c192715a,4,3,0,0.7405654134973909
c1add876,4,3,1,0.5286408058155233
c1ed20ef,4,2,1,0.33320080992108075
c24c877a,4,3,0,0.054529094512032916
c274a243,4,1,0,0.1596067154505587
c294b507,4,2,1,0.5535328412283316
c2adf42c,4,3,1,0.9041012760024557
c2b40d6f,4,2,0,0.4831738651850411
c2bac6ad,4,2,2,1.020582057207229
c2bac92a,4,2,0,0.7424463441813728
c2ea6e54,4,1,0,0.29960805863598355
c3061b23,4,3,0,0.5538706638167482
c308b134,4,2,3,0.873351090577817
c31a5825,4,3,2,0.23353331740697758
c37ef416,4,1,0,0.4788410187003667
c38a5c9b,4,2,2,1.0638405891893399
c391e9c0,4,2,1,0.5200699563500808
c3a3f61e,4,1,0,0.4253646956993256
c3adae87,4,1,2,0.6593077945425388
c3b87e5c,4,3,0,0.22202103117513117
c3d46daf,4,3,2,0.8637760495173976
c3dde859,4,1,0,0.27909479166083356
c409bc9d,4,3,0,0.09484308869825242
c40bb352,4,1,1,0.3198764681531889
c418e47a,4,3,1,1.0807798795242647
c42b7972,4,3,0,0.7390698090937192
c446e1c5,4,1,2,0.8954309583653779
c45068a1,4,3,1,1.0231548489808389
c459095b,4,1,2,1.0218257531844617
c4a681dc,4,2,1,0.2620042633686261
c4aa8d47,4,2,0,0.1878488558437419
c4c2076b,4,1,0,0.22884128748345806
c51c1139,4,1,0,0.23100844678221394
c5462e87,4,2,1,0.3621239376740392
c55187b4,4,1,0,1.1997746414158947
c5c891c1,4,1,0,0.6109274437098532
c5cfaeae,4,3,2,0.7195029276656256
c5e91ebc,4,3,0,0.3948675344134879
c5f3d60c,4,2,0,0.12004470650120852
c6287031,4,1,1,0.8953971274889274
c6313b18,4,2,0,0.40928105965938094
c63f1965,4,2,0,0.4236637659937415
c6575d38,4,3,2,1.4411170098704034
c66daa08,4,1,2,0.959974006793975
c678730b,4,3,0,0.3447809621652699
c68c9809,4,3,1,0.6951162083014697
c69ffa09,4,3,0,1.1330240004578398
c6b7811e,4,1,2,0.3064045997779398
c6cb894a,4,1,0,0.5626125579246763
c6cc7467,4,1,0,1.232169935024284
c6d4b453,4,2,1,0.21937750271844575
c6da0d4b,4,2,0,0.4214698770057379
c6ead822,4,1,1,0.9320444679455737
c6fd800e,4,1,0,0.19710967197011792
c706a54d,4,1,0,0.10504842995060704
c731458f,4,2,1,0.7012963214134811
c73dd2e4,4,1,0,0.5705494010129619
c73f149c,4,1,0,0.3422610966303097
c79039af,4,3,1,0.23562773685728317
c805ebe7,4,2,0,0.12431076985169803
c8270746,4,1,1,0.8242699160422293
c892f324,4,1,0,0.19492946847288306
c8cc2e1b,4,3,0,0.21433361269600693
c8d6b871,4,3,0,0.4779772605925481
c8fbbc8a,4,1,0,0.5272659757025346
c9133895,4,3,1,0.5603178246039792
c9537127,4,2,0,0.49160888323078716
c9600298,4,2,0,0.2785672532862729
c96b9609,4,1,0,0.19764267743839126
c98527f7,4,1,0,0.2949275856822821
c9879365,4,1,0,0.5178682770893128
c9902f48,4,3,1,0.39383109216887335
c9a57335,4,2,0,0.23543034763405202
c9ad9c75,4,2,0,0.879813787091681
c9d47171,4,2,2,0.3696055255842855
c9dabad5,4,2,0,0.4713297721240929
c9e419e7,4,1,0,0.30417336067704914
ca1bdcd3,4,2,0,0.21546005768872262
ca33a5e7,4,3,2,0.33608052441996383
cad3bc70,4,1,2,1.1408421190456393
cadd4ae5,4,1,0,0.49700220034148274
cae0531e,4,1,1,0.8807721483775828
cae31194,4,3,0,0.4054664668809366
caec8d59,4,2,2,1.138936845686331
cb2752bc,4,3,1,0.6852213359910556
cb73fed9,4,1,0,0.21495370390758828
cba1c8b5,4,3,0,0.7444782466569423
cba39753,4,2,0,0.8583764307889921
cbb1ddec,4,2,2,0.47809811820333187
cbca33a5,4,3,0,0.47651268087169846
cc010b72,4,3,0,0.16651721797448032
cc224be2,4,3,0,0.37954779431129815
cc25e136,4,3,2,1.0272506881213324
cc477243,4,2,0,0.5239192794498438
ccc9db97,4,3,1,1.2411303176742425
ccd0fe74,4,1,2,0.9721339838652451
ccd3cb96,4,2,0,0.29004778615737653
ccdb4ae5,4,1,0,0.48009230891687055
cd144127,4,2,0,0.37332563161383725
cd39e576,4,2,0,0.46071884150307185
cd68643b,4,2,0,0.1189692161443387
cd8ec8ac,4,1,0,0.5074062188870422
cd8f3c61,4,3,0,0.2093447788582617
cd92eaf6,4,2,0,0.4530747055586655
ce031b1b,4,1,0,0.4448205786921564
ce379a6a,4,1,1,0.672819906585986
ce6eeadf,4,2,1,1.0413863190766703
ce95b2e1,4,2,2,0.9060519781881768
cea35700,4,3,0,0.39665552447068186
cefdb7fe,4,3,1,0.803689220111796
cf0d6d38,4,2,0,0.2527606973324149
cf1b9d44,4,3,0,0.7993894228657406
cf86987d,4,2,2,1.1489511779995283
cfcf9dc9,4,2,2,0.1549108572904102
cfe4cf40,4,3,1,0.6888340693028744
d00b493e,4,1,0,0.6418453129704121
d0429481,4,1,3,1.1770587541032334
d05f5d71,4,3,2,0.7103270960930219
d08806a2,4,3,1,0.5200168967343225
d0ac4f1c,4,3,0,1.179400636345251
d11428bd,4,3,0,0.6736275097985643
d1145910,4,2,1,1.0262885363991048
d14d79b5,4,1,0,0.3365711883954533
d1a38988,4,2,0,0.3716622012413235
d1aa6625,4,2,0,0.4439367045414351
d1aafc4e,4,1,1,0.9624909216525015
d1ab95e5,4,2,0,0.43415728656772745
d22e7168,4,1,0,0.6244885848798355
d2b84f45,4,2,1,0.9866421554632847
d2bcca68,4,2,0,0.4326338728457524
d2d9b474,4,3,0,0.593239593056129
d2fcde50,4,3,0,0.2668579290643148
d3b860ab,4,3,1,0.10104683802418696
d3bf6d28,4,1,1,0.7745027628059322
d3da09e8,4,3,1,1.1104373235794274
d3eda827,4,1,0,0.08246323322182358
d42454d4,4,2,0,0.4069717925548464
d4337a28,4,3,0,0.274051942536598
d45bae93,4,3,0,1.2839169406177116
d476f528,4,3,2,0.721984649623472
d4b935f8,4,1,0,0.9009424563250981
d4bfc83f,4,3,1,0.12372943941201664
d4c2e9a1,4,3,0,0.18267486154439044
d4d2f272,4,2,1,0.7861324728973339
d4d9f7f9,4,1,0,0.26893986168306344
d4f3e585,4,2,2,0.9287745528577296
d50a8c3c,4,2,1,0.816804899465246
d53ead5c,4,3,0,0.35538253114204926
d547d0da,4,3,1,0.5000623882549156
d565ccf6,4,2,0,0.5995166952459124
d57380cf,4,2,2,0.8865162278953318
d57802c5,4,2,0,0.4239254656692856
d57f6c9e,4,3,2,0.823058837520953
d5874bad,4,2,1,1.0322367526899614
d5a8d9b0,4,3,2,1.0239608213411673
d5b089a4,4,1,1,0.6020983648279943
d5cebbfc,4,1,1,0.4828001496490435
d5fb07d2,4,3,1,0.7124337832129148
d5fde276,4,2,1,0.4063942732420486
d6007386,4,1,1,0.7098937236715493
d61359ee,4,1,0,0.06374516113287154
d6251195,4,1,0,0.15627138223011444
d661ddf7,4,1,1,0.60407476498166
d66aed49,4,3,0,0.32407736548997296
d6776176,4,2,0,0.23351915056892597
d6add300,4,3,1,1.0485440447980985
d6be0a92,4,2,2,0.49732300847614264
d6c4d9eb,4,1,0,0.4770493602379415
d6c6baa5,4,2,0,0.7348661781832009
d6e613bc,4,2,0,0.8107151013474357
d77ac332,4,3,2,1.0233467107253926
d788a6a8,4,2,1,0.30829715020046494
d78c55fb,4,3,2,0.8548339541751591
d78f437c,4,3,0,0.11975788455913272
d7c063b4,4,1,1,0.19345405112014807
d8037389,4,1,1,0.8404522353597768
d8196954,4,3,0,0.1740305677240816
d81f28d3,4,1,0,0.18628465594294075
d85a62b3,4,1,2,0.5397170778366186
d85b7c71,4,3,1,0.479139281551544
d87d3d03,4,1,0,0.4345641600400333
d87e2d01,4,1,1,0.8133694989212317
d8a78157,4,3,1,0.8859825096829028
d8b066ad,4,1,2,0.64349951158886
d90900e1,4,2,0,0.4052889930007022
d94c91bf,4,3,0,0.20853791210903433
d980da40,4,2,0,0.20378897356313913
d98be7a1,4,2,0,0.11091716401080876
d9ae9a13,4,3,1,0.7325180695208812
d9c82502,4,1,2,0.30298290083813983
d9eb30bf,4,2,0,0.960384218078808
da0001de,4,3,1,0.17755254437847173
da09ed4b,4,3,0,0.9624476213562114
da15064a,4,3,1,0.5341792664744359
da1b21b1,4,3,0,0.15528929060794017
da5a8921,4,2,0,0.21359237761151056
da94e67d,4,1,2,0.8533453909892996
daa9b0aa,4,1,0,0.22073279730917061
dacc2f83,4,2,0,0.8686566205186963
dacfdb2c,4,3,0,0.19501078420484858
daf3969c,4,1,2,0.979669453352046
db38d1f9,4,1,1,0.7393464799186428
db3b1dd1,4,3,0,0.3026121175149078
db49ac7c,4,1,0,0.8061287625880723
db609511,4,2,0,0.0915570798668851
db746de0,4,1,0,0.6254270488515024
dbfa6d84,4,3,0,0.10851237987658863
dc168599,4,3,0,0.34061114274467075
dc33dcef,4,1,0,0.4421530722108109
dc4e9e2f,4,3,0,0.701409626533455
dc52906a,4,3,1,0.38344097716509923
dc6870da,4,2,0,0.49914448529596955
dc81eac1,4,1,1,0.42487351114478233
dce2a54d,4,2,1,0.44216088314404056
dcffa5d6,4,3,0,0.33549099333980364
dd02cfa1,4,2,1,0.6089236688824708
dd689eb0,4,3,0,0.06069163221723528
dd747bba,4,2,0,0.3400914214574203
dd9c9576,4,1,0,0.4229599699619123
ddd9a88d,4,3,0,0.9073157746550798
de3750cc,4,2,0,0.17210584111156024
de3ecca9,4,3,2,0.7318312890238787
de742c5c,4,1,2,1.0055920595673726
de961552,4,1,1,0.2840286769766306
dea0552b,4,2,1,1.0088299378929482
dee8b1bd,4,3,2,0.6996282542124964
dee9eb9c,4,3,0,0.7008244549694498
df4a0fee,4,3,0,0.530493640696117
df4ab9b1,4,1,1,0.9776508192435536
df4d2085,4,3,1,0.5257429828973443
df556fd2,4,1,3,1.1281756364987494
df98fbb4,4,1,2,0.516556168296006
dfd87763,4,2,0,0.3123099353724623
e016d96c,4,2,0,0.6912779556092132
e0271395,4,1,0,0.20791147414710276
e0283d3d,4,1,0,0.0828657618632494
e049dab1,4,3,0,0.558063580769515
e0655da2,4,3,0,0.22033035656515598
e0706ce2,4,1,1,0.4376949515236138
e072b994,4,1,0,0.14507653169206486
e0736134,4,3,0,0.40000110575709613
e0767d64,4,2,2,1.0615723255328167
e0869709,4,2,2,1.0701161197518176
e0a7f42a,4,1,1,0.5534587799854944
e0ad6550,4,2,2,0.3759483319930659
e0c4e965,4,2,0,0.6557802619505738
e0db55b1,4,1,1,0.8560579058300926
e0e35d4e,4,3,1,1.0498448149329445
e0eb3ea8,4,2,2,0.5852665623825494
e0fb3838,4,1,0,0.08272216487307688
e11be9c1,4,1,0,0.6091949032717846
e12c2944,4,2,2,0.7064074190607642
e15fe97b,4,2,0,0.5852933012004753
e16a4784,4,1,3,1.3929699061560066
e17b9cae,4,1,2,1.0885383474553196
e199d438,4,2,1,0.8343154972784141
e1a4575f,4,1,0,0.3356794645377229
e1af39f8,4,2,1,0.5887490207675456
e1ccc3d1,4,1,0,0.1886977220385943
e1e02e28,4,1,0,0.24297487168961013
e21255e2,4,2,1,0.7796870481966733
e22cf08a,4,3,0,0.278981290493947
e23a8a0a,4,2,0,0.3138756384833449
e243119c,4,2,0,0.3416724369155998
e252dcb6,4,3,2,1.2655792588832733
e28c0bfa,4,1,1,0.6989073974107094
e296c5e4,4,2,0,0.21010160690999857
e2cb8401,4,3,0,1.2277404958701856
e2d370a2,4,2,1,0.6976726000117197
e2fcc91e,4,2,0,0.315239456494873
e315fdd7,4,1,0,1.021134110991233
e318ec9a,4,3,0,0.27770084030261516
e328a032,4,1,0,0.5736500940657755
e345b271,4,3,1,0.2556249688992206
e34b9430,4,1,1,1.0747271151846605
e362108f,4,1,0,0.6423915157763596
e37d000b,4,2,0,0.2612638445246753
e3a6f97f,4,2,1,1.0703206558301745
e3aa85a3,4,3,0,0.37345294761259096
e3aa9dcb,4,2,1,0.9197475800906549
e3af914a,4,2,1,0.7362363576663107
e3bce7e1,4,2,0,0.7824918057514275
e3cec795,4,2,1,0.2504313064325061
e3d5aab8,4,3,0,0.09914893036430189
e3f71f7a,4,3,0,0.9751902085739083
e40319d7,4,2,1,0.518010294719141
e46417a7,4,3,0,0.03234891010772645
e4762a2b,4,2,1,0.603156449722456
e47c1eb7,4,3,1,0.6370439917052468
e4a2e3bc,4,2,2,0.6041331316499143
e4ab3b12,4,2,0,0.195861372083316
e4b47411,4,3,1,0.5913648512071491
e4d5bf2b,4,1,1,0.7182875461469792
e4db6712,4,2,1,0.4979954463734378
e4e58096,4,1,0,0.577812437642644
e4ee6ff3,4,3,0,0.9716054672338861
e5349ce2,4,3,0,0.1945739455643387
e537418f,4,2,1,1.0430471448819842
e56b2209,4,1,0,0.3731171628191683
e5b902bc,4,1,2,0.8281911371053434
e5d77ff3,4,3,1,0.8205881465505542
e6169c6d,4,1,0,0.26155962127402266
e63000c5,4,1,0,0.07722510569336327
e63a0ea8,4,1,0,0.09991797063257696
e664dd71,4,3,1,0.05897867396072043
e683d2c9,4,3,1,0.6627880822508923
e715739b,4,2,1,0.4988690208374075
e72af462,4,3,1,0.7729059402840754
e739c579,4,3,1,1.004486468215413
e7401605,4,3,0,0.11686778306453938
e754411f,4,2,0,0.8154052720058274
e76ad778,4,1,2,0.9897175670366023
e79487a3,4,2,0,0.24778564874298303
e7d08824,4,1,0,0.8813554568956006
e7db432d,4,1,0,1.0000409677240392
e7db9aef,4,2,2,0.7744075253173802
e8313da5,4,3,1,0.2268050500206833
e86bb780,4,3,0,0.11742752007943735
e88aa867,4,1,0,1.281120330944583
e892aec6,4,3,1,0.2567691875036057
e8ac21d2,4,2,2,0.6534961090856852
e8af663d,4,3,0,0.525735821352356
e8b64419,4,3,0,0.7808348955230309
e8d9d5ea,4,3,0,0.5537817494965451
e9030ab7,4,1,2,0.8617647038263754
e912c973,4,2,1,1.2484286150909747
e93cce44,4,1,1,0.44616202600619514
e96763c1,4,2,1,0.7648758880546275
e96da61f,4,1,0,0.22465572543692802
e9a6c514,4,1,0,0.33276405613657034
e9b642a3,4,3,1,1.205085594169594
e9ca5586,4,3,0,0.41193108217974805
e9d94c4e,4,3,0,0.5609696376696905
ea38bd63,4,1,2,1.4508126792669849
ea4619ec,4,3,0,0.4397123773813001
ea544af3,4,1,0,1.0927297248636525
ea7277b4,4,3,0,0.4167778317768798
ea7adcd6,4,3,0,0.6901605883177008
eaa4821d,4,1,0,0.16221537265582714
eaab7a96,4,2,0,0.6782154442123622
eac08386,4,3,0,0.2007045651740289
ead25f13,4,2,1,0.305753720860563
ead871be,4,3,2,0.0207621297556988
eaedb188,4,2,0,0.4353657992430013
eb5c46b0,4,1,0,1.249177339291251
eb749e46,4,3,2,1.1142418299238699
eb93a46a,4,2,0,0.2657231379753885
eb9a846d,4,2,0,0.5486164870267511
eba27772,4,2,0,0.165131322487638
ebd15fdc,4,2,1,0.6462751850203464
ebd6f819,4,1,1,0.8182774330602021
ebf2b0c9,4,2,0,0.478956693517241
ec015bbb,4,2,0,0.08937515325334361
ec0f4afa,4,2,0,0.39649821324213685
ec13a1b9,4,1,2,0.3506866670600107
ec220299,4,2,0,0.8490834314405193
ec4a1461,4,3,2,1.0074993683759952
ec619149,4,2,0,0.6869414251244491
ec65cd62,4,3,0,0.4718241727058179
ec6b57b4,4,3,0,0.7077677699393276
ec850b10,4,1,0,0.8933321296069154
ec890dbd,4,2,1,0.4352824712066683
ec9044f5,4,1,0,0.6556127830432938
ec9179b7,4,1,0,0.12472622525439603
ecb1c038,4,1,1,0.4867793651837042
ecbdbe55,4,3,0,0.23345932815757492
ecd25dd1,4,1,0,1.1439040121190502
ed0b3906,4,1,2,1.4407145411080413
ed329c15,4,1,1,0.9147846332750111
ed50a6f6,4,3,2,0.7238552765832283
ed711416,4,2,1,0.4021871091266523
edb9d0f3,4,2,0,0.34893340077611623
edbf35f3,4,1,2,1.2082637128746976
edc44560,4,1,0,0.7035390340429996
edca760c,4,2,1,0.6406886777164251
edeec50d,4,1,0,0.28200985679055535
edfe1f8d,4,3,1,0.7894310839442975
ee0fa75a,4,2,1,1.0468108701375047
ee2bf575,4,3,2,0.8385181023655899
ee654259,4,1,1,0.21027070557434402
ee74be35,4,2,0,0.4921478152172242
eea74d46,4,2,1,0.1780770694337333
eec0d188,4,2,0,0.2557355687317905
eeedcd5e,4,3,1,0.7590057628621873
eeefa792,4,3,0,0.4332864757025109
eef79620,4,2,0,0.9390686756506526
eefeb431,4,2,0,0.8127054829353461
ef07f833,4,3,0,0.11181583109031917
ef1b858a,4,2,0,0.20850873506734935
ef4ae515,4,2,0,0.1157494486452057
ef58dd3c,4,1,0,0.7131634109899276
efa35d35,4,2,0,0.4394623067682323
efc2bc05,4,2,0,0.7007230403490434
efcef0d6,4,1,0,0.6751325899146672
f015a18c,4,3,0,1.1256532985363512
f043be76,4,3,0,0.7205538275890977
f0957ca1,4,2,2,0.6173682807035593
f09a076a,4,2,1,0.8737629949601953
f0b5d026,4,3,2,0.6741909013845422
f0d76b32,4,3,1,0.5496281718900021
f1049268,4,1,1,0.7373082268213932
f11e17c0,4,3,1,1.1705916371946319
f13cb65e,4,2,2,0.6095199901428872
f14e55d7,4,2,0,0.9192990259851417
f15dca1b,4,1,1,0.6905190389762021
f1702318,4,2,1,0.6267972946866993
f1a16e58,4,3,1,0.5657946778770663
f1baabc1,4,2,1,0.3423263106864926
f1bd0f59,4,3,0,0.7778065995929044
f1c3cb6b,4,1,1,0.9126345989697364
f1ee75bf,4,1,1,0.34128324025489953
f220a837,4,3,1,0.863417353776478
f240387a,4,2,1,0.36429793387108467
f2499682,4,2,0,0.15641847005914805
f2649b91,4,2,1,0.8201587479374272
f285b43c,4,2,1,1.0332366108316162
f29d4094,4,1,1,1.1097981374573702
f2d4efd8,4,2,2,0.8279932103533448
f301e7a9,4,1,0,0.39084656670475737
f3020788,4,1,2,1.164319618881646
f35b607c,4,1,0,0.7932480783858561
f3600deb,4,3,1,0.3446699470296077
f3a1dd3b,4,1,1,0.6563606977766159
f3aac45a,4,3,1,1.0043868985113966
f3d22832,4,2,0,0.3772883222884015
f3fbe6c9,4,1,0,0.8399697911528086
f4114031,4,1,1,0.7935574343346533
f420b05a,4,3,0,0.16329428279353336
f4223e3a,4,1,2,0.44179696590826667
f44f1227,4,1,0,0.4280630068812922
f47a67cc,4,2,0,0.11606483875940443
f497dd7b,4,1,0,0.5475132071815781
f4d2f5af,4,3,2,0.6955045031337771
f4ece6b5,4,1,0,0.2791280690475198
f5369cea,4,1,0,0.10785787612216718
f566e5cc,4,3,1,0.8273966064881716
f567a1af,4,1,0,0.18421735416873858
f584742f,4,3,1,1.095381422307205
f58ddd4a,4,1,1,0.5673513702833404
f5b2acf0,4,1,1,0.4986689427063561
f5d4c82e,4,3,1,0.9768693760650715
f5e64c94,4,2,1,0.7060155134572548
f6284dcb,4,2,0,0.4333998310625612
f62b317d,4,1,0,0.7761924221386158
f64ae747,4,3,2,0.7623487189832537
f64e1d85,4,3,2,0.3437953606103771
f64f877b,4,1,0,0.3282321630665414
f67908e7,4,2,0,0.31741046395675254
f6b719ee,4,2,0,0.1293107165723869
f6c0e2b7,4,2,1,1.0707180418301723
f6cc80a9,4,2,0,1.0997618895757428
f6d3a5ad,4,3,0,0.45769371161047706
f6d6f400,4,2,0,0.9794000250294217
f6d879aa,4,2,1,0.960711852502498
f74c45c1,4,3,1,0.8758564848700211
f74eda33,4,3,2,0.6918014609529706
f75c957f,4,2,0,0.13402981768387812
f77c2636,4,3,1,0.9081616366667153
f7b1374e,4,2,1,0.8443591338092603
f7fc97cf,4,3,0,1.0313779401945875
f804c9f3,4,1,1,0.9007642657364109
f81598bf,4,2,1,0.5651875945322093
f848f42b,4,3,1,0.40701143079445445
f8674e15,4,3,1,0.5972895699841697
f869d220,4,3,1,1.2327431586085633
f8b08332,4,3,0,0.5232360518475329
f8bf4a1c,4,1,0,1.2547691723790084
f8d293a0,4,2,0,0.15084681779824427
f8e3467e,4,1,1,0.40413873170281356
f922ae21,4,1,0,0.5725019464735881
f93010a8,4,2,0,0.4286999988577128
f9334e08,4,1,1,0.1032081425847764
f9384fa2,4,3,1,0.9580356855761303
f958efdc,4,3,0,0.7888283189287788
f9897bf1,4,1,1,0.24111520850253304
fa293db8,4,2,0,0.3723521384682512
fa29ab47,4,2,0,0.22514733991195268
fa34f945,4,3,1,1.2077295405214494
fa3e1e21,4,2,0,0.24999399258306426
fa472647,4,2,1,0.6061169932547856
fa4f0329,4,2,0,0.41732186576074526
fa62d7b1,4,2,0,0.5902625865375701
fa633e39,4,3,0,0.5359728564015284
fa78d819,4,3,2,1.2484454551441508
fa9a0add,4,2,0,0.12761062399993928
fad07fce,4,1,0,0.5035622244453863
fb04f7dd,4,2,2,0.36462570778305525
fb22e454,4,1,0,0.7930015408645974
fb2ddbd1,4,1,2,0.5385091687116285
fb9982a2,4,3,0,0.227859976538479
fb9b060f,4,2,2,1.2867568510285392
fbb39bfe,4,1,2,0.9092227682639156
fbc6ade7,4,2,1,0.12841887271780122
fbda3966,4,1,1,0.6956542741726953
fc1912e3,4,3,1,0.7073955704466105
fc2c2c08,4,2,0,0.33636931280503923
fc49ba65,4,1,0,0.19026774601213792
fc8e4de4,4,2,0,0.31074852744688153
fd028ecc,4,2,0,0.19409786054984424
fd0d9bca,4,3,0,0.09141076377333424
fd3448d9,4,1,2,0.5294205828427488
fd5589f6,4,3,0,0.20955640761266608
fd56e059,4,1,0,0.3533240084718698
fdb6b48b,4,1,0,0.5909856281350443
fdc11b96,4,1,0,1.1992852456351
fdd9799f,4,3,1,1.1854610419040017
fdea7d9e,4,3,1,0.942816231406375
fdf4691f,4,2,0,0.5358960688268983
fe102a25,4,3,1,0.3588461852276954
fe5e2dc9,4,3,2,0.5140494313551237
fe9c71d8,4,1,0,0.24952386763710283
feb53635,4,1,2,1.4607524616194558
fecc07d6,4,1,0,0.11650774067238623
fee07f32,4,2,0,0.3029886452829324
fefaffe0,4,2,0,0.522703222729688
ff18b749,4,2,0,0.4725273880895095
ff6c2bb8,4,2,0,0.464196972618789
ff759544,4,1,1,0.21631103050843042
ff8a2de4,4,3,1,0.7870666301753904
ffcd4dbd,4,2,1,0.8233792608245984
00008ff9,5,3,2,0.4836421750587948
000fd460,5,2,0,0.35380478668241744
00105258,5,3,0,0.494970931038308
00115b9f,5,3,1,0.22302632606614198
001f3379,5,2,1,0.6875488675183268
0038ba98,5,1,0,0.6668029989199246
00abe655,5,3,0,0.5178487050195602
00ae59c9,5,3,1,0.8148041296955031
00d56d4b,5,3,0,0.018169963166117076
00e6167c,5,1,0,0.5656557166970768
00f332d1,5,2,1,0.8995719063145557
00f574e9,5,2,0,1.1369382807690265
01085eb3,5,1,0,0.9605379223897752
011e71c3,5,3,0,0.898655071977019
012cadd8,5,3,0,0.4277114228281568
012e3869,5,2,0,0.14369728518855762
015ba5b1,5,1,2,1.0832898846437549
01cae1ef,5,2,0,0.7152996139739872
02073150,5,1,0,0.22636138896233954
0219f64a,5,2,2,0.43250238797986373
02347f13,5,2,0,0.7745433238127768
026102c4,5,2,0,0.19646549602379
02648a1c,5,2,0,0.6594524983068413
026fcbc3,5,3,0,0.7128515724735678
02a01f18,5,2,0,0.23439368982959852
02cebf33,5,2,1,1.0341848505193585
02cf7384,5,3,0,0.9499008722707251
02e56a7c,5,1,0,0.470547483021809
034f923b,5,3,0,1.3008429858846111
0357a10e,5,1,1,0.31521715509232523
035c96dd,5,1,0,0.5723437439811321
0380e709,5,2,2,0.6792638423545245
03833cec,5,2,0,0.22194741512898708
03a5c2d6,5,1,0,0.5292368251529835
03a9019b,5,3,1,0.6333767683912224
03bf5026,5,3,0,0.4366317593231368
03f1c1c8,5,3,2,0.8151405850686166
045a0a94,5,2,2,1.0740710594655614
0499c3e8,5,1,1,0.5751102817372947
04af8fdd,5,1,0,0.5181304259300626
04afb6f9,5,3,2,0.8032969912655654
04b3cc70,5,1,0,0.4180164757146718
04bb1a76,5,2,2,0.6689267872063989
04cb2c30,5,2,1,0.49199294918219283
04dc7df1,5,3,1,0.387411583318771
04f094a8,5,2,1,0.5434111826657809
0506b9cd,5,3,1,1.3220867347332041
051680a0,5,2,1,0.329306919991942
051f73ae,5,3,0,0.4817069876797022
055156e2,5,1,2,1.184228890018718
05777ce1,5,3,2,1.4772531232135133
0598f669,5,1,0,0.5042064740371202
059e02ab,5,1,1,0.8515614899457553
05bbed1b,5,3,0,-0.019030415463895167
05bc318e,5,3,1,0.8776304075499568
05d3d73a,5,3,0,0.26388902142133985
05db1b9b,5,2,0,0.40723500105083354
05e67680,5,1,0,0.5816003667303115
05e94f88,5,2,0,0.365444245968084
05f2d1b5,5,3,0,0.17217202871106735
0632d98a,5,3,0,0.4365530635337005
063b16fc,5,1,1,0.8349171494317917
064e8da5,5,3,0,-0.029615223749421937
065801e3,5,3,0,0.7356284403591526
066343d4,5,2,0,0.28796063648467296
0668373f,5,3,2,0.45280598716422843
067b9287,5,3,1,0.48114150829436464
06c7dcff,5,3,0,0.42902643847596567
06c8b2fb,5,2,0,0.10995313967351988
06eb8adb,5,3,0,0.11500510882842496
06ec8be3,5,1,1,0.41344378227684675
070386b2,5,1,0,0.6034377257237477
07048067,5,1,1,0.6808293158147039
0745c390,5,3,1,0.5586654262766474
077ac7a2,5,2,1,0.24763402335705637
07d879cf,5,2,1,0.7655450056187005
080698b7,5,3,0,0.5626069762555168
08159c5e,5,3,0,0.6676404198563486
08660d12,5,1,2,0.9558935617953168
086d6e7f,5,2,0,0.26008432645126384
0884aca8,5,1,0,0.47214132048598423
089a6b19,5,2,0,0.9727524295486931
08fa44ad,5,1,1,0.32088207184157047
092494ec,5,2,1,1.2120539695019574
0924b815,5,3,1,0.1027644007575525
092c29b9,5,2,0,0.3074135010986623
096bf063,5,2,2,0.7683335214370808
0983654b,5,2,0,0.3663346764946417
098b5836,5,1,2,0.9681813116862217
098d3c32,5,1,0,0.3062785193974252
099e3614,5,2,0,0.5123518892796063
09b29113,5,1,0,0.25908947611847644
09d80057,5,3,1,0.31727568058262867
09eeec14,5,2,2,0.3676219314572836
09f44fd2,5,1,0,0.2768286194296517
0a1afc11,5,2,0,0.23065292603283233
0a418b57,5,3,1,0.564362811109018
0a540797,5,3,0,0.3110200331256628
0a775819,5,2,2,1.1513140670355635
0a822c93,5,1,1,0.9701096763492552
0a9159f8,5,3,0,0.40139682606856175
0a995f99,5,3,0,0.45588714295607996
0aa90ce7,5,3,0,0.5158589641699207
0aaf08ec,5,3,1,0.7722526201443961
0ac521c8,5,3,3,0.9305812165217682
0ac5e12f,5,2,1,0.33215221965583436
0acac70c,5,3,1,0.9842549555028577
0adf511d,5,1,1,0.47207161598394076
0afb2535,5,3,0,0.46077204612154415
0b4f597e,5,2,0,0.1963702570908742
0b50f3fa,5,1,1,0.5218011504850721
0b518637,5,3,0,0.12934542536555138
0b6b07f6,5,1,0,0.28482262679939696
0b7d7aec,5,1,0,0.8433675869528244
0b7d9da6,5,3,0,0.22168625348445764
0b9fcc42,5,1,2,0.4003237817294445
0ba53e53,5,3,2,0.13690703325257036
0bd89878,5,1,0,0.2862656739236232
0bdace00,5,1,0,0.3633849487898655
0bfe4fc9,5,2,1,0.6543452623260824
0c0a1576,5,3,0,-0.03672887603017372
0c3d88cb,5,2,0,0.26001036746297906
0c4e2d68,5,3,0,0.002228850132037663
0c4eabac,5,3,0,0.1489107422213568
0c794cf7,5,1,0,0.1901354200181673
0c83af0f,5,2,2,0.5942823690603096
0c8efce0,5,3,0,0.145756284269565
0c98f822,5,1,1,0.9983914968999834
0ca08054,5,3,2,0.4462247802560152
0cbe4e54,5,3,0,0.7014339720064309
0d01bbf2,5,2,0,0.3361430562716357
0d279d77,5,3,0,0.6322432368844246
0d34aee4,5,3,1,0.8704405962162467
0d394928,5,3,0,0.36990303653981743
0d4800c8,5,1,1,0.9545671815579229
0d4fa8f4,5,2,1,0.1703626867651008
0d74d0ed,5,2,0,0.8176589484966694
0d924604,5,2,0,0.2083553901913896
0ddab8ff,5,2,0,0.2355805043929493
0de01ae7,5,3,1,0.9435919598282125
0df44f9e,5,1,2,0.8661797576852717
0e1cf9b8,5,2,0,0.24659767460112164
0e1f7fed,5,1,0,0.26673320348178875
0e3b0bd2,5,2,0,0.13776114883628987
0e951124,5,1,3,0.8363485901573333
0e9c1be6,5,3,1,0.48447879990209863
0ec403df,5,1,2,0.9643286568631932
0ed2a3c8,5,1,1,0.3179567949884198
0eddd8e5,5,1,0,0.4739752252827212
0ee70b3e,5,3,1,0.8265264956799613
0f9b8e65,5,3,1,0.6140763439066474
0fbb3ca5,5,3,1,1.4557399745297195
0fc19fd9,5,1,0,0.1548457582353217
0ff6ac09,5,3,0,0.5304374438475611
101774f0,5,1,0,0.10885943762015576
10258585,5,2,1,0.21780754559382293
105e3f96,5,1,0,0.6719865034903274
108b8659,5,2,0,0.18362893730034024
10ad8c48,5,3,2,1.127898181336807
10be7f09,5,3,0,0.13330408191747023
113f5798,5,1,2,0.8202183804438057
115d3db4,5,3,1,0.3945097662663864
11739de2,5,1,0,0.6677154045087782
118b7733,5,2,1,0.4238569914107885
119d7562,5,2,1,1.1142280709636692
119dd2e1,5,2,1,0.35269338368997216
119e181e,5,2,0,0.0848314192159923
11be5d2e,5,1,1,0.7255955934164502
11d1a5ac,5,1,0,0.580315114700264
11f7253c,5,2,3,1.2969002532240248
11f9b26c,5,1,0,0.14186680005208607
12380b06,5,1,0,0.7254944080322471
1286dab7,5,3,0,0.12376558636732393
12a607f6,5,2,1,0.42375540150112245
12cbf30c,5,3,0,0.8681773814478366
12cfb064,5,2,0,0.14388931076734274
12f37ff2,5,2,1,0.21253899643816515
1307c41a,5,3,0,0.29527313629525476
1314bc8c,5,3,0,0.9330481874966572
136894bc,5,3,0,1.0243158173685138
137baaec,5,2,2,0.6669177512353447
13a5e288,5,3,0,0.2758148787565592
13cdb63a,5,2,0,0.14876077533761445
13d23890,5,2,0,0.8435936101564141
13d2c419,5,1,0,0.18610176672205125
13e46923,5,1,2,0.5149519506559896
13eee030,5,1,1,0.6397342302849082
14109652,5,1,2,1.008654075673778
1420b16e,5,2,1,0.8900477730116041
1429abf1,5,1,0,0.3566385029051759
144a9a79,5,3,2,0.48151566523761047
1455e657,5,1,0,0.1300113404578092
14568d61,5,2,1,0.288557560085735
1458a9d2,5,1,0,0.3694784193492793
1470a1df,5,2,1,0.47758463947530294
147c4374,5,1,0,0.16763384733803793
14a6e58e,5,3,0,0.37086089300981795
14b3d6e5,5,1,0,0.135269497536534
14b8dd2a,5,3,0,0.7334917332838299
14b999b6,5,2,0,0.5083278135677751
14c12974,5,3,0,0.07139233714216131
14dae995,5,1,0,0.6717297293981231
14e00ce0,5,1,0,0.21688594043997922
14eac885,5,1,2,0.7419964759039157
15227eef,5,1,0,0.7551714005422049
154d1191,5,3,1,0.05974313544406318
1551c806,5,3,1,1.0856337475359674
1562998a,5,1,0,0.9498643740205429
157b271f,5,2,3,1.1574454077194178
15a2364d,5,2,1,0.7446075204348632
15d702f8,5,1,0,0.3322119333577096
15dbc929,5,3,0,0.21414433947728678
15f217a6,5,2,1,0.6159659875543121
15f2e240,5,1,0,0.22189805911481658
1606f203,5,3,0,0.43858830756945066
1649ce22,5,1,0,0.3208333712513256
164b29ed,5,1,0,0.28725705004758123
164edc75,5,1,2,0.9542025059608774
16bf9efe,5,1,0,0.6371240482811231
16e277aa,5,1,0,0.7377685974926593
1713348a,5,3,0,0.41738669545849255
176f33fb,5,2,0,0.258956305935474
177f25ab,5,2,1,0.49556778058454587
17b08109,5,1,0,0.2756644611428654
17c1ae23,5,1,1,0.39354159658127863
17e9cba0,5,3,2,1.0861417731242693
18154f3a,5,2,1,0.8141214253588727
1824417f,5,2,3,1.1376608334920992
1837456f,5,2,0,0.6553501588014728
18400e8e,5,1,1,0.7765827764761275
18506cf3,5,1,0,0.5971699471259475
1894884e,5,3,0,0.13794905108303962
18962676,5,3,0,0.18881908091405764
18ab47f8,5,2,0,0.19300682878420772
18b79e9b,5,2,2,0.3363429518392601
18b8b2f6,5,1,1,0.31119236169329645
18f6e6db,5,2,0,0.2625555878823849
18fdbccc,5,3,0,0.3752130037248589
19098ef0,5,1,0,0.8173761888872628
1911731d,5,2,0,0.144648308593752
19381499,5,1,2,0.7371196489097432
1943fb23,5,1,0,0.2918722570122646
19455336,5,3,1,0.8129158917689172
1949438b,5,2,2,0.41732632865991676
1957153d,5,2,2,0.3874468771516669
198e50c9,5,1,0,1.0388905463428268
19b095d5,5,1,0,0.3307303054985232
19c49039,5,2,1,0.9841836952350129
19cc95e8,5,1,0,0.39498507795537974
1a1e8ac5,5,1,0,0.19049027023305043
1a23d282,5,1,1,0.7290923117630774
1a2412b3,5,2,0,0.6059019035803259
1a803bfe,5,1,0,0.33453186100389654
1a9f8375,5,2,0,0.4974515504517795
1aae1de3,5,3,0,0.7895501940811586
1afa48fe,5,1,0,0.3656655939952612
1aff6762,5,2,2,0.9771411940950439
1b2cd439,5,3,0,0.657062612293845
1b2eea8f,5,1,2,0.9129083318532936
1b329556,5,2,2,0.7788662539294681
1b49c870,5,2,0,0.38688044557398726
1b5b34bc,5,3,1,0.4924149557858237
1b5fb26f,5,1,0,0.6456771462927959
1b6be334,5,1,2,0.7504223078441
1b6fb363,5,2,1,0.6187378905022776
1b73fce0,5,1,0,0.30228387857524286
1c063ebc,5,2,0,0.08062956406054467
1c23295e,5,1,0,0.7008718250847797
1c3b7f1a,5,2,0,0.456720576687132
1c3c2b2f,5,2,1,0.2258513863549888
1c5ba087,5,3,1,0.8960685372535897
1c66daf4,5,3,0,0.8503845263299077
1c6ac3d4,5,1,0,0.3300295210583666
1ccf44f0,5,3,0,0.24338109480380393
1cf6dcef,5,1,1,0.32394202655219634
1d02812a,5,1,0,0.8826041127765019
1d041232,5,1,0,0.7201087001652939
1d11d488,5,3,0,1.1565052774598934
1d78b3c3,5,1,0,0.47122368013381133
1d7edb86,5,3,2,0.8009448413581242
1da37c60,5,1,2,0.6705856205609946
1dd90b53,5,1,2,0.788388589737519
1de3c240,5,1,0,0.21088970774592303
1dfd6433,5,3,1,0.6294615030347434
1e08b1dc,5,2,1,0.846806445628483
1e7dd854,5,3,0,0.23442619889867167
1e87baed,5,3,0,0.5112616501321934
1e986f93,5,2,0,0.13064604951127973
1eb206f0,5,2,0,0.6460989183672259
1eea376f,5,3,0,1.2869648369192417
1eedf45e,5,1,1,0.5506913596087867
1f2164a4,5,3,1,0.05628553615179299
1f5835cd,5,2,0,0.2039431079528914
1f5cefcc,5,1,1,0.7106570968025318
1f7bd44c,5,3,0,0.13160093028923564
1f881e3d,5,3,0,0.9306959765594179
1fc07a80,5,3,0,0.5737390067288934
1feb42f2,5,3,2,0.647776821243209
1fed3943,5,3,0,0.3335070819241774
1ffede3b,5,3,0,0.7203920108805861
20cefbaf,5,1,0,0.6130867133580304
20d7ecfd,5,2,1,0.6348049677339171
20df4cab,5,2,0,0.25093874676590555
20e8ca68,5,3,0,0.5298157407064359
2114473a,5,3,0,0.46645283968044804
214f46e8,5,2,1,0.6120917119771736
215ca39b,5,1,1,0.5180913837931054
217ce5e6,5,3,1,1.1634148684133314
218faf6f,5,3,0,0.1321764593841509
21a76448,5,3,1,0.7185165434592178
21b835ac,5,2,0,0.22092191943999695
21c62163,5,3,1,0.47369007422815945
21e5833c,5,2,0,0.48157819554599146
21eb6d47,5,2,0,0.9738010366563865
21f58fba,5,1,0,0.3561361763147731
221e37e0,5,3,0,0.2794206849191029
22375702,5,1,1,1.3121179180403275
22447a95,5,3,0,1.4539892842641058
224fc39a,5,3,2,1.0088487673151991
22536a61,5,2,0,0.812880532334032
22a71606,5,3,0,0.10100713303457332
22b4191a,5,1,1,0.6450947203277527
22c72c4e,5,2,2,0.5180549444928135
22e44415,5,3,0,0.3847303405732704
231f6db4,5,2,1,0.32140835036074017
232b7cb1,5,3,0,1.0017296065020198
233b9425,5,3,0,0.3015448348516396
2340e84a,5,3,0,0.4554998214620595
236d450e,5,2,1,0.3117821884005587
236ecde8,5,1,0,0.2685271407777068
23d1a58d,5,2,0,0.7915962109575625
23dafdab,5,1,0,0.45265889247156493
23e024bd,5,2,0,0.8810177316583604
23e71e7c,5,3,1,1.3115151714874647
23e7f79b,5,2,1,0.5398626957537977
24398aed,5,2,0,0.19186460486296353
247172f9,5,3,0,0.46946585676993174
249b6d68,5,3,0,0.9755118154958495
249d2266,5,3,0,0.16998745443657748
24a3b16d,5,1,1,0.971061907938271
24b4bc6d,5,2,1,0.32403199847480596
24b75658,5,1,0,0.2312582822708869
24dac645,5,1,0,0.5419891494440816
24fb56db,5,2,2,1.0344514611312914
252ebc5b,5,3,2,0.6498925051500674
253f5cb1,5,3,1,1.6904185570529373
25849c6c,5,3,1,0.4577099239953735
2586774b,5,3,0,0.525714868319248
25a3a723,5,2,0,0.6097912367002248
25e752c8,5,3,0,0.13408477262823265
25eba023,5,3,0,0.07070000891558392
260f542b,5,1,0,0.26940673291640505
26190ddd,5,3,0,0.4488267991420366
2625767f,5,2,0,1.027833418396114
26a4b61b,5,1,1,0.6350993193060909
26b1792f,5,2,0,0.261947656069351
26b893f4,5,3,2,0.6065928197753782
26d31613,5,1,1,0.9697357626052611
26d541c2,5,2,0,0.5263367696245815
2715347c,5,1,1,0.8952437763429353
2760be91,5,2,2,0.4713622782554251
27724073,5,3,1,0.7188529721829443
277f5b32,5,2,2,0.7941653353273119
278e8a51,5,1,0,0.16668746177328514
279d0ec4,5,2,0,0.5211774320047968
27cd2a6c,5,3,2,0.8890161777694079
27d7e5e4,5,3,0,0.1894052835984289
281174c9,5,1,0,0.684642496342782
2812951b,5,2,0,0.521148382480363
2840643b,5,1,1,0.21915108473226214
287f1349,5,2,0,0.8155964390798212
2891e36b,5,1,0,0.6897897371987236
2898269f,5,3,0,0.14503254339641442
28b91cf3,5,2,0,0.19840088281313034
28ba92e9,5,3,0,0.3752229040692345
28e8b2b2,5,3,0,0.346767042273696
28f7e6ff,5,2,2,0.5720599084756239
28f99ddb,5,2,0,0.5686542529944186
2911ef94,5,2,2,0.9281625414195389
29587a31,5,3,0,0.29041717649751064
29886a85,5,2,0,0.3040872918882113
29a1d334,5,2,0,0.3771907259511742
29b37b4a,5,3,2,1.5727948626842332
29c54890,5,3,0,0.7119355246274939
29e4911b,5,2,0,0.11730339310317495
2a0b8386,5,3,0,0.7059188262446124
2a3fcf9a,5,3,0,0.04203286121461802
2a6a6b92,5,3,0,0.5960738093579429
2a7b5b79,5,2,1,0.41462507516135494
2a85889c,5,1,1,0.5143378276550348
2a922ca4,5,1,0,0.2162795709025903
2a9e0dee,5,2,0,0.5649361703507007
2aa15e6b,5,3,1,0.2959012831414992
2aab37ac,5,2,0,0.4338839220569807
2ac0bd9f,5,3,1,0.7562501169316944
2af3c8d8,5,2,1,1.0781522710449747
2afea280,5,1,1,0.9265056406493561
2b574ef7,5,3,0,0.1449407401627119
2bac0893,5,2,0,0.8568758413076738
2bad0db7,5,2,0,0.7733100296346183
2bbcfd43,5,3,0,0.17486161480254553
2bca454a,5,3,0,0.6231572703767387
2beaaf7a,5,2,1,0.6482674675596493
2bfc9187,5,2,0,0.6442201635176261
2c2dc20d,5,3,2,0.48583359809430254
2c3b09db,5,2,1,0.6071015789815523
2c406043,5,3,0,-0.018283111653085715
2c49257f,5,2,0,0.5119475155344235
2c54d6c5,5,3,0,0.4004516650201739
2c56c930,5,1,0,0.5281381183274145
2c9a90e9,5,2,1,1.230807446112598
2ca2206f,5,2,1,0.8216614421821278
2ca9811d,5,1,1,1.0091008475484147
2cc4b720,5,1,0,0.29589474539726845
2cd9b5a3,5,3,1,0.5128783345560648
2cda86bd,5,2,2,1.2164479416215974
2d0bbbd3,5,3,0,0.6371448172460713
2d286c59,5,1,0,0.6749941279883567
2d3ba6fa,5,3,1,0.23377389833218404
2da6bf6e,5,1,0,0.12599699709340084
2dbdfe11,5,3,2,0.5111406881216987
2e16053c,5,2,1,0.6507409671068113
2e17c497,5,3,1,0.3223055641699827
2e42573e,5,3,0,0.1917721119587137
2e4e045a,5,1,0,0.23894379754943984
2e5f5207,5,2,1,0.5718726073382789
2e7d888c,5,3,1,0.7287046755200975
2e8c9884,5,1,0,0.2099530899761799
2ea277d5,5,3,2,0.5395514198949805
2ebdadbc,5,3,0,0.30594707846137775
2ee0a1e8,5,1,1,0.9962945454299503
2f0f2949,5,2,0,1.0611137135329753
2f12de00,5,1,1,0.518610729674067
2f154763,5,2,0,0.1441243450741399
2f1af08a,5,2,0,0.1375411244681829
2f6b484c,5,3,0,0.06832455548857219
2f72f441,5,1,0,0.1122745520786696
2f7f0eb7,5,2,0,0.2960156638116215
2f81950d,5,1,0,0.21611274208274256
2f8ec752,5,3,0,0.4322933382585948
2fc568f6,5,2,1,0.9218412471208837
2fef897e,5,1,0,0.6025876058066234
2ff729d3,5,1,0,0.9640746945478806
3046a5c7,5,2,0,0.3038266709488834
3055881a,5,1,0,0.927095828171293
3065aa2f,5,1,0,0.6454084782089649
3093d29f,5,3,1,0.7061430171040225
30ac8a84,5,2,2,0.6112838246271257
30b3f203,5,2,2,0.9460338334603688
30ba4252,5,3,0,0.284220691742313
3133a6c9,5,1,1,0.6126854009641304
31349d8b,5,3,0,0.9449295940946123
3134b69f,5,3,1,0.7076586857707632
3146f878,5,1,0,0.3569676106476488
318ccc0e,5,2,0,0.3968688622073381
31d7a136,5,1,0,0.16131377787405138
31ddec50,5,2,0,0.9764724637603409
31f01671,5,3,0,0.10333501808996914
321202d4,5,1,1,0.5739500174710992
3216b978,5,3,1,1.0923871553856828
323ea319,5,1,0,0.5420559630508068
3268c574,5,3,1,1.1226594993758297
326c23c2,5,2,0,0.5582779348066842
327ef356,5,3,1,0.6927038821349392
32a9dac0,5,2,2,0.5977779518613455
32b8490d,5,1,0,0.5206260215928661
32d0ebca,5,1,0,0.7283280084899582
32d262c2,5,2,0,0.3743925716721896
3305a981,5,3,2,1.2210591012670595
331733c7,5,1,1,0.7994629579119416
333be478,5,1,1,0.549641895179875
338146bd,5,1,0,0.6455697839974534
3399795b,5,1,1,0.39783609458021907
33a499ce,5,2,1,0.7589904595675678
33d60f7d,5,1,2,0.4276038891793261
33fe1b04,5,1,0,0.609225115509992
342d43c7,5,2,1,0.840147096518441
342edae9,5,3,1,0.18819233537733193
343460ab,5,1,3,1.4763484718136892
34362a9a,5,3,1,0.42412574790687974
3466c72a,5,3,1,0.5038490947624569
34c30fad,5,1,2,0.8411247944713878
34eb79f9,5,1,0,0.7495973853733309
34ec5de4,5,3,0,0.813261244124538
350dbeba,5,2,0,0.626020574672101
35198c2d,5,1,2,1.039229155292343
351cd4ec,5,3,1,0.4785585213067975
35265670,5,1,1,0.4073648355647095
35d2aa41,5,3,0,1.210604267205485
35daea65,5,1,0,0.13060940638592083
35fa2ebf,5,3,3,1.1903181687085118
36146fe1,5,2,0,0.9443487484863758
36473697,5,2,1,0.7502977869093581
36530d36,5,2,0,0.35614105165009813
3655395c,5,2,0,0.37175223358999865
36b8c9e5,5,2,1,0.6196066392047285
36c060b9,5,1,2,1.3003791413987194
36c1f189,5,2,0,0.25692736051019666
36e77bf0,5,1,1,0.5359802761740341
36fda5de,5,2,0,0.1371892620993927
370b47c4,5,1,0,0.8155525557601935
372a7950,5,3,1,0.7128367275172133
3738db26,5,2,2,0.9203279886624223
376e617f,5,3,2,0.9913646956752709
37995242,5,1,0,0.10227462927335301
37bcfa7e,5,3,0,0.9895168681768352
380029ef,5,2,0,0.38489426276239513
3820a945,5,3,0,1.2242132692638894
3826be66,5,3,1,1.5458396097122917
384c3f27,5,1,0,1.209479513460754
385819e6,5,1,1,0.2304238032201706
385a6557,5,1,0,0.4711414978553884
3875d4de,5,3,0,0.8322162366363828
38cccd6d,5,1,2,0.8977752630857297
38d53b92,5,1,0,0.47613043988365433
38ee12e7,5,3,0,0.8753213272802014
3901e707,5,3,0,0.10482278095564046
3913797d,5,1,0,0.5173918219208569
3918d854,5,3,0,0.03786615570515739
3934e29c,5,1,2,1.2901925408578085
394684ae,5,1,0,0.7752861900316139
394a6219,5,2,0,0.21820204948659905
3950aa00,5,3,0,0.8625762082950277
397efe7a,5,3,0,0.33554499919039604
3983d3cd,5,2,0,0.6496184107452316
3999e449,5,2,0,0.6111538468940557
39bdbb00,5,2,0,0.11390696226041741
39c20e2a,5,2,0,0.7288947733018913
39d626f4,5,2,0,0.5736625873682887
39dd3538,5,1,0,0.133823699383542
39fb1ad0,5,3,2,0.8702774158355031
3a33d579,5,1,1,0.5474970507477956
3a594acf,5,3,1,0.6652197227185062
3a9d7bd6,5,2,0,0.22909412226368486
3ab0b1ff,5,3,1,1.093913997924591
3acb5be3,5,1,0,0.2837587670723972
3ae4ee9b,5,1,1,0.9855489385914442
3b047021,5,2,0,0.2789482337309039
3b112284,5,2,0,0.12872060834795496
3b1b9538,5,3,1,1.0256024685344873
3ba48ca7,5,1,0,0.5093419363229058
3c2cf08e,5,3,0,0.15472602868082658
3c5c85e7,5,1,0,0.6378918425522099
3c7a7f32,5,1,0,1.0925374144529307
3c8f474a,5,1,0,0.3658512233475941
3ca35642,5,1,1,0.6692338247778111
3cc9cfa6,5,3,0,0.18997133379724013
3cd8802e,5,2,0,0.6168708405046512
3d20d9a7,5,1,0,0.6062124927965098
3d2c0bc5,5,2,1,0.8112079372726586
3d3dd3ae,5,3,0,0.8092977864793406
3d3fb503,5,3,0,0.24406131902405148
3d46429f,5,3,2,1.1313489240252887
3d48430d,5,3,0,0.23040239371291615
3d6143f3,5,2,0,0.1693465723035788
3d736110,5,3,1,0.8137034551846161
3d8531f5,5,1,0,0.42988129292901617
3dcbc164,5,3,1,0.9919578651942045
3de1a622,5,2,0,0.18017349531995686
3de6a21c,5,2,0,0.17970393376885924
3e377cb7,5,1,0,0.5064430604813716
3e398bf9,5,3,2,0.9433382524104785
3e5d5b58,5,1,1,0.13320020330753068
3e5ee48c,5,3,0,1.0641536315588052
3e7ee995,5,1,1,1.1205929680222289
3e9fd8d6,5,1,2,1.1008512073884693
3ebfbb4c,5,1,1,0.19845682762765993
3ede35d1,5,2,0,0.5444011904076498
3f20e14b,5,2,1,0.7090322031926818
3f2141da,5,3,0,0.4137593958396403
3f3a70c8,5,1,1,1.0427315905702677
3f3d3809,5,3,0,0.1320773203229087
3fe59141,5,1,0,0.7599749490528562
3fe78116,5,1,0,0.683622743111167
40087bc5,5,3,2,1.1230151602010818
40898508,5,3,0,1.009691549453079
408bed19,5,2,0,0.4528274445124596
4093774d,5,2,1,0.8445150217078347
40aae75f,5,3,0,0.7812315398869017
40b904b3,5,1,1,0.5561899820066649
40cdadfc,5,3,0,0.3111620778220427
40e95163,5,3,0,0.27728079018161605
41052ced,5,2,0,0.4991280594737989
41185f8e,5,1,2,1.0121887578886628
4128aee6,5,2,0,0.3200692198786812
4157be55,5,2,2,1.1603353943620083
415d5a1a,5,3,0,0.882990415535222
416b6ba2,5,1,0,0.20945932750913937
4177e5e5,5,3,1,0.575336641085386
41974cde,5,1,0,0.3824216854996796
419d05c6,5,1,2,1.1001936007940256
41cfd1db,5,3,3,1.4543259416139473
41d48900,5,1,0,0.698223057544443
423610ac,5,2,1,0.444789072214067
4248261f,5,1,0,0.19170435101836225
427037b2,5,1,0,0.2163097316875911
427fad9e,5,3,2,0.9254048588823889
4280076d,5,1,0,0.4448085021510153
428970d4,5,2,1,0.7547781987442463
428c37ea,5,1,0,0.46017664509711614
429cc266,5,2,0,0.32856169826384807
42aa29fb,5,2,1,0.46674972683743343
42c6f67a,5,2,0,0.2296266404205966
42dfc9dd,5,2,2,1.0315425731037218
4307d287,5,2,1,1.1028052955967502
432a4c21,5,3,1,0.8155492762870926
432aff11,5,3,0,0.13430664867239084
43720c15,5,2,0,0.8548485477985874
43d43363,5,3,3,1.5661229218506532
43e54b20,5,3,1,0.4504102421574112
43f44f6c,5,2,2,0.6167531260470899
43f5d3c5,5,1,1,0.4793795234663969
43fdba8b,5,2,0,0.3692306003761053
440acf4f,5,2,0,0.17143704833995954
444131bc,5,1,0,0.25531809111672277
4442c376,5,1,0,0.30940989057334584
446757cb,5,1,1,1.0348473008890648
44b8622c,5,3,0,0.9136991832126609
44cbf5c5,5,2,0,0.27830785914042927
44eaea78,5,2,2,0.7336376840320932
4507da27,5,1,1,0.9597188416502659
4518ed77,5,3,0,0.2725455129120053
451b0cd9,5,2,0,0.20568490314437987
451c11b3,5,1,0,0.639935096482389
4570c8b8,5,1,0,0.3387735145990085
45ea366f,5,3,0,0.1296690807100906
45eb32f2,5,2,2,0.9568538388183436
46170319,5,2,0,0.20840326723296093
464a75fb,5,1,1,1.2458657753402038
465d3273,5,2,1,0.8201392203192789
466752d9,5,1,0,0.5609681355256277
467c549f,5,1,0,0.24669570831312815
46850373,5,2,0,0.35588806921052074
471e4d12,5,1,2,1.0865842647510209
47240aa3,5,3,0,0.264244171719723
47350ac6,5,2,0,0.8751934994510411
475ebe47,5,2,0,0.2202112940862216
4777151c,5,1,2,0.9470125302922912
47a52eb8,5,1,1,1.1204311556640594
47c1f368,5,2,2,1.0896295846778643
47c3b47c,5,3,1,0.2567986099969364
47c55e13,5,2,0,0.5130645206610415
47fef4fc,5,1,0,0.3235785701641593
4829f7ca,5,2,0,0.6920695577060534
4859a9f9,5,1,0,0.17579531209783794
485d7c69,5,2,0,0.4651609929753423
489fa831,5,3,1,0.5026895588803446
48c205d9,5,3,0,0.541862791525986
48db8ecf,5,1,0,0.2559076395328288
48e69212,5,2,0,0.38435118965326726
491bf457,5,2,0,0.5827672626732049
4940a214,5,1,1,0.7346885659314737
494eba8a,5,2,0,0.39012343123901017
4950e24c,5,3,0,0.8845619263878688
499d4499,5,1,0,0.9942727399109363
49a1931d,5,3,0,0.3576845111675902
49e4eade,5,1,0,0.48156282046959115
49f38606,5,1,0,0.26993654623040914
4a0b1b9d,5,1,1,0.6860729108167047
4a1440d9,5,3,2,0.4124173817744979
4a17b463,5,1,0,0.2602921570055703
4a21eb0c,5,3,0,0.9191561518329056
4a3b6521,5,1,1,0.3681390975719817
4a4a0f78,5,1,2,1.0274115299455233
4a62661a,5,2,1,0.5066208279645886
4a68d751,5,3,1,0.8982122306173869
4a69e534,5,3,0,0.10149411317885959
4a6ea9de,5,3,2,0.7505686764781696
4aa87859,5,2,0,0.3632242071714036
4afa8a76,5,3,0,0.04257405295197969
4b1f6855,5,1,0,0.329499825631293
4b20bce7,5,1,0,0.35590411021744683
4b3c7594,5,3,1,0.2723576124419911
4b3db4f4,5,3,0,0.40996372884113375
4b51db3e,5,1,0,0.11587275400581187
4b71830a,5,2,1,0.8425952720187778
4c238671,5,3,1,0.6632534986874906
4c8dfaf0,5,2,2,0.5709824841515921
4ca242ea,5,3,1,1.1494651983086048
4cabd7aa,5,3,0,0.8041547782988694
4cde1e34,5,3,1,0.441745692051656
4d19854c,5,3,1,0.45158079188767825
4d2d9ef3,5,2,0,0.1606267749785643
4d41bb62,5,2,0,0.11217284041960246
4d5a8ce7,5,3,2,0.952815610120336
4da4aba2,5,2,2,0.9429517340035838
4dc4ed56,5,2,0,0.49585543121631037
4dc86a42,5,2,0,0.32723519981163496
4dfb4e1d,5,2,2,0.9662073041467185
4e052db0,5,1,0,0.8116728706219094
4e314e47,5,3,0,0.18534593206544137
4e58d463,5,1,0,0.5198934055788158
4e6c7a75,5,2,1,0.40100464451646967
4e85505f,5,1,2,0.9172713476511806
4ea4e6c9,5,1,0,0.25551489643532205
4eade67b,5,3,0,0.47157130662317615
4edb98d8,5,3,2,0.9123054145114701
4f059221,5,2,0,0.1264243688002588
4f20b188,5,1,0,0.44217002084645374
4f2d0925,5,2,1,0.6151521793257596
4f3b33ba,5,3,1,0.5438906474308904
4f93504a,5,1,0,1.179764521622748
4f96d1e7,5,1,0,0.2291290020785215
4fd7e043,5,2,0,0.2817319909433279
4fe97569,5,3,0,0.8407924835985369
4ffa995b,5,1,0,1.2470734474797465
50242fa0,5,2,1,0.23332915539495241
504ed32b,5,3,0,0.2145851474358958
50707f1e,5,3,0,0.5149009776941944
508a0f98,5,3,2,0.8868449666784601
50a90725,5,1,1,0.9905086307434842
5124169c,5,1,1,0.8710042126589125
5132511c,5,1,1,1.1025188619450699
51364c23,5,3,2,0.7915993754768691
515dd683,5,1,1,0.7134932614036748
5180ff75,5,2,0,1.1326646303243264
518e5ae6,5,2,0,0.21329485817393867
51a349db,5,3,0,0.667634319619685
51c15d22,5,1,1,1.1416277146129978
51eb8d14,5,3,0,0.5566478602683019
51f38b37,5,3,1,1.3653117036564684
51f3feb4,5,1,0,0.32194378488340636
5216ef61,5,2,1,1.0189502923736213
52219dbb,5,2,1,0.47328539767917166
5264bb0e,5,3,1,1.104448528192758
526f719b,5,2,0,0.25384521497059953
527e796c,5,2,2,0.49410162118865086
528db82d,5,1,1,0.6854920224898791
52bd147c,5,3,0,0.37510646030546557
52e9e467,5,1,0,0.5603440223196523
5320dac6,5,2,0,0.8018804357163409
53621b84,5,3,0,1.1270268969657362
537dc410,5,3,2,1.313726056922834
53814642,5,3,1,0.3727239851120855
53905a2c,5,2,1,0.4494685223936048
53cf99f2,5,2,0,0.28554278575607117
53d20dc3,5,2,0,0.10019858838112566
53ea1e7c,5,3,0,0.25407052408744396
53faf893,5,2,0,0.08698902499479988
546bfb18,5,3,0,0.21625333839813932
54854783,5,3,0,0.558721813218775
54868027,5,3,0,0.21872415914949178
54945f30,5,1,0,0.7011336828785139
549712ab,5,1,2,1.0959044712992085
54b35de5,5,2,0,1.3198529716267289
54c87d3c,5,1,2,0.43850000897527786
54fef303,5,2,0,0.6237732874882742
54ffe872,5,3,1,0.2571402446901574
55464fb7,5,1,1,0.3989849529827314
554e46e9,5,1,2,0.6113426154644681
556604d2,5,2,2,0.9135541141014895
5588f518,5,3,1,0.3898451930518455
55edb6ed,5,3,1,1.3115041076470482
55f9338e,5,1,0,0.36683057091559335
561f2797,5,3,0,0.24177201058005449
5637a5a4,5,2,0,0.19039720662851017
563ebc00,5,3,1,0.30569952593602406
56418caf,5,1,2,0.6214663742894606
56443aba,5,1,1,0.5035601203505148
56761daf,5,3,2,0.8934540284364219
567ecea5,5,1,0,0.46253268537684955
567fd23a,5,2,1,0.9957784168302832
568eb64b,5,1,2,1.0041936021284987
56c99b23,5,3,0,0.2325929014042421
56cb7161,5,1,0,0.2310006845881865
56d9dead,5,2,0,0.21191282008219253
56ef356c,5,2,0,0.2900650396127731
571907fc,5,3,0,0.4770470525461884
574599a8,5,2,0,0.19176362661465807
574cb902,5,2,0,0.24183505917362103
5775ec58,5,1,1,0.7785679739284017
5779f2e9,5,2,0,0.3265104894958049
57c4f2b4,5,1,0,0.6403117552682975
57de6095,5,3,0,0.10481982483179575
57f6fa6c,5,3,0,0.05219518792600464
580a30c5,5,2,2,1.0328020677426915
58391429,5,2,2,1.1968294415712362
58900fd0,5,2,0,0.1557840560507845
58a255e6,5,1,0,0.2906415370300772
58ada72e,5,1,1,0.6192930672059304
58de61f0,5,2,1,0.874682626129538
58dfccdb,5,1,0,0.48652232176998034
592adca0,5,3,0,0.35015093259194585
59307c13,5,1,2,0.5511717348027477
593a7148,5,3,1,0.21023398264314458
593b5cfa,5,3,0,0.14719663989988596
59402969,5,3,1,1.2492577184875593
5985f299,5,1,0,0.24177779434887992
599850d0,5,2,0,0.26338141383204017
59b7fc28,5,1,0,0.13409155512517307
59d7a3a9,5,1,0,0.32950596998840787
59ea397f,5,3,0,-0.030860824447978552
5a2c7642,5,2,0,0.27696936462935406
5a3005de,5,3,2,1.0840907196035898
5a313293,5,2,1,0.833774515710662
5a3d5e05,5,1,1,0.5031467070472181
5a4b3725,5,1,1,0.8858756493957207
5a5f6d41,5,3,0,0.49241623099453025
5a5f9fb2,5,2,1,0.5122848729645605
5a8712ae,5,1,3,1.0850654388105685
5ac9eca0,5,2,0,0.19163484981675638
5ad85a02,5,3,0,0.42415022784684314
5af79adb,5,3,0,0.8653642942323461
5b299ae1,5,1,1,0.24886093850614688
5b2c9b83,5,3,1,0.6487866171470508
5b4d2604,5,3,0,0.3011982061329814
5b9ff85e,5,2,1,0.5031862007489806
5c186496,5,1,0,0.24093018236372749
5c2c136d,5,3,2,1.0365825446432426
5d04624a,5,3,1,0.7678088408558039
5d3b6ea5,5,3,1,0.5238822049722595
5d48a5b0,5,2,0,0.1402858171685139
5d762840,5,1,0,0.8568251863843015
5d805d83,5,2,0,0.8375407340593122
5d885b20,5,3,0,0.06436273895085942
5dad24ff,5,3,0,0.86860836612182
5db3db12,5,3,1,0.8129265042621276
5dc62fec,5,3,0,0.2685824631301066
5e08237d,5,3,1,0.5144561908383392
5e221c50,5,3,0,0.8281286771740286
5e2a9e63,5,3,1,0.2483355154728939
5e359a08,5,2,2,1.0518371437705156
5e415f05,5,1,2,0.7596572815535992
5e55e9fd,5,3,3,1.0193316651608062
5e57bd12,5,2,0,1.1378068406251487
5e614c1a,5,2,2,1.0568347528242397
5e6490e3,5,3,0,0.5112436202321816
5e6b528e,5,3,0,0.35765069094943924
5ea2c305,5,1,1,0.9526066742615724
5eb063e0,5,1,0,0.4546048219266001
5ed5f205,5,2,0,0.3355094850582675
5ee595e8,5,1,0,0.5402502290578108
5ef3d64e,5,3,2,0.8976169476724064
5f1b07e1,5,2,0,1.0014066348251784
5f281a62,5,1,0,0.6123240415254858
5f37ceb1,5,2,1,0.9678721882266347
5f7537cf,5,3,0,0.813146579611945
5f78f7b9,5,1,0,0.3750493149899091
5f9dddb4,5,1,2,0.6484731168786727
5fa91358,5,2,0,0.5107465272632236
5fdfbe47,5,2,0,0.41688380900725763
603ab4ee,5,1,1,0.11682809680391759
605d6e05,5,1,0,0.45918573284449216
606e979d,5,2,1,0.7543713892485384
60c1ff37,5,3,0,0.6004536904957437
60d1fdee,5,1,0,0.21634602155526456
60d2774d,5,1,0,0.2090686703537767
60f8462b,5,3,0,0.18048888173833028
60fb7cb9,5,2,1,0.7098680973800764
612487a5,5,3,1,0.8781828835231447
612b3ff9,5,2,0,0.5741488906168107
613fc399,5,2,0,0.5314849853654453
613fc53d,5,2,0,0.31919407976753283
614d5517,5,3,1,0.7482304627692895
616fc21f,5,3,0,0.19943002850987285
6192e6b6,5,3,1,0.7542623349834201
6197a2ce,5,3,0,0.6502363875306248
620536d0,5,1,1,0.3039041589207569
621066ff,5,3,2,0.852905291931336
622bb412,5,1,0,0.16446381502884894
6247cc15,5,3,1,1.1344334501497304
624b9e34,5,1,0,0.3645180408615274
626a608e,5,3,2,1.2321318594173858
6277e13c,5,2,0,0.4860826938515031
62839132,5,3,0,0.36069452848071715
62b873a2,5,1,1,0.4301797568386041
62cd5c74,5,3,2,0.7369496867800815
62d0cf97,5,2,2,0.9258324490971208
62f77d2f,5,3,1,0.4878936382009331
6332ad59,5,3,0,0.23002073030876108
63334478,5,2,0,0.3034945912558429
6344bba1,5,3,2,1.4118927221976452
635554d2,5,2,0,0.5738031470855134
63a00e40,5,3,0,0.37293139607086
63d4ab9a,5,1,0,0.2781624230550256
63d810bb,5,2,0,0.6924206597494207
63dd16ec,5,2,0,0.24886586631667335
63fc9770,5,2,2,0.8582226894247231
641697e6,5,1,0,0.28258850465248014
646a4c0e,5,2,2,0.5788973612283491
649ff6d9,5,1,2,0.9274034135003015
64b4005d,5,3,1,0.5697636589797946
64ed48c4,5,2,2,1.060367323210813
650bf252,5,2,0,0.15171370825087938
6514c337,5,2,0,0.4627612404630283
654203ec,5,1,0,0.4431378885451861
658e66ec,5,1,2,0.9215658846404471
6595d479,5,1,1,1.0016835527576875
659fec57,5,1,0,0.5751399695082787
65af9f2a,5,2,0,0.3273475125938899
65dc81f5,5,1,0,0.6992167657917225
65fe69c0,5,1,1,1.172673256531781
66094cfd,5,3,0,0.6011717837084404
6622b302,5,3,0,0.31056693903601296
665abfda,5,1,1,0.6275432576741283
66665e95,5,2,2,0.5025730351370998
6666aed3,5,1,1,0.776312169705928
6672e527,5,2,0,0.18717486949287387
668a2fea,5,1,0,0.43049007980030496
6699c999,5,2,0,0.2967945385332731
66d86d0b,5,3,0,0.9127333816778751
66ed301e,5,2,0,0.2994066409511258
66f044c7,5,2,1,0.492636722218579
66f619e3,5,1,2,1.158778750077797
6708fcd9,5,2,0,0.1591832908163348
672a32f1,5,2,0,0.2055244401387154
673a7e2a,5,1,0,0.14708629686386837
673e7be9,5,2,1,0.6535483757297489
677038b5,5,2,0,0.3107607756636358
6774ba64,5,3,0,0.3093228677512797
678598dd,5,3,0,0.10232386289036388
6795027a,5,1,0,0.4437455035800509
679ce4b2,5,1,2,0.8309920199056018
682327c3,5,3,0,0.23323263847489106
6826f0be,5,2,1,0.7189187538173931
683464ff,5,3,0,0.5739152430858934
685cc0f1,5,1,2,0.8774987668709167
68688509,5,2,0,0.5936030416906828
6885737e,5,3,1,0.5250751751410441
68be3d5c,5,1,0,0.3751101760521969
68be5113,5,2,0,0.11531575081701145
68d49292,5,2,0,0.3229276020125975
68e61f96,5,3,0,0.2439779871190088
68e7140b,5,2,0,1.2322139245405552
68fa4631,5,2,0,0.4250164878909699
69074cf3,5,3,1,0.021284161572667437
69742f6f,5,3,2,1.0467008002820135
697c41d7,5,1,2,0.5818925443939312
697d894b,5,3,1,1.3455712030376834
698b9067,5,3,1,0.44528439912033335
69ccea20,5,3,0,0.2383660056216212
69cdf9c3,5,2,1,0.5891714524369236
69fabb6b,5,2,2,0.9620798931013732
6a04461f,5,2,2,0.3257376546472341
6a138911,5,1,0,0.4665156292106915
6a16089d,5,1,0,0.5741477300860145
6a2c6073,5,1,1,1.0643115121001392
6a4df6ff,5,2,0,0.07746394709800719
6a6da46c,5,1,1,0.6693780939291606
6a7d07fb,5,3,0,0.29179943390766083
6a837387,5,1,0,0.13958335507756248
6a83a423,5,1,1,0.4958040274207177
6a864b11,5,1,1,1.0602154071730565
6a98537b,5,1,0,0.2526150663147464
6a9f0db7,5,2,0,0.15675481170216105
6abd2bd4,5,3,1,0.9428977741810751
6abe8b60,5,2,0,0.24052744149297928
6ac5763a,5,2,2,0.9241172661982147
6ac5eaaf,5,2,1,0.2450894146912067
6ae1473e,5,3,1,0.2955371938381092
6b4b8c14,5,1,1,0.9735995724078321
6b6467f4,5,2,2,0.8952874877809086
6b773506,5,1,1,0.8543262890553094
6b9a25e6,5,1,0,0.2189349108449008
6be0f069,5,2,0,0.40213557728413807
6be56337,5,2,0,0.8936377586545089
6becb599,5,1,0,0.08213892767980524
6c0fe935,5,1,0,0.8992104940463741
6c2edc91,5,2,0,0.7974791677174264
6c319d99,5,2,0,0.3479454380968442
6c4902c8,5,1,0,0.6464419518707627
6c6cd633,5,3,2,0.43311855543834055
6c737069,5,2,1,0.2331230197635047
6d5944a9,5,3,0,0.15323406567073433
6d5c5afb,5,3,0,0.390845749083771
6d707ac3,5,2,2,0.9323986818987409
6d70e716,5,3,2,0.565611116479966
6d7ba819,5,1,1,0.1852054631485731
6d855495,5,1,0,0.6686298801846208
6db14d48,5,3,1,0.4698989479848567
6e0ec0fe,5,3,1,0.7604311854439391
6e128c6b,5,3,0,0.9548532647550597
6e5606d5,5,3,1,0.282276188899238
6e68bcfd,5,2,1,0.6411637466085222
6e695d70,5,2,2,0.45268089337979367
6e6d895f,5,3,0,0.4038298074723867
6e85a624,5,3,2,0.25656836497072355
6e89cee5,5,2,0,0.7213768265441582
6e9beaee,5,2,1,1.177305773364745
6ebfdc95,5,1,0,0.9212683745908395
6ecb430a,5,1,1,0.3228471216413821
6ed385f6,5,3,1,1.1428768689347897
6eff29da,5,1,1,0.21849025953145496
6f5677b7,5,1,0,0.8631704626818087
6f5a31ea,5,3,1,0.3593703168704817
6f878799,5,2,0,0.605689449540982
6fb28c2a,5,1,0,0.12131909316162193
6fc6b5c4,5,3,0,0.4129718104372429
6fc95dfc,5,3,0,0.25062241157610454
6fcdcb2a,5,1,0,0.7549463347947709
707c82c4,5,3,1,0.288830805606592
7092a6ce,5,3,2,0.9561896918096293
709457f3,5,2,1,0.3878429034907086
70de1c63,5,3,2,1.0902685130970091
710345b6,5,1,0,0.15373821789874292
7106a387,5,1,0,0.5178250960880866
7151d8b5,5,2,0,0.4013195679391585
71850348,5,1,0,0.448612616519534
71852781,5,2,0,0.3994195675484335
7187caec,5,2,2,0.7490363235867574
718975fe,5,1,0,0.43218477728311344
7192b2e8,5,1,0,0.3246102670130633
71c1b1d2,5,2,0,0.18186041122509194
71cf0f87,5,1,0,0.2473877384357781
71f21593,5,1,2,1.2271256914882898
71ffd0ba,5,1,0,0.3913716543113652
72264d13,5,2,1,0.6929682950630367
723ee34c,5,2,0,0.4141786509877098
7250264b,5,2,0,0.2065690621275526
7265f1e5,5,2,0,0.2325012160059889
7290824a,5,2,2,1.2623849960051796
72a0c969,5,3,0,0.401438108180666
72aa1a30,5,3,2,1.2455985527110802
72afd4ca,5,3,0,0.8101216195614603
72c9c38d,5,2,1,0.43371573643374384
7305af8b,5,2,0,0.3767559971153401
7347b54e,5,2,0,0.11805193515422613
73aa6aab,5,3,1,1.0752308307568779
745e6065,5,2,1,0.5846416340660803
7498fbde,5,1,1,0.5317792973359996
74be50af,5,1,0,0.14255735094620653
74c2bd81,5,3,1,0.8534503133049849
7514c6f4,5,1,2,1.283138029329541
75311a3f,5,1,0,0.7796588859707461
7533a4a9,5,1,0,0.7438532431660827
75927c18,5,3,1,1.1225079974880017
75ad73ee,5,1,0,0.35500137672786247
75b0446f,5,2,0,0.6581575701228508
75b53bd4,5,3,1,0.2936000065059301
75bcc1e0,5,3,1,0.42012042036518027
75c13e08,5,2,1,0.3960429021614217
75db1257,5,3,1,0.7853457318594701
75f26948,5,1,3,0.9934537640513261
764d8b42,5,2,0,0.23383076598265717
76781cd8,5,2,1,0.36141951693848406
76c9bf0e,5,2,1,0.6125421190345696
76dc0e9f,5,2,0,0.280729043300141
76fb4afb,5,2,1,0.134069270414584
76ff59f2,5,1,0,0.2963992724695147
7752d450,5,1,2,1.0513988685553004
776d33af,5,3,1,1.3297048762395847
777a3e9d,5,2,2,1.0764107313315427
77941a98,5,1,0,0.38941984132771496
77bfe07c,5,1,0,0.8147780467380318
77e460ce,5,3,0,0.3863313791253419
781710fe,5,1,0,0.15942089669026172
782a0589,5,2,0,0.5254400290933303
782af70b,5,2,1,0.789342617426753
785d0663,5,3,0,0.8765202434837298
7860b64c,5,1,1,0.4576273731139227
78667893,5,2,2,0.18867083339823104
78704d22,5,3,1,0.8941622019377868
787654dd,5,2,0,0.17446973358745477
788268a4,5,3,0,0.2179146865812921
78a34e5d,5,2,0,0.2262222222465189
78b488ff,5,3,0,0.32571045461109127
7914b38b,5,1,2,1.3648851479273758
792d2fa5,5,3,3,0.527361208964153
79483148,5,1,1,0.651749521397342
7975694f,5,1,0,0.36115208033188034
79bd36b6,5,3,1,1.1334225136273242
79de3beb,5,1,0,0.5600588602089445
79e496f2,5,1,2,0.9381825251371682
7a6d26a2,5,1,0,0.568999189472185
7a86fcd2,5,1,2,0.7566940190291915
7aa3a145,5,2,0,0.1438042039523068
7af8eac0,5,1,0,0.10669891260815156
7b0a4060,5,1,0,0.23782143538230616
7b516283,5,3,0,0.3622054642479421
7b543871,5,1,1,0.4441115763061415
7b78e634,5,3,2,0.6711903791000075
7b8842c3,5,1,2,0.7794582687632394
7bdbf66f,5,3,2,0.2501573842234821
7c02f4ec,5,1,2,1.2343283140114085
7c1d7ddd,5,2,1,0.3542863610329038
7c21ad67,5,3,0,0.4964602774924489
7c29e92d,5,2,1,0.5541021107316738
7c39c8e5,5,3,0,0.2886119084945651
7c6ca1d4,5,2,1,0.8042622547559591
7c6cbfdd,5,3,0,0.09379086334660941
7c8f0c95,5,3,2,1.4220161997670344
7ca548f9,5,2,0,0.213991698304428
7cb1e4c7,5,3,0,0.4218916431671257
7ccdb9f2,5,3,0,0.5002812371156105
7ce36c38,5,1,0,0.5640210594057715
7cf3bca6,5,3,0,0.5319755848363541
7d0a92d5,5,3,0,0.4975262792631141
7d2f236b,5,3,0,0.16044506995197289
7d40a714,5,2,2,1.1809401447185475
7d666f0f,5,3,2,0.5032716777532211
7d751a6a,5,1,0,1.0611262811213988
7d8f1716,5,2,1,0.6608148052699571
7dae6de9,5,2,1,0.4393208654864397
7dd54e69,5,2,2,0.6164934024669279
7deeb4fe,5,1,0,1.2093486590702063
7df487b1,5,2,0,0.6330688189732434
7e41db05,5,1,1,0.9679177119431739
7e46b693,5,1,1,0.8898411427866368
7e71aa83,5,3,0,0.4987783697268993
7e87087b,5,3,0,1.270055664087592
7ec65d94,5,2,0,0.1627647256375201
7ecea16d,5,3,0,0.07268478638571085
7f04b4fc,5,1,1,0.5798771942387888
7f26f78c,5,3,1,1.532002543938211
7f2715b4,5,1,0,0.4083212486232982
7f5aeb05,5,3,0,0.47909850596058723
7f950ef2,5,2,3,1.1358847068745361
7fa51811,5,1,2,1.039317427918588
7fa7ccc4,5,3,0,0.1299676448827946
7fceb836,5,1,0,0.9095555246937417
7fcf0046,5,3,1,0.6984487437790408
7fd40f2b,5,3,1,0.6092533511555253
7fe0a99a,5,1,0,0.6722019745369046
8017f13e,5,3,0,0.9220016322121773
8033847f,5,2,1,0.7925007357788976
8068fafb,5,2,0,0.37364282803729776
806d877f,5,2,1,0.5984814824821164
80784c40,5,2,0,0.48567787373951277
8078b7de,5,2,1,0.5157851882149418
807d8908,5,2,1,0.6222488068996517
80a5f1e1,5,3,0,0.7827633315279434
80a9f2bb,5,3,0,0.27125166970830616
80b46ffb,5,1,1,1.0146905501740768
80ed2bcf,5,1,1,1.1250284898000342
81095901,5,2,0,0.3119709331082137
812f6873,5,2,0,0.4631372794578296
81364a4b,5,1,1,0.8864137622153361
81394e0e,5,2,1,0.4593884617399403
813e7f93,5,2,0,0.22231760691015273
816b0564,5,2,0,0.6533803341419165
81766b8a,5,2,0,0.5560673948002082
81a4b826,5,2,0,0.33750974656206545
81eaf4c1,5,1,0,0.15588627068356226
81f60502,5,1,1,0.5496266572508831
81feecad,5,3,0,0.7204151391751727
8226bbd4,5,3,1,0.40100992397304397
82422684,5,3,0,0.9131253806488593
8256a969,5,2,0,0.293918453978154
82923551,5,1,0,0.0948377464209717
8310a02f,5,2,0,0.39822232979511035
83379672,5,1,1,0.2848597835140432
83711ef5,5,3,1,0.7866261164252124
8376acc5,5,1,0,0.2645452398256212
83846d0c,5,2,0,0.2562760456738769
83912085,5,3,0,0.2558308663899419
839b507a,5,1,0,0.19030501639388792
83c33097,5,1,0,0.4383281234815849
840ff4b7,5,2,0,0.1251269866245412
844b87f8,5,1,0,0.2614112854516868
844be9e4,5,1,0,0.27001628689532364
84875079,5,3,0,0.354630691026065
84a16b14,5,1,0,0.48852908375492465
84b7d89d,5,2,1,0.9218959634146369
851b425b,5,2,0,0.418917913628158
852adec2,5,3,0,0.36020892242307223
85452335,5,1,1,0.6203485932869374
854eb237,5,3,0,0.2301581274540238
85525f8d,5,1,0,0.4558923892127732
855c6099,5,3,1,0.42017313372083587
8570ea5f,5,1,0,0.6969594573854385
8572d442,5,2,0,0.9302051309491582
857baaa6,5,1,0,0.5642171400630416
8581b9a1,5,3,1,0.6498048185312294
858be19a,5,1,1,0.7048093690025017
859cbb27,5,1,0,0.3567225919458741
85a1082c,5,1,0,0.40342553007501397
85b027ee,5,1,0,0.4307867407948344
85d99199,5,3,0,1.3805198271358334
85f23af6,5,3,1,0.32322887856841453
860f4f9c,5,2,2,0.5067803852742252
861188f4,5,3,2,0.6883645705777304
861fd4a0,5,3,0,0.23535727753989333
86335468,5,1,1,0.7844236852019157
863e40c7,5,1,0,0.6325352543449878
866a08b7,5,3,1,0.23620404693244723
86a8e0d6,5,2,1,0.9050755316467639
86bd716a,5,3,2,0.8481215241293242
86e56299,5,1,1,0.6168610436133596
87050a09,5,2,0,0.6044232566435328
871b2b19,5,1,0,0.37916172241095325
874a348f,5,1,2,0.7539746446528945
87509a7b,5,2,0,0.3046243023575237
876a929e,5,2,2,1.0687781690459208
8772f64b,5,1,0,0.7790431299712626
87a60251,5,2,0,0.17744945932695083
87af775e,5,3,2,0.5040300944737957
8823b020,5,2,1,0.5905390546157028
88300a4b,5,1,0,1.0319895394003566
8875387b,5,3,0,1.1408161668029455
8877cdee,5,3,0,0.33843985241701013
888c45f9,5,3,1,0.14903513092337228
88c640b9,5,1,1,0.9400887274417131
88cdb5bd,5,2,2,0.9927534539887868
88e04d93,5,3,1,0.9055168817732956
891193eb,5,2,0,0.5932458150276418
89261ca6,5,2,0,0.39435943608642343
893293dd,5,1,0,0.1357266901890593
895f9725,5,2,0,1.0434067784094205
89739b1a,5,1,0,0.3020731033375248
897da2c8,5,3,0,0.24401210530833656
898096eb,5,3,0,0.04487468939282546
89a26502,5,1,0,0.4439912536665076
89bd10b7,5,2,2,0.9114383771325775
89d475e2,5,3,2,1.0224563857207551
89d7d2c3,5,3,0,0.20966976743779042
8a444a98,5,3,0,0.24048783183669364
8a44ea3a,5,1,0,0.24300029090723596
8a4e5d1a,5,2,0,0.8381537580509872
8a6b6912,5,1,0,0.18734516614436686
8a77d185,5,3,2,0.6563490301125552
8a78a063,5,2,0,0.24987382346699305
8a9cce44,5,2,2,0.26068216436152075
8a9e653f,5,1,0,0.09034523190170551
8ae6a52f,5,1,0,1.227447195777389
8b02eb7e,5,3,0,1.6308613172470647
8b4b9648,5,1,1,0.6007702715479298
8b6a40f5,5,3,0,0.6467812202404306
8b802ca8,5,3,0,0.10775748516823497
8ba98f12,5,2,0,0.1919608175966082
8bc5199c,5,2,1,0.3979332183837443
8bf72a9c,5,2,1,1.1733415463300263
8c122779,5,1,0,0.8865834413936713
8c1f9196,5,1,1,0.8758273165677244
8c5a5a21,5,3,0,0.6563600720917924
8c6c52a2,5,1,0,0.2961888761860773
8c97411a,5,3,0,0.2685584317802944
8c9c253d,5,2,0,0.5343814189804049
8ca025c3,5,1,0,0.2727718991018703
8cab7bc4,5,1,0,0.6545199162124011
8cfcac79,5,2,2,0.9527564511070565
8d010562,5,3,0,0.29503228172532875
8d055cca,5,1,0,0.8130667965375803
8d11c14a,5,2,1,0.3257298946142306
8d8b8553,5,2,2,0.5888522039950529
8db09bb4,5,1,1,0.5757227635655411
8ddb6b8d,5,3,0,0.45245599612375614
8e24b103,5,3,0,0.18270903749574158
8e380413,5,3,1,0.5757351111020658
8e749c85,5,3,1,0.8823278911103944
8e770d51,5,2,0,0.3686803176840916
8e80deb7,5,3,0,0.9289733770130811
8e93a873,5,2,1,0.9591750418666187
8ec2cc63,5,2,0,0.8840883106963207
8ef72e3e,5,2,0,0.08426972754643858
8f015125,5,2,0,0.645113900080593
8f1e1df6,5,2,0,0.6809084643020912
8f21c613,5,3,1,0.8318622610903473
8f2d131f,5,3,1,0.610504821338313
8f39a0e7,5,3,1,0.43215512917079707
8f68479b,5,1,3,1.073945949886626
8f753551,5,2,0,0.5347044353983954
8f9c03c6,5,2,0,0.12942307046624862
90161e10,5,1,1,1.147826170275986
9027c805,5,1,0,0.3533239721731615
9052579b,5,3,0,0.32407520091095177
9061cc9c,5,3,0,-0.015082962083398765
90778278,5,2,0,0.30985332669236904
908b1207,5,1,2,0.8669803892990491
90a37530,5,2,0,0.15072962299635345
90fee6b1,5,3,0,0.41404346278069637
9105b812,5,3,1,0.9067012336246382
91098060,5,1,0,0.6773292782013904
911d1406,5,3,0,0.622929552919699
912a91b0,5,1,0,0.5647257898132079
91386987,5,3,1,0.7408679351884677
913bea9f,5,3,1,1.2883366298281187
91656d27,5,1,1,1.1299246118256518
9173f25b,5,3,2,0.8539833211085961
917990b2,5,1,0,0.9966714032939759
91930eec,5,2,0,0.24298990929820585
91942b42,5,3,2,0.4897676086831204
91a5d06e,5,1,0,0.17993706275591037
91e86c47,5,1,0,0.6585898806429541
91fdc1e0,5,2,0,0.5747271690309822
92031591,5,1,0,0.7934704150996539
921146d1,5,3,0,0.30574038617794413
92622443,5,3,1,0.4785788912794123
926a64d8,5,1,1,1.004485565313279
9271574b,5,2,0,0.5284057193942013
92b18571,5,2,0,0.3393696163422367
92bb8516,5,3,0,0.30909031373833906
92bcf0e7,5,3,0,0.08573397209644396
930c567c,5,1,1,0.6343280345709394
93188a17,5,1,0,0.46174587338392736
932b5928,5,1,1,0.9630440373802944
933da99b,5,1,0,0.8200883091814766
93507a1b,5,3,3,1.3658846229947152
93559639,5,3,0,0.13985074936839487
93c06d4c,5,2,0,0.39928380102684513
93c72a97,5,3,0,1.094857593466835
93c93585,5,1,0,0.45590845056651336
93cdae1c,5,3,0,0.635535826113847
93f8b501,5,2,0,0.3557237501518146
93fd93c4,5,3,1,0.8347361770489692
93fda84a,5,1,0,0.14111343108656854
9402b885,5,1,0,0.930719694024691
9405bad1,5,2,0,0.3374451762522555
9416d70e,5,2,1,1.0731571978319816
945d802a,5,1,1,0.4876062708666179
948a7025,5,2,0,0.31812329662096156
948e1435,5,3,1,1.107581912797503
94902bc9,5,2,1,1.1995736506742887
9498cc26,5,3,1,0.7701022380387696
949f94e5,5,2,0,0.20711918940193608
9521093f,5,3,0,0.9779008106841403
9540fa8e,5,2,0,0.3247268011182473
95488452,5,1,0,0.11897458009420231
954a4c2e,5,2,1,0.6122043359858761
9568e659,5,1,2,1.0200963030774086
9570bfb7,5,3,0,0.043839686617799134
957dcb7f,5,2,1,0.19472670676838744
95cc96cc,5,2,0,0.128292530764537
95d57ff9,5,3,0,0.8516571952954392
95e04c4b,5,1,0,0.11171095614290827
96262441,5,2,0,0.20265909063717275
96595f1d,5,2,0,0.2624461992982084
966161e7,5,2,0,0.09306787275044165
966fffd0,5,2,2,1.0268808213888398
9682cd0d,5,1,0,0.26754100996504954
96d6034f,5,3,0,0.14261726056742136
96f13763,5,1,0,0.14947766571358162
978218e6,5,3,0,0.4831673661100464
979a5c76,5,2,1,0.9071429664711184
97bb0cc0,5,2,2,0.8014206910241986
97d0593e,5,1,0,0.3757734753756296
983bcb5b,5,3,0,1.193738957323742
98413061,5,3,0,0.13974296003367814
98ed2153,5,2,2,0.8759978607027512
99205f42,5,3,1,0.8648811899278659
99328d2e,5,2,0,0.7427660138495765
994ee014,5,2,0,0.3090213744985412
99752704,5,2,1,0.5560702688073452
9977fb0f,5,2,0,0.40085097411283044
99a8a9e7,5,1,0,0.30192467732551787
99b15811,5,2,0,0.4447904420787825
99ec8c4a,5,2,0,0.5227388955583656
99f0cc53,5,3,0,0.21633938355553278
99f3be05,5,1,1,0.4516194668446681
99fe5b44,5,3,0,0.6788478459538952
9a50d2d8,5,3,0,0.6889877040712507
9a5aed6c,5,2,0,0.7457582639965303
9a76906d,5,2,0,0.2579991405248813
9a7e4c38,5,3,0,0.6281173034149501
9aa1a2ae,5,1,1,0.47903088355553386
9aa36639,5,3,0,0.08777639761826467
9aab3e36,5,2,0,0.35504628297097174
9af5548f,5,3,0,0.6163678186928864
9b5f13ec,5,1,2,0.9197030943995563
9b96b0e4,5,2,0,0.44709165614096547
9bd745aa,5,3,0,0.8401616092423556
9bdd6964,5,1,1,0.23847905355552695
9bf7051d,5,1,2,0.9033162185597274
9c12f80d,5,3,0,0.15314430393266976
9c1ea003,5,1,1,0.5798086994254426
9c23dba9,5,2,1,0.7413831122458377
9c7a1561,5,3,0,0.1894282915788444
9c9cd7ef,5,1,1,0.39164161996824054
9cb303cb,5,3,0,1.583636515644295
9cb32129,5,3,0,0.16373008146178847
9cba0d0e,5,2,1,0.524887994119863
9ccbc70b,5,2,0,0.24964782084180548
9ce139d3,5,2,0,0.12364713889208162
9cf04c41,5,1,1,0.6853995428339232
9d0670dd,5,1,0,0.16760329585775957
9d39f0da,5,3,2,0.5028041178799163
9d5826bb,5,2,1,0.6184904949467662
9d65adbf,5,2,1,0.9381398582890943
9dbdbebf,5,1,0,0.12952426621290858
9dc74359,5,3,0,1.5680674573137203
9ddb06db,5,2,2,0.9782518085743759
9de6a614,5,3,0,0.7080717347137038
9e027e04,5,1,0,0.20174673087310407
9e052412,5,3,0,0.19787198024610742
9e171735,5,1,0,0.6339324925935264
9e29b5d2,5,1,0,0.5388148556994907
9e4385f7,5,1,0,0.6206068728554285
9eb283e4,5,2,3,0.986371235949621
9ebb73c7,5,1,0,0.5565537379510477
9f3ca269,5,1,1,1.06463271852583
9f5f15ef,5,2,1,0.7924299261640675
9f6b9158,5,3,2,0.9720526603295754
9f70688f,5,3,0,-0.02189470490793821
9fa68512,5,2,0,0.10525288743871702
9fb96ae3,5,3,2,1.1925480760367013
9fbc09a6,5,3,0,0.24472486339363497
9fbf31f9,5,3,0,0.23109775535678184
9fbfa81b,5,3,0,0.2502326388774229
9fec142f,5,2,1,0.8620229753319893
a00c3ab0,5,3,3,1.3471029811683055
a00c85e7,5,2,1,0.9158597825324373
a0182b17,5,1,0,0.796117916861206
a0482f47,5,1,0,0.4752676666017557
a0497d5d,5,2,1,0.9110040753746511
a0522c83,5,1,2,0.5250350181348097
a07ec6fb,5,1,1,0.5937615589945252
a0811cc1,5,1,0,0.47338486795029433
a0dffdeb,5,2,1,0.2758141074872149
a148b46f,5,1,0,0.37055990339354505
a17f6cfd,5,2,0,1.0224543298886233
a1814875,5,1,2,0.79987805858784
a1942b0b,5,3,0,0.293472391279287
a196148e,5,3,1,1.311721083501347
a1ab89aa,5,2,0,0.08903378826155456
a1df952c,5,1,1,0.989900497720715
a1fe4f51,5,2,0,0.11595102967030746
a213c519,5,3,0,1.171832250391629
a217e790,5,2,0,0.2845125535136134
a21ad8c0,5,2,1,0.8622652849578738
a221c60c,5,2,1,1.0522713792537948
a2240f50,5,3,2,0.7777396900618907
a263a68c,5,2,0,0.4024310807339481
a26c3e8f,5,2,1,0.28248552479719463
a28c7891,5,3,0,0.7354088777513201
a2994e55,5,2,2,1.1029947948455145
a2a8f352,5,1,0,0.12870659691254205
a30e6178,5,3,0,0.492069431210575
a317c78a,5,3,0,0.4877500420189106
a3391798,5,2,0,0.2415634763411248
a3413f0a,5,1,0,0.32434613952348845
a363ec1b,5,1,1,0.6926710383564931
a3858c6a,5,1,0,0.8221600506353223
a38699a5,5,1,1,0.525035514363259
a3abe528,5,1,2,0.48310737265451414
a3ec2999,5,1,1,0.4905668023150612
a402c6c8,5,1,0,0.3592055364127367
a40c8316,5,1,2,0.8741274425857576
a4481101,5,2,0,0.6994649539396736
a45230f4,5,1,0,0.784915999645718
a4530b41,5,1,0,0.15873974798126278
a457a4ab,5,2,0,0.22516136881162313
a49eda7f,5,2,0,0.736794560458686
a4be0322,5,1,1,0.5210437934430049
a4c15213,5,1,0,0.3229774782576607
a4e0447e,5,3,0,0.45950316187359225
a4f13c0d,5,2,0,0.7621170067845716
a5024ef9,5,2,2,0.41552985835327355
a5099438,5,2,0,1.2436243974556094
a5356446,5,1,1,0.9351053782081038
a54d22e7,5,2,0,0.23229631095988784
a55b715d,5,2,1,0.7641052725917563
a5710c0a,5,1,0,0.4673606152908467
a5974a7d,5,1,0,0.6265108378440383
a59b2411,5,2,0,0.8231088584569817
a5a737f3,5,2,0,0.30744506809112315
a5c87de6,5,3,0,0.3725821523789141
a60b8575,5,1,2,1.2613357975935493
a614af1b,5,3,0,0.45352041798907783
a6969e1a,5,1,1,0.4512569069316679
a69f89e2,5,3,0,0.4408472483803243
a6e72e9d,5,1,0,0.24926386785080784
a70bb2c5,5,3,0,0.5112816672265488
a70e9a7c,5,2,0,0.6100338734944543
a722f648,5,1,1,0.45830464445952707
a7639eb5,5,3,2,1.251422494666052
a78766db,5,1,0,0.8521358928063703
a7b9546a,5,1,0,0.49771004601913527
a7d2852d,5,2,1,1.0718917841466007
a808ad0a,5,3,0,1.0436641237681468
a814e825,5,3,0,0.6017819139522746
a84922d2,5,1,0,0.6077416920879121
a84ae7e0,5,1,1,0.6999351332827276
a8722cde,5,1,1,0.7315420332219247
a886c07b,5,1,2,0.7062256841941627
a8926a86,5,2,2,1.084347404949304
a89284b2,5,3,0,0.18104845941698755
a8b0428d,5,3,1,1.3096577425942497
a8c1aab5,5,1,0,0.28988885253289626
a8d90be8,5,1,0,0.8169677369905838
a8d9de72,5,3,2,0.47307161144042137
a8dc2e05,5,2,0,0.959168041190624
a922ef3f,5,2,2,0.25685316044519046
a952659d,5,1,2,0.8329575111383458
a9595acd,5,3,0,0.2831779606072025
a9717f92,5,3,0,0.5865172626534355
a971b3b1,5,1,0,0.16988477051158263
a9aa2336,5,2,0,0.7938323674830986
a9b84b96,5,1,0,0.1392169774091388
a9c3b925,5,3,0,0.3415967393870418
a9c5f872,5,2,0,0.512301047879637
aa1700c7,5,3,0,0.26870172801212117
aa295760,5,3,0,0.3494434491336552
aa61d9da,5,3,0,0.9126804288993711
aa776ef6,5,3,0,0.054638500212930374
aae9800e,5,3,0,1.070339325525821
aaefeff0,5,1,3,0.9864342669529558
ab16a20d,5,2,0,0.517295127868455
ab1dc378,5,3,3,0.9742996366490074
ab2ad965,5,3,0,0.1647022415780981
ab36aa48,5,1,2,0.3188228201043954
ab4fe82b,5,3,2,0.8865026466322123
ab6e1b81,5,2,0,0.20820241456823624
ab71f143,5,2,0,0.5318554758638425
ab8245da,5,3,2,0.34238843363131255
ab987c75,5,2,0,0.4222930676514014
abac67cc,5,2,0,1.0946631861670357
abaf745c,5,3,0,0.1436224147734267
abb3b071,5,1,0,0.4533498371227387
abd1b232,5,1,2,0.957863414621161
ac1ad4a7,5,2,0,0.2429258486823901
ac29ec80,5,2,0,0.2336883594241318
ac3ba541,5,1,0,0.23850892671659985
ac5fad3b,5,3,0,0.19895750741997908
ac66c144,5,3,0,0.029016974622311786
ac675a81,5,2,1,0.40458765350936043
ac67c949,5,1,0,0.1838108494629654
ac967bb9,5,1,2,1.0396487383484092
acde8e47,5,3,1,0.762372452805891
aceefa4f,5,1,1,0.9179359167252585
ad0bbf35,5,3,0,0.011929837658467779
ad1dfc9a,5,3,0,1.217010260638319
ad319a21,5,2,1,0.7360243889746947
ad380962,5,2,0,0.36085442362508613
ad536dea,5,1,1,0.5351571851735673
ad8189bd,5,1,3,1.1498132440013067
ad9f821d,5,2,0,0.5670333395616671
adaf7461,5,3,1,0.5490718671764914
adba23f0,5,2,1,0.41980353310502444
adbd6839,5,2,0,0.446481127831717
adc2d620,5,1,0,0.38570212421169586
adc71322,5,3,0,0.5926511785808313
ade50eba,5,3,1,1.3671948260566142
adf444ff,5,3,1,0.46410706883755226
ae4fdae6,5,3,2,0.9459323306156691
ae6e4380,5,2,0,0.27869114375690224
ae712150,5,1,0,0.7198152627057814
aea63a78,5,2,0,0.30191699616802276
aea92843,5,3,0,0.20402268071773266
aecc7e74,5,3,2,1.2276735027537893
aed29ee7,5,1,2,0.8520552912253545
af1c2775,5,1,2,1.0149229121953978
af485add,5,2,2,0.6127668014054845
af4f064e,5,1,0,0.3946647319395489
afa6cc9b,5,2,1,0.5853136744855717
afa92c37,5,2,1,0.7572115578350327
aff48273,5,1,1,0.7413845450980721
b074f33b,5,2,0,0.4638414329155247
b08423c5,5,2,1,0.8168518853532285
b08f0ca4,5,2,1,0.13829245564616033
b092b360,5,2,0,0.48199871564718344
b0ab15a7,5,3,0,0.19376803715180513
b0b57cb7,5,2,1,0.3597833093079773
b0e96997,5,1,1,0.5492440798075832
b120a337,5,3,0,0.46509965773760964
b13e0cd0,5,2,0,0.8989571924820373
b1883100,5,1,0,0.11587868921397887
b1a00510,5,2,1,0.3054605476728904
b1bc2fe4,5,1,0,0.13378653007332864
b1de4423,5,3,0,0.0834940378937114
b1f064ac,5,3,0,0.9539980495776823
b2290813,5,2,0,0.9215276445404954
b2382d94,5,1,0,0.11571190664762337
b23b9220,5,2,0,0.7550515197370082
b25abc27,5,3,2,1.2298542702320194
b285eac6,5,2,2,0.3246997533629832
b2987a65,5,3,0,0.5277113740677775
b2a73566,5,1,0,0.7318603221753154
b2b56219,5,2,1,0.6766029931130401
b2b792a7,5,1,0,1.22107903572055
b308c03e,5,2,1,0.7235947643129648
b318f1d9,5,2,0,0.142129350507455
b31dd1bb,5,3,0,0.9219271490418431
b37281d5,5,1,2,0.43703009605405013
b397a73e,5,1,1,0.3633455389159701
b3b200af,5,3,0,0.42075313825187116
b3d74a58,5,1,0,0.10074911218370763
b3dade53,5,1,2,0.7430958409223807
b3e10f59,5,1,0,0.18606611344758028
b3e14267,5,2,0,0.7945147641942174
b3f5c066,5,1,0,0.6002777376891426
b412866b,5,1,1,0.871358516340224
b41cee02,5,2,0,0.3780015673583793
b447e66d,5,3,1,0.28010673703488576
b449ac61,5,3,2,0.8192314791814681
b452f767,5,1,0,0.38560342920563473
b463e777,5,1,1,0.24496428250485353
b494401a,5,2,0,0.6955150470488428
b4bd49a0,5,3,1,0.04214805882006556
b4cfd8d7,5,3,0,0.4464150688207728
b4e69f09,5,2,0,0.18050213073916305
b5a0707a,5,2,2,0.8477562656320243
b5b2d51c,5,3,0,0.1989892891110669
b62a320b,5,3,1,0.3306165846761261
b64856e9,5,2,1,0.6643955432404591
b69bf1f7,5,2,0,0.5999971494851003
b6af12af,5,3,0,0.53233273039474
b6caa7fb,5,1,0,0.3884998816422094
b70db5d6,5,2,0,0.10774454968328451
b712b69b,5,2,2,0.7494854729021677
b78d5d2e,5,2,0,0.40158734257588735
b7a61f8d,5,3,0,0.04851974809116888
b7ac57d5,5,1,1,1.0552526585432154
b7c3834f,5,2,3,1.175746019364189
b7c410a9,5,2,0,0.5369267049577756
b7ec062d,5,1,1,0.8999058891593471
b802aec3,5,3,1,0.9648640639033934
b816d8d5,5,1,0,0.39799163358852785
b823508b,5,1,1,0.35405720338448676
b84754a9,5,2,0,0.5741693096910534
b89537ae,5,1,0,0.4852249742346879
b89b8154,5,3,0,0.28932340306698917
b8bf20f9,5,1,0,0.38460086006632555
b8df3d7c,5,1,0,0.4341398790326165
b92be605,5,3,0,0.6022278658144211
b9318815,5,3,1,1.4713744798968653
b93e1e41,5,3,0,0.5070711374683585
b94ec4a1,5,1,0,0.6204175505280589
b95da85d,5,1,2,0.8688293951284922
b96e3324,5,3,0,0.0274213330169365
b9b22bff,5,1,0,1.2132454728229876
b9c085ab,5,2,0,0.6077755687676887
b9cf3f7c,5,2,1,1.007386926673303
b9d3616c,5,1,2,0.7745083234688954
b9dcf632,5,2,0,0.2423140288393687
b9e20ba6,5,2,0,0.4832826390897994
b9e90f7f,5,1,2,0.8131365858732611
b9eeb8fa,5,2,0,0.22435442053039378
ba09d63f,5,3,0,0.5498944057537436
ba158a9c,5,3,0,0.6265625127447184
ba29cfb3,5,1,0,0.1832054652283136
ba42462b,5,2,0,0.3619905017490306
bb0d7d92,5,2,2,0.9749906425421389
bb4821ee,5,2,1,0.49871811794066384
bb808a71,5,2,0,0.8247375057848194
bba6ff20,5,1,0,0.6496548971859342
bbbd61c9,5,1,0,0.13811879439836067
bbd71a7c,5,3,2,1.1060536370136722
bbe5bedd,5,3,0,0.3370188646321326
bc06600f,5,2,1,0.8790427046590106
bc0c0f03,5,3,0,0.34409481759637217
bc1ec029,5,2,0,0.6042290900205074
bc437705,5,1,0,0.17518328233029962
bc4eaf77,5,2,3,0.8564258864834386
bc66f41d,5,2,0,0.5211891161735078
bc6bd8b2,5,1,0,0.2918780402364945
bc790ce0,5,1,0,0.5009456465958047
bc817a4c,5,3,0,0.23123428139069607
bc95339a,5,2,0,0.40083126858843965
bccebc5a,5,2,0,0.6031296121886043
bce32ada,5,3,1,0.4626065816157488
bd4ccd4c,5,1,1,0.6415820452105095
bd713fb8,5,2,0,0.35498535870174924
bd8397cb,5,1,0,0.905113977693536
bd932d04,5,1,2,1.0458164000540162
bdbd1afd,5,3,0,1.169818117361796
bdbdc4b5,5,1,0,0.3881614271680483
bdcc7d10,5,2,0,0.2011478679882192
bdcddd09,5,1,1,0.5761800535581211
be1c3b0e,5,2,0,0.9064545156743251
be210bc7,5,1,2,1.2803641151655345
be9ba5f7,5,2,0,0.7702185731361622
be9e9a8e,5,1,0,0.5534332693728674
bea525dc,5,2,0,0.5913136523288912
beafa6f9,5,3,2,0.8184242766798645
bebff291,5,1,0,0.1426085632903718
bedeb6f3,5,1,0,0.24524018149596855
bee4eab0,5,1,1,0.6160864397740753
bee51adb,5,1,0,0.2917790639096983
bef259fd,5,3,1,1.178257012485885
bf0942bc,5,1,0,0.6364038446148834
bf18965c,5,2,0,0.48667640137545626
bf280e13,5,1,1,0.8299461335536724
bf31e0a7,5,3,0,0.0901889564163123
bfade1ba,5,3,0,0.21773032716232155
bfb421f9,5,1,2,0.7869403313298166
bfb52472,5,3,1,0.8119499953264383
c00c663c,5,1,1,0.7343360029462291
c03c0758,5,1,1,0.23664052725689527
c0869eb0,5,2,0,0.38557884420824673
c087b48a,5,1,1,0.9861455171201787
c09d41cd,5,1,0,0.8123269765204538
c0adc389,5,3,2,1.2825131221631056
c0c168fa,5,2,0,0.21951687915580287
c0d5b3f3,5,2,0,0.7280406754743723
c0f2a046,5,2,0,0.5269258227183157
c192715a,5,1,0,0.8027932175259537
c1add876,5,1,1,0.5183976088304708
c1ed20ef,5,1,1,0.43151587040055883
c24c877a,5,3,0,0.05721144305458614
c274a243,5,3,0,0.024259146521199204
c294b507,5,1,1,0.7117128845384225
c2e15338,5,3,2,1.4983930067895463
c2ea6e54,5,3,0,0.329971981667612
c308b134,5,2,3,0.7543259568321494
c30f5122,5,2,2,1.1437286293704696
c31a5825,5,3,2,0.30810903190052885
c35218d4,5,2,0,0.3270402603965985
c3760eb9,5,2,0,1.1787453582728395
c38585c5,5,3,1,0.4028628534627884
c3a3f61e,5,1,0,0.5489264743346991
c3a86e3e,5,1,1,0.2958200847032585
c3adae87,5,2,2,0.8326570389800132
c3d46daf,5,2,2,0.738976069953013
c3dde859,5,1,0,0.27256690256793936
c40bb352,5,3,1,0.210309938505979
c41274a7,5,1,0,1.0541392196048418
c418e47a,5,3,1,1.1200062815055372
c42b7972,5,1,0,0.5086731094316823
c43b985c,5,3,0,0.5334221879286248
c446e1c5,5,1,2,0.9312915560152538
c45068a1,5,3,1,1.3883269364509405
c459095b,5,1,2,0.6559427147816823
c4a681dc,5,3,1,0.2101442660532175
c4c2076b,5,2,0,0.2170848691002089
c4c86e6f,5,3,1,1.1665329124006198
c5462e87,5,3,1,0.46538373903933267
c55187b4,5,3,0,1.4517442567808723
c55cc646,5,2,3,1.0380351494493212
c5c891c1,5,1,0,0.5234557555825261
c5cfaeae,5,3,2,0.8824958718764716
c6313b18,5,1,0,0.37899670559838167
c63f1965,5,3,0,0.3466365490089329
c6575d38,5,2,2,1.3552222140080818
c66daa08,5,3,2,1.008177689505779
c69ffa09,5,2,0,0.9509018856993295
c6a92a65,5,3,0,0.28913348084389606
c6b7811e,5,1,2,0.3266491890667407
c6cb894a,5,2,0,0.6996416130926821
c6cc7467,5,1,0,0.8381454985832593
c6d4b453,5,2,1,0.26250016442280727
c6ead822,5,2,1,0.7613241514031862
c6fd800e,5,1,0,0.2510389423622106
c706a54d,5,3,0,0.0800643716131656
c715832b,5,3,0,0.5972073036208383
c731458f,5,2,1,0.6660093140892762
c73dd2e4,5,3,0,0.6198150073072866
c79039af,5,2,1,0.37931984441775
c7d61396,5,3,1,0.48469686379403576
c7d9e964,5,1,0,0.37918767768046263
c7fd8939,5,3,0,0.23970356916914554
c8270746,5,1,1,0.8204490356700247
c829500d,5,2,0,0.34917647012283215
c892f324,5,2,0,0.2892811194134827
c8d6b871,5,1,0,0.4698584460754294
c8fbbc8a,5,3,0,0.4912508290162866
c9537127,5,1,0,0.6266324208924418
c9600298,5,3,0,0.3963447043935209
c96b9609,5,3,0,0.10386572740337002
c98527f7,5,1,0,0.261174878860756
c9879365,5,3,0,0.5941437373509567
c9902f48,5,2,1,0.43276154440309367
c9a57335,5,2,0,0.22311136178976176
c9ad9c75,5,1,0,0.9036109978195541
c9d47171,5,2,2,0.3172171350562837
c9e419e7,5,2,0,0.30184224826094
ca3204b0,5,3,0,0.48331988065657283
ca724703,5,3,0,0.6587005427028283
cac0f438,5,3,0,0.22992580128491524
cadd4ae5,5,2,0,0.46003877617269645
cae0531e,5,2,1,0.8984649134507248
cae31194,5,3,0,0.25436613738994923
caec8d59,5,3,2,1.2147056708954413
cb054226,5,2,2,0.4834500896456732
cb3b7c3c,5,3,1,0.9714450851480819
cb73fed9,5,3,0,0.15830269465234315
cba1c8b5,5,3,0,0.6051602008092465
cba39753,5,1,0,0.8880817640243851
cbca33a5,5,1,0,0.4532811431584052
cbcf8cf2,5,3,0,0.6610404901613528
cc010b72,5,3,0,0.11898740876739022
cc16d472,5,3,2,0.9094605745280245
cc25e136,5,3,2,1.1185224256602484
cc5143df,5,1,0,0.6221921661064095
cca40abb,5,2,0,0.20583049527356995
ccc9db97,5,1,1,1.315431727221068
ccd0fe74,5,2,2,0.6278785883716962
ccd3cb96,5,2,0,0.21350168721983181
ccdb4ae5,5,2,0,0.37262818001477793
cceddb57,5,2,0,0.7955680238602643
cd144127,5,1,0,0.4617545177425315
cd1fff5a,5,2,0,1.0589834492345385
cd36e51d,5,1,2,0.9873949758039923
cd39e576,5,2,0,0.501445526790652
cd68643b,5,2,0,0.12220549531254266
cd703872,5,1,0,1.0323217564735172
cd89d5f1,5,1,0,0.720028330586954
cd8ec8ac,5,2,0,0.546436879284226
cda90e9e,5,3,0,0.701328005345097
ce379a6a,5,2,1,0.6198096779352479
ce6eeadf,5,2,1,0.8251974418350205
cea73edd,5,1,0,0.3567771662518687
cedf96c5,5,1,0,0.3861578283431983
cefdb7fe,5,3,1,0.7224421697853767
cf0d6d38,5,2,0,0.24819269664380023
cf1b9d44,5,1,0,0.6854749942502874
cf2e4065,5,1,2,0.35181155649738916
cfbbdd3d,5,1,1,0.631559410238059
cfe4cf40,5,1,1,0.7066977419049346
cff4bcee,5,1,0,0.2612767914986041
d00b493e,5,3,0,0.6625632109192175
d0429481,5,1,3,1.2531869370315256
d08806a2,5,2,1,0.5659001815862483
d0ac4f1c,5,1,0,1.2039395224049527
d0ef0744,5,3,0,0.7588809352777545
d11428bd,5,1,0,0.7316487547482078
d1145910,5,3,1,1.0196363863403333
d19e1025,5,2,1,0.3517808265191411
d1a38988,5,2,0,0.2948164989782187
d1aa6625,5,2,0,0.33474889614590697
d1aafc4e,5,3,1,1.0014145308268176
d1ab95e5,5,3,0,0.4171814560462578
d22e7168,5,3,0,0.38854806638166395
d28f0d44,5,2,0,0.558025007964333
d2b84f45,5,3,1,0.8456362379665194
d2bcca68,5,1,0,0.5126412491975618
d2d9b474,5,3,0,0.7889987470176727
d2fcde50,5,2,0,0.32244345665867685
d3da09e8,5,1,1,1.1420954308748037
d3e45961,5,3,0,0.5854188809151795
d3eda827,5,2,0,0.08459025050053559
d42454d4,5,1,0,0.3424981839650586
d4337a28,5,3,0,0.25709896940053467
d445fb74,5,3,2,0.962139706404101
d45bae93,5,3,0,1.63712353362671
d476f528,5,1,2,0.7016556847496338
d4a81b97,5,3,0,0.730082469772146
d4b935f8,5,2,0,0.9889410222692991
d4bfc83f,5,3,1,0.06334520713812808
d4c2e9a1,5,1,0,0.26918361654240386
d4d2f272,5,2,1,0.7637551587591819
d4d9f7f9,5,2,0,0.3205386881978723
d4f3e585,5,2,2,0.9272373657609008
d506f4c7,5,3,1,0.8654393113121559
d50a8c3c,5,2,1,0.6887349983314655
d53ead5c,5,1,0,0.49143954564673314
d57380cf,5,3,2,0.9374316514112875
d57f6c9e,5,2,2,0.8447461255567101
d5874bad,5,1,1,0.7045630693500124
d5a8d9b0,5,3,2,1.1610929484204497
d5cebbfc,5,1,1,0.4429670639398914
d5fb07d2,5,1,1,0.8544829247061095
d5fde276,5,3,1,0.46333635242938614
d6007386,5,1,1,0.5739238945222036
d6251195,5,1,0,0.19983690191971337
d66aed49,5,2,0,0.2581149854632443
d6723b39,5,1,0,0.3471641620877267
d6776176,5,2,0,0.19147401613876797
d6add300,5,1,1,1.0065370010699168
d6c4d9eb,5,2,0,0.365844611641984
d6c6baa5,5,2,0,0.7245790050089584
d6cca65e,5,3,2,0.8008286023096814
d6e613bc,5,2,0,0.4845404288321281
d74e4d7c,5,3,1,1.00942354135427
d766a1c8,5,1,0,0.8773235758725855
d77ac332,5,3,2,1.0564641691873256
d78c55fb,5,1,2,0.6738526217828429
d78f437c,5,2,0,0.16982363227366842
d791703f,5,2,1,0.8936112561561336
d7c063b4,5,2,1,0.21814772401843568
d8037389,5,2,1,0.8300208297131298
d80b8bb6,5,2,1,1.011645092647884
d82e9b87,5,1,0,0.15998980514323335
d859115e,5,2,0,0.7305219048219551
d85a62b3,5,2,2,0.4912932667164712
d85b7c71,5,1,1,0.5145949077818387
d8a78157,5,3,1,0.9546595571107862
d8b066ad,5,1,2,0.5472990964493492
d980da40,5,3,0,0.09204100535497745
d98be7a1,5,1,0,0.23575804776987136
d9ae9a13,5,1,1,0.8311542893805242
d9c82502,5,2,2,0.2692381904832516
d9eb30bf,5,2,0,0.8024489799945187
d9f16cd2,5,1,0,0.3110141400537045
da0001de,5,3,1,0.22775594204729976
da09ed4b,5,2,0,1.124021346848167
da15064a,5,1,1,0.5617942134046179
da19c97e,5,2,0,0.20449915529793222
da5a8921,5,2,0,0.19785356140725513
da94e67d,5,1,2,0.961280184101929
daa9b0aa,5,1,0,0.20621002354376
dacc2f83,5,1,0,0.7528604396360059
daf3969c,5,2,2,1.0605298253395121
db175ab6,5,3,0,0.20189933669255494
db23fbe4,5,1,0,0.6750590534184898
db49ac7c,5,3,0,0.8409854745590717
db609511,5,1,0,0.09481584835890827
db746de0,5,1,0,0.6996420183039621
db9353fd,5,2,0,0.2988369411407513
db9eae59,5,1,0,0.8110062142350961
dbfa6d84,5,1,0,0.24689934161144617
dc168599,5,3,0,0.2908416547564656
dc33dcef,5,2,0,0.5440800025969498
dc4e9e2f,5,3,0,0.8307302764624066
dc52906a,5,2,1,0.3740324257391919
dc6870da,5,3,0,0.39991011890507694
dc81eac1,5,2,1,0.45096480699180763
dca065be,5,2,0,0.24747843092426636
dcd2586d,5,1,0,0.6496050980453059
dcfcd574,5,1,0,0.5291999161480891
dd02cfa1,5,3,1,0.47839943766429655
dd6679a9,5,3,1,1.1844215484596226
dd747bba,5,1,0,0.2819260585589014
dd9c9576,5,3,0,0.31430490819576745
dd9ce3c4,5,2,0,0.5682194225008423
ddd0cb12,5,1,0,0.3380625243334894
ddd9a88d,5,3,0,0.8564178283748205
dde82df7,5,3,0,0.011867944582684808
ddfddd87,5,3,2,1.0009399367704064
de3750cc,5,2,0,0.1408778326280538
de3ecca9,5,3,2,0.715503323488055
de6797db,5,2,0,0.2865525187563604
de742c5c,5,3,2,1.2918190386938888
de91310c,5,2,2,1.1480621992169961
de961552,5,2,1,0.2367668081771947
de9fe1e0,5,2,2,0.9909600271090446
dea0552b,5,2,1,0.8908174578883417
dec9056d,5,3,0,0.10348038531401005
dee8b1bd,5,1,2,0.7515320818203997
dee9eb9c,5,2,0,0.6159484059407085
df4a0fee,5,1,0,0.42492046315737353
df4ab9b1,5,1,1,0.8003931744502181
df4d2085,5,2,1,0.4654568913974686
df556fd2,5,1,3,1.0654530810090141
dfaa2a59,5,1,0,0.25348356460477434
e0283d3d,5,1,0,0.17253779343552228
e049dab1,5,2,0,0.6190258753626897
e0706ce2,5,3,1,0.4633918603402354
e072b994,5,3,0,-0.043769400943028614
e0736134,5,3,0,0.36217344902401744
e0767d64,5,1,2,0.8268298261806344
e07fa0b1,5,1,2,1.2114625146797933
e0869709,5,2,2,0.8945037524447457
e0c4e965,5,3,0,0.6236640259243553
e0db55b1,5,2,1,0.807362000121662
e0fb3838,5,2,0,0.09599498550711388
e11be9c1,5,3,0,0.684005154259096
e12c2944,5,2,2,0.766145548164059
e15fe97b,5,2,0,0.5976742531923024
e1958a83,5,3,0,-0.00028538931849675375
e199d438,5,2,1,0.7721873499002357
e1a4575f,5,1,0,0.4350096888445838
e1af39f8,5,2,1,0.5285043789856495
e1ccc3d1,5,1,0,0.25519738864772007
e1e02e28,5,3,0,0.23852858981134423
e1ea8dd7,5,2,0,0.6679274452039552
e22cf08a,5,2,0,0.276400582109502
e25f7b9a,5,3,1,0.13600571025288788
e28c0bfa,5,2,1,0.7536254310362736
e2cb8401,5,1,0,1.2177907887041344
e2d370a2,5,2,1,0.6847799067931212
e2fcc91e,5,2,0,0.407727490237871
e318ec9a,5,1,0,0.16301699766373134
e345b271,5,2,1,0.2506101551202015
e362108f,5,3,0,0.680680392960467
e37d000b,5,1,0,0.26865395314384644
e3a6f97f,5,1,1,0.9601826967995825
e3af914a,5,2,1,0.5451505438080768
e3bb3735,5,2,1,0.8032655761990725
e3bce7e1,5,3,0,0.9065614466840695
e3cec795,5,2,1,0.26512439478189453
e3f71f7a,5,1,0,0.9340507029426979
e40319d7,5,1,1,0.5613221757197816
e4614ec6,5,3,1,0.1821602809651776
e46417a7,5,3,0,0.013664795117523831
e47c1eb7,5,2,1,0.736111559883208
e4b47411,5,2,1,0.6613222853535871
e4c008b9,5,1,0,0.34494376909519847
e4d396d7,5,2,0,0.30142700271887213
e4d5bf2b,5,3,1,0.699979953656797
e4e58096,5,2,0,0.5517654202041572
e4ee6ff3,5,3,0,1.0492179237704982
e51193d1,5,2,2,0.28988013256964734
e515c971,5,1,1,0.6485311849212523
e5349ce2,5,3,0,0.1660936040140243
e537418f,5,3,1,0.9995209580455593
e56b2209,5,1,0,0.3408431114409941
e5b902bc,5,3,2,0.8453036760886898
e63000c5,5,2,0,0.1403507538229513
e63a0ea8,5,3,0,0.047562250677237294
e664dd71,5,3,1,0.04106939493040329
e683d2c9,5,1,1,0.7696471625519026
e715739b,5,1,1,0.5556397206960779
e71f347e,5,2,0,0.8653947813276529
e72af462,5,2,1,0.8274128441280493
e754411f,5,2,0,1.0037290167948854
e76ad778,5,3,2,1.0997689384411045
e7bbb32e,5,2,1,0.6660698661480108
e7db432d,5,3,0,1.2352311501653135
e7db9aef,5,2,2,0.7018934931041237
e7e43817,5,3,1,0.08975066062215414
e7ee0921,5,3,0,0.042935636612810524
e8313da5,5,1,1,0.1761828235424749
e86bb780,5,2,0,0.1319746769910159
e8ac21d2,5,1,2,0.7843738165876817
e8af663d,5,2,0,0.5582876732364171
e8b64419,5,1,0,0.782264641580479
e8d9d5ea,5,3,0,0.561939227170254
e8e82627,5,2,0,0.495084657774203
e90a63d0,5,1,0,0.4503798509739452
e934bf0a,5,3,1,0.5187755385932915
e93cce44,5,3,1,0.49199965519708044
e96763c1,5,3,1,0.811012668465684
e96da61f,5,2,0,0.2347489296293398
e9a6c514,5,1,0,0.3608214649966579
e9ca5586,5,3,0,0.23493386952906853
e9d94c4e,5,1,0,0.5497709030735789
ea38bd63,5,1,2,1.434896505283271
ea544af3,5,2,0,0.6679263611581925
ea7277b4,5,3,0,0.44384762899536456
ea7adcd6,5,2,0,0.8933430332045764
eac08386,5,3,0,0.2164384572874103
ead25f13,5,1,1,0.3471577930991543
ead871be,5,2,2,0.08323752213996322
eaedb188,5,1,0,0.5104836900067982
eb00abb3,5,2,1,0.18101663213900382
eb5c46b0,5,3,0,0.9406350441437656
eb749e46,5,1,2,0.898010948330711
eb891208,5,3,0,0.8731876288379044
eb90ee20,5,2,0,0.3508236632954118
ebd15fdc,5,3,1,0.7856588955270476
ebf2b0c9,5,1,0,0.5282899393228454
ebf30e46,5,3,0,0.7171911703807513
ec015bbb,5,1,0,0.199400485505289
ec0f4afa,5,1,0,0.42518225427795153
ec13a1b9,5,3,2,0.3975021651770154
ec220299,5,3,0,0.9161824219005006
ec619149,5,1,0,0.5387912155167233
ec65cd62,5,3,0,0.37351722705364443
ec6b57b4,5,2,0,0.726979231056772
ec850b10,5,3,0,1.1607791305839064
ec8f8f95,5,3,2,0.7133094736017914
ec9044f5,5,1,0,0.6454263431345114
ec9179b7,5,1,0,0.14579236487217834
ec9195be,5,3,0,0.31992732183229444
ecb1c038,5,1,1,0.4886628342380259
ecbdbe55,5,3,0,0.22233246279904306
ecd22509,5,3,2,1.2121276173600701
ed0b3906,5,2,2,0.9347862345285625
ed329c15,5,3,1,1.0874329214654752
ed61b01e,5,3,0,1.5073983770239392
edb86a64,5,2,1,0.5860971119063753
edb9d0f3,5,1,0,0.35877196041392034
edbf35f3,5,3,2,1.5776499829191737
edc44560,5,3,0,0.6917734001481136
edca760c,5,1,1,0.5001762549567479
edeec50d,5,2,0,0.28711099049489147
ee0fa75a,5,2,1,1.0084183902685377
ee21612e,5,1,2,0.8171104297375086
ee2bf575,5,2,2,0.8447429073363336
ee4e9eed,5,2,0,0.3004008672542854
ee654259,5,3,1,0.15816174606097194
ee67eb55,5,1,0,0.3482097482464537
ee7de96c,5,3,0,0.043063211641331645
eea74d46,5,2,1,0.21213458228650267
eec0d188,5,2,0,0.34533619830062284
eeedcd5e,5,3,1,0.7250130673627274
eeefa792,5,2,0,0.42491128104975484
eef79620,5,3,0,1.0260393125447642
ef1b858a,5,3,0,0.13790122365946683
ef4ae515,5,1,0,0.12722399458900363
ef58dd3c,5,3,0,0.9595736640723087
ef9617e7,5,1,2,0.5908940074143396
efa35d35,5,3,0,0.42129793729312737
efc2bc05,5,2,0,0.7941030646107234
efcef0d6,5,3,0,0.7644165342589002
efedde24,5,3,0,1.6354665180987256
f015a18c,5,1,0,1.072691539375379
f028534c,5,3,0,0.6274556347440061
f0356a48,5,2,0,0.37825895401772935
f043be76,5,1,0,0.6179343517791035
f08a5ac3,5,3,0,0.5414143855009783
f09b02cd,5,2,0,0.41933872515165516
f09e7b33,5,1,2,0.7406863885854371
f0d76b32,5,3,1,0.5882777400386725
f0ed5690,5,2,0,0.43068221226077985
f0f3e41f,5,2,0,0.771952950952576
f1049268,5,2,1,0.6619826388326957
f11e17c0,5,2,1,1.2645459728333317
f13cb65e,5,3,2,0.8476599704075195
f15dca1b,5,1,1,0.6735474005621428
f1a16e58,5,3,1,0.5799230949511003
f1baae47,5,1,1,0.6795716170379796
f1bd0f59,5,2,0,0.6286401134368
f1c3cb6b,5,2,1,0.8270617591784833
f1ed2e85,5,2,0,0.3144764909604443
f1ee75bf,5,1,1,0.3913493751676258
f220a837,5,2,1,1.091646172453854
f2260009,5,2,0,0.3415910898137517
f2649b91,5,2,1,0.759813315438525
f285b43c,5,3,1,1.212894666106307
f29d4094,5,1,1,1.0902024940444845
f2d4efd8,5,1,2,0.9822866692416323
f301e7a9,5,1,0,0.35301738913477443
f3020788,5,2,2,1.0637195478142132
f32a9580,5,3,0,0.3197116696379592
f35b607c,5,2,0,0.47766539116625295
f3600deb,5,2,1,0.4310787509359669
f3a1dd3b,5,2,1,0.6124645726317359
f3aac45a,5,3,1,1.068180606789322
f3d22832,5,1,0,0.5416794785274506
f3fbe6c9,5,1,0,0.7249131767264946
f420b05a,5,3,0,0.11667481071243974
f47a67cc,5,3,0,0.014123371082271685
f47abc42,5,2,0,0.36564780789097523
f4d2f5af,5,1,2,0.6707710199776193
f4ece6b5,5,1,0,0.2444173054622315
f52a2597,5,2,0,0.6390321687789748
f5369cea,5,1,0,0.1421037112010946
f54eebeb,5,3,1,1.3031387105287535
f566e5cc,5,2,1,0.9338815684071478
f567a1af,5,2,0,0.20809184063152053
f57de847,5,1,0,0.7812332306776846
f584742f,5,3,1,1.4163421813363233
f5ad7abc,5,2,0,0.26648220704649905
f5b2acf0,5,3,1,0.4461549878196319
f5d4c82e,5,1,1,0.8518794177783451
f5e64c94,5,3,1,0.5454718085365554
f6284dcb,5,2,0,0.395357438375878
f62b317d,5,1,0,0.8746323293779916
f64ae747,5,3,2,0.9470510660052902
f64f877b,5,3,0,0.24675240187160086
f68f158d,5,2,0,0.6684658427600854
f6c0e2b7,5,3,1,1.1379562682743303
f6c20447,5,2,0,0.2063602562302308
f6cc80a9,5,2,0,1.1089146033665829
f6d3a5ad,5,2,0,0.4586074213651371
f6d879aa,5,1,1,0.8462333366113142
f74c45c1,5,1,1,0.8121089037146004
f74eda33,5,2,2,0.80625985437658
f75c957f,5,1,0,0.12020907387690005
f7b1374e,5,1,1,0.9666201880931526
f804c9f3,5,1,1,0.7755856213283744
f81598bf,5,1,1,0.7492490939744276
f817f33a,5,1,0,0.15651143476078105
f848f42b,5,1,1,0.39924338871743226
f8674e15,5,2,1,0.6301732618913741
f869d220,5,1,1,1.331907711027975
f8b08332,5,2,0,0.3631721447406514
f8b36382,5,1,1,0.4523361750635331
f8bf4a1c,5,1,0,0.950839217156451
f8d293a0,5,2,0,0.22398687449118576
f8e3467e,5,2,1,0.4450002639933103
f8ff0bc8,5,1,0,1.0008593307909288
f922ae21,5,3,0,0.48388187774716285
f93010a8,5,1,0,0.5555299475976578
f9334e08,5,3,1,0.01794355668198644
f9384fa2,5,2,1,0.8390692849417445
f958efdc,5,3,0,0.7564277479487185
f9897bf1,5,1,1,0.19428611110566885
fa293db8,5,1,0,0.410307805068175
fa29ab47,5,1,0,0.1831545581839742
fa34f945,5,2,1,1.011947661520822
fa3e1e21,5,3,0,0.2540572251048149
fa472647,5,1,1,0.6969679849615462
fa4f0329,5,3,0,0.42305252295340046
fa62d7b1,5,2,0,0.5808198279128507
fa78d819,5,2,2,1.1327722073718518
fa9a0add,5,2,0,0.11281742416221519
fab75c2c,5,1,0,0.25839312034232303
fad07fce,5,1,0,0.5986547025936896
fb22e454,5,3,0,0.791729755688221
fb2c4db6,5,3,0,-0.037870843182996716
fb2ddbd1,5,1,2,0.4436807012246251
fb3c2c87,5,1,0,0.37734785661527004
fb9982a2,5,3,0,0.1084025223889532
fb9b060f,5,1,2,1.1804943724026642
fb9c5a33,5,1,0,0.4582935620701926
fbb39bfe,5,1,2,0.7629896127864177
fbbd97b1,5,3,0,0.5117577175821886
fbc6ade7,5,2,1,0.12316425385805407
fbda3966,5,2,1,0.5971454666511695
fc1912e3,5,2,1,0.8173182667013696
fc2c2c08,5,1,0,0.4526352560038518
fc41be2f,5,3,0,0.06852838604795808
fc49ba65,5,2,0,0.18809662184714154
fc8e4de4,5,1,0,0.5212043933001286
fcc6347f,5,3,0,0.17557816843466068
fcd9a6bb,5,1,0,0.19196186519332803
fd028ecc,5,3,0,0.3234123636938677
fd0d9bca,5,2,0,0.18624963292484792
fd3448d9,5,3,2,0.49501813539091716
fd5589f6,5,2,0,0.3013602647456463
fdb6b48b,5,2,0,0.5329321928271136
fdc11b96,5,2,0,0.9457713208477436
fdd9799f,5,3,1,1.1646363368786323
fdf4691f,5,1,0,0.6520136503416938
fe102a25,5,1,1,0.43550455186545145
fe2bc235,5,3,2,0.5933711861850709
fe3cbf02,5,3,0,0.14785401962099087
fe6afaf9,5,1,0,0.5203437759026643
fe9c71d8,5,3,0,0.2391169162407532
feb53635,5,3,2,1.6515800241307572
fecc07d6,5,2,0,0.1403863376070184
fee07f32,5,2,0,0.2831540331019556
fefaffe0,5,2,0,0.6474513548851599
ff18b749,5,1,0,0.35423833138315797
ff60112d,5,1,1,1.325389103299524
ff759544,5,1,1,0.1701774218946821
ff8a2de4,5,2,1,0.7844794169249537
ffed1dd5,5,3,0,0.8337088969483003
