id,outer_fold,inner_fold,y_true,catboost_prediction
00008ff9,1,2,2,0.5099206527889899
000fd460,1,2,0,0.34822922588546856
001f3379,1,3,1,0.636144342551582
0038ba98,1,2,0,0.7323281254108736
00abe655,1,2,0,0.5502347413436972
00c0cd71,1,2,2,0.47101492509155596
00d56d4b,1,1,0,0.06925255288665477
00e6167c,1,2,0,0.5456306218017368
00f332d1,1,3,1,0.9675199947781858
01182ce3,1,2,2,1.222382163119609
011e71c3,1,2,0,0.881550624646577
012cadd8,1,1,0,0.3604244842054286
012e3869,1,1,0,0.08550874153869281
014c303e,1,2,0,0.3218704598650692
015ba5b1,1,3,2,1.0719526319172894
01cae1ef,1,2,0,0.6855409721493593
02073150,1,2,0,0.1961896147391159
02648a1c,1,2,0,0.6228304821775331
026fcbc3,1,1,0,0.7081791307297152
029a19c9,1,3,1,0.9304248391380514
02a01f18,1,3,0,0.24681480791787863
02c4cf7f,1,1,1,0.45733203914687043
02cebf33,1,1,1,1.1263617502791274
02cf7384,1,3,0,0.8055548915498858
02dcf62a,1,2,0,0.41259073886735853
02e56a7c,1,2,0,0.45719717910152036
0347462d,1,2,1,1.0361628115580295
034f923b,1,2,0,0.9365833997541204
0357a10e,1,1,1,0.3161094176480708
0380e709,1,3,2,0.6403709162724213
0391e587,1,3,2,0.5776926733182444
03a9019b,1,3,1,0.5037904122032463
03f1c1c8,1,3,2,0.827104587719018
0417c91e,1,1,0,0.022796296787086168
04370442,1,3,2,0.25461884012302577
045a0a94,1,1,2,1.1556495076608169
0471236c,1,3,0,0.09181295032505776
04ad419d,1,2,0,0.4228735223902088
04af8fdd,1,2,0,0.49869866778166017
04afb6f9,1,1,2,0.7529068167580607
04b3cc70,1,2,0,0.453232766867839
04bb1a76,1,3,2,0.7133995489541411
04cb2c30,1,3,1,0.44510215991949864
04d06a9c,1,1,1,0.4930145449812658
04dc7df1,1,3,1,0.388227923714465
052a1122,1,3,1,0.33846825492279753
053d7d31,1,1,0,0.5728151907748114
05777ce1,1,1,2,1.248263471338289
058990e9,1,3,1,0.7994204021602548
058d2812,1,3,2,0.9953190410517208
0598f669,1,1,0,0.5685624950322834
059eed01,1,3,0,0.12081022528165791
05bbed1b,1,3,0,0.09850879353033415
05d3d73a,1,3,0,0.2501890492961222
05db1b9b,1,1,0,0.4454708543631525
05e67680,1,2,0,0.5802856618809373
0610c066,1,1,0,0.1474695268031374
061f2866,1,2,2,1.1031415403398057
063353cc,1,2,0,0.973902724117435
063b16fc,1,2,1,0.8860539746242788
06472198,1,1,0,0.11636886027018845
064e8da5,1,2,0,0.09967373869124374
065801e3,1,2,0,0.7329115161212485
066343d4,1,1,0,0.3894378529076072
0668373f,1,2,2,0.445259313825402
0676ead5,1,3,0,0.41051873848312503
067b9287,1,3,1,0.4251099660441816
067de065,1,2,0,0.15951542608628577
06c8b2fb,1,3,0,0.060660457769100784
06eb8adb,1,2,0,0.17517951859649683
06ec8be3,1,1,1,0.4135869320561692
070386b2,1,3,0,0.5945226329690928
07048067,1,1,1,0.6722164951792222
0720320e,1,1,0,0.6333223447941078
0745c390,1,2,1,0.5459281223934039
077ac7a2,1,2,1,0.2715121403289249
07d879cf,1,3,1,0.717283722050077
08159c5e,1,1,0,0.771305401538598
082df556,1,2,0,0.8281973224903516
0844aee7,1,3,1,0.20035057377828303
08577722,1,1,0,0.23318058836523586
08660d12,1,3,2,0.9943323190427762
086d6e7f,1,3,0,0.1485039482262142
0884aca8,1,1,0,0.5743764721167913
089a6b19,1,3,0,1.076286776793931
08fa44ad,1,1,1,0.3614756426421598
09039272,1,1,0,0.457069241696566
092494ec,1,1,1,1.2631874526109381
0924b815,1,2,1,0.1370948991021117
09331bb8,1,3,2,0.9644631901775542
096bf063,1,1,2,0.7160929766076319
098d3c32,1,2,0,0.4025883824038148
09d80057,1,3,1,0.28301072587735704
09eeaba6,1,1,0,0.08434860940574485
09eeec14,1,1,2,0.4708906385906998
09f44fd2,1,1,0,0.24307510702624607
0a1afc11,1,3,0,0.23279777762300363
0a431608,1,1,0,1.1742192832530698
0a4b1425,1,1,0,0.1514352490849742
0a540797,1,1,0,0.3733252048173119
0a5f1214,1,2,0,0.4561608101527185
0a775819,1,2,2,1.3133260273999703
0a822c93,1,2,1,0.928241683401999
0a9159f8,1,1,0,0.5853132302271291
0a995f99,1,3,0,0.29779399006688956
0aa90ce7,1,3,0,0.5421895174109249
0aaf08ec,1,3,1,0.6853759636794251
0ac521c8,1,1,3,0.9190039970961053
0acac70c,1,1,1,0.9648916938440563
0adf511d,1,3,1,0.4690528283031884
0af81037,1,1,0,0.6207429245136407
0afb2535,1,2,0,0.6153163674206045
0b4014f0,1,1,0,0.7478910427011225
0b4f597e,1,1,0,0.19243091783259247
0b50f3fa,1,2,1,0.5824568929600519
0b6b07f6,1,1,0,0.29341733476419507
0b7c6100,1,3,0,0.6106817647997923
0b7d7aec,1,3,0,0.9689549635582235
0b7d9da6,1,2,0,0.3167163169060604
0ba53e53,1,2,2,0.21627355352800903
0bd89878,1,3,0,0.19893178099816444
0bdace00,1,3,0,0.4410934452766956
0bfe4fc9,1,3,1,0.7174923206214289
0c0a1576,1,3,0,0.10843833718543844
0c3d248f,1,1,0,0.2126184736779247
0c3d88cb,1,2,0,0.21810240380467866
0c794cf7,1,1,0,0.1835900801888376
0c83af0f,1,2,2,0.6595182961360694
0c98f822,1,3,1,1.0619185819051404
0cbe4e54,1,2,0,0.785419809248213
0cccc6bc,1,1,0,0.4110788561026212
0d01bbf2,1,3,0,0.332813264203663
0d279d77,1,3,0,0.5471548313501071
0d394928,1,2,0,0.4154126945903468
0d4800c8,1,3,1,0.9487629459200448
0d570d3e,1,3,2,0.6324836715187868
0d924604,1,3,0,0.26413833218055593
0ddab8ff,1,2,0,0.2662042730907131
0de01ae7,1,3,1,0.9497844065681699
0df4c27d,1,3,0,0.9543176367432799
0e3b0bd2,1,3,0,0.11751061668970358
0e951124,1,3,3,1.0949754934004
0e9c1be6,1,1,1,0.40663509218323424
0ec403df,1,3,2,0.9188326695570452
0ed2a3c8,1,2,1,0.22644950306383083
0eddd8e5,1,2,0,0.5734318330653614
0f4db4f2,1,3,0,0.7111219038436033
0f6b71c4,1,3,0,0.3090565770585001
0f7f3bf3,1,1,1,0.7576449265903556
0f9b8e65,1,2,1,0.7339219815138062
0fbb3ca5,1,3,1,1.07853098850702
0fc19fd9,1,1,0,0.15075887176281078
101774f0,1,1,0,0.026482219673652496
101c27f1,1,2,0,0.49016391632479805
10258585,1,1,1,0.18103119473332874
105e3f96,1,1,0,0.6738252127479591
10ad8c48,1,1,2,1.21760809131146
10be7f09,1,1,0,0.2752242566003027
10c0e99a,1,3,0,0.21122627602900912
10e46254,1,1,0,0.3134892950351858
113f5798,1,2,2,0.893779719827837
11477ed0,1,2,0,0.802451704213881
115d3db4,1,2,1,0.3699245174819118
11739de2,1,3,0,0.7226446865179507
1184a14a,1,2,0,0.2731715943207665
118b7733,1,1,1,0.4663935258916878
119d7562,1,2,1,1.079428037344842
119dd2e1,1,2,1,0.34133431711240914
119e181e,1,1,0,0.004188124926926329
11be5d2e,1,2,1,0.8264353158427393
11d1a5ac,1,1,0,0.589181126755933
11f7253c,1,1,3,1.0774693333493721
11f9b26c,1,3,0,0.09175263097501174
1225fd28,1,3,1,0.7476824435197543
12380b06,1,2,0,0.7813860984728024
1286dab7,1,1,0,0.28960636413276425
12a607f6,1,1,1,0.35481524019593524
12cbf30c,1,2,0,0.6940108466240431
12cfb064,1,2,0,0.16556637604644425
12f37ff2,1,2,1,0.21478824476222863
1301f65d,1,1,0,0.3281687669758208
1307c41a,1,3,0,0.22720997385543373
1314bc8c,1,1,0,0.9156701108413952
136894bc,1,2,0,1.0266391878354044
137baaec,1,2,2,0.6613472335429205
137fc699,1,3,1,0.3385358612484841
13a5e288,1,1,0,0.31287362159224874
13be5672,1,2,0,0.2744416342670798
13d2c419,1,1,0,0.1535847961099585
13eee030,1,1,1,0.6463719327641336
13fca10c,1,2,1,0.7773219681168911
14109652,1,2,2,0.9913770242219653
14391970,1,3,0,0.23601943899504457
1455e657,1,3,0,0.1398417765015158
1458a9d2,1,2,0,0.42549608959807916
1470a1df,1,2,1,0.5760346728394969
147c4374,1,1,0,0.07826033775769392
14a6e58e,1,2,0,0.48686173417357004
14b3d6e5,1,1,0,0.06908700411829016
14b999b6,1,1,0,0.6501497370201411
14c12974,1,1,0,0.17312957440631593
14dae995,1,1,0,0.6237626724840337
14e00ce0,1,1,0,0.2236029271207008
1522fee1,1,2,2,0.9467900188215335
154d1191,1,1,1,0.08770243873075678
1551c806,1,3,1,0.9614688155228854
1562998a,1,2,0,0.8560056873416082
157b271f,1,2,3,1.1011870231786782
15a2364d,1,2,1,0.7946995589083838
15d702f8,1,1,0,0.3446234818031928
15f217a6,1,2,1,0.6253713916837998
1606f203,1,2,0,0.543758552611219
1649ce22,1,1,0,0.3470200586787434
164b29ed,1,3,0,0.24944980644659842
164edc75,1,1,2,0.87468432939282
16bf9efe,1,2,0,0.7344996769741599
16deb306,1,3,0,0.3110538231318051
16e277aa,1,3,0,0.7145242331769271
1704e646,1,1,1,1.0285866483905164
176f33fb,1,3,0,0.3051448866619498
17c1ae23,1,3,1,0.3666449122498968
17e9cba0,1,1,2,0.9598209774042135
1824417f,1,1,3,1.3102735036173683
18400e8e,1,1,1,0.8194724481274028
1843760e,1,2,1,0.7582004897283755
18506cf3,1,1,0,0.5858943899453519
1894884e,1,2,0,0.2125197102315446
18962676,1,2,0,0.20248361694074862
18ab47f8,1,1,0,0.17455984130288182
18b79e9b,1,3,2,0.27846814048207713
18b8b2f6,1,1,1,0.3351487400151159
18e21bf1,1,3,0,0.20899954748302652
18f6e6db,1,1,0,0.314669661843446
18fdbccc,1,2,0,0.31942791150839506
18feab0f,1,2,0,0.8343070436293527
19098ef0,1,1,0,0.7171958417038538
1911731d,1,1,0,0.037012934482893334
1943fb23,1,3,0,0.21071582269591016
19455336,1,3,1,0.6990978557118879
198e50c9,1,2,0,1.1919663611029383
19b095d5,1,2,0,0.33724246763897436
19cc95e8,1,2,0,0.33166747542584596
1a1e8ac5,1,3,0,0.17109116111360306
1a23d282,1,2,1,0.7269000714626104
1a2412b3,1,1,0,0.7064928638714711
1a803bfe,1,3,0,0.33542993123499754
1aae1de3,1,1,0,0.9579654048307755
1afa48fe,1,2,0,0.37022055036237317
1aff6762,1,3,2,1.1257121398118606
1b258140,1,2,0,0.08102484476489608
1b2cd439,1,2,0,0.5877367097037333
1b2eea8f,1,3,2,1.0297797036985878
1b32427b,1,1,0,0.7045378874906074
1b410106,1,3,0,0.22867502984650145
1b49c870,1,3,0,0.36563889543103356
1b5b34bc,1,3,1,0.5565759569730241
1b6fb363,1,3,1,0.6368068414874068
1b73fce0,1,1,0,0.22121885004803354
1bc6a98c,1,2,0,0.16520813819615998
1c063ebc,1,3,0,0.07500845063172834
1c23295e,1,3,0,0.5568049202929922
1c481537,1,2,3,1.0513957622055514
1c5ba087,1,3,1,0.8872436119938221
1c66daf4,1,2,0,0.8037575604626825
1c673231,1,2,2,0.6499720018623336
1c6ac3d4,1,3,0,0.3360792516536123
1ccf44f0,1,1,0,0.342096671251059
1cd37b36,1,1,1,0.8699030306802804
1cf6dcef,1,1,1,0.2969600632732362
1d02812a,1,3,0,0.952102338624209
1d041232,1,1,0,0.660085607219128
1d11d488,1,2,0,1.3032855390253584
1d78b3c3,1,3,0,0.5105793912825946
1da37c60,1,1,2,0.6333437178086365
1dd90b53,1,1,2,0.7865129582017193
1de3c240,1,3,0,0.21707614021624994
1dfd6433,1,1,1,0.6548494716803032
1e08b1dc,1,2,1,0.9037795423312158
1e2a1bd0,1,3,0,0.2664107294185467
1e5f6199,1,1,0,0.23783637039165173
1e87baed,1,2,0,0.620853213501155
1e986f93,1,2,0,0.09587180490319946
1eda934b,1,2,0,0.827455008552474
1eea8df2,1,1,2,1.2622982126249536
1eedf45e,1,2,1,0.6413952915862949
1f2164a4,1,3,1,0.10696395483324389
1f400626,1,3,0,1.018367723920676
1f5835cd,1,3,0,0.08234645886096159
1f65fa82,1,3,1,1.1668424765414245
1f7bd44c,1,1,0,0.16960199662104097
1f7ec039,1,2,1,0.8148272580882128
1f881e3d,1,1,0,1.0146029970245833
1fc07a80,1,1,0,0.44980413053726237
1feb42f2,1,3,2,0.5806186586309393
1ffede3b,1,1,0,0.7050038905380398
206c8562,1,3,1,0.42018062668530687
2084c823,1,1,0,0.9166386300643549
20cefbaf,1,3,0,0.42590000885241663
20d7ecfd,1,2,1,0.6731215953598216
20df4cab,1,1,0,0.1595044189104638
20e8ca68,1,2,0,0.5033876780443058
2114473a,1,2,0,0.39356357829235145
215ca39b,1,2,1,0.5730602971157607
218faf6f,1,3,0,0.25706831787411977
21a76448,1,3,1,0.8081829479885436
21b835ac,1,3,0,0.16107820532781125
21c62163,1,1,1,0.36278943368666905
21e5833c,1,3,0,0.5572023050523568
21f58fba,1,3,0,0.28616513453134346
221e37e0,1,3,0,0.21319490892287518
223724b2,1,1,0,0.6085736258134116
22375702,1,3,1,1.4805681612365529
22389051,1,3,1,0.3293347523558014
22447a95,1,3,0,1.2934535014107356
22536a61,1,1,0,0.8657159442299287
22a71606,1,3,0,0.09203189988332999
22b4191a,1,1,1,0.8621194550833737
22c72c4e,1,1,2,0.6424780968041885
22e44415,1,2,0,0.43613339258405615
22f43a12,1,3,0,0.4032577856861542
231f6db4,1,1,1,0.29414574214056866
233b9425,1,3,0,0.28109406387773034
2340e84a,1,2,0,0.5784316067352037
23418fa2,1,1,0,0.15626883633598
23567787,1,1,1,0.6164899282250081
236ecde8,1,3,0,0.2274570604943404
23d1a58d,1,1,0,0.9181132577835883
23d71e37,1,1,0,0.5854111737922238
23dafdab,1,3,0,0.2883057198548921
23e024bd,1,2,0,0.6975283895007145
24398aed,1,2,0,0.22298548477153812
24591f4d,1,2,0,0.2709323263667012
247172f9,1,1,0,0.5486524138123651
2496c491,1,1,0,1.1720515760251715
249b6d68,1,1,0,0.8545006984978452
249d2266,1,1,0,0.17367152996425228
24a3b16d,1,3,1,0.8904023965611102
24ab10c6,1,1,1,0.1057467562753946
24b4bc6d,1,2,1,0.4138694602449405
24b75658,1,3,0,0.21732972347207502
24dac645,1,2,0,0.439408750562346
252ebc5b,1,3,2,0.6036099771734923
253f5cb1,1,3,1,1.4727974728906514
2586774b,1,1,0,0.5098024979458653
25a3a723,1,3,0,0.6646480747160415
25e752c8,1,1,0,0.15371169602326584
25eba023,1,2,0,0.13984981541061736
260f542b,1,3,0,0.20851017377229242
26190ddd,1,2,0,0.43272160965112416
262cff6d,1,3,1,1.4580407674131401
26891dbd,1,2,0,0.7976307855148315
269d9918,1,3,1,0.5904696322730756
26a4b61b,1,1,1,0.5984071476083503
26aeacdf,1,3,0,0.16128089796541262
26d31613,1,3,1,0.9606965231759119
26f0e055,1,3,1,0.22665605265784194
273c8ebd,1,3,0,0.09190214524360957
2760be91,1,3,2,0.5210175172686367
277f5b32,1,3,2,0.9470870920217684
279d0ec4,1,2,0,0.7066854587630458
27cd2a6c,1,3,2,0.801253033064077
27d363de,1,2,1,0.7682847709213905
27d7e5e4,1,1,0,0.16894975603278173
27e0ca6b,1,3,0,0.4265587450536312
281174c9,1,3,0,0.5212268386600499
2812951b,1,1,0,0.4315867730532208
2840643b,1,1,1,0.2188998990648307
287390e6,1,2,2,0.9408164881678456
287f1349,1,1,0,0.8014065210943989
28b91cf3,1,2,0,0.16434728794433723
28ba92e9,1,3,0,0.39722805310560316
28e8b2b2,1,3,0,0.3979521348799721
28e973b1,1,3,0,0.5588636113783195
28f7e6ff,1,2,2,0.6281058933915533
28f99ddb,1,1,0,0.5616690089216336
2911ef94,1,3,2,1.0485373439865018
29a1d334,1,1,0,0.4789867671020218
29c54890,1,1,0,0.7078732992954719
29e4911b,1,2,0,0.09581651993189855
2a3fcf9a,1,1,0,0.1207963815276959
2a64085d,1,1,0,0.22797959982316335
2a6a6b92,1,3,0,0.7507213722722372
2a7b5b79,1,1,1,0.4157402878525821
2a81925b,1,1,1,0.4172002811157721
2a85889c,1,2,1,0.6160103167212446
2a88cbe9,1,3,0,0.4798309005987379
2a922ca4,1,1,0,0.19328066751231265
2a9e0dee,1,3,0,0.550911473272365
2aa15e6b,1,2,1,0.21944386320173376
2aab37ac,1,2,0,0.4433689138933046
2ac0bd9f,1,2,1,0.8708068087036461
2af3c8d8,1,3,1,1.310634153806343
2afea280,1,1,1,0.8687221073800429
2b34dcf3,1,1,0,0.32959681069316366
2b574ef7,1,3,0,0.1750821604376664
2bac0893,1,1,0,0.8691118186180384
2bad0db7,1,2,0,0.7797864430453701
2bbcfd43,1,1,0,0.30639451792654226
2beaaf7a,1,1,1,0.6507065886327994
2bfc9187,1,1,0,0.6501790422033309
2c2dc20d,1,2,2,0.45508425989544266
2c406043,1,2,0,0.10423022301935653
2c483245,1,1,0,0.7484320575595514
2c512f2f,1,2,1,0.5840042970002193
2c54d6c5,1,1,0,0.6148469657443978
2c9a90e9,1,1,1,1.2662175638472282
2ca2206f,1,3,1,0.9563778751736016
2ca9811d,1,3,1,1.096894467739669
2cb0db2c,1,1,0,0.17578625586912755
2cd9b5a3,1,2,1,0.7876529238087547
2cda86bd,1,3,2,1.3551059021475518
2d043af7,1,2,0,0.7395451817051847
2d286c59,1,3,0,0.6556180960147849
2d5365c6,1,3,2,0.6342874548847066
2da6bf6e,1,2,0,0.15471235999294802
2dbdfe11,1,1,2,0.552143940319303
2e17c497,1,1,1,0.33485521838390286
2e293d08,1,2,0,0.29613721621475897
2e42573e,1,2,0,0.25597253309723506
2e5f5207,1,1,1,0.6641389903637448
2ebdadbc,1,1,0,0.4468637348814148
2ee0a1e8,1,1,1,1.02109547550933
2f0f2949,1,3,0,1.121020220907878
2f12de00,1,2,1,0.6163338992232252
2f154763,1,1,0,0.16510555551259204
2f16cad4,1,3,0,1.022152340697052
2f6b484c,1,1,0,0.21124435414067994
2f72f441,1,1,0,0.062162741165176616
2f8ec752,1,1,0,0.6230837057976126
2f91f3c1,1,1,0,0.7881771766862607
2fba6cf4,1,1,0,0.3540895428739276
2fc568f6,1,1,1,0.8946376271573799
2ff729d3,1,2,0,0.8506636971570868
3055881a,1,2,0,0.8340342600848509
3065aa2f,1,2,0,0.6982461297125502
307c91ee,1,3,0,0.2421474660923177
3093d29f,1,2,1,0.6620438167715245
30ac8a84,1,3,2,0.5418536878601052
30b3f203,1,3,2,1.05751515514108
30ba4252,1,2,0,0.33385966627345176
30d2fd47,1,2,0,0.20386480021587106
3133a6c9,1,2,1,0.5632301699169426
3134b69f,1,2,1,0.7516263674696885
3146f878,1,3,0,0.3525080971605805
3155ed01,1,1,0,0.7436758240399215
3162c492,1,2,1,0.3921554564959096
31648caa,1,1,0,0.03156825955295006
31b74cd4,1,3,1,0.4779980533664425
31d61741,1,1,1,0.4855418379187766
31d7a136,1,2,0,0.19399699584995
31f01671,1,2,0,0.22185906876614309
321202d4,1,2,1,0.623270268165106
323ea319,1,3,0,0.5155024741521743
325afd3d,1,3,0,0.7330684779899197
3268c574,1,1,1,0.8629830074380327
326c23c2,1,2,0,0.4854301828657209
327736cd,1,1,0,0.09614587086124121
327ef356,1,2,1,0.6178912114398545
329a9c25,1,3,2,1.0383469861649777
32a9dac0,1,3,2,0.6855551548120249
32b8490d,1,2,0,0.549866609792323
32d0ebca,1,2,0,0.75960694284182
32dcc8ab,1,2,0,0.4115176234547814
32e18ccc,1,3,2,1.1717675942813912
3302713b,1,1,0,0.7481814937237461
3305a981,1,1,2,1.0495798593098868
331733c7,1,2,1,0.7972653234549338
333be478,1,2,1,0.515197249875126
338146bd,1,3,0,0.5752127481997511
3399795b,1,2,1,0.5223186426272174
33d60f7d,1,3,2,0.41754565734115023
33e34de8,1,1,1,1.012456288418132
33fe1b04,1,3,0,0.7353297053918034
342d43c7,1,1,1,0.9014782075717441
342edae9,1,3,1,0.27366345888419336
343460ab,1,3,3,1.4908454668090902
34362a9a,1,1,1,0.3087671670275871
3441fd41,1,1,1,1.0079431079989618
3466c72a,1,3,1,0.6531392801307357
347095fe,1,1,2,1.3794850209584317
34c30fad,1,2,2,0.9940803387168604
350cf38b,1,3,0,0.22948557573480322
350dbeba,1,2,0,0.6906871165220186
35198c2d,1,1,2,0.9842352078943124
351cd4ec,1,3,1,0.5884193510619662
35265670,1,1,1,0.36099034904925487
356ab908,1,3,1,0.8945678750668754
35d2aa41,1,3,0,1.2735470947988428
35daea65,1,1,0,0.0699948976652599
36146fe1,1,1,0,0.9050305480628478
36473697,1,3,1,0.7394675342413162
36530d36,1,3,0,0.4006435395662383
3655395c,1,3,0,0.40955971877385694
36958957,1,2,2,0.8380421470242694
36c060b9,1,2,2,1.4006734664294118
36c1f189,1,2,0,0.26468635872467094
36e77bf0,1,1,1,0.502041996609041
370b47c4,1,3,0,0.9475082334753182
3714afd7,1,1,0,0.4501787522754138
372a7950,1,1,1,0.6992483282710039
376e617f,1,3,2,0.8664455100709232
37995242,1,2,0,0.0940427336866197
37ae1239,1,1,1,0.37832223805052567
37bcfa7e,1,3,0,0.8798882636319738
380029ef,1,1,0,0.31561928821582647
3820a945,1,3,0,1.165520286737776
38390669,1,2,0,0.26052653871618386
385819e6,1,3,1,0.21214001535061705
3875d4de,1,2,0,0.9289280928275774
38cccd6d,1,1,2,0.9141114903197032
38d53b92,1,2,0,0.4262447927029088
3901e707,1,1,0,0.21988950237212707
3918d854,1,2,0,0.12351573373084401
394684ae,1,1,0,0.7701359229451085
397efe7a,1,2,0,0.34772913927191945
3983d3cd,1,3,0,0.5541071372243108
3999e449,1,1,0,0.8625040289471422
39c20e2a,1,3,0,0.8526509988715469
39cc2836,1,3,0,0.3344041674188723
39d626f4,1,1,0,0.611737708127547
39dd3538,1,1,0,0.08639667496116465
3a33d579,1,3,1,0.5185196204882919
3a594acf,1,3,1,0.743093074994935
3a9d7bd6,1,3,0,0.2277855258202801
3ab0b1ff,1,1,1,1.0192037782613286
3ab539f0,1,1,0,0.17232604470567775
3acb5be3,1,1,0,0.245291179082402
3b047021,1,1,0,0.17896411458831335
3b091b83,1,3,0,0.3973070039693234
3b112284,1,1,0,0.10188292461782156
3b1b9538,1,3,1,0.8522281881177571
3ba48ca7,1,3,0,0.5354628236469084
3bbf88cd,1,1,2,0.7657115748322084
3c0aba64,1,2,0,0.78825972446857
3c2cf08e,1,2,0,0.2512613416425103
3c620257,1,1,0,0.2532637189419705
3c7a7f32,1,1,0,1.0489858589876127
3c8f474a,1,3,0,0.30178606879434766
3cc9cfa6,1,3,0,0.23693453729820296
3cfeca85,1,2,0,0.18866542248414148
3d20d9a7,1,3,0,0.7133522394547829
3d2c0bc5,1,2,1,0.8289736639615797
3d36fe8b,1,1,0,0.9326101703389229
3d3b87db,1,2,1,0.7262433323940181
3d3fb503,1,1,0,0.2870386796310192
3d5ad997,1,2,0,0.5960581824714042
3d6143f3,1,1,0,0.14626942268910992
3d8531f5,1,3,0,0.40283327627001075
3d970ce4,1,2,1,0.6524147711198303
3dcbc164,1,2,1,1.19022831553252
3de6a21c,1,1,0,0.1887543493189136
3e377cb7,1,1,0,0.5488427213482129
3e398bf9,1,1,2,1.070001613602901
3e3c242c,1,2,0,0.21780046370569117
3e5d5b58,1,2,1,0.16403785614880606
3e7ee995,1,2,1,1.2079641539247923
3e9fd8d6,1,2,2,1.1260350734129183
3eb48980,1,2,1,0.4818549610195382
3ebfbb4c,1,3,1,0.156082819677494
3f1cf5ba,1,3,1,0.5156943365511214
3f1f23e7,1,2,2,0.6276783950886489
3f2141da,1,1,0,0.467818864818082
3f3d3809,1,2,0,0.27848300219509226
3f51a21d,1,3,2,0.49220619412530475
3fcef947,1,1,0,0.48746202252773335
3fe59141,1,3,0,0.8731846277655544
40087bc5,1,1,2,1.1472455184930346
40898508,1,2,0,0.886439174710318
408bed19,1,3,0,0.4789190774850789
4093774d,1,1,1,0.774513773561215
40aae75f,1,1,0,0.8052179184641253
40b904b3,1,3,1,0.6693332637846274
40cdadfc,1,3,0,0.4328727411266104
40e95163,1,2,0,0.26365623901847823
41185f8e,1,2,2,0.8843613797751536
4128aee6,1,3,0,0.25063515854571705
4135cb0e,1,2,1,1.0265781867755375
4157be55,1,1,2,1.3440475878059455
415d5a1a,1,1,0,0.9799980593770194
4177e5e5,1,2,1,0.5522402356931236
41974cde,1,3,0,0.24468437697481232
419d05c6,1,1,2,1.0995557454882965
41bacefb,1,1,0,0.931963759423318
41badf5d,1,1,1,0.872456406711697
41cfd1db,1,1,3,1.382771333760479
42309938,1,3,1,0.8325678808248864
4248261f,1,1,0,0.09742473996475265
4255e559,1,1,0,0.5658922616669945
4262ce3d,1,1,0,0.3649627906987507
4280076d,1,3,0,0.3980636758060363
428970d4,1,1,1,0.7360718662762697
428c37ea,1,3,0,0.4595158991705317
429cc266,1,1,0,0.38083856644431846
42aa29fb,1,3,1,0.46622964381884746
42bf071e,1,1,2,0.5992302753890996
42c6f67a,1,1,0,0.23539885273306266
42dfc9dd,1,1,2,1.1284670906592906
42ebc3fd,1,2,0,0.7169660740357091
432a4c21,1,2,1,0.8022840680691452
432aff11,1,1,0,0.13302472868247361
435bfa7b,1,3,1,0.4976560178413219
43629a34,1,1,0,0.044331488664563046
436dd613,1,1,0,0.383471095698226
43720c15,1,1,0,0.7378487556381605
43808706,1,1,2,1.2151231965787006
43a7386d,1,1,1,0.6786668063437484
43e54b20,1,2,1,0.7635651129822255
43f44f6c,1,3,2,0.6040312288539238
43f5d3c5,1,3,1,0.4755975521906368
43fb80d6,1,2,0,0.6175532428586077
43fdba8b,1,3,0,0.3817759964819612
440acf4f,1,3,0,0.19040928705707894
444131bc,1,2,0,0.27049983284708756
4442c376,1,2,0,0.3330005289084925
446757cb,1,1,1,1.0129944256840278
4496d883,1,1,2,0.610709803337346
44b8622c,1,2,0,1.0149777690308726
44cbf5c5,1,1,0,0.17484927506583864
4505724a,1,1,0,0.03828263133151222
4507da27,1,2,1,1.0756568678485574
4518ed77,1,1,0,0.28501219068182104
45ea366f,1,2,0,0.14529314581871622
45eb32f2,1,2,2,1.006140969201304
46170319,1,2,0,0.1811349243878863
463bf3b2,1,3,0,0.1758844036892081
464a75fb,1,3,1,1.129090124386475
4659aa1a,1,2,0,1.0253041247422554
465d3273,1,2,1,0.8104072565204304
466752d9,1,2,0,0.4711938490876727
467c549f,1,2,0,0.26294735856756907
47240aa3,1,1,0,0.21481913701256944
47350ac6,1,2,0,0.8492816308444033
4777151c,1,1,2,1.1203315365253599
47a52eb8,1,3,1,1.0444118037811965
47b3bea1,1,1,2,0.18436819290420464
47c1f368,1,3,2,1.1990926906856194
47c3b47c,1,2,1,0.33343559934823175
47c55e13,1,3,0,0.4935844983180073
47fef4fc,1,1,0,0.28514907590980104
481a1861,1,3,0,0.4392390352288599
4829f7ca,1,3,0,0.794013110287895
4859a9f9,1,3,0,0.10285224187317632
485d7c69,1,3,0,0.4216409255096112
489fa831,1,3,1,0.45616470932665876
48c205d9,1,2,0,0.48084153616980135
48db8ecf,1,2,0,0.24266904926042038
48df987b,1,1,0,0.37797916773891277
48e69212,1,2,0,0.40837883539323705
491bf457,1,3,0,0.6812876292682661
4926b18a,1,1,0,0.3933125630884653
494eba8a,1,1,0,0.35772561087200105
499d4499,1,2,0,1.0259823613254124
4a0b1b9d,1,2,1,0.7569138503137582
4a1440d9,1,3,2,0.3401349567885801
4a17b463,1,3,0,0.3151638370842437
4a21eb0c,1,2,0,0.850291378250106
4a475a9f,1,3,1,1.1132406391866212
4a4a0f78,1,1,2,1.149471970156878
4a62661a,1,2,1,0.6650909353027754
4a69e534,1,1,0,0.08879000849660623
4a6af685,1,2,0,0.4631425315468795
4a6ea9de,1,1,2,0.8561611217067484
4a9f92ca,1,3,0,0.12122664745230527
4aa87859,1,2,0,0.3349178788152398
4ac5c412,1,3,0,0.17068608006277014
4acac04e,1,3,2,0.4420893732487432
4b0f961e,1,3,0,1.0505934802091832
4b1f6855,1,3,0,0.2568430538323695
4b20bce7,1,2,0,0.39692978474549306
4b328259,1,1,0,0.4506049713090732
4b3c7594,1,2,1,0.3080128215680895
4b3db4f4,1,3,0,0.40996375282128006
4b51db3e,1,3,0,0.12956104726247675
4b71830a,1,3,1,0.9049622066000897
4bc2bee9,1,3,0,0.5193051393410554
4be6f3c1,1,3,0,0.508197933078492
4c37fb30,1,1,2,1.0959372844807163
4c8dfaf0,1,2,2,0.5591541502457906
4ca242ea,1,2,1,1.0571708954636936
4cabd7aa,1,3,0,0.9686017629279995
4cde1e34,1,1,1,0.8089537103936625
4d19854c,1,2,1,0.5681202722516174
4d2d9ef3,1,2,0,0.1270786567092998
4d41bb62,1,3,0,0.05863927471948305
4d42caed,1,1,0,0.16262010019481365
4d5a8ce7,1,1,2,1.0687565599133326
4d61a44e,1,1,1,0.8293744158887179
4da4aba2,1,2,2,0.9105490121201854
4dc4ed56,1,1,0,0.5437205015258416
4dc86a42,1,3,0,0.2844302568250915
4decbcd8,1,3,0,0.2055954648362991
4dfb4e1d,1,2,2,0.9264158919452314
4e314e47,1,3,0,0.23449267729725848
4e58d463,1,2,0,0.5677970397940689
4e85505f,1,1,2,0.8989554241136316
4ea3963e,1,2,0,0.5193235885257526
4eade67b,1,3,0,0.4098822651944539
4edb98d8,1,2,2,0.8766080064800148
4f059a8a,1,3,0,0.9950521728361655
4f20b188,1,3,0,0.402165876137381
4f3b33ba,1,2,1,0.6790066704566122
4f3cd5c2,1,2,2,0.9439493564939381
4f93504a,1,3,0,1.0720889306267063
4fd7e043,1,1,0,0.17708342732440135
4fe97569,1,3,0,0.8763687027009189
4ffa995b,1,3,0,1.2836001298590638
50242fa0,1,2,1,0.210052472227571
508a0f98,1,2,2,0.9271400715486982
50a90725,1,1,1,0.8595308161769302
50b2b84b,1,1,0,0.9647267466233123
5132511c,1,2,1,1.2277942196827003
515402ee,1,1,0,0.37318458710479235
515dd683,1,2,1,0.6969741154976544
5180ff75,1,3,0,1.2224396079647206
518e5ae6,1,2,0,0.17823220610978208
5198e7b3,1,2,2,0.4430222796702811
51a349db,1,2,0,0.6516012649356628
51c15d22,1,1,1,1.1511274389571076
51f38b37,1,1,1,1.0614224825260345
51f3feb4,1,2,0,0.3715897402525735
5216ef61,1,3,1,1.1454713444915106
52219dbb,1,2,1,0.5368424498566211
5264bb0e,1,2,1,0.9990805711593688
527e796c,1,3,2,0.6121182091299345
528db82d,1,2,1,0.7507761199572833
52bd147c,1,1,0,0.26992871483352976
52ce9b8b,1,3,0,0.2707285514160069
5320dac6,1,3,0,0.9996136984357091
53621b84,1,3,0,0.8616818501103354
537dc410,1,1,2,0.969533279231215
53814642,1,1,1,0.48495626305250794
53905a2c,1,1,1,0.45752891677340257
53cf99f2,1,3,0,0.2061292161744691
53d20dc3,1,3,0,0.05835507597902212
53ea1e7c,1,1,0,0.4416512421628719
53faf893,1,2,0,0.07272141947313115
54391716,1,3,0,0.9356926235963752
546bfb18,1,2,0,0.2611326880994987
54854783,1,1,0,0.7596240796964091
54868027,1,2,0,0.19934897781280358
54945f30,1,2,0,0.7034857739290211
54b35de5,1,3,0,1.4065197278837984
54c87d3c,1,3,2,0.4084369639888048
54e592da,1,2,0,0.6906457508326899
54ffe872,1,2,1,0.33287725405855356
55464fb7,1,3,1,0.4270415996414384
554e46e9,1,3,2,0.42792027772878993
5588f518,1,3,1,0.5159106791675945
561f2797,1,3,0,0.2635390946799306
56210fdb,1,1,0,0.1473635565142244
563ebc00,1,3,1,0.28787075108379157
56418caf,1,2,2,0.6468069758265527
56443aba,1,3,1,0.4771484112538552
56761daf,1,1,2,0.8858417619737813
567fd23a,1,2,1,1.1229774160630512
568eb64b,1,3,2,1.074629743572606
56c99b23,1,3,0,0.26017975111353253
56cb7161,1,2,0,0.2105604853214429
56ef356c,1,3,0,0.3347906924902434
571907fc,1,2,0,0.5087440456126542
574599a8,1,2,0,0.17555116975135376
574cb902,1,2,0,0.1923379861098517
5775ec58,1,1,1,0.8560175176037721
579e50bd,1,1,0,0.5583121921902776
57c4f2b4,1,1,0,0.7013696745326976
57d82f30,1,3,0,0.9264341953214212
57de6095,1,1,0,0.07260346023970032
57f6fa6c,1,1,0,0.027528274931342356
580a30c5,1,2,2,1.0162134002186807
58900fd0,1,3,0,0.19030992928513724
58a255e6,1,1,0,0.20221574502852263
58ada72e,1,1,1,0.6381317008849331
58de61f0,1,2,1,0.7314676512053715
58dfccdb,1,2,0,0.43420651790164955
58f11465,1,2,0,0.40661793193329987
592b3b7f,1,2,0,0.48452659729071634
59305d37,1,3,1,0.9541347557514801
59307c13,1,1,2,0.5195944192775803
593a7148,1,3,1,0.33461748416216636
593b5cfa,1,1,0,0.12000617912821204
5985f299,1,3,0,0.2300194098373486
599850d0,1,3,0,0.19093728467351123
59b7fc28,1,1,0,0.061976948859803316
59d7a3a9,1,3,0,0.30148632562203614
59ea397f,1,1,0,-0.016679602511368685
5a07e79f,1,1,1,0.39448484615300794
5a2c7642,1,1,0,0.16448171705907683
5a3005de,1,3,2,0.9150591196567948
5a313293,1,2,1,0.8871881001967827
5a3d5e05,1,3,1,0.4499771946534618
5a4b3725,1,1,1,0.9689233799836428
5a5f6d41,1,3,0,0.5710119074771891
5a5f9fb2,1,3,1,0.49520921989133504
5a8712ae,1,3,3,1.2085471169331732
5ad85a02,1,3,0,0.3988248997494859
5af79adb,1,2,0,0.7792124784904325
5b299ae1,1,3,1,0.19816868231289914
5b2c9b83,1,2,1,1.0787553255496383
5b4d2604,1,1,0,0.4288943721076107
5b66b6f2,1,3,0,0.08303879424962068
5b9ff85e,1,2,1,0.7185239881674792
5ba201ba,1,3,1,0.5528502500563862
5bcf002a,1,3,0,0.46526310367069207
5c045867,1,2,1,0.929465205887207
5c186496,1,2,0,0.27357503898966123
5c22f241,1,1,0,0.18051355743140424
5c3b30d7,1,3,0,0.39938219582720935
5cd83147,1,1,0,0.8174596455830684
5d04624a,1,1,1,0.8035188107775885
5d1d7e41,1,1,0,0.11677433683277522
5d48a5b0,1,1,0,0.11990437320194575
5d762840,1,3,0,0.8633523818947199
5daa20e7,1,1,0,0.33002826709259236
5dc62fec,1,3,0,0.1903467417251784
5ddbac80,1,3,0,1.1905187771416688
5e08237d,1,3,1,0.6211255853545505
5e221c50,1,3,0,0.77766082387189
5e2a9e63,1,1,1,0.13331725788322413
5e2c1349,1,3,1,1.1391992980851429
5e359a08,1,3,2,1.187819514066013
5e415f05,1,1,2,1.0504144510913762
5e6490e3,1,2,0,0.43241365684533656
5e6b528e,1,3,0,0.3720141742325841
5ed5f205,1,2,0,0.28201777440202136
5ee595e8,1,3,0,0.6231394021277468
5ef3d64e,1,3,2,0.9578714423031973
5f099188,1,3,0,0.11516369799464032
5f1b07e1,1,2,0,0.9693093578856327
5f281a62,1,2,0,0.574073253959281
5f574f3d,1,1,0,0.25864675010050225
5f7537cf,1,2,0,0.9069042505410039
5f78f7b9,1,3,0,0.2767484039844692
5f9dddb4,1,1,2,0.6200616383033504
5fdfbe47,1,1,0,0.33898538795913624
603ab4ee,1,3,1,0.06767947066654156
605d6e05,1,1,0,0.5492733539929623
60c1ff37,1,3,0,0.5881624397345593
60d1fdee,1,2,0,0.1837917046130006
60d2774d,1,2,0,0.2509533135270966
60f8462b,1,1,0,0.1404106926837439
612487a5,1,1,1,1.0541175407227197
612b3ff9,1,1,0,0.5687032496420509
612dd900,1,3,1,0.24720570843175832
613fc399,1,2,0,0.49800124366690507
613fc53d,1,3,0,0.25215514561755015
614d5517,1,3,1,0.6914185518234554
616fc21f,1,2,0,0.2752264505881903
61823525,1,1,0,0.13482883773600113
6187d0dc,1,2,0,0.09364189969431158
6192e6b6,1,3,1,0.7388024820811401
6197a2ce,1,1,0,0.8631883709854621
620536d0,1,2,1,0.47238487123309963
621066ff,1,2,2,0.6277307429837612
6247cc15,1,3,1,1.2177406230997292
624869b6,1,2,2,0.8900790830148618
624b9e34,1,3,0,0.3031178136400564
626a608e,1,3,2,1.11031870300264
6277e13c,1,1,0,0.5735896746076974
6282e693,1,3,0,0.09412207998638511
62839132,1,1,0,0.4080808713584789
6291fddd,1,3,2,0.6257488938337082
62b873a2,1,3,1,0.40253041399747025
62cd5c74,1,2,2,0.8113495894297036
62d0cf97,1,2,2,0.96512045236611
62f77d2f,1,3,1,0.505816594054419
632eca98,1,1,0,0.5597867430055719
6344bba1,1,1,2,1.219472892258684
63a00e40,1,2,0,0.4008699430524175
63d4ab9a,1,2,0,0.35442393936565064
63d810bb,1,2,0,0.789276981177748
63dd16ec,1,3,0,0.14107671738824656
63fc9770,1,3,2,0.9420191824443221
641a2b87,1,3,0,0.32030732016756863
646a4c0e,1,2,2,0.6443071285139353
649ff6d9,1,2,2,0.9417675889600461
64b4005d,1,3,1,0.64703183978912
64ed48c4,1,1,2,1.2184304500844074
64fc556b,1,3,0,0.07790979509357532
650bf252,1,1,0,0.08047978291285751
6514c337,1,3,0,0.3648367148608063
6515ef94,1,1,0,0.2279022107569329
654203ec,1,2,0,0.411553219656962
658e66ec,1,3,2,0.9753954806327327
659fec57,1,1,0,0.6421859695066717
65af9f2a,1,1,0,0.43387536058114107
65dc81f5,1,2,0,0.7593291024163742
65dfe4b9,1,1,0,1.3181918913762403
65f9369d,1,3,0,0.45273986259150584
66094cfd,1,1,0,0.6263620083217347
6622b302,1,1,0,0.3521537418679514
6666aed3,1,1,1,0.8099741876522818
668a2fea,1,2,0,0.4002417609413111
66ed301e,1,2,0,0.3251515091051673
66f044c7,1,3,1,0.48624891467454073
66f619e3,1,1,2,1.1966749112279207
6708fcd9,1,2,0,0.15517767359522233
672a32f1,1,1,0,0.17913892745169624
673a7e2a,1,1,0,0.09372403599670653
673e7be9,1,1,1,0.6070840751632921
677038b5,1,2,0,0.2558580478542633
6795027a,1,3,0,0.36689060395834283
679ce4b2,1,2,2,0.7854658881863095
67b54cdb,1,1,0,0.14146083364770562
682327c3,1,3,0,0.25524778806523585
6826f0be,1,3,1,0.8428425305548809
683464ff,1,2,0,0.5607123350727926
68572a28,1,1,0,0.042114367147164655
685cc0f1,1,2,2,0.97784337912735
68688509,1,3,0,0.6227944883993576
687c85e7,1,3,0,0.5824531477746812
6885737e,1,3,1,0.5926310912171956
68a59e56,1,1,1,0.24355020341177774
68be3d5c,1,1,0,0.414462049146387
68be5113,1,1,0,0.06990533324335968
68d49292,1,2,0,0.2712302754814086
68e514dc,1,1,0,0.5865411959221142
68e61f96,1,3,0,0.33555803183112365
68e7140b,1,3,0,1.5012981505589642
68fa4631,1,2,0,0.4499544718965163
69074cf3,1,1,1,0.031000732298877343
69742f6f,1,1,2,0.9755270935167719
697c41d7,1,3,2,0.5719418679202488
697d894b,1,3,1,1.1572037633499908
698b9067,1,2,1,0.4392252131245336
69b65679,1,2,0,0.31501946996100527
69cdf9c3,1,3,1,0.6031963892567307
69fabb6b,1,3,2,1.0637551853455267
6a16089d,1,1,0,0.43661049247141837
6a2c6073,1,3,1,0.9322025151424194
6a2fd807,1,2,1,1.0113038426708831
6a4df6ff,1,3,0,0.08139523789828512
6a6da46c,1,2,1,0.6051824820362064
6a837387,1,3,0,0.14396799361559565
6a83a423,1,3,1,0.5386320006010958
6a98537b,1,2,0,0.4212386152535357
6a9f0db7,1,2,0,0.11208806946391436
6abd21d4,1,2,1,0.7688330509252207
6ac5eaaf,1,2,1,0.242741061777541
6ad91972,1,3,0,0.5949035514634329
6ae1473e,1,2,1,0.5105481039997656
6b4b8c14,1,2,1,0.8872955591893925
6b773506,1,1,1,0.9207164710070153
6be56337,1,1,0,0.7896690673554538
6c0fe935,1,3,0,0.68543337158834
6c319d99,1,1,0,0.4434217158772894
6c4902c8,1,1,0,0.6515473411708737
6c6cd633,1,2,2,0.5250385104343043
6c737069,1,3,1,0.22199663096423666
6d341798,1,3,0,0.23715047185385923
6d5944a9,1,3,0,0.3385302731731429
6d707ac3,1,3,2,0.9066360083909577
6d7ba819,1,2,1,0.2414176759898734
6d855495,1,2,0,0.645496205214822
6db14d48,1,2,1,0.6439036674535216
6db453ce,1,2,2,1.062333611342932
6dfe4a75,1,1,1,1.1073995026768273
6e0d4774,1,1,1,0.8875868095327893
6e0ec0fe,1,1,1,0.7668612315183513
6e128c6b,1,3,0,0.7993705876820626
6e1d28b6,1,3,0,0.5912457728366148
6e5606d5,1,2,1,0.38449292113846
6e68bcfd,1,3,1,0.6227153322684995
6e695d70,1,2,2,0.5197627222051265
6e6d895f,1,3,0,0.37176402498944705
6e85a624,1,1,2,0.47297247059901537
6e9beaee,1,2,1,1.1864219218024001
6ea48a4e,1,1,0,0.5802232653131786
6ebfdc95,1,1,0,0.8498342103546876
6ecb430a,1,1,1,0.36621916253345055
6ed385f6,1,3,1,1.2001418738913623
6f49c8d0,1,3,0,0.3023051482275359
6f5677b7,1,3,0,0.9925793881531193
6f5a31ea,1,3,1,0.27515044177401016
6f878799,1,2,0,0.6307111670706302
6fb28c2a,1,2,0,0.11466126870237775
6fc95dfc,1,2,0,0.35967449307808247
6fcdcb2a,1,2,0,0.8304733039871199
7015528d,1,2,0,0.47816889329446316
707c82c4,1,2,1,0.3470551625112047
7092a6ce,1,2,2,1.0318821812435637
70de1c63,1,3,2,0.9687690748444311
710345b6,1,3,0,0.11694784978247225
7106a387,1,1,0,0.35740351906449985
7187caec,1,3,2,0.8605119764261433
718975fe,1,1,0,0.4364554469501949
7192b2e8,1,3,0,0.29371477703528615
71cf0f87,1,2,0,0.16552294789419553
71ee31f8,1,3,0,0.2318044056605017
71f21593,1,1,2,1.201539320369161
71ffd0ba,1,2,0,0.3924315467230516
7214ad21,1,1,1,0.8940100186694734
721ea536,1,3,0,0.7000770019919438
72264d13,1,3,1,0.6147822108822262
723ee34c,1,2,0,0.4385339852211019
7250264b,1,2,0,0.19399630067020052
72565f5c,1,2,0,0.4784332583906268
7290824a,1,1,2,1.3056399596145145
72a0c969,1,1,0,0.33032830082005704
72aa1a30,1,3,2,1.1690709106675818
72bbfadf,1,2,1,0.7365311612974871
72c9c38d,1,3,1,0.4740531830414089
72cb1703,1,3,0,0.0852177262937569
72cc9a64,1,2,0,0.5377509208252034
72fa40ba,1,1,2,0.786004213101377
7305af8b,1,1,0,0.37316533629407506
7308d22c,1,1,1,0.5583029528798185
732b2327,1,2,0,0.4867681185129354
7347b54e,1,2,0,0.1457937088094402
738e7248,1,2,1,0.9113961647089961
73aa6aab,1,3,1,1.0314638697183227
73d0e0a0,1,3,0,0.592465216708266
73ec551e,1,2,0,0.1743762146917665
73ffa609,1,3,0,1.1483263401489132
745e6065,1,1,1,0.5098167277457112
7494989e,1,1,0,0.09359249801835212
7514c6f4,1,3,2,1.2399895998221915
75311a3f,1,1,0,0.7813695300558632
7533a4a9,1,3,0,0.5689576583620105
75927c18,1,3,1,1.1786331520906017
759328e6,1,1,2,1.3492950610809817
75ad73ee,1,2,0,0.3941500641450167
75b0446f,1,1,0,0.7766812129481422
75b53bd4,1,3,1,0.36923597736580305
75c13e08,1,3,1,0.43401557654052947
75f26948,1,1,3,0.7494947441357844
764d8b42,1,2,0,0.16969336093420534
76781cd8,1,2,1,0.3817443521488774
7698543b,1,2,0,0.7814624214331374
76c9bf0e,1,1,1,0.6520053710873513
76dfa86c,1,1,0,0.14164381890140465
76f8f621,1,2,1,0.41757112517568384
76fb4afb,1,1,1,0.07010772781190144
76ff59f2,1,1,0,0.4439735613783209
7752d450,1,1,2,0.9208047968014522
776d33af,1,2,1,1.2043825599602318
777a3e9d,1,2,2,0.9475621272492611
77a5b2ad,1,3,0,0.2845824367632257
77e460ce,1,2,0,0.376280796473929
7800a084,1,2,2,0.9408609685880203
781710fe,1,3,0,0.1426411299616987
7858fd16,1,3,0,0.35234902587285954
785d0663,1,1,0,0.7725094222761592
78667893,1,3,2,0.11848185686665913
787654dd,1,1,0,0.18511345922954825
78b488ff,1,3,0,0.24303238762124524
7914b38b,1,3,2,1.3449030412029577
792d2fa5,1,3,3,0.6159852415288082
793c2e31,1,3,0,0.2616262468297718
79483148,1,2,1,0.6739555602866445
7958e61b,1,2,1,0.6362859029225986
79629cf4,1,1,1,0.41049221560333593
7975694f,1,3,0,0.3633175385273327
79bd36b6,1,3,1,0.9967463565391995
79e496f2,1,1,2,0.9272331093824675
7a0136e0,1,3,0,1.1756471203891612
7a5fccc9,1,3,1,0.36851090951548887
7a6d26a2,1,2,0,0.6388294786408341
7a86fcd2,1,1,2,0.9165543096226216
7aa3a145,1,1,0,0.079518787121443
7ad92034,1,1,1,0.7461353797381928
7b516283,1,3,0,0.34756857079897663
7b543871,1,1,1,0.48557073165079595
7b9690de,1,3,0,0.4092044431068905
7bbde46f,1,1,2,0.2249148199515163
7bdbf66f,1,1,2,0.33871620719083595
7c02f4ec,1,3,2,1.5630368542673465
7c194077,1,3,1,1.4917249960235597
7c1d7ddd,1,2,1,0.37983113492553594
7c29e92d,1,2,1,0.6418098270284892
7c39c8e5,1,2,0,0.32406979738177605
7c6ca1d4,1,3,1,0.9726525356079126
7c6cbfdd,1,1,0,0.04420200767749349
7c71edac,1,3,0,0.6420448926834945
7c8f0c95,1,2,2,1.0675880460916003
7ca548f9,1,2,0,0.18042486209163155
7cb1e4c7,1,1,0,0.47131856350971535
7ce36c38,1,2,0,0.5938571308452597
7cf3bca6,1,2,0,0.5384589671334677
7d0a92d5,1,1,0,0.7153105884381059
7d22cd0a,1,2,1,0.26849822111013344
7d40a714,1,1,2,0.9843627288460075
7d666f0f,1,2,2,0.5609167401651742
7d751a6a,1,3,0,1.2079088409700485
7d878d0d,1,1,1,0.683313524790296
7d8f1716,1,1,1,0.7336663622371193
7d927bdf,1,2,0,0.5202420841496791
7dae6de9,1,3,1,0.40940983270212
7dc65b92,1,3,0,0.7427763766204142
7dd54e69,1,1,2,0.6697500230539837
7deeb4fe,1,1,0,1.1633330981007628
7df487b1,1,3,0,0.5025757988485104
7e33976b,1,1,0,0.12110394732162655
7e41db05,1,3,1,0.9946323312966509
7e46b693,1,3,1,1.022322354683923
7e71aa83,1,3,0,0.42900351862680425
7e87087b,1,2,0,0.9645741803955372
7ebca7c4,1,2,0,0.7025231469713785
7ec65d94,1,2,0,0.1558351772819463
7ecea16d,1,2,0,0.11547582212176877
7f1063e4,1,3,1,1.1824783120341502
7f44236f,1,3,3,1.029876082665518
7f5aeb05,1,2,0,0.41305315963707834
7fa51811,1,2,2,1.0453312599064968
7fa7ccc4,1,2,0,0.35568536133274176
7fcf0046,1,1,1,0.814782283371563
8017f13e,1,2,0,0.8798810886897335
80784c40,1,1,0,0.5490895477619271
8078b7de,1,3,1,0.625535548228345
807d8908,1,1,1,0.7093918018894697
80a5f1e1,1,3,0,0.7650170117540049
80a9f2bb,1,1,0,0.2787479380621064
80b46ffb,1,2,1,1.0098820291514057
80d8829a,1,2,0,0.20119359710079082
81095901,1,3,0,0.3289034480567733
81394e0e,1,2,1,0.5042463948454132
813e7f93,1,2,0,0.22373747830873025
8148c785,1,3,3,1.4602487899475238
816b0564,1,2,0,0.8318879329639471
8189aa29,1,1,2,0.7678706782849217
819ad5f1,1,3,0,0.36302691986780466
81a4b826,1,3,0,0.36812175664899327
81c0b83c,1,1,1,0.39130625378036604
81d3ab22,1,2,0,0.9751922798413376
81d607bb,1,3,0,0.18118221468490697
81eaf4c1,1,3,0,0.08090574478973717
81f60502,1,3,1,0.5700681181893597
81feecad,1,3,0,0.6375529150103576
8226bbd4,1,3,1,0.4106265151629059
82422684,1,3,0,0.7124757907482322
8256a969,1,3,0,0.33180483060962973
828b31ca,1,2,0,0.18607949077538594
82923551,1,1,0,0.07388791555007002
82a114c1,1,3,2,0.7997842725739498
82ec9747,1,3,0,0.19624873812285326
8310a02f,1,1,0,0.3890163367366305
8328c8b3,1,2,0,1.0374356197940093
83379672,1,1,1,0.23317497265094445
836b4de3,1,3,0,0.7705206824123755
83711ef5,1,1,1,0.6989994038872818
8376acc5,1,2,0,0.25383667401978965
83846d0c,1,2,0,0.3441326431723495
839b507a,1,2,0,0.17390054475454736
83c33097,1,3,0,0.34428747308205576
83eda373,1,3,0,0.33139418022218325
83fb5ee0,1,2,0,0.20068826703191678
844b87f8,1,1,0,0.20518921802849566
84875079,1,1,0,0.3906552723877433
84b7d89d,1,1,1,0.9715920000809555
851b425b,1,2,0,0.3973990090577108
852adec2,1,1,0,0.35537518174423094
85452335,1,1,1,0.7347644731171625
854eb237,1,3,0,0.341832044689108
85525f8d,1,3,0,0.3177013036658116
8570ea5f,1,2,0,0.5430984343152876
8572d442,1,3,0,0.8532077399449105
857baaa6,1,1,0,0.5328819636305429
8581b9a1,1,1,1,0.7575332178350584
858ae6a3,1,3,2,0.8044098064797063
858be19a,1,1,1,0.7506904402207801
85a1082c,1,2,0,0.4115986460587364
85b027ee,1,2,0,0.3755193642692365
85ba333f,1,1,2,0.4744094319652554
85d99199,1,3,0,1.20373297487123
85d9c915,1,1,0,0.3832026995146477
860f4f9c,1,1,2,0.6527372023789125
861188f4,1,2,2,0.7619172374243881
861fd4a0,1,1,0,0.25701881481330274
86335468,1,1,1,0.7609348050379401
863e40c7,1,1,0,0.6523968752916137
863f7033,1,3,0,1.0072457420136318
866a08b7,1,2,1,0.2331111614661331
86a8e0d6,1,2,1,1.0681918223394546
86bd716a,1,1,2,0.9796685836449618
86e56299,1,2,1,0.7707310146228468
87050a09,1,2,0,0.5471105176505289
871b2b19,1,3,0,0.3519001919920903
874a348f,1,1,2,0.8873636843200474
87509a7b,1,3,0,0.2928030709837764
876a929e,1,2,2,1.0049379345994267
87a60251,1,1,0,0.13973627563195873
87af775e,1,1,2,0.48559984343900214
87b78ee3,1,2,2,0.7893883252955641
8823b020,1,2,1,0.5185318971231232
88300a4b,1,1,0,0.9079409980362512
884c429c,1,2,0,0.07949973818802791
8875387b,1,3,0,1.0480119796519949
8877cdee,1,2,0,0.24512070550199921
88c640b9,1,1,1,0.899270256058454
88e04d93,1,1,1,0.865192399420338
891193eb,1,3,0,0.6025546281400443
891b8cd5,1,1,0,1.189457919254479
895f9725,1,2,0,0.8169111656373013
89739b1a,1,3,0,0.32034250757264165
897da2c8,1,3,0,0.2858144969332271
898096eb,1,3,0,0.15262354833279185
89a26502,1,2,0,0.43345338122373855
89bd10b7,1,1,2,1.0355874176068398
89d475e2,1,1,2,1.1575438775894407
89d7d2c3,1,3,0,0.15704183905222652
8a444a98,1,3,0,0.2665938081022496
8a44ea3a,1,1,0,0.23647252748461145
8a4d341b,1,3,0,0.4674759886537745
8a4e5d1a,1,1,0,1.0086854725038468
8a645723,1,1,1,1.133277423939091
8a77c3e9,1,1,1,1.0302131773788796
8a77d185,1,2,2,0.5879294168933226
8a78a063,1,2,0,0.20581307542748523
8a9cce44,1,2,2,0.36014583304957415
8abbbc38,1,1,0,0.5363057893041772
8ad5e251,1,1,0,0.21751434080630733
8ae6a52f,1,1,0,1.2732479294350187
8b3c900f,1,1,0,0.5933945794737566
8b4b9648,1,3,1,0.6125792082404357
8b6a40f5,1,3,0,0.6541763413788159
8b802ca8,1,1,0,0.2368060385019225
8ba98f12,1,2,0,0.16173242513136682
8bc5199c,1,3,1,0.36580625382798204
8bf72a9c,1,2,1,1.2440300866608225
8c0ca955,1,3,0,0.7806501066967622
8c122779,1,2,0,0.9578242506721206
8c1f9196,1,3,1,0.6758715082864514
8c5a5a21,1,2,0,0.5956502078907226
8c6c52a2,1,1,0,0.30230624468466416
8c97411a,1,3,0,0.34570519929612836
8ca025c3,1,2,0,0.2515455679411794
8cab7bc4,1,3,0,0.5172394894802878
8cb19d64,1,2,1,0.2765051040217802
8d055cca,1,1,0,0.8210231732754723
8d11c14a,1,1,1,0.3899938533731112
8d8b8553,1,1,2,0.6495982954283727
8ddb6b8d,1,2,0,0.4330715507442778
8e59a69a,1,3,1,0.582173305545458
8e749c85,1,2,1,0.9322813355445638
8e770d51,1,3,0,0.31765855115486596
8e80deb7,1,3,0,0.7593879987306141
8ec2cc63,1,1,0,1.0704815779110384
8ef72e3e,1,1,0,-0.02063932369295296
8f112082,1,1,1,0.8976548952533882
8f13c52a,1,1,1,0.8191076560864166
8f1e1df6,1,1,0,0.7591072252025497
8f21c613,1,3,1,0.7861817606139385
8f2d131f,1,3,1,0.5576185162631655
8f68479b,1,2,3,1.198165448631943
8f753551,1,2,0,0.6247130442883044
8f9c03c6,1,2,0,0.12263064317138245
90161e10,1,2,1,1.1561632731453593
9027c805,1,2,0,0.3346525540388134
9052579b,1,1,0,0.3397675504438401
9061cc9c,1,2,0,0.099161767493465
90778278,1,3,0,0.20242219154117952
908b1207,1,1,2,0.9340130731165951
90a37530,1,2,0,0.12134974268575471
90fee6b1,1,2,0,0.44987174191025503
91098060,1,1,0,0.6999210713753374
912a91b0,1,3,0,0.5190433251460573
9130a22e,1,3,0,0.3499955404279116
91386987,1,3,1,0.8691675357343112
913bea9f,1,1,1,1.084535190799953
91656d27,1,3,1,1.2269051888616325
916f7069,1,2,0,0.5679109723750327
9173f25b,1,1,2,0.8325118016939317
9181b136,1,3,0,0.17431407870811205
91930eec,1,1,0,0.2544007221425527
91942b42,1,2,2,0.5433843983668296
91a5d06e,1,2,0,0.13746928059583358
91e23cc5,1,1,2,1.1275502585082724
91e86c47,1,3,0,0.4688358155152511
91fdc1e0,1,2,0,0.525918871418865
92031591,1,1,0,0.8760867376977512
921146d1,1,3,0,0.3732723327066022
92293b06,1,3,0,0.8870589711219519
92622443,1,2,1,0.5874024827386328
926b3a76,1,3,3,1.299157585548565
926bd07e,1,2,0,0.3718482314327266
9271574b,1,2,0,0.48415849224270474
92bcf0e7,1,2,0,0.15349021019283587
930c567c,1,3,1,0.5317135605774405
93188a17,1,3,0,0.457635140596678
932b5928,1,1,1,1.0754785216974871
93363059,1,2,1,0.8786234067130378
93507a1b,1,2,3,1.5337985227086381
93559639,1,1,0,0.1020806176144729
93904b23,1,2,1,0.9577614084342615
93c06d4c,1,2,0,0.48837481060466814
93c93585,1,2,0,0.4819839293008212
93cdae1c,1,1,0,0.6135800809164078
93fd93c4,1,2,1,0.6754589240193829
93fda84a,1,1,0,0.04796057513191676
9405bad1,1,3,0,0.21535006858992073
9416d70e,1,3,1,1.2998692488547123
945d802a,1,3,1,0.6706168204677174
948a7025,1,3,0,0.2838203971113495
948e1435,1,2,1,0.9422302907658611
94902bc9,1,3,1,1.364563905582826
9498cc26,1,3,1,0.750987873557815
94a1053b,1,1,1,0.9304512555887723
9508b72f,1,2,0,0.6584239816920435
9521093f,1,2,0,0.9761640635999644
9540fa8e,1,2,0,0.38479986219836526
954a4c2e,1,1,1,0.7605531132502468
9568e659,1,1,2,1.101549693302219
9570bfb7,1,2,0,0.10429982221790018
957dcb7f,1,2,1,0.18986348225017485
95cc96cc,1,2,0,0.13595326929861407
95d57ff9,1,2,0,0.8820337909039586
96262441,1,2,0,0.21227217469710413
9646a500,1,2,0,0.28907790888842494
96595f1d,1,3,0,0.2296806859509834
9682cd0d,1,3,0,0.2698966367079381
96d6034f,1,1,0,0.19566463468458378
96de5f57,1,3,2,0.9876707874625781
96f13763,1,1,0,0.10817373977697586
978218e6,1,1,0,0.4306351014452842
979a5c76,1,1,1,0.9173929780597627
97d0593e,1,1,0,0.41196778933404865
981568fa,1,1,0,0.5950733499803915
983bcb5b,1,1,0,1.078451715226008
9853fb61,1,3,0,0.7494545816641421
98a4be3f,1,2,0,1.0169234668269058
98a81a90,1,1,1,0.8955482205063587
98ed2153,1,1,2,1.0228043540822305
99205f42,1,1,1,0.8451364086553806
99328d2e,1,2,0,0.7247154839489609
994ee014,1,2,0,0.41438406073940626
99752704,1,2,1,0.6556177842201028
9977fb0f,1,2,0,0.41056459130531253
998115f3,1,2,1,0.5308449841849655
998cfa64,1,2,0,0.22445631385469555
99a1711f,1,3,1,1.2313571098973506
99a8a9e7,1,2,0,0.2610604176456084
99b15811,1,3,0,0.3653489616819554
99ec8c4a,1,1,0,0.5628623433088275
99fe5b44,1,1,0,0.691423831571121
9a2082cf,1,3,0,0.3272043986891626
9a50d2d8,1,2,0,0.9713345199266893
9a7e4c38,1,2,0,0.4878623749161999
9aa1a2ae,1,2,1,0.4403788220897016
9aa36639,1,2,0,0.11994186133568907
9ab4909f,1,2,1,1.0096494065794719
9af5548f,1,1,0,0.7105970824143995
9b328d6c,1,3,2,0.94271763182588
9b5f13ec,1,2,2,0.8756085321482863
9b96b0e4,1,3,0,0.44811505115619954
9bc60f80,1,2,1,0.40247996196311514
9bd745aa,1,2,0,0.8819380128362958
9bdd6964,1,1,1,0.22964740724168647
9bf7051d,1,2,2,0.9005983834978416
9c12f80d,1,1,0,0.22472568012428995
9c23dba9,1,1,1,0.6802490299439666
9c2df71f,1,2,0,0.09843885762516957
9c589c9d,1,2,0,0.1241784220055589
9cb303cb,1,2,0,1.1855103354402183
9cba0d0e,1,1,1,0.6439593157714064
9ccbc70b,1,3,0,0.31656989400875135
9ce139d3,1,2,0,0.13283899238744223
9cee3c19,1,3,1,0.5843483170996984
9cf04c41,1,2,1,0.6113192516771383
9d1b2d2c,1,1,0,0.06537064240500456
9d29b706,1,3,2,0.6404234698077114
9d39f0da,1,3,2,0.5178560659969487
9d5826bb,1,3,1,0.5742797599108247
9d65adbf,1,2,1,0.9529534667239028
9d6b1410,1,2,0,0.23943097628112797
9dbdbebf,1,3,0,0.1490866751159044
9dc74359,1,3,0,1.2529418687462657
9ddb06db,1,1,2,1.1105014955504557
9ddfb9e6,1,3,1,0.9743792284705506
9de6a614,1,2,0,0.8573854624890647
9e027e04,1,2,0,0.26678919645102456
9e052412,1,1,0,0.2366441447609967
9e171735,1,2,0,0.656685349135633
9e29b5d2,1,1,0,0.5748172509959489
9e7860ef,1,3,0,0.24295995389976116
9e964060,1,2,2,0.22208836368020785
9eb283e4,1,2,3,0.9430168220577599
9ebb73c7,1,2,0,0.45249332953933985
9f3ca269,1,1,1,1.106107710473898
9f5f15ef,1,1,1,0.9942354928722275
9f70688f,1,3,0,0.09195033879801434
9f9be55c,1,3,2,0.7701807804480255
9fa5cdfd,1,3,0,0.23540018031575977
9fa68512,1,3,0,0.08979087556840643
9fbf31f9,1,2,0,0.2340872697679856
9fbfa81b,1,3,0,0.23473961864384163
9fec142f,1,3,1,0.9723848012222143
9ff73d95,1,2,0,0.3689660326540941
a00c85e7,1,1,1,1.0660861298474624
a0182b17,1,3,0,0.7174269381762372
a0277c1c,1,3,0,0.3558973022493507
a032d7bb,1,2,0,0.46760279549793254
a0497d5d,1,1,1,0.7565627205373051
a0510686,1,2,1,0.180437448793125
a0522c83,1,2,2,0.538620694858783
a07ec6fb,1,3,1,0.6582941239348795
a0811cc1,1,1,0,0.40688377192305714
a08ebf6e,1,2,3,0.8808460287581764
a0dffdeb,1,1,1,0.2900275426479777
a148b46f,1,1,0,0.3019258689214635
a17f6cfd,1,2,0,0.9657617154364306
a1814875,1,1,2,0.8426698314613996
a1942b0b,1,2,0,0.29920905109978013
a1ab89aa,1,3,0,0.09211160971763133
a1df952c,1,3,1,1.2901975271960473
a213c519,1,1,0,0.9519432943945876
a2240f50,1,2,2,0.7904158116844862
a26c3e8f,1,1,1,0.2877549810934601
a28c7891,1,1,0,0.8336254800643577
a297d1b9,1,2,0,0.16515595411454081
a2a8f352,1,2,0,0.12289143429669697
a302a015,1,2,1,0.38550681169391837
a317c78a,1,2,0,0.5812556685291392
a3413f0a,1,1,0,0.2606740292766506
a363ec1b,1,2,1,0.9115591650923706
a3858c6a,1,3,0,0.8111293400864766
a3abe528,1,2,2,0.5184997570415949
a3b146ca,1,2,0,0.28337641760646476
a3bd8858,1,2,1,1.1932828776470337
a3e53e34,1,2,1,0.7620529517265063
a3ec2999,1,3,1,0.5572233784406198
a402c6c8,1,2,0,0.3850741158344999
a4481101,1,3,0,0.6576280066116886
a457a4ab,1,1,0,0.20319028641639603
a4c15213,1,1,0,0.38302548787152
a4e0447e,1,2,0,0.5390799232812852
a4f13c0d,1,3,0,0.9225072414462792
a5078c62,1,1,0,0.6532812978258442
a5099438,1,1,0,1.298337131228451
a5356446,1,2,1,0.8248083878945096
a54d22e7,1,1,0,0.26753014576167394
a55b715d,1,3,1,0.7494154338656953
a5710c0a,1,2,0,0.4296105746170885
a59b2411,1,2,0,1.0566941712061177
a5a737f3,1,1,0,0.3861542885343742
a5c87de6,1,1,0,0.32540699854653893
a5dbb00a,1,1,1,0.6576553898028269
a614af1b,1,1,0,0.5826573760446178
a62edc1c,1,1,1,0.09814541042214037
a65b2226,1,2,0,0.39617967396714093
a6969e1a,1,3,1,0.4823476929326152
a69f89e2,1,1,0,0.3546965662983065
a6fbb2e7,1,3,0,0.4043211265215738
a70bb2c5,1,2,0,0.6273311385661268
a7639eb5,1,2,2,1.2025666474520393
a774c63b,1,1,0,0.5734931097429732
a78766db,1,1,0,0.8939647423289068
a808ad0a,1,3,0,0.9970024288662089
a814e825,1,2,0,0.6059458124654185
a84ae7e0,1,1,1,0.7078435682664447
a8722cde,1,2,1,0.8383725161127211
a886c07b,1,1,2,0.705355016987962
a88cd304,1,3,1,1.0845405498244167
a8926a86,1,2,2,1.1023454610419008
a89284b2,1,2,0,0.1828629492399118
a8b0428d,1,2,1,1.1763047578216441
a8c1aab5,1,3,0,0.33063959743938826
a8d90be8,1,2,0,0.7622191809154347
a8d9de72,1,3,2,0.4949779352207751
a8dc2e05,1,3,0,1.0821695167995689
a922ef3f,1,3,2,0.33280118994268937
a952659d,1,1,2,0.7823272578981182
a9595acd,1,1,0,0.4362497530243209
a95b4487,1,1,0,0.5731388318046668
a9717f92,1,1,0,0.42422255534860254
a9aa2336,1,3,0,0.8488621579948767
a9b84b96,1,2,0,0.11210373730277201
a9c53cdb,1,3,1,0.3244253531308232
a9c5f872,1,3,0,0.5838139745348631
a9e5794a,1,3,0,0.5201397319490111
aa1700c7,1,3,0,0.285478730963483
aa295760,1,2,0,0.32341826307856014
aa61d9da,1,2,0,1.0213604360841235
aa776ef6,1,1,0,0.00860347973905995
aacb0b33,1,1,0,0.9444677712863899
aae9800e,1,2,0,1.0177766904020782
aaefeff0,1,3,3,0.7290511140966339
ab2ad965,1,1,0,0.11121752734123536
ab36aa48,1,1,2,0.4238808488784234
ab4b6c15,1,2,1,0.8304061139614206
ab4fe82b,1,3,2,0.6856812276706162
ab54c39e,1,2,1,0.682732605377016
ab5889ef,1,2,0,0.14729728418276533
ab6e1b81,1,1,0,0.1960609098268763
ab8245da,1,1,2,0.4261430033644944
abaf745c,1,2,0,0.24408808658482584
abb3b071,1,1,0,0.49229979098188986
ac1ad4a7,1,3,0,0.1911047973088355
ac31e154,1,3,0,0.43578677260389265
ac3ba541,1,2,0,0.18690992507682713
ac5fad3b,1,1,0,0.17100408735757094
ac66c144,1,1,0,0.0033161700449755305
ac675a81,1,1,1,0.3938608914608891
ac67c949,1,2,0,0.14312125361233818
ac967bb9,1,1,2,1.0502385995609245
acb75c15,1,2,0,0.6269452748855388
acde8e47,1,1,1,0.7233648554547463
aceefa4f,1,2,1,0.8423840160020161
ad0bbf35,1,2,0,0.16078548969805484
ad1dfc9a,1,2,0,0.9740756304701914
ad319a21,1,3,1,0.781296146416864
ad380962,1,3,0,0.20535768490539652
ad536dea,1,2,1,0.6341391843538247
ad8189bd,1,2,3,1.0507161221871613
ad8945e3,1,1,1,0.5742954601522898
ad9f821d,1,2,0,0.7079760635960457
adaf7461,1,1,1,0.6205886592994116
adba23f0,1,1,1,0.45661401396381485
adbd6839,1,1,0,0.36212344209344893
adc2d620,1,2,0,0.3188829568877598
adc71322,1,2,0,0.5659896156492031
adf444ff,1,3,1,0.5416640996280488
adfef47a,1,3,0,0.12742074672049425
ae4fdae6,1,3,2,1.1566589945883663
ae6e4380,1,3,0,0.3216881842726205
ae712150,1,2,0,0.7145184237527484
aea63a78,1,1,0,0.3426277067231343
aecc7e74,1,3,2,1.2231416175809349
aed29ee7,1,1,2,0.798615288939693
af1c2775,1,3,2,1.2751487394622707
afa6cc9b,1,1,1,0.7034936007300251
afa92c37,1,2,1,0.7986308442180916
afae8244,1,3,1,0.2786460172361776
aff48273,1,3,1,0.7265767377553434
b01cb004,1,3,0,0.2725487854920106
b074f33b,1,2,0,0.45895720596236167
b08423c5,1,3,1,0.8705288702071075
b08f0ca4,1,1,1,0.07710749986704157
b092b360,1,1,0,0.6352786893899394
b0b57cb7,1,1,1,0.4871309947321383
b0e96997,1,1,1,0.45181332180036304
b120a337,1,3,0,0.4081944155301284
b1883100,1,2,0,0.11657956826771865
b1bc2fe4,1,3,0,0.11948448272181605
b1f064ac,1,1,0,0.6925681990397428
b21f7b12,1,1,1,1.1807206555491432
b2290813,1,2,0,0.9511914991011611
b2382d94,1,1,0,0.1397218419771184
b2594910,1,3,0,0.50514789202402
b25abc27,1,1,2,1.2584336674675112
b285eac6,1,2,2,0.26199944985072776
b2a73566,1,1,0,0.7755059028023489
b2b56219,1,1,1,0.67987644235149
b2b792a7,1,2,0,1.184517970612461
b308c03e,1,1,1,0.6910540984102341
b347b9cc,1,2,0,0.2666348160608786
b37281d5,1,3,2,0.45495710686498325
b39504a7,1,3,2,0.8426623871101415
b3b200af,1,3,0,0.39527202999687916
b3d74a58,1,3,0,0.055031982238004984
b3e10f59,1,2,0,0.12180685877966335
b3e14267,1,1,0,0.864703192306195
b3f5c066,1,1,0,0.4784787705193035
b4002374,1,3,1,0.9618624876083353
b41cee02,1,3,0,0.4632421102835802
b447e66d,1,2,1,0.268501220373102
b449ac61,1,3,2,0.8212069328314848
b452f767,1,2,0,0.3527067790165317
b463e777,1,1,1,0.1998763754853422
b4885e6f,1,1,3,0.8261601417340629
b494401a,1,2,0,0.6967941752493291
b4bd49a0,1,3,1,0.17137915934820375
b4e69f09,1,1,0,0.13628494208449388
b516ca6f,1,3,0,0.4619761674338914
b53a8f23,1,1,2,0.47897334629307403
b55f7943,1,3,1,0.6098040345717641
b57e33a6,1,1,1,0.08948662907381094
b5a0707a,1,2,2,1.0343668234806005
b5b2d51c,1,1,0,0.35637899195158346
b5c2bc50,1,3,0,0.310822784946927
b62a320b,1,2,1,0.32954679940342174
b69bf1f7,1,3,0,0.6037413566658116
b6af12af,1,2,0,0.43899373719682716
b6caa7fb,1,1,0,0.32604449603270497
b6e9a65f,1,1,0,0.1817993730813876
b712b69b,1,3,2,0.9726629644765292
b746cbe3,1,2,0,0.18393163159104314
b7a61f8d,1,3,0,0.19528366981215228
b7ac57d5,1,2,1,1.158956574588073
b7c3834f,1,3,3,1.2057349888081954
b7eb466c,1,2,0,0.6222389831935637
b802aec3,1,1,1,0.9090595160742647
b816d8d5,1,1,0,0.5205571306296096
b823508b,1,2,1,0.3441377136713424
b84754a9,1,3,0,0.4977997680573567
b89537ae,1,1,0,0.41697369731991485
b89b8154,1,1,0,0.4858715965987469
b8b48fbf,1,2,0,0.45842683259644185
b9318815,1,2,1,1.1259296703300767
b95aad8d,1,3,2,0.8424416259294765
b95da85d,1,3,2,0.5784610631476818
b96e3324,1,3,0,0.06775098563861359
b9c085ab,1,1,0,0.6509952737806539
b9cf3f7c,1,2,1,0.9320434332008143
b9d3616c,1,2,2,0.8677488524317698
b9dcf632,1,2,0,0.21457685311228286
b9e90f7f,1,2,2,0.9361986502984619
ba09d63f,1,3,0,0.529034161106447
ba158a9c,1,2,0,0.6228114136094023
ba4294b3,1,2,0,0.551130008964768
ba73bc7c,1,1,1,0.9131920180804545
bafc4389,1,1,1,0.26751671455828785
bb0d7d92,1,2,2,0.9247104093175398
bb4821ee,1,3,1,0.5588059224959537
bb808a71,1,3,0,0.8861269182426197
bba6ff20,1,2,0,0.6083730773638208
bbbd61c9,1,1,0,0.06225679452977295
bbe5bedd,1,3,0,0.33263040143413347
bc06600f,1,3,1,0.7608023718689896
bc437705,1,1,0,0.15685276047364094
bc4eaf77,1,1,3,0.9102724501766586
bc66f41d,1,3,0,0.5202233762415763
bc6bd8b2,1,3,0,0.320731208824726
bc790ce0,1,3,0,0.5784729534617364
bc95339a,1,3,0,0.3359834084942198
bccebc5a,1,2,0,0.5558967461030834
bce32ada,1,3,1,0.41342580160857967
bd124dbc,1,2,1,0.5709373694122503
bd480331,1,3,0,0.5178378620223848
bd4ccd4c,1,3,1,0.5871152584668979
bd8397cb,1,2,0,0.7960439554061787
bdbdc4b5,1,2,0,0.41561212631538647
bdbff28b,1,2,0,1.0117949324304694
bdcc7d10,1,2,0,0.23848019667547793
bdcddd09,1,2,1,0.6055604239562602
be1c3b0e,1,2,0,0.8945523277518717
be26335a,1,1,1,1.009111556637862
be9ba5f7,1,2,0,0.9230790238230271
be9e9a8e,1,1,0,0.5005851566329069
bea525dc,1,3,0,0.6249628881097609
beafa6f9,1,3,2,0.7764819458561304
bebff291,1,1,0,0.1159965498873698
bedeb6f3,1,3,0,0.1917139627451373
bee4eab0,1,3,1,0.7123839279532767
bef259fd,1,2,1,1.0235725904816424
bef89ce4,1,1,0,0.28726284143397335
bf18965c,1,2,0,0.4331753318469106
bf280e13,1,1,1,0.7201665605668739
bfade1ba,1,3,0,0.22817536119806442
bfb421f9,1,1,2,0.7414603635778156
bfb52472,1,1,1,0.9325856225139899
c03c0758,1,2,1,0.22213755322315498
c0442863,1,1,2,1.034969670028845
c0869eb0,1,1,0,0.3546764687765934
c087b48a,1,3,1,0.976021615807869
c0a7d046,1,2,0,1.0558731682705313
c0c168fa,1,1,0,0.2037686240592746
c1200b71,1,1,0,0.13365297134629883
c1373df0,1,3,1,0.292092576632146
c192715a,1,3,0,0.8508826553777729
c1add876,1,2,1,0.5259199290820559
c1ed20ef,1,1,1,0.4586219963332318
c24c877a,1,1,0,0.037946241497465505
c274a243,1,2,0,0.1669665005071122
c294b507,1,3,1,0.5489253903324348
c2adf42c,1,2,1,0.8428314811076854
c2b40d6f,1,1,0,0.4528350247263949
c2bac6ad,1,2,2,1.0365650169167266
c2bac92a,1,3,0,0.7660161791285631
c2e15338,1,3,2,1.446152226840495
c3061b23,1,2,0,0.7164473074439559
c308b134,1,2,3,0.887504915735745
c30f5122,1,1,2,1.2238453398325773
c31a5825,1,2,2,0.27997602174549696
c35218d4,1,3,0,0.3097090924038574
c3760eb9,1,3,0,1.195853535171893
c37ef416,1,1,0,0.4342152560429338
c38585c5,1,1,1,0.4284795990718442
c38a5c9b,1,3,2,1.1420469396666153
c391e9c0,1,2,1,0.5250056545723557
c3a86e3e,1,2,1,0.32778827892367574
c3adae87,1,2,2,0.8479230915796034
c3b87e5c,1,2,0,0.2937010055727689
c3dde859,1,3,0,0.3248830286918342
c409bc9d,1,3,0,0.09282532579485814
c41274a7,1,3,0,1.2178301745111946
c418e47a,1,2,1,0.9562713344053745
c42b7972,1,3,0,0.6680513837641958
c43b985c,1,2,0,0.4132726301524381
c446e1c5,1,2,2,1.00772437611232
c45068a1,1,2,1,0.9694741997755418
c459095b,1,2,2,0.963559413187888
c4aa8d47,1,1,0,0.12676576968928072
c4c2076b,1,3,0,0.17601232956632273
c4c86e6f,1,1,1,1.0645070437971744
c51c1139,1,1,0,0.2317028687234668
c55187b4,1,1,0,1.0799463850701416
c55cc646,1,2,3,1.0468713820941482
c5c891c1,1,3,0,0.532368586350342
c5e91ebc,1,1,0,0.4791570303578682
c5f3d60c,1,2,0,0.12398126683087907
c6287031,1,1,1,0.8567867019750299
c63f1965,1,3,0,0.3839766100464363
c678730b,1,3,0,0.31792295635230317
c68c9809,1,1,1,0.61825585867015
c69ffa09,1,3,0,1.1829008541158217
c6a92a65,1,1,0,0.22508129472913574
c6b7811e,1,2,2,0.46317137813029235
c6cc7467,1,3,0,0.6282929098640908
c6da0d4b,1,3,0,0.3847787676911822
c6ead822,1,3,1,0.9049733040092252
c715832b,1,3,0,0.5209357253652785
c731458f,1,1,1,0.8083747614319543
c73dd2e4,1,1,0,0.5287288330659123
c73f149c,1,1,0,0.40855409412402555
c7d61396,1,3,1,0.47328154341820977
c7d9e964,1,2,0,0.3214742513956748
c7fd8939,1,2,0,0.23070971650367345
c805ebe7,1,3,0,0.09825913406993775
c829500d,1,2,0,0.3120176254947726
c892f324,1,1,0,0.1991100324138761
c8cc2e1b,1,2,0,0.3222916668083296
c8fbbc8a,1,3,0,0.6143752951811897
c9133895,1,1,1,0.5720913021182863
c9537127,1,1,0,0.648412694573094
c96b9609,1,1,0,0.13259897219300465
c98527f7,1,2,0,0.2680763202254194
c9879365,1,2,0,0.6107137431849579
c9902f48,1,1,1,0.3897451076273097
c9a57335,1,3,0,0.16688775570050574
c9ad9c75,1,3,0,0.9126921608497366
c9dabad5,1,1,0,0.48971772404144465
c9e419e7,1,3,0,0.32564452843054165
ca1bdcd3,1,2,0,0.28009938165601633
ca3204b0,1,3,0,0.6511308572845862
ca33a5e7,1,3,2,0.378902494732532
ca724703,1,1,0,0.5462105816460713
cac0f438,1,2,0,0.34436135288755765
cad3bc70,1,3,2,1.0060393768634164
cadd4ae5,1,3,0,0.3289351371623086
cae31194,1,1,0,0.3165824844429368
caec8d59,1,1,2,1.064108126804992
cb054226,1,3,2,0.4968248264639528
cb2752bc,1,2,1,0.9642605277334393
cb3b7c3c,1,1,1,0.9129339168378432
cba1c8b5,1,1,0,0.7429683346633842
cba39753,1,1,0,0.7720493422478132
cbb1ddec,1,2,2,0.530823007518876
cbca33a5,1,2,0,0.5032299197817269
cbcf8cf2,1,1,0,0.610371662269414
cc010b72,1,3,0,0.1611555978078852
cc16d472,1,1,2,1.0844398604662704
cc224be2,1,3,0,0.44170759713866004
cc25e136,1,3,2,1.1085994929597285
cc477243,1,2,0,0.5462320294190954
cc5143df,1,3,0,0.4980083239982674
cca40abb,1,3,0,0.09583131738982803
ccc9db97,1,1,1,1.3706335889662884
ccd0fe74,1,3,2,0.607685557479024
ccd3cb96,1,2,0,0.25583900414162264
ccdb4ae5,1,2,0,0.40555765601187344
cceddb57,1,1,0,0.8794053306987575
cd144127,1,1,0,0.4080690848865304
cd1fff5a,1,2,0,1.248866527910913
cd36e51d,1,1,2,0.9886259311871849
cd39e576,1,1,0,0.5701044856131778
cd68643b,1,2,0,0.12670287752950155
cd703872,1,1,0,1.0902577922777463
cd89d5f1,1,2,0,0.8373615723384042
cd8ec8ac,1,2,0,0.5705855485202179
cd8f3c61,1,3,0,0.20666056981215775
cd92eaf6,1,3,0,0.3502582569311451
cda90e9e,1,2,0,0.7695669796043405
ce031b1b,1,1,0,0.41549483107903207
ce379a6a,1,3,1,0.7461783116589227
ce6eeadf,1,1,1,0.9045507232110163
ce95b2e1,1,2,2,0.9460746939121705
cea35700,1,3,0,0.3355700223266779
cea73edd,1,1,0,0.46175591032344115
cedf96c5,1,1,0,0.35517242692889833
cefdb7fe,1,1,1,0.9701530103934073
cf0d6d38,1,1,0,0.2574886297376083
cf2e4065,1,2,2,0.4137506237871161
cf86987d,1,1,2,1.114715294704499
cfbbdd3d,1,2,1,0.6320256843164583
cfcf9dc9,1,2,2,0.29610567365978546
cff4bcee,1,3,0,0.24719569872320202
d00b493e,1,2,0,0.599788214399684
d0429481,1,1,3,1.3415488741105246
d05f5d71,1,1,2,0.697165730369466
d0ef0744,1,3,0,0.9146396129910472
d11428bd,1,2,0,0.7184638034564182
d1145910,1,2,1,0.9751754021292313
d14d79b5,1,3,0,0.3346765885781786
d19e1025,1,1,1,0.4986676267032066
d1a38988,1,2,0,0.3655186476991925
d1aa6625,1,2,0,0.43020886722745555
d1aafc4e,1,3,1,0.9444858666207973
d28f0d44,1,2,0,0.5655402772333823
d2b84f45,1,2,1,0.9175595862726961
d2bcca68,1,1,0,0.4751677591284989
d2d9b474,1,3,0,0.7172291700296689
d2fcde50,1,2,0,0.33121929580190235
d3b860ab,1,2,1,0.1284715891325497
d3bf6d28,1,2,1,0.8323922342193426
d3e45961,1,2,0,0.5611886948954757
d3eda827,1,1,0,-0.009048677272905703
d4337a28,1,2,0,0.24728573612810462
d445fb74,1,2,2,0.784063509918369
d45bae93,1,1,0,1.135394850011795
d476f528,1,1,2,0.8050133018483079
d4a81b97,1,1,0,0.7463025186711645
d4b935f8,1,3,0,0.8468235298524467
d4bfc83f,1,2,1,0.1526940243908616
d4c2e9a1,1,1,0,0.21091699706273642
d4d2f272,1,1,1,0.7760945063510359
d4d9f7f9,1,3,0,0.3202941445611052
d4f3e585,1,2,2,0.9899802067932445
d506f4c7,1,3,1,0.8428398306879478
d50a8c3c,1,1,1,0.8522952824036579
d53ead5c,1,2,0,0.49929321901506074
d547d0da,1,2,1,0.4866077488062414
d565ccf6,1,1,0,0.5674436480108406
d57802c5,1,2,0,0.3708126507026215
d57f6c9e,1,3,2,0.9322452362849099
d5a8d9b0,1,3,2,0.9256598910040965
d5b089a4,1,2,1,0.707295119980682
d5fb07d2,1,1,1,0.7966700428957418
d61359ee,1,1,0,0.04654198935318621
d6251195,1,1,0,0.11774462906129107
d661ddf7,1,3,1,0.5637654491832547
d6723b39,1,2,0,0.3372464511324338
d6add300,1,3,1,1.1123773271609765
d6be0a92,1,3,2,0.48038088231225307
d6c4d9eb,1,3,0,0.5177368561369323
d6cca65e,1,3,2,0.7851469833543481
d74e4d7c,1,3,1,1.224185984196528
d766a1c8,1,1,0,1.0115080305450599
d77ac332,1,2,2,0.980271078551405
d788a6a8,1,1,1,0.20892757523101924
d78f437c,1,2,0,0.1635002795527628
d791703f,1,3,1,0.9780285535096152
d7c063b4,1,1,1,0.21513289388375478
d8037389,1,1,1,0.9274292079259365
d80b8bb6,1,1,1,1.3264015271270222
d8196954,1,3,0,0.19386870300718428
d81f28d3,1,2,0,0.2355744757084685
d82e9b87,1,2,0,0.14019026070028162
d859115e,1,2,0,0.7554724234591448
d87d3d03,1,2,0,0.41161563482717856
d87e2d01,1,2,1,0.9505787147782867
d90900e1,1,3,0,0.3263469173379326
d94c91bf,1,2,0,0.3091779048363232
d980da40,1,2,0,0.12695231615997982
d98be7a1,1,1,0,0.09699205264321287
d9ae9a13,1,2,1,0.8552982222097436
d9c82502,1,2,2,0.24657192956214602
d9eb30bf,1,2,0,0.9445246473704356
d9f16cd2,1,1,0,0.4161512874539129
da19c97e,1,3,0,0.16321540164728687
da1b21b1,1,3,0,0.14099430527393098
da5a8921,1,2,0,0.1962091990977617
da94e67d,1,3,2,1.1532061056879463
daa9b0aa,1,2,0,0.21122246728010646
dacfdb2c,1,3,0,0.1950446679605411
db175ab6,1,1,0,0.2409063055718681
db23fbe4,1,2,0,0.6649316278567623
db38d1f9,1,1,1,0.7320984202274964
db3b1dd1,1,1,0,0.2920010338851983
db49ac7c,1,3,0,0.7950881698990797
db609511,1,3,0,0.07812716380511342
db746de0,1,3,0,0.7485070497303234
db9353fd,1,1,0,0.2586878610867894
db9eae59,1,2,0,0.7431475529747974
dbfa6d84,1,1,0,0.16974897400322964
dc168599,1,1,0,0.3364179159783965
dc33dcef,1,1,0,0.5440868740539572
dc52906a,1,2,1,0.3620199948585048
dc6870da,1,1,0,0.4014232844096083
dca065be,1,2,0,0.25034542142960103
dcd2586d,1,2,0,0.6399799756315027
dce2a54d,1,2,1,0.4108550007136291
dcfcd574,1,1,0,0.4726003166780572
dcffa5d6,1,2,0,0.35148653423079645
dd02cfa1,1,3,1,0.3963130862907033
dd6679a9,1,2,1,0.9684715525464012
dd689eb0,1,3,0,0.10585025344113913
dd747bba,1,2,0,0.2854071327930033
dd9c9576,1,3,0,0.37501869578308633
dd9ce3c4,1,1,0,0.4785357274176807
ddd0cb12,1,2,0,0.318146775004052
dde82df7,1,1,0,0.18945377059866275
ddfddd87,1,2,2,1.14864164021302
de3750cc,1,2,0,0.15077941878089635
de3ecca9,1,1,2,0.7821758682058566
de6797db,1,1,0,0.30949355349389795
de91310c,1,1,2,1.194144958525042
de961552,1,1,1,0.23785650013497384
de9fe1e0,1,3,2,0.9807008592677214
dea0552b,1,1,1,1.0206355692366023
dec9056d,1,3,0,0.11017776156376818
dee9eb9c,1,1,0,0.6775949789889893
df4a0fee,1,2,0,0.4422847777440755
df4d2085,1,2,1,0.5082356008616005
df98fbb4,1,2,2,0.7141200179791635
dfaa2a59,1,3,0,0.26586018424754543
dfd87763,1,2,0,0.2867827463518898
e016d96c,1,2,0,0.49345001460692683
e0271395,1,1,0,0.2502740987591998
e0283d3d,1,2,0,0.14122245544452822
e0655da2,1,3,0,0.26224497572427136
e0706ce2,1,2,1,0.37865503416598145
e072b994,1,1,0,0.030379774764836442
e0736134,1,1,0,0.35585420865267603
e0767d64,1,3,2,1.0140390482680295
e07fa0b1,1,3,2,1.0890246723978012
e0869709,1,1,2,0.8637030812214286
e0a7f42a,1,2,1,0.7234611578219674
e0ad6550,1,3,2,0.3013463401806914
e0c4e965,1,3,0,0.561503272156998
e0e35d4e,1,1,1,1.1238509190952586
e0eb3ea8,1,1,2,0.6293394879482986
e0fb3838,1,2,0,0.08117654308049665
e12c2944,1,2,2,0.8143324001704437
e16a4784,1,1,3,1.2864800581538667
e17b9cae,1,2,2,1.0932725941333805
e1958a83,1,1,0,0.039992920954048605
e199d438,1,1,1,0.9082754572403001
e1a4575f,1,1,0,0.3338561557683766
e1af39f8,1,3,1,0.4798421067195277
e1ccc3d1,1,1,0,0.2401055014016405
e1ea8dd7,1,2,0,0.7259389795985179
e21255e2,1,1,1,0.7042286495635983
e22cf08a,1,1,0,0.28112334512851805
e23a8a0a,1,1,0,0.6281715773848697
e243119c,1,3,0,0.4549363999535324
e252dcb6,1,1,2,1.321859303561253
e25f7b9a,1,3,1,0.22256829120262356
e28c0bfa,1,1,1,0.807123603744954
e296c5e4,1,3,0,0.17592891028472124
e2cb8401,1,1,0,1.2259305544638845
e315fdd7,1,2,0,0.9314850716031031
e318ec9a,1,3,0,0.23806613528374154
e328a032,1,1,0,0.6167801216544366
e34b9430,1,3,1,1.172081740195423
e3a6f97f,1,2,1,0.8933398720494572
e3aa85a3,1,3,0,0.3931688896376752
e3aa9dcb,1,1,1,0.9107400395464315
e3af914a,1,3,1,0.6200273895968481
e3bb3735,1,2,1,0.8666376973767017
e3cec795,1,3,1,0.29720231508039213
e3d5aab8,1,2,0,0.11811974340166809
e3f71f7a,1,2,0,1.185439019987143
e40319d7,1,2,1,0.5774445664939392
e4614ec6,1,3,1,0.22194975248314935
e4762a2b,1,3,1,0.7917595910690496
e4a2e3bc,1,1,2,0.46465802325114547
e4ab3b12,1,1,0,0.20336423769506523
e4c008b9,1,2,0,0.3607350254488253
e4d396d7,1,3,0,0.2833100071035766
e4db6712,1,2,1,0.4503071576705505
e4e58096,1,2,0,0.5163198263635174
e51193d1,1,2,2,0.2607270951879242
e515c971,1,1,1,0.5900433269841915
e5349ce2,1,3,0,0.20972627307709585
e537418f,1,2,1,0.9507459089498507
e56b2209,1,3,0,0.34327187290093564
e5d77ff3,1,1,1,0.7038344160676182
e6169c6d,1,3,0,0.2927263440404131
e63000c5,1,1,0,0.08254396013611659
e63a0ea8,1,1,0,0.10898188022944022
e664dd71,1,2,1,0.10773502180339989
e683d2c9,1,2,1,0.8278452703264431
e715739b,1,2,1,0.6319675963619042
e71f347e,1,1,0,0.9452509779229044
e72af462,1,2,1,0.7783116768287006
e739c579,1,3,1,0.9914647261233469
e7401605,1,3,0,0.219465565267076
e754411f,1,1,0,0.9281568613902844
e79487a3,1,2,0,0.3034980333092779
e7bbb32e,1,2,1,0.7149571017743357
e7d08824,1,3,0,0.9048009714661076
e7db432d,1,3,0,0.978512578128061
e7db9aef,1,2,2,0.7274061519987521
e7e43817,1,2,1,0.22936837435111374
e7ee0921,1,1,0,0.08897943287511056
e86bb780,1,3,0,0.17066379581162255
e88aa867,1,1,0,1.3363576427937196
e892aec6,1,3,1,0.19195935171250428
e8ac21d2,1,2,2,0.8341766508228561
e8af663d,1,1,0,0.5393514493198412
e8d9d5ea,1,1,0,0.6481265726632668
e8e82627,1,1,0,0.5297170715859052
e9030ab7,1,3,2,0.9704233111662002
e90a63d0,1,2,0,0.4285482773392995
e912c973,1,2,1,1.1283271259329464
e934bf0a,1,2,1,0.6140356914133555
e96763c1,1,1,1,0.7005572609496233
e96da61f,1,3,0,0.2599761510388122
e9a6c514,1,3,0,0.33666105849728684
e9b642a3,1,1,1,1.1569553540003672
e9d94c4e,1,3,0,0.43706429949260706
ea38bd63,1,3,2,1.4228743164045508
ea4619ec,1,1,0,0.5321625474858533
ea7277b4,1,3,0,0.4018466225940861
ea7adcd6,1,1,0,0.9021766304263934
eaa4821d,1,3,0,0.15895094760292583
eaab7a96,1,1,0,0.7593982697192879
ead25f13,1,1,1,0.3845791815600468
ead871be,1,1,2,-0.0031125856326557066
eaedb188,1,1,0,0.6513726017245751
eb00abb3,1,3,1,0.12568323669842418
eb891208,1,1,0,0.6974548176474148
eb90ee20,1,1,0,0.4573141515521491
eb93a46a,1,1,0,0.27024569063399206
eb9a846d,1,3,0,0.4403569827721908
eba27772,1,3,0,0.09524367046593651
ebd15fdc,1,3,1,0.7870011260718885
ebd6f819,1,2,1,0.9171776345187426
ebf2b0c9,1,3,0,0.5516745620050248
ebf30e46,1,2,0,0.7142848570950344
ec015bbb,1,1,0,0.15232717485881853
ec0f4afa,1,2,0,0.4175284545036853
ec220299,1,2,0,0.6854333420069285
ec4a1461,1,2,2,1.0658152724448704
ec65cd62,1,1,0,0.49727662413446394
ec6b57b4,1,3,0,0.6778049620833053
ec890dbd,1,3,1,0.5242235051968347
ec8f8f95,1,2,2,0.7699157454188328
ec9044f5,1,1,0,0.6506811741748685
ec9179b7,1,2,0,0.13545012572790432
ec9195be,1,1,0,0.5670731417459416
ecbdbe55,1,3,0,0.1632345605794691
ecd22509,1,1,2,1.217594757304119
ecd25dd1,1,1,0,0.8744834398121304
ed329c15,1,1,1,0.866511235712216
ed50a6f6,1,1,2,0.6987615048665607
ed61b01e,1,3,0,1.0444246696555974
ed711416,1,1,1,0.37883189657596394
edb86a64,1,1,1,0.6267532802758129
edb9d0f3,1,1,0,0.36444075580415936
edbf35f3,1,3,2,1.3102172074430949
edc44560,1,3,0,0.7495034438676711
edca760c,1,2,1,0.5446072972771363
edeec50d,1,2,0,0.2954725334525924
edfe1f8d,1,1,1,0.8331023255962811
ee0fa75a,1,3,1,1.1296534486490506
ee21612e,1,2,2,0.7378140813500821
ee2bf575,1,2,2,0.871114320013999
ee4e9eed,1,2,0,0.35387364280364475
ee67eb55,1,3,0,0.28295021594664294
ee74be35,1,3,0,0.4509219752566245
ee7de96c,1,3,0,0.08571478072102062
eea74d46,1,1,1,0.22673931903402794
eec0d188,1,2,0,0.3415408409562686
eef79620,1,1,0,1.0119418001421354
eefeb431,1,2,0,0.8983285171184608
ef07f833,1,2,0,0.13228358697995124
ef1b858a,1,2,0,0.2290579234318582
ef4ae515,1,3,0,0.08355570641526516
ef58dd3c,1,2,0,0.7864296610806587
ef9617e7,1,2,2,0.5877261695987399
efa35d35,1,1,0,0.2857077239761882
efcef0d6,1,3,0,0.7595941495402282
efedde24,1,2,0,1.2354204217275164
f015a18c,1,3,0,1.1148912931765342
f028534c,1,3,0,0.6328236519186887
f0356a48,1,1,0,0.38313680724204335
f08a5ac3,1,3,0,0.7185838024730615
f0957ca1,1,1,2,0.7057150023374428
f09a076a,1,2,1,0.869733680716648
f09b02cd,1,2,0,0.46898096217496005
f09e7b33,1,2,2,0.8547312170179222
f0b5d026,1,3,2,0.6690870369027414
f0d76b32,1,3,1,0.6544478532225371
f0ed5690,1,2,0,0.42197505883191055
f0f3e41f,1,2,0,0.7792799721708419
f1049268,1,3,1,0.7359385538259444
f13cb65e,1,1,2,0.7676716598771036
f14e55d7,1,1,0,0.6487696301123986
f15dca1b,1,1,1,0.6397621135732879
f1702318,1,2,1,0.5197254559053894
f1a16e58,1,3,1,0.6436972016865465
f1baabc1,1,3,1,0.2942052238399716
f1baae47,1,2,1,0.7258574447391253
f1bd0f59,1,3,0,0.6961810591046101
f1ed2e85,1,1,0,0.38460624136749133
f220a837,1,3,1,0.9653678651781757
f2260009,1,2,0,0.47082576705245094
f240387a,1,1,1,0.48346933568516703
f2499682,1,3,0,0.3138701789947698
f2649b91,1,2,1,0.8072818348576896
f29d4094,1,3,1,1.1646079323349854
f2d4efd8,1,2,2,0.8883799648976887
f3020788,1,2,2,1.0950966953445487
f32a9580,1,3,0,0.35925084195386936
f3600deb,1,3,1,0.4094515765599991
f3a1dd3b,1,3,1,0.6480720384601415
f3d22832,1,3,0,0.4709236112015576
f3fbe6c9,1,2,0,0.8527284434715623
f4114031,1,2,1,0.79963178288735
f420b05a,1,3,0,0.12844251943772772
f4223e3a,1,3,2,0.43042589665128683
f44f1227,1,2,0,0.474878331859073
f47a67cc,1,2,0,0.12692025600829854
f47abc42,1,2,0,0.45823432462803887
f497dd7b,1,3,0,0.4368167345191276
f4d2f5af,1,3,2,0.6999070231648232
f4ece6b5,1,3,0,0.12664914809338518
f52a2597,1,1,0,0.5545978478153867
f5369cea,1,1,0,0.08005414119489718
f54eebeb,1,3,1,1.0751877775658853
f566e5cc,1,1,1,0.7904327295549423
f567a1af,1,3,0,0.19732521877778736
f57de847,1,3,0,0.6272616485069616
f584742f,1,3,1,1.070336101754016
f58ddd4a,1,3,1,0.4902647010045508
f5ad7abc,1,3,0,0.160962689449635
f5d4c82e,1,1,1,0.760946769117695
f6284dcb,1,1,0,0.4783616354272385
f62b317d,1,1,0,0.8470891395890146
f64ae747,1,2,2,0.8542491515743332
f64e1d85,1,1,2,0.22349917117807694
f64f877b,1,1,0,0.31788695031866165
f67908e7,1,2,0,0.3360265025605378
f68f158d,1,2,0,0.6694397444369281
f6b719ee,1,3,0,0.1948877940538684
f6c0e2b7,1,1,1,0.9633575835253274
f6c20447,1,1,0,0.19315469432689625
f6cc80a9,1,2,0,1.2622829928204857
f6d6f400,1,2,0,0.978079338146868
f6d879aa,1,1,1,1.048572178148563
f74c45c1,1,3,1,0.8750774839669828
f74eda33,1,1,2,0.8368103144189352
f75c957f,1,2,0,0.12166149207344268
f77c2636,1,1,1,0.8316275096343796
f7b1374e,1,3,1,0.8284083161961533
f7fc97cf,1,1,0,1.0702439329615792
f804c9f3,1,1,1,0.8115476682461489
f81598bf,1,1,1,0.643001861415698
f817f33a,1,1,0,0.14305271575664136
f848f42b,1,1,1,0.40373214273897434
f8674e15,1,1,1,0.5883097332406224
f869d220,1,2,1,1.2420656799978635
f8b08332,1,1,0,0.4550381563368124
f8b36382,1,3,1,0.43425345325615916
f8d293a0,1,1,0,0.15724825752691052
f8e3467e,1,2,1,0.4752648681396206
f8ff0bc8,1,1,0,0.8799437271705364
f922ae21,1,1,0,0.6405617109922785
f93010a8,1,1,0,0.446355061636202
f9334e08,1,1,1,0.06371927791242205
f9897bf1,1,2,1,0.2258306543746878
fa293db8,1,2,0,0.42848679582783034
fa29ab47,1,3,0,0.14591702423764297
fa34f945,1,3,1,1.1644462799975681
fa3e1e21,1,3,0,0.2994519671648319
fa472647,1,2,1,0.6759637409576336
fa4f0329,1,2,0,0.40936163747384313
fa633e39,1,2,0,0.6950583835005559
fa78d819,1,3,2,1.2773172641202053
fa9a0add,1,3,0,0.11594276509739682
fab75c2c,1,2,0,0.27236515069084866
fad07fce,1,3,0,0.4932813916858471
fb04f7dd,1,2,2,0.26823872471414845
fb22e454,1,3,0,0.8136102602336903
fb2c4db6,1,3,0,0.07230904693043028
fb3c2c87,1,2,0,0.44457531121109367
fb9b060f,1,1,2,1.332582510141317
fb9c5a33,1,3,0,0.45909285818982537
fbbd97b1,1,2,0,0.5340567342085011
fbda3966,1,2,1,0.6475323734146011
fc1912e3,1,2,1,0.7400557464166466
fc41be2f,1,2,0,0.1490217727976087
fc49ba65,1,3,0,0.1707559368604341
fc8e4de4,1,3,0,0.35488073138138715
fcc6347f,1,3,0,0.3580770739068573
fcd9a6bb,1,1,0,0.18888354438360722
fd028ecc,1,1,0,0.37688423389202375
fd0d9bca,1,3,0,0.05210674221556211
fd3448d9,1,2,2,0.5095792474353805
fd56e059,1,2,0,0.3070829258587881
fdb6b48b,1,1,0,0.5517624687662265
fdd9799f,1,2,1,1.1369601160257259
fdea7d9e,1,3,1,0.9592098461883747
fe102a25,1,3,1,0.42980202643634263
fe2bc235,1,2,2,0.7515938212021553
fe3cbf02,1,3,0,0.19728263420730813
fe5e2dc9,1,3,2,0.4686601323833623
fe6afaf9,1,1,0,0.5340689089224467
fe9c71d8,1,3,0,0.22944798619178886
feb53635,1,3,2,1.4786514402636546
fee07f32,1,3,0,0.2518654580258191
fefaffe0,1,1,0,0.5950089503939587
ff18b749,1,1,0,0.4775172422620351
ff60112d,1,1,1,1.326406900274498
ff6c2bb8,1,1,0,0.3887881670945862
ff8a2de4,1,3,1,0.8375333967258219
ffcd4dbd,1,1,1,0.9797115064039943
ffed1dd5,1,1,0,0.7494227682655267
00008ff9,2,2,2,0.581794664798731
000fd460,2,2,0,0.33079932464342154
00105258,2,2,0,0.4552822406508935
00115b9f,2,1,1,0.2706754103832703
001f3379,2,3,1,0.6776128545611869
00abe655,2,3,0,0.5098308090450758
00ae59c9,2,1,1,0.7228619141203723
00c0cd71,2,1,2,0.3344207875001506
00e6167c,2,2,0,0.6535132149540503
00f332d1,2,1,1,0.8638159608904988
00f574e9,2,3,0,0.812020647782667
01085eb3,2,2,0,1.1261187211177326
01182ce3,2,3,2,1.3584855044411523
011e71c3,2,2,0,0.8346895176274052
012e3869,2,3,0,0.14027768509979
014c303e,2,3,0,0.4177039184988425
01cae1ef,2,3,0,0.7183582399253652
0219f64a,2,3,2,0.5983246121804793
02347f13,2,1,0,0.9750189824892093
026102c4,2,3,0,0.14415578218953146
02648a1c,2,1,0,0.670152152022371
029a19c9,2,3,1,0.7716969289593288
02c4cf7f,2,2,1,0.41901782606866533
02cebf33,2,3,1,1.1196969387708364
02dcf62a,2,3,0,0.41407215578426826
02e56a7c,2,2,0,0.36357746672239954
0347462d,2,1,1,1.1683110363537932
0357a10e,2,1,1,0.35376832744816666
035c96dd,2,1,0,0.5196944757248814
03833cec,2,3,0,0.26211249173966905
0391e587,2,2,2,0.5461036282659938
03a5c2d6,2,1,0,0.6097215468119507
03a9019b,2,3,1,0.5444373337404884
03bf5026,2,3,0,0.4538491593768128
0417c91e,2,2,0,0.06210191708373791
04370442,2,1,2,0.31177632389727145
0471236c,2,3,0,0.16396093073295398
0499c3e8,2,1,1,0.7319469811556383
04ad419d,2,2,0,0.45626148553186374
04afb6f9,2,1,2,0.7362962480109404
04b3cc70,2,2,0,0.4616375700880371
04bb1a76,2,1,2,0.6446825066751074
04d06a9c,2,1,1,0.6711217538343234
04dc7df1,2,3,1,0.36287642158181793
04f094a8,2,2,1,0.5719462377282543
0506b9cd,2,3,1,1.2375464602015227
051680a0,2,1,1,0.4196819259196308
051f73ae,2,1,0,0.6678075449630542
052a1122,2,3,1,0.6489288477756632
053d7d31,2,2,0,0.4702753258639468
055156e2,2,2,2,1.2363409281224398
058990e9,2,3,1,0.7363715473929742
058d2812,2,1,2,0.9141859571076265
0598f669,2,1,0,0.42368963117751207
059e02ab,2,1,1,0.7821582377423237
059eed01,2,2,0,0.16323568052016507
05bbed1b,2,2,0,0.014448432802940059
05bc318e,2,2,1,0.8709212524420986
05d3d73a,2,2,0,0.20323747688027072
05e67680,2,1,0,0.6178499348492408
05e94f88,2,3,0,0.46611301472280803
05f2d1b5,2,1,0,0.38459183089361054
0610c066,2,1,0,0.15428943698819136
061f2866,2,1,2,1.194920562653738
0632d98a,2,2,0,0.3813095679134545
063353cc,2,1,0,0.9520711778138071
06472198,2,1,0,0.12699561343853538
064e8da5,2,1,0,0.029640527029610064
066343d4,2,3,0,0.4139251025752421
0668373f,2,2,2,0.4187162069243357
0676ead5,2,2,0,0.39990330867820445
067b9287,2,3,1,0.5593507495104232
067de065,2,2,0,0.18566970338383437
06c7dcff,2,2,0,0.4781464212819406
06eb8adb,2,3,0,0.1988184491229792
07048067,2,1,1,0.675235624200729
0720320e,2,3,0,0.618519966132695
0745c390,2,1,1,0.6206449158963254
07d879cf,2,3,1,0.7981878886288344
080698b7,2,3,0,0.6482459302374418
08159c5e,2,1,0,0.6943438949271108
082df556,2,1,0,0.8260699815583374
0844aee7,2,3,1,0.3453194641313927
08577722,2,2,0,0.13547745319836751
0884aca8,2,1,0,0.5119956610130613
089a6b19,2,2,0,0.9588016452903089
08fa44ad,2,1,1,0.38376806680982845
09039272,2,1,0,0.4105895845094336
0924b815,2,1,1,0.1400738124445366
092c29b9,2,3,0,0.21666686697622178
09331bb8,2,3,2,0.9678078603487379
0983654b,2,3,0,0.46883012883949626
098b5836,2,2,2,1.213502164474253
098d3c32,2,1,0,0.35280939554276486
099e3614,2,1,0,0.4420739172492726
09b29113,2,3,0,0.15782123192522635
09d80057,2,1,1,0.2977619431534983
09eeaba6,2,1,0,0.07643998236587835
0a418b57,2,2,1,0.7268749075797863
0a431608,2,1,0,1.357501140321832
0a4b1425,2,3,0,0.16016605887427665
0a540797,2,1,0,0.35920291056861686
0a5f1214,2,3,0,0.4237748191589553
0a775819,2,2,2,1.3428795467253596
0a822c93,2,1,1,0.9440357046016539
0a9159f8,2,1,0,0.536306813188197
0aa90ce7,2,1,0,0.6793319973762209
0aaf08ec,2,1,1,0.6675447737391119
0ac521c8,2,3,3,0.8584550180372227
0ac5e12f,2,2,1,0.28068055109098106
0acac70c,2,2,1,1.0266713442619082
0adf511d,2,3,1,0.4772190144324465
0af81037,2,1,0,0.6156883494121825
0b4014f0,2,3,0,0.672272334505194
0b518637,2,2,0,0.17569508230393543
0b6b07f6,2,3,0,0.22987304230555933
0b7c6100,2,2,0,0.4170230283024279
0b7d7aec,2,1,0,0.9814979272478777
0b9fcc42,2,3,2,0.37437625005632497
0bd89878,2,3,0,0.3158562425283955
0bfe4fc9,2,1,1,0.7996910775458025
0c0a1576,2,2,0,0.03512817404027402
0c3d248f,2,1,0,0.24927748791638465
0c3d88cb,2,3,0,0.18062937134751433
0c4e2d68,2,3,0,0.04545939276325217
0c4eabac,2,1,0,0.14040617929526616
0c83af0f,2,1,2,0.7629948370988808
0c8efce0,2,2,0,0.06516055958105782
0ca08054,2,2,2,0.4593372723662849
0cccc6bc,2,1,0,0.3355157043483308
0d34aee4,2,2,1,0.7803337169602743
0d394928,2,1,0,0.29697264078363006
0d4800c8,2,1,1,0.863652396513888
0d4fa8f4,2,2,1,0.15648148533523665
0d570d3e,2,1,2,0.3975220032514407
0d74d0ed,2,3,0,0.7868146704734704
0d924604,2,1,0,0.2927242045760108
0ddab8ff,2,1,0,0.26027733403005443
0de01ae7,2,1,1,0.7149919825170766
0df44f9e,2,3,2,0.7791693602228558
0df4c27d,2,1,0,0.8306109147493467
0e1cf9b8,2,3,0,0.20534024360695446
0e1f7fed,2,2,0,0.212467037953336
0e3b0bd2,2,2,0,0.11333066726437957
0e9c1be6,2,3,1,0.4867196319602091
0ed2a3c8,2,3,1,0.30374324520934287
0ee70b3e,2,3,1,0.755142788110072
0f4db4f2,2,3,0,0.7174751715808954
0f6b71c4,2,2,0,0.26465608738970015
0f7f3bf3,2,1,1,0.7083758830197585
0fbb3ca5,2,1,1,1.135171833123457
0fc19fd9,2,3,0,0.14565466648976938
0ff6ac09,2,2,0,0.4171584343730065
101c27f1,2,3,0,0.6083390690043067
10258585,2,1,1,0.22105820043749902
108b8659,2,3,0,0.20852807109419708
10ad8c48,2,3,2,1.3045199566508685
10be7f09,2,1,0,0.2005915052161138
10c0e99a,2,1,0,0.2578948713309821
10e46254,2,3,0,0.400388316612727
11477ed0,2,3,0,0.7636194067546457
115d3db4,2,1,1,0.41828864662667686
1184a14a,2,3,0,0.30852737311550493
119d7562,2,1,1,1.1506381576844937
119dd2e1,2,2,1,0.31808257385262295
119e181e,2,1,0,0.007064833035825835
11d1a5ac,2,1,0,0.4435386426814395
11f7253c,2,2,3,1.6291605970083702
11f9b26c,2,1,0,0.13919917805219034
1225fd28,2,1,1,0.6162697255986811
12380b06,2,1,0,0.6655499323704334
12cbf30c,2,1,0,0.6812157140730706
12cfb064,2,1,0,0.14100413005027396
12f37ff2,2,1,1,0.2664440248941365
1301f65d,2,3,0,0.33903166231381326
1307c41a,2,3,0,0.3312685277571773
1314bc8c,2,2,0,0.8292944507810202
137baaec,2,2,2,0.6944114460094117
137fc699,2,2,1,0.21583188966952832
13a5e288,2,3,0,0.3559879806881261
13be5672,2,3,0,0.306003688502533
13cdb63a,2,1,0,0.0676010568458969
13d23890,2,3,0,0.9425756926490899
13d2c419,2,2,0,0.20866680474221683
13e46923,2,1,2,0.5641140047706557
13eee030,2,3,1,0.5793908795373206
13fca10c,2,1,1,0.6744359400324839
1420b16e,2,3,1,0.9159241223750056
1429abf1,2,3,0,0.41182015559574936
14391970,2,2,0,0.16523710240222456
144a9a79,2,3,2,0.5778468958590477
14568d61,2,1,1,0.23394103028267738
147c4374,2,1,0,0.11320116063806213
14a6e58e,2,3,0,0.49876853339126226
14b8dd2a,2,3,0,0.7393867187229453
14eac885,2,2,2,0.7236441092796098
15227eef,2,3,0,0.8952297450199858
1522fee1,2,2,2,0.9122998087871197
154d1191,2,2,1,0.14168446738579576
1551c806,2,2,1,0.9177486238549248
1562998a,2,2,0,0.7322814702710831
157b271f,2,3,3,1.1584742193326871
15a2364d,2,1,1,0.8390103457817161
15d702f8,2,2,0,0.3174680722442037
15dbc929,2,3,0,0.22201167501624147
15f217a6,2,3,1,0.6497418014278454
15f2e240,2,3,0,0.1842375615640936
1606f203,2,3,0,0.5523303472857545
1649ce22,2,2,0,0.40604712400918186
164b29ed,2,1,0,0.25739625653530374
16bf9efe,2,2,0,0.7353691160928109
16deb306,2,3,0,0.2815954031304618
16e277aa,2,2,0,0.6463379094841786
1704e646,2,2,1,1.060763702206088
1713348a,2,2,0,0.4487327984215689
177f25ab,2,2,1,0.4580987467435628
17b08109,2,2,0,0.22617285133532228
17c1ae23,2,1,1,0.30330590882152464
18154f3a,2,3,1,0.7741529624209346
1837456f,2,3,0,0.655499218085662
18400e8e,2,2,1,0.8395864115959737
1843760e,2,3,1,0.8723846825830939
18b79e9b,2,1,2,0.25224050631953737
18b8b2f6,2,3,1,0.3279133578002342
18e21bf1,2,1,0,0.2213960127758134
18fdbccc,2,3,0,0.3700285188228815
18feab0f,2,1,0,0.8210262267294113
19098ef0,2,1,0,0.6701785253649645
1911731d,2,3,0,0.05818721549831374
19381499,2,2,2,0.8181123324643778
1943fb23,2,1,0,0.3242628274936859
1949438b,2,2,2,0.4127119970051302
1957153d,2,3,2,0.47882899688085445
198e50c9,2,2,0,0.926864431512731
19b095d5,2,2,0,0.26008207989760923
19c49039,2,3,1,1.0526441944810858
1a1e8ac5,2,3,0,0.15878889619301434
1a23d282,2,1,1,0.558684343779741
1a2412b3,2,1,0,0.6444011808792861
1a803bfe,2,3,0,0.3642374524169907
1a9f8375,2,1,0,0.4165838485130541
1aff6762,2,3,2,1.058725068077833
1b258140,2,1,0,0.031087637553978587
1b32427b,2,1,0,0.6776961451256049
1b329556,2,1,2,0.728338692414573
1b410106,2,3,0,0.21489582673776392
1b49c870,2,2,0,0.3198510144332187
1b5b34bc,2,3,1,0.5908485815507714
1b5fb26f,2,2,0,0.6296757951126709
1b6be334,2,2,2,0.8029949349455594
1b6fb363,2,2,1,0.6194655473020879
1bc6a98c,2,3,0,0.18587998067843842
1c23295e,2,3,0,0.6482229225366706
1c3b7f1a,2,2,0,0.4342093170570813
1c3c2b2f,2,1,1,0.2886816201487874
1c481537,2,3,3,1.1356728052043121
1c5ba087,2,2,1,0.8075830306819894
1c66daf4,2,2,0,0.9428112239987674
1c673231,2,1,2,0.7155918445772963
1ccf44f0,2,2,0,0.3011255329932424
1cd37b36,2,1,1,0.733006762671781
1d02812a,2,1,0,0.9510493930097317
1d7edb86,2,1,2,0.8301101545991476
1dd90b53,2,2,2,0.8485234914241102
1dfd6433,2,2,1,0.7116457513030449
1e08b1dc,2,1,1,0.795486646471103
1e2a1bd0,2,3,0,0.3540785824991157
1e5f6199,2,3,0,0.257590809469805
1e7dd854,2,3,0,0.3411810674090323
1e986f93,2,1,0,0.046828475387490354
1eb206f0,2,2,0,0.5521970601655782
1eda934b,2,3,0,0.7897271712526145
1eea376f,2,3,0,1.0780606673273776
1eea8df2,2,3,2,1.1465376312999702
1eedf45e,2,2,1,0.6858398541941688
1f400626,2,1,0,1.0097549287822312
1f5cefcc,2,3,1,0.8188739750982484
1f65fa82,2,3,1,1.054540930988842
1f7bd44c,2,3,0,0.21670921142356164
1f7ec039,2,2,1,0.7485317202583757
1fc07a80,2,2,0,0.4386006620274565
1feb42f2,2,1,2,0.48569948513728656
1fed3943,2,3,0,0.40438671931202563
206c8562,2,3,1,0.44862083061845853
2084c823,2,3,0,1.0467020332032166
20d7ecfd,2,2,1,0.8072663825446833
2114473a,2,3,0,0.4315175045849633
214f46e8,2,1,1,0.652006133747308
215ca39b,2,1,1,0.5750175903358221
217ce5e6,2,2,1,0.9015791272088987
218faf6f,2,3,0,0.3451052295814773
21a76448,2,1,1,0.5941103875905954
21c62163,2,3,1,0.3960632648995619
21e5833c,2,2,0,0.5814291251839742
21eb6d47,2,2,0,1.0547057165626388
21f58fba,2,3,0,0.27773118212012093
223724b2,2,2,0,0.5041668710720622
22375702,2,3,1,1.3689008200022554
22389051,2,2,1,0.3153401132140703
22447a95,2,3,0,1.4037245088619392
224fc39a,2,3,2,0.9948620287995058
22536a61,2,1,0,0.7327945098416982
22a71606,2,3,0,0.1253863380502378
22c72c4e,2,1,2,0.6830548697782298
22e44415,2,3,0,0.4170531557165492
22f43a12,2,2,0,0.3601887092813326
232b7cb1,2,1,0,0.877092590544907
233b9425,2,3,0,0.29256498940944203
23418fa2,2,3,0,0.15377638767811208
23567787,2,1,1,0.6018354578927876
236d450e,2,1,1,0.5008009986168952
236ecde8,2,3,0,0.20798258109029
23d1a58d,2,2,0,0.8673035487583617
23d71e37,2,2,0,0.4990655600664676
23e024bd,2,1,0,0.8664871711445387
23e71e7c,2,1,1,1.1569601374393041
23e7f79b,2,3,1,0.4211746352918776
24591f4d,2,1,0,0.2556751764993415
2496c491,2,3,0,1.1787476143597289
249b6d68,2,1,0,0.805049481703538
24a3b16d,2,3,1,1.0528813774144257
24ab10c6,2,1,1,0.19919730042391548
24b4bc6d,2,3,1,0.3725571522649881
24b75658,2,2,0,0.15432778714126005
24dac645,2,1,0,0.4808536535189876
24fb56db,2,2,2,1.095692514047895
252ebc5b,2,3,2,0.6277108726749625
253f5cb1,2,3,1,1.3879830566178284
25849c6c,2,1,1,0.5915810081840656
2586774b,2,1,0,0.4943844514023427
25a3a723,2,3,0,0.6439241394312794
25e752c8,2,2,0,0.22434797052132716
25eba023,2,2,0,0.08246141964370357
260f542b,2,2,0,0.19615279104076477
2625767f,2,3,0,1.2326933485042142
262cff6d,2,1,1,1.3991597818175912
26891dbd,2,2,0,0.678101573580441
269d9918,2,1,1,0.6552443101687214
26aeacdf,2,2,0,0.19801198143064436
26b1792f,2,2,0,0.32351371031948994
26b893f4,2,3,2,0.5265606090133603
26d31613,2,2,1,0.8832388430757814
26d541c2,2,1,0,0.6236574820392935
26f0e055,2,3,1,0.26889651092470995
2715347c,2,1,1,1.142644086438996
273c8ebd,2,3,0,0.12448954001028767
27724073,2,2,1,0.6088183516386197
277f5b32,2,1,2,0.9541265376991626
278e8a51,2,2,0,0.11875650778866503
279d0ec4,2,2,0,0.6175859203418123
27cd2a6c,2,2,2,0.8280919287179946
27d363de,2,1,1,0.8968924460912672
27d7e5e4,2,2,0,0.2046461384731355
27e0ca6b,2,3,0,0.5897854067203774
281174c9,2,1,0,0.5817526038406073
2812951b,2,2,0,0.5715397579576645
2840643b,2,2,1,0.25626279998422263
287390e6,2,3,2,1.0045189430293395
287f1349,2,1,0,0.8468095589668918
2891e36b,2,2,0,0.6547545664296901
2898269f,2,3,0,0.25216390509188197
28b91cf3,2,2,0,0.11656139053163789
28ba92e9,2,2,0,0.33796542646366035
28e973b1,2,2,0,0.7034329609586377
28f7e6ff,2,2,2,0.5741540849879123
28f99ddb,2,3,0,0.6421097059008483
2911ef94,2,3,2,0.9440681779277693
29587a31,2,3,0,0.32794922190513426
29886a85,2,1,0,0.22972794298680038
29a1d334,2,3,0,0.3252445627745385
29b37b4a,2,1,2,1.3464154824451096
2a0b8386,2,1,0,0.6672402514395305
2a64085d,2,3,0,0.24741896672478236
2a81925b,2,3,1,0.5316095210602517
2a85889c,2,3,1,0.6247084207870524
2a88cbe9,2,2,0,0.38252977968728025
2a9e0dee,2,3,0,0.4964469518026871
2aa15e6b,2,1,1,0.20616490572374602
2aab37ac,2,3,0,0.502001662690011
2ac0bd9f,2,1,1,0.8216076336337479
2af3c8d8,2,3,1,1.0547103213737599
2afea280,2,3,1,0.8628695549958207
2b34dcf3,2,1,0,0.2531982193541884
2bac0893,2,3,0,1.0157357236155777
2bad0db7,2,1,0,0.9253066106777151
2bca454a,2,2,0,0.5164696133416423
2beaaf7a,2,1,1,0.5803234523017234
2bfc9187,2,3,0,0.7433423756819153
2c2dc20d,2,3,2,0.638578167375504
2c3b09db,2,2,1,0.7343036138578147
2c483245,2,2,0,0.8178315899924543
2c49257f,2,1,0,0.46144496035913224
2c512f2f,2,1,1,0.46308549499994534
2c56c930,2,1,0,0.4614541633630385
2ca2206f,2,1,1,1.0464476181699527
2cb0db2c,2,1,0,0.11648354023603558
2cc4b720,2,2,0,0.21945899188639678
2cd9b5a3,2,3,1,0.6463112096816541
2d043af7,2,2,0,0.675187593088243
2d0bbbd3,2,3,0,0.622751561618035
2d3ba6fa,2,2,1,0.12989915511316352
2d5365c6,2,1,2,0.7809226832797529
2dbdfe11,2,1,2,0.42527371474298425
2e16053c,2,1,1,0.6383755086449193
2e293d08,2,2,0,0.26431537554793305
2e42573e,2,1,0,0.248552668948391
2e4e045a,2,2,0,0.18824975983245562
2e5f5207,2,3,1,0.7064693879820348
2e7d888c,2,3,1,0.752316676717358
2e8c9884,2,1,0,0.23512988679651253
2ea277d5,2,2,2,0.49831705863141335
2ebdadbc,2,3,0,0.38470447895892856
2f0f2949,2,2,0,1.2035036420673313
2f12de00,2,3,1,0.6451040998841817
2f154763,2,3,0,0.20250744980338403
2f16cad4,2,2,0,1.1286630945274947
2f1af08a,2,3,0,0.1397526131709375
2f6b484c,2,1,0,0.16288199861621783
2f72f441,2,3,0,0.07601321550242401
2f7f0eb7,2,2,0,0.16267933867997553
2f81950d,2,1,0,0.22140145667502031
2f91f3c1,2,2,0,0.8200165722871859
2fba6cf4,2,2,0,0.38867380891600645
2fef897e,2,3,0,0.594982456138514
2ff729d3,2,3,0,0.7391691138361022
3046a5c7,2,1,0,0.27698145069921914
3055881a,2,1,0,0.7884910925670723
3065aa2f,2,1,0,0.6613896333590753
307c91ee,2,1,0,0.27188930507206427
30ac8a84,2,3,2,0.5630655402120369
30b3f203,2,2,2,0.9792530594865863
30ba4252,2,2,0,0.2503536958665427
30d2fd47,2,3,0,0.17390778281877567
3133a6c9,2,3,1,0.5289400477595455
31349d8b,2,1,0,0.8562908253780273
3146f878,2,2,0,0.23884066765947293
3155ed01,2,3,0,0.6815769315260594
3162c492,2,3,1,0.45804604969613427
31648caa,2,1,0,0.06723220171673694
318ccc0e,2,2,0,0.32025589569010166
31b74cd4,2,3,1,0.5306181006431273
31d61741,2,3,1,0.48224823444610365
31d7a136,2,3,0,0.24524903805967213
31ddec50,2,3,0,0.7492754602895182
321202d4,2,2,1,0.6472223154865823
3216b978,2,1,1,0.9778146967165093
325afd3d,2,1,0,0.7030537845688389
3268c574,2,1,1,0.8177559000434522
326c23c2,2,2,0,0.5353015357105904
327736cd,2,2,0,0.10954665812700931
329a9c25,2,1,2,0.8907138195752888
32b8490d,2,3,0,0.6159809933714118
32d0ebca,2,1,0,0.6855138455530748
32d262c2,2,2,0,0.43225411244578366
32dcc8ab,2,3,0,0.37871594038679335
32e18ccc,2,3,2,1.0805253369834813
3302713b,2,3,0,0.7149739964762588
333be478,2,1,1,0.5826933359139046
338146bd,2,2,0,0.6256117595734282
33a499ce,2,2,1,0.7502617757996878
33e34de8,2,3,1,1.0784483545077388
342d43c7,2,2,1,0.8971700932267413
3441fd41,2,3,1,1.1277618409390826
3466c72a,2,2,1,0.4815309324966903
347095fe,2,1,2,1.340364659392245
34c30fad,2,2,2,0.6754752231287238
34eb79f9,2,2,0,0.667295912301237
34ec5de4,2,3,0,0.8160940082672334
350cf38b,2,3,0,0.26624550424894283
35198c2d,2,3,2,1.1292293517280796
356ab908,2,2,1,0.860853054960547
35d2aa41,2,2,0,1.421447401584889
35fa2ebf,2,1,3,1.1004020020120984
36146fe1,2,3,0,0.7982835398545526
36473697,2,1,1,0.6981345074431762
3655395c,2,3,0,0.38910761201987254
36958957,2,2,2,0.8418996369068781
36b8c9e5,2,1,1,0.5242279779205046
36c060b9,2,2,2,1.4739120733421505
36c1f189,2,1,0,0.305898371519117
36fda5de,2,1,0,0.16705284287305905
370b47c4,2,2,0,0.8094719387125311
3714afd7,2,1,0,0.4630368749583289
3738db26,2,2,2,0.8317690037575662
376e617f,2,3,2,0.922719361774023
37995242,2,2,0,0.03723413972758216
37ae1239,2,2,1,0.3399006883720677
37bcfa7e,2,1,0,0.9777386436711595
380029ef,2,2,0,0.3825571130418649
3820a945,2,3,0,1.1600181688698452
3826be66,2,2,1,1.2259062088116348
38390669,2,2,0,0.1910097065373184
384c3f27,2,1,0,1.3418167382027593
385819e6,2,1,1,0.14896833883875205
385a6557,2,1,0,0.32578448724585896
3875d4de,2,1,0,0.8882509860729024
38d53b92,2,1,0,0.5708539670927772
38ee12e7,2,1,0,0.7159497060022423
3913797d,2,1,0,0.45528366013803356
3918d854,2,1,0,0.12325532727736688
3934e29c,2,2,2,1.4771368822317714
394684ae,2,1,0,0.8313531747101336
394a6219,2,1,0,0.25119043802848773
3950aa00,2,3,0,0.887947760605601
397efe7a,2,3,0,0.37481962383064127
39bdbb00,2,1,0,0.09825867511151348
39c20e2a,2,2,0,0.6641917447765069
39cc2836,2,1,0,0.35101452805165917
39d626f4,2,2,0,0.5678340636009336
39dd3538,2,1,0,0.11433754906022053
39fb1ad0,2,1,2,0.7688909021426902
3a33d579,2,1,1,0.5889851779553162
3a9d7bd6,2,2,0,0.19679563441982256
3ab539f0,2,3,0,0.23942492856202235
3acb5be3,2,3,0,0.31554019776199094
3ae4ee9b,2,3,1,0.9673278919787016
3b047021,2,2,0,0.16503058693191786
3b091b83,2,3,0,0.5179087443029144
3b1b9538,2,2,1,0.8656783920486307
3bbf88cd,2,1,2,0.5604547413555784
3c0aba64,2,2,0,0.7149161039453333
3c5c85e7,2,3,0,0.6460001608443288
3c620257,2,3,0,0.28007068071907754
3c8f474a,2,3,0,0.3552844530756618
3ca35642,2,1,1,0.7690663676770026
3cc9cfa6,2,1,0,0.3185567135255141
3cd8802e,2,3,0,0.6084024788127975
3cfeca85,2,3,0,0.22355401447692852
3d20d9a7,2,2,0,0.6739705876478657
3d2c0bc5,2,3,1,0.6436324037582075
3d36fe8b,2,1,0,0.7919188552345404
3d3b87db,2,3,1,0.9361687338212918
3d3dd3ae,2,2,0,0.8711329046761898
3d46429f,2,1,2,0.9555508907207645
3d48430d,2,3,0,0.2977422937249176
3d5ad997,2,1,0,0.6247447792425513
3d6143f3,2,3,0,0.20488547663821666
3d736110,2,1,1,0.8583432787333973
3d8531f5,2,1,0,0.38603384854896927
3d970ce4,2,1,1,0.4849106557341486
3dcbc164,2,1,1,1.016493471458711
3de1a622,2,2,0,0.172917398500889
3de6a21c,2,3,0,0.2522745965757772
3e398bf9,2,3,2,0.9516024615041422
3e3c242c,2,1,0,0.2388794297907778
3e5d5b58,2,1,1,0.11290728891496749
3e5ee48c,2,3,0,0.8338228759817381
3e7ee995,2,1,1,1.3329319008991791
3eb48980,2,3,1,0.5656585781343132
3ebfbb4c,2,2,1,0.06068140972303737
3ede35d1,2,3,0,0.6090934696111233
3f1cf5ba,2,1,1,0.6609113763451218
3f1f23e7,2,1,2,0.49506404607200905
3f20e14b,2,3,1,0.8925132414518924
3f2141da,2,2,0,0.3951669794092977
3f3a70c8,2,2,1,1.3129010746377132
3f51a21d,2,3,2,0.5656371634727493
3fcef947,2,1,0,0.36330629689883787
3fe78116,2,2,0,0.6741301527027785
40087bc5,2,2,2,1.0461670573974595
4093774d,2,3,1,0.906279866552338
40b904b3,2,2,1,0.5252954325388782
41052ced,2,1,0,0.7906702329317171
41185f8e,2,1,2,0.9589363517616754
4128aee6,2,2,0,0.16638493803035143
4135cb0e,2,1,1,1.0289438048836494
4157be55,2,3,2,1.279409065637413
415d5a1a,2,1,0,0.9138449278157794
416b6ba2,2,2,0,0.1174217331202907
4177e5e5,2,1,1,0.6005198440615265
419d05c6,2,3,2,1.1036993133985957
41bacefb,2,1,0,0.7759515827959065
41badf5d,2,3,1,0.8669101994361499
41cfd1db,2,1,3,1.3793474947734914
41d48900,2,2,0,0.6108378427661956
42309938,2,3,1,0.7281846497662794
423610ac,2,3,1,0.6079712701317237
4248261f,2,1,0,0.1467447203900259
4255e559,2,3,0,0.5087994419207568
4262ce3d,2,1,0,0.37202729627595166
427037b2,2,2,0,0.13561288785816122
427fad9e,2,3,2,0.9529130771689389
4280076d,2,1,0,0.4170205343412081
429cc266,2,1,0,0.338527051437624
42aa29fb,2,1,1,0.4207087178105284
42bf071e,2,1,2,0.5180206254346363
42c6f67a,2,2,0,0.19949089042804802
42dfc9dd,2,1,2,1.084891546147088
42ebc3fd,2,3,0,0.6244661155920239
4307d287,2,3,1,1.1479793384342303
432a4c21,2,2,1,0.8033631243451385
432aff11,2,1,0,0.1825344837254934
435bfa7b,2,1,1,0.514572528280325
43629a34,2,3,0,0.04192502673939946
436dd613,2,3,0,0.279944792320981
43808706,2,3,2,1.121247750598965
43a7386d,2,1,1,0.6987935261782356
43d43363,2,1,3,1.4395379840068858
43e54b20,2,2,1,0.6695945391006735
43f44f6c,2,2,2,0.5136021318324469
43fb80d6,2,3,0,0.708164806050145
444131bc,2,1,0,0.249135280337496
446757cb,2,2,1,1.0248198543423572
4496d883,2,3,2,0.4082386331192971
44b8622c,2,1,0,1.0959775707476016
44eaea78,2,2,2,0.8701181532684732
4505724a,2,3,0,0.14011853217684
4518ed77,2,3,0,0.2808710524220784
451b0cd9,2,2,0,0.1163699486697568
451c11b3,2,3,0,0.7079547415204993
4570c8b8,2,3,0,0.4218260410589018
45ea366f,2,2,0,0.1308889602066879
45eb32f2,2,1,2,1.0290863602988507
46170319,2,1,0,0.17935981067502788
463bf3b2,2,1,0,0.1644719267427937
4659aa1a,2,2,0,0.9238168696426694
465d3273,2,1,1,0.8937928468673308
466752d9,2,1,0,0.4809273260705542
467c549f,2,1,0,0.26984198565603645
46850373,2,3,0,0.34901453144368966
471e4d12,2,3,2,1.2012007462248981
47350ac6,2,3,0,0.8248824926149229
475ebe47,2,3,0,0.19751204355043028
47b3bea1,2,1,2,0.21831709740297595
47c3b47c,2,2,1,0.35247845714374915
47c55e13,2,1,0,0.4741682359017393
47fef4fc,2,2,0,0.2773976849038067
481a1861,2,2,0,0.37958012831627597
4829f7ca,2,1,0,0.9832771884506393
4859a9f9,2,3,0,0.17507483591520756
489fa831,2,1,1,0.5069485402172808
48db8ecf,2,2,0,0.17739345193804196
48df987b,2,1,0,0.32197103095977786
48e69212,2,3,0,0.4937202215758197
491bf457,2,1,0,0.7408036422116846
4926b18a,2,2,0,0.29479142627989213
4940a214,2,2,1,0.7166214952235695
494eba8a,2,3,0,0.3522456576937264
4950e24c,2,1,0,0.924189639135318
499d4499,2,2,0,0.9225618541323577
49a1931d,2,2,0,0.41788184683422647
49e4eade,2,1,0,0.4817823906227288
49f38606,2,1,0,0.3401973517352028
4a0b1b9d,2,1,1,0.666684076382481
4a1440d9,2,1,2,0.4607638263764865
4a17b463,2,2,0,0.24862246693595247
4a21eb0c,2,2,0,0.768598996546996
4a3b6521,2,3,1,0.4271088212849191
4a475a9f,2,1,1,1.0954600543288606
4a4a0f78,2,1,2,1.104702787612876
4a62661a,2,2,1,0.6178506475941772
4a68d751,2,3,1,0.7689421723912058
4a6af685,2,3,0,0.5858128292204707
4a6ea9de,2,3,2,0.7502580652002055
4a9f92ca,2,2,0,0.1272182442497491
4aa87859,2,3,0,0.32948994884369254
4ac5c412,2,3,0,0.2566753404318197
4acac04e,2,3,2,0.3752310099774982
4afa8a76,2,1,0,0.0931378397964503
4b0f961e,2,1,0,1.0529766409789059
4b1f6855,2,1,0,0.3589568878878487
4b20bce7,2,1,0,0.4219443740753829
4b328259,2,2,0,0.37446950880866714
4b71830a,2,2,1,0.8475058634753687
4bc2bee9,2,1,0,0.43243958833943286
4be6f3c1,2,1,0,0.5273833404728828
4c238671,2,2,1,0.8049441538324829
4c37fb30,2,3,2,0.8643982065935478
4c8dfaf0,2,2,2,0.4257001305556739
4ca242ea,2,2,1,0.9043463050553513
4cabd7aa,2,2,0,0.8761405228626857
4cde1e34,2,2,1,0.8503249708942724
4d2d9ef3,2,1,0,0.1641749007870677
4d41bb62,2,2,0,0.07470802262599885
4d42caed,2,1,0,0.19962393734655737
4d5a8ce7,2,2,2,1.0243395956575008
4d61a44e,2,3,1,0.7711437763876969
4da4aba2,2,2,2,0.8450825784236184
4decbcd8,2,1,0,0.2778043403265782
4dfb4e1d,2,3,2,1.128375135718262
4e052db0,2,2,0,0.7370172649967872
4e314e47,2,3,0,0.24212616557098865
4e58d463,2,1,0,0.4667940071012874
4e6c7a75,2,2,1,0.3866949194638017
4e85505f,2,2,2,0.8016171339808958
4ea3963e,2,1,0,0.5361086510795032
4ea4e6c9,2,3,0,0.32937430627323167
4eade67b,2,2,0,0.37923435408873557
4f059221,2,3,0,0.028567392825028404
4f059a8a,2,2,0,0.9134233854340679
4f2d0925,2,2,1,0.5249116003948221
4f3cd5c2,2,2,2,0.7786965862646391
4f93504a,2,2,0,1.2949416948542076
4f96d1e7,2,2,0,0.2354456712987173
4fe97569,2,2,0,0.7502611805065924
50242fa0,2,3,1,0.1421196737584886
504ed32b,2,2,0,0.19664638814482238
50707f1e,2,1,0,0.5852948556861765
508a0f98,2,1,2,0.8339567922243822
50a90725,2,2,1,1.0473050582897419
50b2b84b,2,3,0,1.1859676383304856
5124169c,2,2,1,0.8844666231022567
51364c23,2,2,2,0.6288748568658223
515402ee,2,2,0,0.3258227602049088
515dd683,2,1,1,0.7789708050815447
5180ff75,2,1,0,1.108638301976745
518e5ae6,2,2,0,0.1155420090739423
5198e7b3,2,2,2,0.3668088129211393
51c15d22,2,1,1,1.1952767870321335
51eb8d14,2,3,0,0.608627462375343
51f38b37,2,2,1,1.1679873418707394
51f3feb4,2,3,0,0.3199007609859566
52219dbb,2,2,1,0.5104415649524573
526f719b,2,1,0,0.3184723802291265
528db82d,2,2,1,0.7048157798884929
52ce9b8b,2,3,0,0.2871156322874465
52e9e467,2,3,0,0.6856727003800617
53621b84,2,3,0,1.0088319064208373
537dc410,2,2,2,1.0467033383577444
53905a2c,2,3,1,0.4228036501066461
53ea1e7c,2,3,0,0.2937918424217475
53faf893,2,3,0,0.03254987750564142
54391716,2,3,0,0.8177741387250492
546bfb18,2,1,0,0.26182633669822986
54854783,2,3,0,0.5541793969847298
54868027,2,3,0,0.23113442929588268
549712ab,2,2,2,1.021637925821774
54b35de5,2,2,0,1.4332468027157694
54e592da,2,3,0,0.9068705481295841
54fef303,2,1,0,0.5504627629595014
55464fb7,2,3,1,0.4823808365495575
554e46e9,2,1,2,0.4549811099029999
556604d2,2,3,2,1.0075348999259353
55edb6ed,2,1,1,1.1377094101461585
55f9338e,2,2,0,0.30072001891549976
56210fdb,2,3,0,0.16675611558725395
5637a5a4,2,3,0,0.2133665558051161
563ebc00,2,1,1,0.4076637104272112
56418caf,2,2,2,0.6630327014486793
56443aba,2,3,1,0.5049929209832276
56761daf,2,3,2,0.7495981442321079
567ecea5,2,3,0,0.5450648000481519
568eb64b,2,1,2,1.0540584495478826
56c99b23,2,1,0,0.2468689896653063
56cb7161,2,1,0,0.16849475022299693
56d9dead,2,3,0,0.16367767991206844
571907fc,2,2,0,0.4906021526518978
574599a8,2,2,0,0.1927898084222872
5775ec58,2,1,1,0.7835773726887817
5779f2e9,2,1,0,0.1955683804135243
579e50bd,2,1,0,0.5794079210746471
57d82f30,2,2,0,0.7946143990333369
580a30c5,2,1,2,0.9853501962858944
58391429,2,1,2,1.419866008884473
58900fd0,2,1,0,0.07406564673313443
58a255e6,2,3,0,0.32665059255510814
58de61f0,2,3,1,0.6980611182445744
58dfccdb,2,2,0,0.5155382159386604
58f11465,2,2,0,0.26122897158877356
592adca0,2,3,0,0.36790361877611166
592b3b7f,2,1,0,0.4500007866867514
59305d37,2,3,1,0.8985793333389557
593a7148,2,1,1,0.2512162087019049
593b5cfa,2,2,0,0.15205654146766046
59402969,2,1,1,1.0388960827143683
59d7a3a9,2,3,0,0.36438601981231944
59ea397f,2,3,0,0.05211850946107621
5a07e79f,2,3,1,0.3513229811924602
5a3005de,2,1,2,0.7517318329110345
5a313293,2,3,1,0.832493428031025
5a3d5e05,2,2,1,0.5290900278895305
5a5f6d41,2,1,0,0.5297214293391139
5ac9eca0,2,1,0,0.2074851244690274
5ad85a02,2,1,0,0.3763592545230919
5af79adb,2,3,0,0.7616470298680994
5b4d2604,2,1,0,0.3297482884788218
5b66b6f2,2,2,0,0.012696178421652937
5ba201ba,2,1,1,0.6373785373604436
5bcf002a,2,3,0,0.46460131681057376
5c045867,2,3,1,1.0600108279529596
5c22f241,2,3,0,0.2200250536165051
5c2c136d,2,1,2,1.0146202837733054
5c3b30d7,2,1,0,0.4656897372653334
5cd83147,2,3,0,0.7575335201920795
5d04624a,2,3,1,0.6699891320583797
5d1d7e41,2,3,0,0.14496534129056743
5d3b6ea5,2,3,1,0.5751429850001133
5d48a5b0,2,2,0,0.0782548041017953
5d805d83,2,3,0,0.6652553766757795
5d885b20,2,1,0,0.1684652095762344
5daa20e7,2,2,0,0.20989226637188801
5dad24ff,2,3,0,0.7253994769158942
5db3db12,2,2,1,0.636398758689937
5dc62fec,2,3,0,0.2615836876773865
5ddbac80,2,2,0,1.21052404872356
5e08237d,2,1,1,0.5533319418381797
5e221c50,2,3,0,0.6460222744589792
5e2a9e63,2,2,1,0.13340323963734801
5e2c1349,2,2,1,1.1589574256206947
5e359a08,2,3,2,1.144083806251547
5e415f05,2,3,2,0.9623279131022315
5e55e9fd,2,3,3,0.9189688240632534
5e57bd12,2,2,0,1.388657551906329
5e614c1a,2,1,2,1.1949684675516548
5e6490e3,2,1,0,0.4254075574080956
5ea2c305,2,2,1,0.8987008491433872
5eb063e0,2,2,0,0.46941985416669924
5ed5f205,2,3,0,0.24862267066996963
5ee595e8,2,2,0,0.63407060416469
5ef3d64e,2,3,2,0.8692703986438487
5f099188,2,1,0,0.07812396344819328
5f1b07e1,2,1,0,0.9737345061215577
5f281a62,2,2,0,0.44212401148589
5f37ceb1,2,1,1,0.9215299028058868
5f574f3d,2,2,0,0.4040717396755884
5f7537cf,2,2,0,0.8553516672745282
5f78f7b9,2,2,0,0.31883744760081184
5fa91358,2,2,0,0.4872437874114236
5fdfbe47,2,2,0,0.26770192437984425
605d6e05,2,3,0,0.5739208297324359
606e979d,2,2,1,0.8113065431535621
60c1ff37,2,2,0,0.570984141969401
60d1fdee,2,1,0,0.10172414567441335
60f8462b,2,1,0,0.23728623837873436
60fb7cb9,2,3,1,0.7355891364681654
612487a5,2,2,1,1.4868974907972863
612dd900,2,1,1,0.2759037214934286
613fc399,2,1,0,0.6563820936937359
613fc53d,2,1,0,0.2908781156787419
614d5517,2,2,1,0.6349285092503087
61823525,2,3,0,0.202305863895267
6187d0dc,2,3,0,0.044827949512273535
6192e6b6,2,3,1,0.7657614560808418
6197a2ce,2,3,0,0.7136036871956648
622bb412,2,2,0,0.12379064657063538
624869b6,2,3,2,0.8708639244181251
624b9e34,2,2,0,0.36416452466844
626a608e,2,1,2,0.989382863007106
6282e693,2,1,0,0.11146206977305795
62839132,2,3,0,0.3711195491672754
6291fddd,2,2,2,0.5209336224157256
62cd5c74,2,3,2,0.7562738776108023
62d0cf97,2,3,2,0.8166642779064915
62f77d2f,2,2,1,0.5629189514477705
632eca98,2,3,0,0.6230369312133863
6332ad59,2,3,0,0.2745219659884815
63334478,2,2,0,0.3917871145456604
6344bba1,2,1,2,1.296405364959364
635554d2,2,1,0,0.5210371439102816
63a00e40,2,3,0,0.45831340048464014
63d810bb,2,1,0,0.8245747123706133
63dd16ec,2,2,0,0.2278138327882651
641697e6,2,2,0,0.29256508423496863
641a2b87,2,1,0,0.3916262454676266
646a4c0e,2,1,2,0.6697748974617239
64b4005d,2,3,1,0.6023098675725643
64ed48c4,2,2,2,1.2968542113009884
64fc556b,2,1,0,0.11868475888623431
650bf252,2,1,0,0.15018247617175662
6514c337,2,3,0,0.4132413427972754
6515ef94,2,1,0,0.22678921074840575
6595d479,2,1,1,1.0649412395317808
65af9f2a,2,1,0,0.36471679131164547
65dc81f5,2,3,0,0.6759823960284268
65dfe4b9,2,3,0,1.1968060218345062
65f9369d,2,3,0,0.47125354594490115
65fe69c0,2,2,1,1.3189505933701362
66094cfd,2,2,0,0.5402708034024448
6622b302,2,3,0,0.32973760532409735
665abfda,2,3,1,0.43118001294154784
66665e95,2,2,2,0.6062650345049243
6666aed3,2,3,1,0.813022164974216
6672e527,2,2,0,0.15040921696181886
668a2fea,2,3,0,0.4535392641526237
6699c999,2,1,0,0.221080317185326
66d86d0b,2,1,0,0.8461151613738667
66ed301e,2,3,0,0.35031825548158896
673a7e2a,2,2,0,0.12498557590563886
673e7be9,2,1,1,0.6067984429869987
677038b5,2,1,0,0.11683286322417102
6774ba64,2,2,0,0.27999362261447514
678598dd,2,1,0,0.1393632394388719
6795027a,2,1,0,0.4209451934067179
67b54cdb,2,2,0,0.18344912164699906
682327c3,2,2,0,0.31744626463366693
6826f0be,2,2,1,0.8407389126792173
683464ff,2,3,0,0.5456787675874573
68572a28,2,2,0,0.024597544234435387
68688509,2,2,0,0.6352942948440105
687c85e7,2,3,0,0.5377563084544674
6885737e,2,1,1,0.6782369785676887
68a59e56,2,3,1,0.26795968924890273
68be5113,2,2,0,0.03823273977557384
68d49292,2,3,0,0.2613184699800209
68e514dc,2,3,0,0.6481724873132775
68e61f96,2,2,0,0.3190620221169015
68e7140b,2,2,0,1.5598646448402096
69742f6f,2,3,2,1.046084447248886
697d894b,2,2,1,1.2704534947348098
698b9067,2,3,1,0.3628492184410465
69b65679,2,2,0,0.31322467146235833
69ccea20,2,1,0,0.2608172974519105
69cdf9c3,2,1,1,0.5831866356372086
69fabb6b,2,2,2,0.9037817073622101
6a04461f,2,3,2,0.23381330954860058
6a138911,2,1,0,0.3913784952495011
6a2fd807,2,1,1,1.1481270716078678
6a4df6ff,2,3,0,0.03753517359166114
6a6da46c,2,3,1,0.7382266019669104
6a7d07fb,2,3,0,0.27561130581198656
6a864b11,2,2,1,1.283265667564351
6a9f0db7,2,2,0,0.09349591246884692
6abd21d4,2,3,1,0.7329801796678104
6abd2bd4,2,1,1,0.863384733269735
6abe8b60,2,1,0,0.30935461935061925
6ac5763a,2,3,2,1.0463292742983126
6ac5eaaf,2,3,1,0.31104743113570454
6ad91972,2,2,0,0.43513694729060726
6ae1473e,2,1,1,0.4608049140053419
6b4b8c14,2,3,1,1.1067064432381195
6b6467f4,2,3,2,0.7787135452948503
6b9a25e6,2,1,0,0.29658814747482887
6be0f069,2,1,0,0.5368741226325278
6becb599,2,1,0,0.09788206739945854
6c2edc91,2,3,0,0.7557714224917275
6d341798,2,3,0,0.2700737034699307
6d5944a9,2,2,0,0.3283714467347629
6d5c5afb,2,3,0,0.3874229304181198
6d70e716,2,3,2,0.7006782774579753
6d7ba819,2,2,1,0.15482238123902142
6d855495,2,1,0,0.614308447383628
6db453ce,2,3,2,1.0193053292553107
6dfe4a75,2,1,1,1.0258545111785213
6e0d4774,2,2,1,0.8149847088569814
6e128c6b,2,3,0,0.9710822231269517
6e1d28b6,2,2,0,0.533805537368107
6e5606d5,2,3,1,0.41532096830095666
6e68bcfd,2,2,1,0.5206986460459336
6e695d70,2,3,2,0.5267084038361941
6e6d895f,2,3,0,0.44207789950593956
6e85a624,2,2,2,0.3842357384307171
6e89cee5,2,2,0,0.6596590707291065
6ea48a4e,2,3,0,0.5883931640011862
6ebfdc95,2,2,0,0.9678465695803486
6ecb430a,2,2,1,0.34047390990846227
6ed385f6,2,2,1,1.2894414734375936
6eff29da,2,1,1,0.2667638354225178
6f49c8d0,2,1,0,0.21021890909502577
6f878799,2,3,0,0.5449636188371969
6fc6b5c4,2,3,0,0.4585952025156981
6fc95dfc,2,1,0,0.27233841201161374
6fcdcb2a,2,1,0,0.7124063709407353
7015528d,2,3,0,0.577765736103585
707c82c4,2,1,1,0.35098386252564806
7092a6ce,2,3,2,0.8862839332220673
709457f3,2,2,1,0.435412152469454
70de1c63,2,1,2,1.05909807673679
7106a387,2,1,0,0.3755791166345676
7151d8b5,2,2,0,0.3936032038625825
71850348,2,2,0,0.452665730413333
71852781,2,1,0,0.4374117181001187
718975fe,2,3,0,0.43090673547800834
71c1b1d2,2,3,0,0.12205092497597314
71cf0f87,2,1,0,0.1459434364499274
71ee31f8,2,3,0,0.21456342668134093
71ffd0ba,2,2,0,0.36527619420083435
7214ad21,2,2,1,0.9326738617062544
721ea536,2,1,0,0.8250634897438635
72264d13,2,3,1,0.7453851604445825
72565f5c,2,3,0,0.5405430482762202
7265f1e5,2,1,0,0.27029517293697936
7290824a,2,2,2,1.5390921003858078
72a0c969,2,1,0,0.3725135996007044
72afd4ca,2,3,0,0.8677938961895229
72bbfadf,2,3,1,0.726927971691379
72c9c38d,2,2,1,0.5326908875720919
72cb1703,2,1,0,0.128471949228818
72cc9a64,2,3,0,0.6456624439473101
72fa40ba,2,1,2,0.7654978472168037
7305af8b,2,2,0,0.26450973726629673
7308d22c,2,1,1,0.6030877938376595
732b2327,2,1,0,0.46397575307553046
738e7248,2,1,1,0.9228252459642168
73aa6aab,2,3,1,1.0112807993519217
73d0e0a0,2,2,0,0.59307141673668
73ec551e,2,1,0,0.15519964186239826
73ffa609,2,2,0,1.0715381196354434
7494989e,2,2,0,0.07366733129979997
7498fbde,2,3,1,0.5056225732113072
74be50af,2,3,0,0.18651958993844303
74c2bd81,2,3,1,0.9515286837031525
7514c6f4,2,1,2,1.2494932792982791
75927c18,2,2,1,1.248924792120337
759328e6,2,2,2,1.3426492574361335
75ad73ee,2,2,0,0.30060823580627777
75b0446f,2,1,0,0.6485141843471449
75bcc1e0,2,3,1,0.3980553621656425
75db1257,2,2,1,0.9681715632022458
75f26948,2,2,3,0.8393788663028361
764d8b42,2,2,0,0.124917039774542
76781cd8,2,3,1,0.41415175276266003
7698543b,2,3,0,0.7561941612196658
76c9bf0e,2,3,1,0.6090065884445397
76dc0e9f,2,2,0,0.23207725931367096
76dfa86c,2,1,0,0.16016326456360985
76f8f621,2,2,1,0.3405692044079913
76fb4afb,2,3,1,0.14215808657486917
76ff59f2,2,2,0,0.33312077525961004
7752d450,2,2,2,1.1759012002196125
776d33af,2,3,1,1.1820312910515196
777a3e9d,2,3,2,1.0495073297517217
77941a98,2,2,0,0.3462340873256326
77a5b2ad,2,1,0,0.32658333943391876
77bfe07c,2,2,0,0.8172132099171181
7800a084,2,1,2,0.9848303313291022
781710fe,2,3,0,0.06735643373862144
782a0589,2,3,0,0.56355413497501
782af70b,2,1,1,0.954295697207886
7858fd16,2,2,0,0.3543591936001671
785d0663,2,2,0,0.8360479508143557
7860b64c,2,2,1,0.4124118755377121
78667893,2,1,2,0.23065999312506058
78704d22,2,2,1,0.9554344466091624
787654dd,2,2,0,0.21995600373524388
788268a4,2,2,0,0.1566774594424753
78a34e5d,2,1,0,0.258549051957397
78b488ff,2,1,0,0.2481431444370854
7914b38b,2,1,2,1.4038427540216194
792d2fa5,2,2,3,0.6293892693537896
793c2e31,2,3,0,0.3772348550664213
79483148,2,3,1,0.6776575518897922
7958e61b,2,2,1,0.6216985445632661
79629cf4,2,3,1,0.4705305346096947
7975694f,2,1,0,0.3859596613517008
79bd36b6,2,2,1,1.0116895291195305
79de3beb,2,3,0,0.575213830601792
79e496f2,2,2,2,0.8616303879148495
7a0136e0,2,3,0,1.1697617398798759
7a5fccc9,2,3,1,0.3796866136733975
7aa3a145,2,2,0,0.07567977867152076
7ad92034,2,1,1,0.6714361612928643
7af8eac0,2,3,0,0.10509064335982427
7b0a4060,2,1,0,0.2325271536047382
7b543871,2,3,1,0.4533858391150686
7b78e634,2,3,2,0.8602997125518717
7b8842c3,2,3,2,0.80692652366643
7b9690de,2,1,0,0.4103921047536443
7bbde46f,2,3,2,0.3071776031191991
7bdbf66f,2,2,2,0.3856858894273375
7c02f4ec,2,2,2,1.6362904207150306
7c194077,2,1,1,1.4173619678947593
7c1d7ddd,2,2,1,0.3347616744366776
7c21ad67,2,3,0,0.5424290289393575
7c29e92d,2,3,1,0.7195357358394603
7c6ca1d4,2,2,1,0.8490938283742655
7c71edac,2,2,0,0.4848168589064924
7ca548f9,2,2,0,0.19625443772019546
7cb1e4c7,2,1,0,0.4276548477080131
7ccdb9f2,2,3,0,0.452528516727804
7ce36c38,2,3,0,0.5705336354986102
7cf3bca6,2,1,0,0.4578370209539218
7d0a92d5,2,1,0,0.6074341340860345
7d22cd0a,2,1,1,0.24822514317434402
7d2f236b,2,2,0,0.11723186309398576
7d40a714,2,3,2,1.2396684620427063
7d666f0f,2,1,2,0.5792098661862854
7d751a6a,2,2,0,1.091878610846137
7d878d0d,2,2,1,0.6459435548191317
7d8f1716,2,1,1,0.6220136664851433
7d927bdf,2,3,0,0.6242745329673207
7dae6de9,2,2,1,0.39678679422572394
7dc65b92,2,3,0,0.8734465472562853
7dd54e69,2,2,2,0.6067411013693064
7e33976b,2,2,0,0.05739386138217473
7e41db05,2,1,1,0.9587813233467345
7e46b693,2,3,1,0.8797962225327185
7e71aa83,2,2,0,0.4293794502026572
7e87087b,2,1,0,1.1242901852905418
7ebca7c4,2,3,0,0.5489158978860086
7f04b4fc,2,1,1,0.5026799379764194
7f1063e4,2,1,1,1.0378504051459667
7f26f78c,2,1,1,1.2083471717888659
7f2715b4,2,1,0,0.41364522952247296
7f44236f,2,2,3,1.0023395080407103
7f5aeb05,2,2,0,0.32741288596737034
7f950ef2,2,1,3,1.094385038919409
7fceb836,2,2,0,0.9890209231503062
7fcf0046,2,3,1,0.7207163049548216
7fd40f2b,2,1,1,0.6126047223504921
7fe0a99a,2,3,0,0.3249402783613713
8033847f,2,1,1,0.9154826502135498
8068fafb,2,1,0,0.28886590175447263
806d877f,2,3,1,0.572288069934524
80784c40,2,3,0,0.6594170247487288
8078b7de,2,3,1,0.5814607321051404
807d8908,2,1,1,0.6143119657897292
80a5f1e1,2,1,0,0.7716603222578816
80a9f2bb,2,3,0,0.28691152832120226
80d8829a,2,2,0,0.2471914411774852
80ed2bcf,2,2,1,1.360281386195199
81095901,2,2,0,0.26174053314696666
812f6873,2,2,0,0.5219407266791899
81364a4b,2,3,1,0.9138365080644542
81394e0e,2,3,1,0.5391370517599091
8148c785,2,3,3,1.3814238685801028
816b0564,2,2,0,0.658832418385895
81766b8a,2,1,0,0.48029391909795566
8189aa29,2,3,2,0.7272006654244465
819ad5f1,2,3,0,0.4365140283190798
81a4b826,2,1,0,0.442507219410798
81c0b83c,2,3,1,0.30699838301907656
81d3ab22,2,2,0,0.8631154352263488
81d607bb,2,3,0,0.24137407777701836
81eaf4c1,2,3,0,0.086927879678109
81f60502,2,3,1,0.5363945886220031
81feecad,2,3,0,0.6670813618354866
8226bbd4,2,2,1,0.4344156049814234
828b31ca,2,1,0,0.18247660030100638
82a114c1,2,2,2,0.7465075676129032
82ec9747,2,2,0,0.16545766763497632
8328c8b3,2,1,0,0.9089593032300305
83379672,2,1,1,0.3421365524959102
836b4de3,2,2,0,0.6911941917760677
83846d0c,2,3,0,0.30930566056374226
83912085,2,3,0,0.41090950537937065
839b507a,2,2,0,0.06770302216381563
83c33097,2,1,0,0.32195343868934617
83eda373,2,1,0,0.32703515416055756
83fb5ee0,2,3,0,0.22642169184461158
840ff4b7,2,1,0,0.15073268124514877
844be9e4,2,2,0,0.23530256964281004
84875079,2,2,0,0.3502823011189884
84a16b14,2,3,0,0.5634044222355387
84b7d89d,2,3,1,0.934339080883851
852adec2,2,3,0,0.3553360448567989
85452335,2,1,1,0.8122565641939453
855c6099,2,3,1,0.4049744901562494
8570ea5f,2,3,0,0.6789126168520411
8572d442,2,2,0,0.8799432542386452
857baaa6,2,3,0,0.587413522924053
8581b9a1,2,2,1,0.6190329759057236
858ae6a3,2,1,2,0.689822172157402
859cbb27,2,1,0,0.23720107688257663
85a1082c,2,1,0,0.4896805891399259
85ba333f,2,3,2,0.4048208695797221
85d99199,2,1,0,1.1835301411185544
85d9c915,2,3,0,0.34409728954760227
85f23af6,2,1,1,0.21814632871927997
860f4f9c,2,2,2,0.5559499610116128
861188f4,2,2,2,0.8411371868450541
861fd4a0,2,2,0,0.15167880619584245
863e40c7,2,1,0,0.8017122338446567
863f7033,2,3,0,0.8394942130414981
86a8e0d6,2,2,1,1.0687579983760314
871b2b19,2,1,0,0.40939481687657353
874a348f,2,2,2,0.7922834419053122
87509a7b,2,1,0,0.2971964207109941
876a929e,2,2,2,1.173002450229918
8772f64b,2,2,0,0.8297750055119013
87a60251,2,1,0,0.13690071935351128
87af775e,2,1,2,0.4961001367187332
87b78ee3,2,2,2,0.8340579015408489
884c429c,2,3,0,0.02060553878656124
8875387b,2,1,0,1.0378946473723651
888c45f9,2,1,1,0.10221625001174722
88cdb5bd,2,1,2,1.1187036307001208
891193eb,2,1,0,0.4557070851817343
891b8cd5,2,2,0,1.1523732931231767
89261ca6,2,2,0,0.3494064838015196
893293dd,2,3,0,0.09440837322609424
895f9725,2,2,0,0.7411344735388745
89739b1a,2,3,0,0.2891163573333171
897da2c8,2,2,0,0.26358137319864827
898096eb,2,3,0,0.22388473822509475
89bd10b7,2,2,2,0.9915891835086241
8a444a98,2,3,0,0.31446267457734955
8a44ea3a,2,3,0,0.29533644361324457
8a4d341b,2,3,0,0.46006220427934696
8a4e5d1a,2,1,0,0.9283871837348462
8a645723,2,3,1,1.1760585404276804
8a6b6912,2,3,0,0.2273141045850977
8a77c3e9,2,1,1,1.0244567807574962
8a77d185,2,2,2,0.5417633920104057
8a78a063,2,2,0,0.17003690738733607
8a9cce44,2,3,2,0.29318360233371804
8a9e653f,2,2,0,-0.01940019629704859
8abbbc38,2,2,0,0.4703929415742628
8ad5e251,2,2,0,0.2550545200240007
8ae6a52f,2,1,0,1.2002756713480693
8b02eb7e,2,1,0,1.325265344379922
8b3c900f,2,1,0,0.5594937754709107
8b4b9648,2,2,1,0.6463876679228188
8b6a40f5,2,1,0,0.7812586509374551
8b802ca8,2,1,0,0.10252911361377359
8ba98f12,2,2,0,0.1456253347885857
8bc5199c,2,3,1,0.3930246347159663
8bf72a9c,2,1,1,1.3482454164530921
8c0ca955,2,3,0,0.75506168018036
8c122779,2,3,0,0.9232325451461667
8c5a5a21,2,1,0,0.4750802449841005
8c6c52a2,2,3,0,0.256497398734813
8c97411a,2,2,0,0.367827744073533
8c9c253d,2,2,0,0.4414329631671645
8ca025c3,2,2,0,0.24028088799180347
8cab7bc4,2,2,0,0.5966410496299757
8cb19d64,2,2,1,0.2099123596493172
8cfcac79,2,2,2,0.9274563150071217
8d010562,2,3,0,0.4164496817279218
8d055cca,2,3,0,0.7275787428802895
8d11c14a,2,3,1,0.36140544004117237
8db09bb4,2,3,1,0.7007888166546231
8ddb6b8d,2,3,0,0.49751585693497247
8e24b103,2,3,0,0.19017226992276548
8e380413,2,1,1,0.6231007566472149
8e59a69a,2,1,1,0.6042893835129851
8e749c85,2,1,1,0.975052903197716
8e770d51,2,1,0,0.36337321777995546
8e93a873,2,3,1,0.9914819959350463
8ec2cc63,2,2,0,1.0779298078160973
8ef72e3e,2,1,0,0.050304062224820756
8f015125,2,1,0,0.7115143143055798
8f112082,2,3,1,0.9057932887866499
8f13c52a,2,1,1,0.7717187878179551
8f1e1df6,2,1,0,0.8238552993305428
8f21c613,2,3,1,0.7853969756385603
8f2d131f,2,2,1,0.6898452724106217
8f39a0e7,2,3,1,0.33301279102040415
8f68479b,2,1,3,1.104610217500225
8f753551,2,3,0,0.5608487207679571
9027c805,2,1,0,0.2648192744135314
9052579b,2,1,0,0.31784204236062047
9061cc9c,2,1,0,0.038422413691503454
90778278,2,3,0,0.18551638535281456
908b1207,2,2,2,0.7960767441290197
90a37530,2,1,0,0.10643014551246843
90fee6b1,2,3,0,0.3543627994493951
9105b812,2,1,1,0.9268589406050156
91098060,2,2,0,0.6308339486459413
911d1406,2,1,0,0.7089676271221621
912a91b0,2,3,0,0.5518437919381055
9130a22e,2,3,0,0.3914272574590143
91386987,2,1,1,0.8030770502595785
91656d27,2,2,1,1.173387440022351
916f7069,2,3,0,0.6763816293327962
9173f25b,2,1,2,0.8473868661043633
917990b2,2,3,0,1.1222641731452083
9181b136,2,1,0,0.16964661352028754
91930eec,2,1,0,0.2831107026855059
91942b42,2,3,2,0.5488527304595473
91a5d06e,2,2,0,0.057762295661875185
91e23cc5,2,1,2,1.221350486371136
91e86c47,2,2,0,0.3548908676963194
91fdc1e0,2,2,0,0.570965410822149
92293b06,2,1,0,0.8779335534957182
926a64d8,2,1,1,1.0418137117976223
926b3a76,2,2,3,1.1189182077481679
926bd07e,2,3,0,0.4255056690059927
92b18571,2,3,0,0.31240392751357
92bb8516,2,1,0,0.33904990495503784
92bcf0e7,2,1,0,0.13266264887050538
930c567c,2,3,1,0.6560717005235109
932b5928,2,2,1,1.0893182399031156
93363059,2,2,1,0.9136013771691684
933da99b,2,3,0,0.865433024710624
93507a1b,2,3,3,1.409363012657582
93904b23,2,3,1,0.9709613009097398
93c72a97,2,3,0,0.9120791296357657
93cdae1c,2,1,0,0.5162700349437013
93f8b501,2,1,0,0.3109840951031049
93fd93c4,2,2,1,0.7401139211040573
9402b885,2,3,0,0.7629714415555822
9405bad1,2,3,0,0.3615443578555002
9416d70e,2,2,1,1.2803396913175284
948a7025,2,1,0,0.19014047049927568
948e1435,2,1,1,0.9524637609462068
9498cc26,2,2,1,0.9006528855760454
949f94e5,2,2,0,0.19091826065188772
94a1053b,2,2,1,1.0333881756201744
9508b72f,2,1,0,0.6241200696324697
95488452,2,3,0,0.07229754319491044
95d57ff9,2,3,0,0.9711948269076219
95e04c4b,2,2,0,0.05116811513247721
96262441,2,2,0,0.1762849848166575
9646a500,2,2,0,0.1718107095148248
96595f1d,2,3,0,0.28091559862157295
966161e7,2,1,0,0.024636756224955647
966fffd0,2,3,2,1.2308302261563666
9682cd0d,2,1,0,0.3299406716395228
96d6034f,2,1,0,0.15424899118866048
96de5f57,2,1,2,0.9502462507629563
96f13763,2,1,0,0.05336174307541619
979a5c76,2,1,1,0.8812060180635513
97bb0cc0,2,1,2,0.9236126268076027
97d0593e,2,1,0,0.37945038657691865
981568fa,2,1,0,0.6373639459585074
983bcb5b,2,1,0,0.9796039979343272
98413061,2,3,0,0.1744982382862343
9853fb61,2,1,0,0.7032916593193034
98a4be3f,2,2,0,0.7886022479964375
98a81a90,2,3,1,0.8563780977014359
99328d2e,2,3,0,0.743389293963128
99752704,2,3,1,0.6874368601895846
998115f3,2,2,1,0.47194605546374857
998cfa64,2,1,0,0.21446209207594008
99a1711f,2,3,1,0.9746617164972935
99a8a9e7,2,3,0,0.2262532776812004
99b15811,2,2,0,0.38763667136047847
99f0cc53,2,1,0,0.23485687574148834
99f3be05,2,1,1,0.5579049706317358
99fe5b44,2,1,0,0.6839448990236244
9a2082cf,2,3,0,0.34597714771414423
9a5aed6c,2,3,0,0.8694822907175688
9a76906d,2,3,0,0.3173762667447737
9a7e4c38,2,3,0,0.5627703855641162
9aa1a2ae,2,3,1,0.3745737330288217
9aab3e36,2,1,0,0.4190709806751941
9ab4909f,2,2,1,1.064300353494636
9af5548f,2,2,0,0.5871702621711078
9b328d6c,2,2,2,0.9488866227189687
9bc60f80,2,2,1,0.368509700826521
9bd745aa,2,2,0,0.9260618631364441
9bf7051d,2,1,2,0.8877888235056248
9c1ea003,2,2,1,0.6039408987073637
9c23dba9,2,3,1,0.8032560963642047
9c2df71f,2,2,0,0.05770796385715349
9c589c9d,2,1,0,0.09717727730570569
9c7a1561,2,1,0,0.17988804174759687
9c9cd7ef,2,1,1,0.36286206888450334
9cb303cb,2,2,0,1.399024977597455
9cb32129,2,2,0,0.25102871827130246
9ccbc70b,2,1,0,0.30079450087434845
9ce139d3,2,1,0,0.13569905331688137
9cee3c19,2,1,1,0.4970883780774028
9cf04c41,2,1,1,0.6707310166502077
9d0670dd,2,3,0,0.15844867764903353
9d1b2d2c,2,2,0,0.13923089350233625
9d29b706,2,1,2,0.8341792991213104
9d65adbf,2,2,1,0.8779180303706275
9d6b1410,2,3,0,0.2970329139269171
9dbdbebf,2,1,0,0.08596518466791564
9dc74359,2,3,0,1.3035471564407994
9ddb06db,2,1,2,1.2145854183878249
9ddfb9e6,2,3,1,0.9447618712039683
9e027e04,2,1,0,0.28389820176954317
9e171735,2,2,0,0.5799171424431407
9e29b5d2,2,3,0,0.47425612585822263
9e4385f7,2,1,0,0.6830020715712906
9e7860ef,2,2,0,0.28354685226612597
9e964060,2,1,2,0.24295974269491105
9eb283e4,2,1,3,1.1340745176801104
9f3ca269,2,1,1,1.1415776684164487
9f5f15ef,2,3,1,0.973363879289753
9f6b9158,2,2,2,0.8074163962942535
9f70688f,2,2,0,0.045307933005871326
9f9be55c,2,3,2,0.7553977948147835
9fa5cdfd,2,1,0,0.2877134620144608
9fa68512,2,2,0,0.042433851785126264
9fb96ae3,2,1,2,0.9672015022365317
9fbc09a6,2,2,0,0.24694606033991878
9fec142f,2,2,1,1.0213290787412024
9ff73d95,2,3,0,0.43161904515173155
a00c3ab0,2,2,3,1.7013233758063395
a00c85e7,2,3,1,0.9223026634078287
a0277c1c,2,2,0,0.3440148052577155
a032d7bb,2,1,0,0.4432833996791368
a0482f47,2,2,0,0.4334824967220171
a0497d5d,2,3,1,0.8056185607212183
a0510686,2,3,1,0.1558170536577944
a0522c83,2,2,2,0.5290568472294502
a0811cc1,2,3,0,0.5061085146928982
a08ebf6e,2,2,3,0.9727263572475975
a0dffdeb,2,2,1,0.245533964386266
a148b46f,2,2,0,0.32327134275167946
a17f6cfd,2,2,0,1.1801945578281188
a196148e,2,2,1,1.4603697941860299
a1df952c,2,3,1,1.1933589139664655
a1fe4f51,2,1,0,0.13524875337856235
a213c519,2,3,0,0.8591041022847605
a217e790,2,3,0,0.2659055259665679
a21ad8c0,2,2,1,0.8754589209304087
a221c60c,2,3,1,1.0671807644565292
a2240f50,2,2,2,0.778618628402347
a263a68c,2,2,0,0.33790064386625085
a26c3e8f,2,2,1,0.30009085817768555
a28c7891,2,1,0,0.7431752324703829
a297d1b9,2,2,0,0.18329858705694074
a2994e55,2,3,2,1.1752796573144022
a2a8f352,2,1,0,0.11114228225657169
a302a015,2,1,1,0.4097502706155093
a30e6178,2,2,0,0.5303457879292122
a317c78a,2,2,0,0.5880960729738013
a3391798,2,2,0,0.2226260464494449
a3858c6a,2,3,0,0.8320945662004373
a38699a5,2,2,1,0.4376915118268612
a3abe528,2,3,2,0.5621939347923472
a3b146ca,2,3,0,0.2850828590462727
a3bd8858,2,3,1,0.9833701304147073
a3e53e34,2,3,1,0.7691769307922695
a3ec2999,2,3,1,0.4578951334858731
a402c6c8,2,2,0,0.34896565863229745
a40c8316,2,2,2,0.9846071778585928
a45230f4,2,2,0,0.6398419848479538
a4530b41,2,1,0,0.1596575709825639
a49eda7f,2,3,0,0.8151235166403961
a4be0322,2,3,1,0.582480829493661
a4c15213,2,1,0,0.3756510998028209
a4e0447e,2,1,0,0.45663769306127544
a5024ef9,2,3,2,0.42592968597171704
a5078c62,2,3,0,0.6121869577016961
a5099438,2,1,0,1.4155980216036703
a5356446,2,2,1,0.9729013034924716
a54d22e7,2,2,0,0.18111881165143062
a55b715d,2,3,1,0.6120594584454669
a5710c0a,2,2,0,0.4383121593779242
a5974a7d,2,2,0,0.5639354833285729
a5a737f3,2,2,0,0.35493757726467323
a5dbb00a,2,2,1,0.6230546647301859
a60b8575,2,3,2,1.3711244565759002
a614af1b,2,2,0,0.5387824213802556
a62edc1c,2,1,1,0.09541897531714644
a65b2226,2,2,0,0.35434289901824945
a6969e1a,2,2,1,0.4060432681388087
a69f89e2,2,1,0,0.38962934774476854
a6e72e9d,2,3,0,0.2560763834822423
a6fbb2e7,2,1,0,0.2503744888950601
a70e9a7c,2,3,0,0.5996991459119708
a722f648,2,1,1,0.45603039132834544
a7639eb5,2,3,2,1.1124433890000607
a774c63b,2,3,0,0.6427747479862073
a7b9546a,2,1,0,0.415033177344142
a7d2852d,2,1,1,1.0356390677262428
a808ad0a,2,1,0,0.8746083557722075
a84922d2,2,1,0,0.5652278339259189
a8722cde,2,1,1,0.7819550674402536
a88cd304,2,1,1,0.9415886677705756
a8926a86,2,3,2,1.2177192151910217
a89284b2,2,1,0,0.16327053532029645
a8c1aab5,2,2,0,0.3547727292574979
a8d90be8,2,1,0,0.7326317273103686
a8d9de72,2,1,2,0.4544263917298559
a8dc2e05,2,1,0,1.2111183195928934
a952659d,2,2,2,0.6687805319177563
a9595acd,2,3,0,0.39019022287979765
a95b4487,2,3,0,0.4678145534529712
a9717f92,2,1,0,0.6238116189724472
a971b3b1,2,3,0,0.1167777044321846
a9aa2336,2,1,0,0.6951868892251483
a9b84b96,2,1,0,0.06947475930285008
a9c3b925,2,2,0,0.37845637902304463
a9c53cdb,2,1,1,0.274541968022849
a9c5f872,2,3,0,0.5821340023906535
a9e5794a,2,3,0,0.5910660133091835
aa61d9da,2,2,0,0.9568239428601537
aacb0b33,2,2,0,0.7477161684942263
aae9800e,2,2,0,0.7794812718483124
aaefeff0,2,2,3,0.9210912315668786
ab16a20d,2,2,0,0.530967186268657
ab1dc378,2,3,3,1.0319593570641474
ab2ad965,2,3,0,0.21935945756997466
ab36aa48,2,3,2,0.4382589888040551
ab4b6c15,2,2,1,0.7691102655245422
ab54c39e,2,3,1,0.7569167853848034
ab5889ef,2,1,0,0.11216516932661147
ab6e1b81,2,2,0,0.11193733058458027
ab71f143,2,2,0,0.4742368635659305
ab8245da,2,1,2,0.27640647302511095
ab987c75,2,1,0,0.3834103678566205
abac67cc,2,1,0,1.1626248314058034
abb3b071,2,3,0,0.5543296695709461
abd1b232,2,1,2,1.160415966526775
ac1ad4a7,2,3,0,0.21702804665316722
ac29ec80,2,3,0,0.16488304079821225
ac31e154,2,2,0,0.4305917353626869
ac3ba541,2,1,0,0.1900376637543264
ac5fad3b,2,2,0,0.11318804199444571
ac675a81,2,1,1,0.4097642260468525
ac67c949,2,2,0,0.14587931711314883
ac967bb9,2,3,2,1.0741842155279793
acb75c15,2,1,0,0.5134910774623904
acde8e47,2,2,1,0.6143227916922601
aceefa4f,2,1,1,0.8904781593325233
ad0bbf35,2,1,0,0.07851635376483002
ad319a21,2,3,1,0.7466493387508985
ad380962,2,1,0,0.18666800152130136
ad536dea,2,3,1,0.6131878194215825
ad8945e3,2,2,1,0.5689986540630148
ad9f821d,2,1,0,0.7937250769919865
adbd6839,2,2,0,0.40848142048813096
adc2d620,2,2,0,0.3305546450878052
adc71322,2,2,0,0.5743222678536986
ade50eba,2,2,1,1.2119600703167734
adfef47a,2,2,0,0.049335636605201905
ae4fdae6,2,2,2,1.2518192615850254
ae6e4380,2,1,0,0.29040731497861877
ae712150,2,2,0,0.47627871325524246
aea92843,2,1,0,0.21013193108048295
aed29ee7,2,2,2,0.8644481660636453
af1c2775,2,2,2,1.1725461786463616
af485add,2,3,2,0.7189996284703166
af4f064e,2,3,0,0.27469221814205075
afa6cc9b,2,1,1,0.6700740432900425
afa92c37,2,1,1,0.7163826233274981
afae8244,2,2,1,0.3441941625444435
b01cb004,2,1,0,0.2829534342277038
b08423c5,2,3,1,0.8424039827580776
b092b360,2,1,0,0.5896918629935007
b0ab15a7,2,3,0,0.22265041114615802
b0b57cb7,2,2,1,0.35813983577469066
b120a337,2,2,0,0.5125268283883253
b13e0cd0,2,3,0,0.8891782041395785
b1883100,2,2,0,0.0674697919428261
b1a00510,2,3,1,0.4276173853123152
b1de4423,2,3,0,0.11275507258072959
b1f064ac,2,1,0,0.877956053863618
b21f7b12,2,1,1,0.9824513635463699
b2290813,2,2,0,0.9560991943043359
b23b9220,2,2,0,0.6933641369078519
b2594910,2,2,0,0.44550377420233733
b25abc27,2,3,2,1.2259571450216926
b285eac6,2,1,2,0.307031507167168
b2987a65,2,2,0,0.4116667155006897
b2b56219,2,3,1,0.6133283641859198
b2b792a7,2,1,0,1.2188698203529351
b318f1d9,2,3,0,0.21615120023632395
b31dd1bb,2,2,0,0.8063813957723791
b347b9cc,2,3,0,0.24185714494252342
b37281d5,2,1,2,0.4200366033202114
b39504a7,2,3,2,0.6935984230513222
b397a73e,2,2,1,0.4866112213624977
b3b200af,2,2,0,0.36303990337589787
b3d74a58,2,2,0,0.024414963263362233
b3dade53,2,2,2,0.7483950967510433
b3e10f59,2,3,0,0.15795901187316824
b3e14267,2,2,0,0.8712660989067298
b3f5c066,2,1,0,0.5393646864766932
b4002374,2,2,1,0.7224110853157104
b412866b,2,3,1,0.9313984677820245
b41cee02,2,3,0,0.4438365208266397
b449ac61,2,3,2,0.8924684134776424
b4885e6f,2,1,3,1.1020355088982106
b4bd49a0,2,2,1,0.22912507093049772
b4cfd8d7,2,3,0,0.5897300204576489
b4e69f09,2,1,0,0.17240995672388126
b516ca6f,2,2,0,0.5873243137041794
b53a8f23,2,3,2,0.5223827963506632
b55f7943,2,1,1,0.505848393438184
b57e33a6,2,1,1,0.14306530123925076
b5c2bc50,2,2,0,0.31016344882751107
b62a320b,2,2,1,0.3553973809075828
b64856e9,2,1,1,0.6064908775790046
b6af12af,2,3,0,0.544642511756537
b6caa7fb,2,3,0,0.3920538901548576
b6e9a65f,2,3,0,0.2117660814661238
b70db5d6,2,2,0,0.006859594221203635
b712b69b,2,3,2,1.0080305369756601
b746cbe3,2,3,0,0.27113878752795517
b78d5d2e,2,3,0,0.5492087515465699
b7a61f8d,2,3,0,0.19481763203891483
b7ac57d5,2,1,1,1.202207887178782
b7c3834f,2,3,3,1.4278972304824042
b7c410a9,2,3,0,0.5435318245510519
b7eb466c,2,2,0,0.6078184868205638
b7ec062d,2,1,1,0.9661988148330143
b802aec3,2,3,1,0.81137164955739
b823508b,2,1,1,0.37872236364506817
b84754a9,2,2,0,0.5707623663368617
b89537ae,2,3,0,0.4485574196437996
b89b8154,2,2,0,0.3609797012989664
b8b48fbf,2,2,0,0.5381684159571369
b8bf20f9,2,1,0,0.40519074578608194
b8df3d7c,2,2,0,0.4122013050243996
b92be605,2,1,0,0.5250667321183273
b9318815,2,1,1,0.9891621119243847
b93e1e41,2,3,0,0.48669514435976136
b94ec4a1,2,1,0,0.6209338854950007
b95aad8d,2,3,2,0.9604027511522711
b95da85d,2,1,2,0.7281729614277536
b9b22bff,2,2,0,1.3060443770185604
b9c085ab,2,3,0,0.7202779988747499
b9d3616c,2,3,2,0.82324042273194
b9dcf632,2,1,0,0.19518988886334526
b9e20ba6,2,1,0,0.5243290223511036
b9eeb8fa,2,1,0,0.27225854651138176
ba09d63f,2,1,0,0.454373091405155
ba158a9c,2,3,0,0.6498643257231101
ba29cfb3,2,1,0,0.17673182633974222
ba42462b,2,2,0,0.30943516854476005
ba4294b3,2,1,0,0.4336939295274373
ba73bc7c,2,1,1,0.7240688612406144
bafc4389,2,3,1,0.40243514417493925
bb0d7d92,2,3,2,0.9318607847508144
bb4821ee,2,2,1,0.536445406323908
bb808a71,2,2,0,0.7780458705472361
bbbd61c9,2,2,0,0.07181018296685615
bbd71a7c,2,1,2,0.9575085875735396
bbe5bedd,2,2,0,0.3463575478569949
bc06600f,2,2,1,0.7323648491682848
bc0c0f03,2,1,0,0.3007056632835114
bc1ec029,2,3,0,0.5967794906700241
bc4eaf77,2,1,3,0.9166228183655631
bc66f41d,2,2,0,0.47975065430275476
bc6bd8b2,2,1,0,0.23584285460462417
bc790ce0,2,2,0,0.501380697223106
bc817a4c,2,1,0,0.1072706598668654
bc95339a,2,2,0,0.2166424916999274
bccebc5a,2,3,0,0.7399370283697826
bd124dbc,2,1,1,0.5278691280821276
bd480331,2,3,0,0.4968010345009306
bd4ccd4c,2,3,1,0.6081218598698341
bd713fb8,2,1,0,0.43499298358990335
bd932d04,2,2,2,1.5366699735125784
bdbd1afd,2,1,0,1.0206022986868701
bdbff28b,2,3,0,1.1321783245287425
bdcc7d10,2,1,0,0.29706956264210355
bdcddd09,2,2,1,0.5688973422843238
be1c3b0e,2,1,0,0.98829866606313
be210bc7,2,1,2,1.1670037800379367
be26335a,2,1,1,0.948765871205488
bea525dc,2,1,0,0.7058258024179206
beafa6f9,2,2,2,0.8306002791070106
bebff291,2,3,0,0.17642371171169552
bee4eab0,2,1,1,0.63422429789855
bee51adb,2,1,0,0.3451733132516044
bef89ce4,2,2,0,0.367177999168136
bf0942bc,2,1,0,0.5986763029143938
bf18965c,2,1,0,0.533007468952759
bf280e13,2,1,1,0.6703947378250509
bf31e0a7,2,3,0,0.17523533375953204
bfb421f9,2,3,2,0.7250541859130767
bfb52472,2,2,1,0.8369187913120983
c00c663c,2,2,1,0.6847716487670719
c03c0758,2,2,1,0.20218612044602968
c0442863,2,1,2,0.9638636111579213
c0869eb0,2,2,0,0.3738639779667659
c09d41cd,2,3,0,0.7735227865101656
c0a7d046,2,3,0,0.9632502318319094
c0adc389,2,3,2,1.2236965193533278
c0c168fa,2,3,0,0.24456394054794095
c0d5b3f3,2,2,0,0.9540905115815334
c0f2a046,2,1,0,0.6845534216918991
c1200b71,2,2,0,0.09202498982726764
c1373df0,2,2,1,0.24779660207127452
c192715a,2,2,0,0.7529755360518446
c1add876,2,2,1,0.465979074431223
c1ed20ef,2,2,1,0.335562414150433
c274a243,2,2,0,0.11770549333454994
c2adf42c,2,2,1,0.7544844813176468
c2b40d6f,2,2,0,0.3672356752882975
c2bac6ad,2,2,2,1.065971040694655
c2bac92a,2,1,0,0.6431283038708226
c2e15338,2,3,2,1.2353011312048081
c2ea6e54,2,3,0,0.40584060778249337
c3061b23,2,3,0,0.6637137958792945
c30f5122,2,3,2,1.143940482659338
c31a5825,2,2,2,0.22564446243967157
c35218d4,2,2,0,0.20713267492433896
c3760eb9,2,3,0,1.1941600241090597
c37ef416,2,2,0,0.3592727600331036
c38585c5,2,2,1,0.3131825620341681
c38a5c9b,2,2,2,1.315304397421667
c391e9c0,2,2,1,0.43506670639022305
c3a3f61e,2,1,0,0.4356142669571701
c3a86e3e,2,1,1,0.26892897149164535
c3b87e5c,2,1,0,0.25073038025973005
c3d46daf,2,2,2,0.7552436711420698
c3dde859,2,2,0,0.2858292828045971
c409bc9d,2,3,0,0.15721295562654136
c40bb352,2,1,1,0.25586107622394527
c41274a7,2,3,0,1.092665354731417
c42b7972,2,1,0,0.8529954754911957
c43b985c,2,1,0,0.47701802189544923
c4a681dc,2,1,1,0.24548468661322953
c4aa8d47,2,2,0,0.07655442053264183
c4c86e6f,2,3,1,1.073389257579827
c51c1139,2,3,0,0.29267856443239915
c5462e87,2,2,1,0.35071686705374283
c55cc646,2,2,3,1.0677814406788344
c5cfaeae,2,1,2,0.6720117244063832
c5e91ebc,2,1,0,0.37767674303994214
c5f3d60c,2,1,0,0.11119642072355684
c6287031,2,1,1,0.8472746315945106
c6313b18,2,1,0,0.33955053907693866
c63f1965,2,1,0,0.33856042179098766
c6575d38,2,1,2,1.4506395444246616
c66daa08,2,2,2,0.9927205695018203
c678730b,2,3,0,0.3390855408047923
c68c9809,2,2,1,0.5999800215315122
c69ffa09,2,1,0,1.0743682844698303
c6a92a65,2,2,0,0.34159990322581
c6b7811e,2,1,2,0.3389675795903816
c6cb894a,2,1,0,0.6438591886179816
c6cc7467,2,1,0,0.7966087461177084
c6d4b453,2,3,1,0.29556731574243017
c6da0d4b,2,2,0,0.3831434592859603
c6fd800e,2,2,0,0.24631338330460206
c706a54d,2,1,0,0.13118939391801987
c715832b,2,3,0,0.6151912118248111
c731458f,2,3,1,0.7253944928063536
c73f149c,2,1,0,0.2650134639458303
c79039af,2,1,1,0.30940218714893397
c7d61396,2,1,1,0.4455805325923591
c7d9e964,2,1,0,0.3123142949160394
c7fd8939,2,2,0,0.2269779072306416
c805ebe7,2,3,0,0.15822312491526913
c8270746,2,1,1,0.8151686413018489
c829500d,2,2,0,0.3611732144519707
c892f324,2,3,0,0.26173778865294517
c8cc2e1b,2,1,0,0.2511605373886467
c8d6b871,2,1,0,0.4809559463075726
c9133895,2,3,1,0.5267088912829135
c9537127,2,3,0,0.7466673153943474
c9600298,2,3,0,0.3175970161957418
c96b9609,2,2,0,0.16456571384745683
c9879365,2,1,0,0.5574366231756026
c9a57335,2,1,0,0.24823863953608483
c9ad9c75,2,2,0,0.768889866878709
c9d47171,2,3,2,0.37391688970862935
c9dabad5,2,1,0,0.46453241149629926
ca1bdcd3,2,1,0,0.3131931868492151
ca3204b0,2,3,0,0.7238617376502787
ca33a5e7,2,3,2,0.41928914314688503
ca724703,2,2,0,0.567345088160588
cac0f438,2,3,0,0.3566489518041548
cad3bc70,2,1,2,1.1205949776009185
cae0531e,2,1,1,1.0238406701355216
cae31194,2,2,0,0.34725562811005567
caec8d59,2,2,2,1.1987892895148216
cb054226,2,1,2,0.5187298206216618
cb2752bc,2,1,1,0.7628999620819308
cb3b7c3c,2,1,1,0.7629087618533807
cb73fed9,2,2,0,0.23827830885611218
cba1c8b5,2,2,0,0.7299563072229076
cba39753,2,3,0,0.8290664881747795
cbb1ddec,2,1,2,0.7656077713712726
cbcf8cf2,2,2,0,0.6804033510038572
cc010b72,2,1,0,0.16725284995199036
cc16d472,2,2,2,0.9168833066406717
cc224be2,2,2,0,0.5167480832753618
cc25e136,2,2,2,0.9845794808007817
cc477243,2,3,0,0.4327052961697836
cc5143df,2,2,0,0.5667095868228338
cca40abb,2,1,0,0.0894900503048695
ccc9db97,2,2,1,1.590611509781174
ccd0fe74,2,1,2,0.8438920492871198
ccdb4ae5,2,3,0,0.4619867663317486
cceddb57,2,1,0,0.7595703614862976
cd1fff5a,2,2,0,1.1585897385427102
cd36e51d,2,2,2,0.9936774267490915
cd39e576,2,2,0,0.4582314004771599
cd68643b,2,1,0,0.1267930800845659
cd703872,2,2,0,1.1131724004805297
cd89d5f1,2,1,0,0.863067920617395
cd8f3c61,2,1,0,0.20666276869103567
cd92eaf6,2,3,0,0.4140327051316254
cda90e9e,2,1,0,0.5783506679863074
ce031b1b,2,1,0,0.3420135904996674
ce379a6a,2,2,1,0.6716974473401677
ce95b2e1,2,3,2,0.9581691973338612
cea35700,2,2,0,0.35263045995200515
cea73edd,2,3,0,0.47443942561155417
cedf96c5,2,1,0,0.3977871516142334
cefdb7fe,2,2,1,0.8668820509570883
cf0d6d38,2,2,0,0.18562723520387925
cf1b9d44,2,3,0,0.7118576223600055
cf2e4065,2,2,2,0.34921658571685255
cf86987d,2,2,2,1.2421805403430888
cfbbdd3d,2,3,1,0.5557764519775796
cfcf9dc9,2,1,2,0.2857970330582058
cfe4cf40,2,2,1,0.691163709431537
cff4bcee,2,1,0,0.29794172745827663
d00b493e,2,1,0,0.7553823053848946
d0429481,2,3,3,1.4671650879178024
d05f5d71,2,2,2,0.585591684851336
d08806a2,2,2,1,0.5408947536789286
d0ac4f1c,2,2,0,1.4504986318853006
d0ef0744,2,3,0,1.0850394249311262
d11428bd,2,3,0,0.7037879304193513
d1145910,2,3,1,0.8356635795038437
d14d79b5,2,3,0,0.3693065568959101
d19e1025,2,3,1,0.4022756556292204
d1a38988,2,2,0,0.2942080692367553
d1aa6625,2,2,0,0.40848547836810273
d1ab95e5,2,1,0,0.4696766421232642
d22e7168,2,1,0,0.5096379745973348
d28f0d44,2,3,0,0.6345666926209051
d2b84f45,2,1,1,0.9153601622037644
d2bcca68,2,3,0,0.35917760385790803
d2d9b474,2,1,0,0.5972746589727761
d2fcde50,2,1,0,0.31987208957352437
d3b860ab,2,2,1,0.0359329676053084
d3bf6d28,2,2,1,0.8011883271095139
d3da09e8,2,3,1,1.0095083795743551
d3e45961,2,3,0,0.6298650221699554
d42454d4,2,1,0,0.3380249514384964
d445fb74,2,3,2,0.8786927351017084
d476f528,2,1,2,0.6765763815858075
d4a81b97,2,1,0,0.7556996709806065
d4b935f8,2,3,0,1.0678205091886035
d4bfc83f,2,1,1,0.1374571824492153
d4c2e9a1,2,2,0,0.17069452615729708
d4f3e585,2,1,2,0.8546325612603499
d506f4c7,2,2,1,1.0078035376807968
d50a8c3c,2,2,1,0.9250511071937194
d547d0da,2,2,1,0.4840927364295559
d565ccf6,2,1,0,0.5303195054572
d57380cf,2,3,2,0.9789643342319163
d57802c5,2,2,0,0.30787886003410836
d57f6c9e,2,3,2,0.9111787137536835
d5874bad,2,3,1,0.8978528963076232
d5a8d9b0,2,2,2,1.101711126249962
d5b089a4,2,1,1,0.5988800443307353
d5cebbfc,2,2,1,0.46585968328613603
d5fb07d2,2,2,1,0.8632247519414973
d5fde276,2,1,1,0.4249111882989103
d6007386,2,2,1,0.48542851670838955
d61359ee,2,3,0,0.05821781861800912
d6251195,2,2,0,0.08518793545958564
d661ddf7,2,1,1,0.7232084389158667
d66aed49,2,1,0,0.32325281007742446
d6723b39,2,2,0,0.27546748637882107
d6776176,2,3,0,0.14844301012373767
d6be0a92,2,1,2,0.36549670398275463
d6c4d9eb,2,2,0,0.5619309180997448
d6c6baa5,2,2,0,0.7171381200985738
d6cca65e,2,1,2,0.9115061784820611
d6e613bc,2,2,0,0.6179520554148021
d74e4d7c,2,3,1,1.0187849625250163
d766a1c8,2,1,0,0.8585732239471521
d788a6a8,2,1,1,0.2346392263876555
d78c55fb,2,1,2,0.8615499854607459
d78f437c,2,1,0,0.1343497865156129
d791703f,2,1,1,0.7970241374531519
d7c063b4,2,2,1,0.1157462840122806
d8037389,2,2,1,0.7384029481235033
d80b8bb6,2,3,1,1.1915849530585836
d8196954,2,2,0,0.23225072590369145
d81f28d3,2,3,0,0.2005346564946896
d82e9b87,2,3,0,0.2085573039508728
d859115e,2,3,0,0.8166152822072967
d85a62b3,2,1,2,0.4549301605760031
d85b7c71,2,2,1,0.44056024640906816
d87d3d03,2,2,0,0.3908963139318118
d87e2d01,2,3,1,0.9791520858448027
d8a78157,2,1,1,0.9404615140696047
d8b066ad,2,3,2,0.7260682181279975
d90900e1,2,2,0,0.38593696930007104
d94c91bf,2,2,0,0.2638330333204207
d9ae9a13,2,3,1,0.8272468123562128
d9f16cd2,2,3,0,0.4302467876690162
da0001de,2,2,1,0.23134012430553502
da09ed4b,2,2,0,1.0206402230481284
da15064a,2,1,1,0.5600001370882027
da19c97e,2,2,0,0.14012575583462417
da1b21b1,2,3,0,0.20802376060035688
da5a8921,2,2,0,0.18797043287370752
da94e67d,2,1,2,1.1323344150086694
daa9b0aa,2,1,0,0.20971202261112937
dacc2f83,2,3,0,0.7301534290142198
dacfdb2c,2,3,0,0.19657837754992824
daf3969c,2,2,2,1.1658716976686625
db175ab6,2,2,0,0.23266746718540382
db23fbe4,2,3,0,0.6580701464963805
db38d1f9,2,1,1,0.6862132132788883
db3b1dd1,2,1,0,0.2967204463816362
db49ac7c,2,3,0,0.7948965270368376
db746de0,2,2,0,0.6958150055734407
db9353fd,2,2,0,0.19233955250714502
db9eae59,2,3,0,0.7522507646516703
dc168599,2,3,0,0.31426485967481793
dc33dcef,2,1,0,0.4788506342137885
dc4e9e2f,2,2,0,0.6114498771328548
dc52906a,2,3,1,0.4136693730906057
dc6870da,2,3,0,0.4634903975401112
dc81eac1,2,2,1,0.3770006193842075
dca065be,2,3,0,0.3725441761665101
dcd2586d,2,2,0,0.622471348951587
dce2a54d,2,2,1,0.2840146238574544
dcfcd574,2,3,0,0.49355423707088497
dcffa5d6,2,3,0,0.3055711232079435
dd02cfa1,2,3,1,0.33639584014752766
dd6679a9,2,2,1,1.1516072611736226
dd689eb0,2,3,0,0.0935197417009434
dd9c9576,2,1,0,0.30423917180994703
dd9ce3c4,2,1,0,0.5016300460652192
ddd0cb12,2,3,0,0.33419222270146237
ddd9a88d,2,3,0,0.895623264950551
dde82df7,2,2,0,0.12186957407766297
ddfddd87,2,2,2,1.2552000446520466
de6797db,2,3,0,0.2772288328062851
de742c5c,2,3,2,1.1186717662535317
de91310c,2,2,2,1.4514693721760488
de961552,2,2,1,0.21083303723070124
de9fe1e0,2,3,2,0.9265345283842028
dea0552b,2,2,1,1.0747024746032288
dec9056d,2,3,0,0.10721847778577598
dee8b1bd,2,2,2,0.7283487099009728
dee9eb9c,2,2,0,0.6552171029139343
df4a0fee,2,1,0,0.5188538137926973
df4ab9b1,2,2,1,0.7576429606645999
df4d2085,2,2,1,0.4570594521345775
df556fd2,2,2,3,1.1408408320927477
df98fbb4,2,1,2,0.5901491695440318
dfaa2a59,2,1,0,0.24959688899711924
dfd87763,2,3,0,0.3603720616144219
e016d96c,2,3,0,0.6095294782522634
e0271395,2,2,0,0.23772950132918585
e0283d3d,2,3,0,0.09478736605890797
e049dab1,2,1,0,0.5283911741573877
e0655da2,2,1,0,0.23105369818280685
e0706ce2,2,2,1,0.5035737891552039
e072b994,2,2,0,0.0057430802026803285
e0736134,2,1,0,0.3683353033979786
e07fa0b1,2,3,2,1.0866961585501382
e0869709,2,2,2,0.915963588367569
e0a7f42a,2,3,1,0.7311477645341199
e0ad6550,2,2,2,0.34495717317416996
e0c4e965,2,3,0,0.5051830639182399
e0db55b1,2,3,1,0.9842285815755603
e0e35d4e,2,3,1,1.205652110971517
e0eb3ea8,2,2,2,0.5148237280460625
e11be9c1,2,1,0,0.7421709805833447
e15fe97b,2,2,0,0.5303516578181426
e16a4784,2,1,3,1.2919460249658772
e17b9cae,2,1,2,1.0608648769308082
e1958a83,2,2,0,0.09632146156062327
e1e02e28,2,3,0,0.35574708230877694
e1ea8dd7,2,3,0,0.7793960021628856
e21255e2,2,3,1,0.7791661040616142
e22cf08a,2,3,0,0.3424609176109272
e23a8a0a,2,2,0,0.4180673037576548
e243119c,2,1,0,0.4880270862361296
e252dcb6,2,3,2,1.2291454708395984
e25f7b9a,2,2,1,0.15542336323005335
e28c0bfa,2,3,1,0.8300476829136182
e296c5e4,2,3,0,0.2537434411671707
e2d370a2,2,3,1,0.7043928210982179
e2fcc91e,2,1,0,0.2974016741999839
e315fdd7,2,2,0,0.8897426979144748
e318ec9a,2,3,0,0.2159751890202704
e328a032,2,2,0,0.5573066431068168
e345b271,2,2,1,0.28445553443444915
e34b9430,2,1,1,1.1400432250230264
e362108f,2,2,0,0.5907368528231528
e37d000b,2,3,0,0.27356716238049794
e3aa85a3,2,3,0,0.32417236177053205
e3aa9dcb,2,2,1,0.9517682600991515
e3bb3735,2,3,1,0.7886231228080731
e3bce7e1,2,1,0,0.9145522215283822
e3cec795,2,3,1,0.33646640914627146
e3d5aab8,2,2,0,0.09705170986852407
e3f71f7a,2,1,0,1.0951557202469089
e40319d7,2,1,1,0.48840800852733185
e4614ec6,2,2,1,0.24282637239601856
e46417a7,2,1,0,0.04816089020275416
e4762a2b,2,2,1,0.5730133902234728
e47c1eb7,2,2,1,0.6501342517216488
e4a2e3bc,2,3,2,0.4722023788522638
e4ab3b12,2,2,0,0.18011958526709854
e4b47411,2,3,1,0.6147948282820115
e4c008b9,2,1,0,0.3587571699373828
e4d396d7,2,2,0,0.27317584626868935
e4d5bf2b,2,1,1,0.6860537031593564
e4db6712,2,3,1,0.42400751953668836
e4e58096,2,3,0,0.5296807826749718
e4ee6ff3,2,3,0,1.0160361406752347
e51193d1,2,2,2,0.23311867232453665
e515c971,2,2,1,0.6745311132824577
e5349ce2,2,3,0,0.2237079715979663
e537418f,2,3,1,0.9836089658455329
e5b902bc,2,2,2,0.6664509781086183
e5d77ff3,2,3,1,0.7153796222495413
e6169c6d,2,2,0,0.31825184974988774
e63000c5,2,2,0,0.07002247092512992
e63a0ea8,2,1,0,0.1374307722787978
e664dd71,2,3,1,0.08272844260278917
e683d2c9,2,1,1,0.7034884718364264
e71f347e,2,3,0,0.9184008974478406
e72af462,2,2,1,0.6431870108007693
e739c579,2,3,1,0.9432483681450186
e7401605,2,3,0,0.20328236493636842
e754411f,2,2,0,0.8945829402652912
e76ad778,2,1,2,1.0288198605556291
e79487a3,2,3,0,0.24736289315201027
e7bbb32e,2,3,1,0.616913259070138
e7d08824,2,3,0,0.8010377200382899
e7db9aef,2,2,2,0.7712002231287185
e7e43817,2,2,1,0.29639197210635077
e7ee0921,2,2,0,0.14079091315332193
e8313da5,2,2,1,0.18325894042118163
e86bb780,2,2,0,0.12079244368355246
e88aa867,2,2,0,1.3228267005756318
e892aec6,2,1,1,0.21579790975662155
e8ac21d2,2,1,2,0.6993417004250521
e8b64419,2,2,0,0.7144981585437933
e8e82627,2,1,0,0.39458913621881064
e9030ab7,2,3,2,0.9537259512350771
e90a63d0,2,3,0,0.5016582703880905
e912c973,2,3,1,1.1487275195228777
e934bf0a,2,1,1,0.6024741511349041
e93cce44,2,1,1,0.41016278391568195
e96763c1,2,1,1,0.5988918447136155
e9a6c514,2,2,0,0.2607360224896274
e9b642a3,2,2,1,1.2178760345941888
e9ca5586,2,1,0,0.38440959153357385
e9d94c4e,2,1,0,0.4628328993436034
ea38bd63,2,2,2,1.5468000555233508
ea4619ec,2,2,0,0.4194374989511793
ea544af3,2,1,0,0.8327294405426894
ea7277b4,2,2,0,0.5002359724805251
eaa4821d,2,1,0,0.15785755954593494
eaab7a96,2,2,0,0.7200456756585216
eac08386,2,2,0,0.17930476598318518
ead25f13,2,2,1,0.3055323699925011
ead871be,2,3,2,0.022256258470409906
eb00abb3,2,1,1,0.11255876178286
eb5c46b0,2,1,0,0.9584693331037061
eb749e46,2,1,2,1.0927448405796716
eb891208,2,1,0,0.6359499624326749
eb90ee20,2,3,0,0.43461739267524446
eb93a46a,2,3,0,0.24443167139365823
eb9a846d,2,3,0,0.5018991657368846
eba27772,2,1,0,0.16620575250278424
ebd6f819,2,1,1,0.7664176935124865
ebf2b0c9,2,1,0,0.6099143514293516
ebf30e46,2,1,0,0.8400882940967904
ec0f4afa,2,3,0,0.38114582525824736
ec13a1b9,2,1,2,0.326804748502963
ec220299,2,1,0,0.8257730953257272
ec4a1461,2,3,2,0.9161573907295482
ec619149,2,3,0,0.6105259224328101
ec65cd62,2,2,0,0.4341110812559081
ec850b10,2,3,0,0.9908748552170326
ec890dbd,2,2,1,0.4946412972442807
ec8f8f95,2,1,2,0.791672347218943
ec9179b7,2,1,0,0.16547532828989742
ec9195be,2,2,0,0.39809432565479075
ecb1c038,2,1,1,0.45377895927470613
ecd22509,2,1,2,1.0416795105885006
ecd25dd1,2,3,0,0.884928417108582
ed0b3906,2,1,2,0.9877412336220078
ed50a6f6,2,2,2,0.6341577698524641
ed61b01e,2,2,0,1.1870239348926104
ed711416,2,3,1,0.4534618028403721
edb86a64,2,2,1,0.5651534036916596
edb9d0f3,2,2,0,0.2737752913836284
edbf35f3,2,1,2,1.334970566953193
edeec50d,2,1,0,0.317821466111686
edfe1f8d,2,2,1,0.8162611064107386
ee0fa75a,2,3,1,1.1613033580396723
ee21612e,2,1,2,0.8425903568715767
ee2bf575,2,3,2,0.9746315812464117
ee4e9eed,2,1,0,0.30525676255538037
ee654259,2,3,1,0.24100779442628445
ee67eb55,2,1,0,0.34369525440203247
ee74be35,2,1,0,0.5572674884523979
ee7de96c,2,1,0,0.06289262437304366
eea74d46,2,2,1,0.22884724411956486
eeedcd5e,2,2,1,0.8520116898981018
eeefa792,2,1,0,0.4406616634699554
eefeb431,2,1,0,0.8450435802754681
ef07f833,2,3,0,0.1772139133412597
ef9617e7,2,1,2,0.6125464633334888
efc2bc05,2,2,0,0.6520242072614288
efcef0d6,2,1,0,0.6431299611238928
efedde24,2,2,0,1.4333841499527022
f028534c,2,1,0,0.5355070231790808
f0356a48,2,3,0,0.3920750792642539
f043be76,2,1,0,0.7827243963994108
f08a5ac3,2,3,0,0.6303316938365982
f0957ca1,2,1,2,0.697372496197774
f09a076a,2,3,1,0.9351363247764848
f09b02cd,2,3,0,0.46844315616064514
f09e7b33,2,2,2,0.7941769723538122
f0b5d026,2,3,2,0.5893014441349369
f0ed5690,2,2,0,0.44297857131949353
f0f3e41f,2,3,0,0.7960091004118957
f11e17c0,2,3,1,1.0386399805235766
f14e55d7,2,2,0,0.6522810266357446
f15dca1b,2,1,1,0.6378181248824042
f1702318,2,2,1,0.4297502824543867
f1a16e58,2,3,1,0.6454568614197417
f1baabc1,2,3,1,0.3248189948280078
f1baae47,2,3,1,0.6674803694209317
f1bd0f59,2,3,0,0.8174009582685864
f1c3cb6b,2,3,1,0.7121339074905273
f1ed2e85,2,2,0,0.36520233560823656
f1ee75bf,2,1,1,0.40601771982164403
f220a837,2,3,1,0.9981924439957655
f2260009,2,2,0,0.42184085138758975
f240387a,2,2,1,0.4086317850134207
f2499682,2,1,0,0.2188917228495711
f285b43c,2,1,1,1.121028224287742
f29d4094,2,2,1,1.0300989223765553
f301e7a9,2,1,0,0.36127693392561955
f32a9580,2,2,0,0.3394855705210593
f35b607c,2,2,0,0.5175860733902254
f3aac45a,2,3,1,0.9295102782694069
f3d22832,2,3,0,0.5889169368995579
f3fbe6c9,2,2,0,0.7438961104738957
f4114031,2,2,1,0.6439413674106078
f4223e3a,2,2,2,0.5163552657221214
f44f1227,2,2,0,0.36529987437662725
f47a67cc,2,1,0,0.09274849186604744
f47abc42,2,1,0,0.5071222133967915
f497dd7b,2,2,0,0.3771488457736052
f4ece6b5,2,3,0,0.19050057944139787
f52a2597,2,2,0,0.7111532733553496
f54eebeb,2,3,1,1.009279935072894
f566e5cc,2,1,1,0.8239617855096106
f57de847,2,1,0,0.6310506975690762
f584742f,2,3,1,1.2102861238930143
f58ddd4a,2,3,1,0.5970585362813632
f5ad7abc,2,1,0,0.16143937142115145
f5b2acf0,2,2,1,0.37975143875209827
f5d4c82e,2,3,1,0.9992690026485576
f5e64c94,2,2,1,0.5584756093092004
f6284dcb,2,1,0,0.4636005098359469
f64e1d85,2,2,2,0.27462853268157755
f67908e7,2,2,0,0.4037194204447174
f68f158d,2,1,0,0.6590781055233723
f6b719ee,2,2,0,0.1650395440718137
f6c0e2b7,2,3,1,1.0743252732971071
f6c20447,2,1,0,0.13828047814240624
f6cc80a9,2,2,0,1.4574691196020146
f6d3a5ad,2,1,0,0.42076906880718734
f6d6f400,2,2,0,0.9198434969631246
f6d879aa,2,3,1,0.9826594311278269
f74c45c1,2,1,1,0.8160673744510294
f74eda33,2,2,2,0.9351026155978197
f75c957f,2,2,0,0.12222954084823828
f77c2636,2,1,1,0.9558768475793669
f7b1374e,2,3,1,0.748280202761513
f7fc97cf,2,2,0,0.986240860007006
f81598bf,2,2,1,0.6130339427290084
f817f33a,2,2,0,0.17144665675421245
f848f42b,2,2,1,0.3704844723299264
f869d220,2,3,1,1.2578409636871692
f8b08332,2,1,0,0.49996684439167427
f8b36382,2,2,1,0.4514578493720911
f8bf4a1c,2,2,0,1.0216389387582268
f8d293a0,2,2,0,0.11511491260224849
f8ff0bc8,2,1,0,1.0308017916828007
f9384fa2,2,1,1,0.8524083304862056
f958efdc,2,2,0,0.6202475428539489
fa293db8,2,2,0,0.4083727510322641
fa29ab47,2,1,0,0.22163297060436576
fa34f945,2,1,1,1.232699175055401
fa3e1e21,2,2,0,0.31482562623491844
fa4f0329,2,3,0,0.4353220750121134
fa62d7b1,2,2,0,0.5579825010275565
fa633e39,2,3,0,0.5920241961221031
fa9a0add,2,3,0,0.0773723228203822
fab75c2c,2,2,0,0.3430791057382046
fad07fce,2,2,0,0.4776816222370906
fb04f7dd,2,1,2,0.31447756337102223
fb22e454,2,1,0,0.7939485201529061
fb2c4db6,2,2,0,-0.041417568536984084
fb2ddbd1,2,3,2,0.5450177770662449
fb3c2c87,2,3,0,0.442757807351877
fb9982a2,2,2,0,0.19517476969019143
fb9b060f,2,3,2,1.2561318102473753
fb9c5a33,2,3,0,0.47861821007888583
fbb39bfe,2,3,2,0.9749327142850213
fbbd97b1,2,1,0,0.5600263098848466
fbc6ade7,2,2,1,0.08470355843313204
fc2c2c08,2,2,0,0.3874500448165153
fc41be2f,2,3,0,0.1583126475745414
fcc6347f,2,3,0,0.28546878558328104
fcd9a6bb,2,3,0,0.26004029165960957
fd028ecc,2,2,0,0.2893104392864492
fd0d9bca,2,2,0,0.09114762245120245
fd5589f6,2,1,0,0.2313400904829369
fd56e059,2,2,0,0.2727374970068095
fdc11b96,2,1,0,1.1310055788247284
fdea7d9e,2,1,1,0.8895376132071307
fdf4691f,2,2,0,0.6216877139556248
fe2bc235,2,1,2,0.6325514520529303
fe3cbf02,2,3,0,0.217615920464159
fe5e2dc9,2,2,2,0.4800160955920302
fe6afaf9,2,1,0,0.5696559920362778
fecc07d6,2,3,0,0.14716908630100622
fee07f32,2,3,0,0.3364521241366467
fefaffe0,2,2,0,0.5474823687878712
ff18b749,2,3,0,0.4851416688622814
ff60112d,2,1,1,1.3192963961317592
ff6c2bb8,2,3,0,0.48304423935752167
ff759544,2,2,1,0.23205393667816981
ffcd4dbd,2,2,1,0.8739961056633152
ffed1dd5,2,3,0,0.8143224177789951
00008ff9,3,2,2,0.4295775265199523
000fd460,3,2,0,0.38517906484539677
00105258,3,1,0,0.557949769943301
00115b9f,3,1,1,0.35342016892040196
001f3379,3,1,1,0.5796503021208472
0038ba98,3,3,0,0.5675467359969947
00abe655,3,3,0,0.5540460534933457
00ae59c9,3,1,1,0.883745611270369
00c0cd71,3,1,2,0.432253173485625
00d56d4b,3,3,0,0.08423351907602555
00f332d1,3,3,1,0.9772873943374556
00f574e9,3,2,0,1.1896510062479386
01085eb3,3,2,0,1.0353432480752705
01182ce3,3,2,2,1.4601276045593203
012cadd8,3,1,0,0.33975174419568377
012e3869,3,3,0,0.14112536294037042
014c303e,3,3,0,0.3611612626117765
015ba5b1,3,2,2,1.0545204157926817
02073150,3,2,0,0.17285921043176278
0219f64a,3,2,2,0.5512535251592678
02347f13,3,1,0,1.0465787998551357
026102c4,3,2,0,0.15280899133318226
02648a1c,3,1,0,0.4480400716684625
026fcbc3,3,3,0,0.5716594680563784
029a19c9,3,2,1,0.9547052241975706
02a01f18,3,3,0,0.2770272723617921
02c4cf7f,3,2,1,0.4793236373803985
02cf7384,3,2,0,0.8863023053562146
02dcf62a,3,3,0,0.4156570352208836
02e56a7c,3,2,0,0.41828752583643475
0347462d,3,3,1,1.3163901225248948
034f923b,3,2,0,1.041711184061756
0357a10e,3,2,1,0.3017399274196428
035c96dd,3,3,0,0.5122762876886539
0380e709,3,2,2,0.756716908250452
03833cec,3,1,0,0.19722928055946926
0391e587,3,2,2,0.546429673795727
03a5c2d6,3,2,0,0.6642749592440785
03bf5026,3,1,0,0.49339492197247253
03f1c1c8,3,2,2,0.8320382489241223
0417c91e,3,3,0,0.036109590577259265
04370442,3,3,2,0.33331152101011763
045a0a94,3,1,2,1.2037999511086928
0471236c,3,3,0,0.15599526370363231
0499c3e8,3,3,1,0.7340052220340265
04ad419d,3,2,0,0.40071169699055464
04af8fdd,3,2,0,0.5370312066886946
04afb6f9,3,3,2,0.6793862429907367
04b3cc70,3,2,0,0.45786293650109927
04cb2c30,3,3,1,0.5609135501661204
04d06a9c,3,1,1,0.6095259693103258
04f094a8,3,1,1,0.7649691089464239
0506b9cd,3,2,1,1.3606756897042385
051680a0,3,1,1,0.406824475688104
051f73ae,3,2,0,0.5043020954201879
052a1122,3,1,1,0.5249947989762658
053d7d31,3,1,0,0.5444862492018775
055156e2,3,3,2,1.236232523482065
05777ce1,3,2,2,1.231105924749256
058990e9,3,2,1,0.8351268417093848
058d2812,3,1,2,1.12835870378129
059e02ab,3,1,1,0.8952697961550247
059eed01,3,2,0,0.21316612257061268
05bbed1b,3,3,0,0.015631866017903784
05bc318e,3,2,1,0.7428156101470712
05db1b9b,3,2,0,0.4170605508027492
05e67680,3,1,0,0.6103710139675904
05e94f88,3,1,0,0.3504814382301838
05f2d1b5,3,2,0,0.2761220264997844
0610c066,3,3,0,0.20754838816901838
061f2866,3,1,2,1.241930675453074
0632d98a,3,1,0,0.42942852426773503
063353cc,3,2,0,0.9163961747928397
063b16fc,3,2,1,0.8535218440326604
06472198,3,3,0,0.09089498930241019
064e8da5,3,1,0,0.029023725056619543
065801e3,3,2,0,0.746971929366933
0668373f,3,3,2,0.4631984121081549
0676ead5,3,3,0,0.4607736002848003
067de065,3,2,0,0.18717159956823204
06c7dcff,3,2,0,0.45925755745205343
06c8b2fb,3,2,0,0.0704192015981222
06ec8be3,3,3,1,0.3660734172538547
070386b2,3,1,0,0.6003447661074585
0720320e,3,1,0,0.5651556129880676
0745c390,3,1,1,0.5442079396145533
077ac7a2,3,1,1,0.2838407550172677
080698b7,3,3,0,0.6038271680313255
082df556,3,1,0,0.7271508392591597
0844aee7,3,2,1,0.2958667810827233
08577722,3,3,0,0.2023860330405503
08660d12,3,2,2,0.8901879034222
086d6e7f,3,3,0,0.176521875735274
0884aca8,3,1,0,0.5130790346139363
08fa44ad,3,3,1,0.3422982134907995
09039272,3,2,0,0.3404229567264108
092494ec,3,3,1,1.0369910081233276
0924b815,3,3,1,0.13943599589373146
092c29b9,3,2,0,0.2287081141744961
09331bb8,3,3,2,1.0036368347522233
096bf063,3,3,2,0.7302357526071127
0983654b,3,1,0,0.2948100092384774
098b5836,3,1,2,1.097930939133358
099e3614,3,2,0,0.6096102765032115
09b29113,3,1,0,0.10377573464954765
09eeaba6,3,1,0,0.04391628401513381
09eeec14,3,1,2,0.3700356720326302
09f44fd2,3,2,0,0.2884690655304166
0a1afc11,3,3,0,0.27577638160938595
0a418b57,3,3,1,0.5284897859481368
0a431608,3,3,0,1.2602870499210246
0a4b1425,3,3,0,0.1676890425645562
0a540797,3,3,0,0.42129495512490556
0a5f1214,3,2,0,0.36063277513123504
0a995f99,3,3,0,0.41384630289418256
0aa90ce7,3,3,0,0.44897387422869695
0aaf08ec,3,1,1,0.5616915488771127
0ac521c8,3,1,3,0.9138877317864591
0ac5e12f,3,1,1,0.27941112823136466
0acac70c,3,3,1,0.9208587646433091
0adf511d,3,3,1,0.47346242071407224
0af81037,3,3,0,0.5383598060949215
0afb2535,3,2,0,0.6124106701442369
0b4014f0,3,1,0,0.9301267239302307
0b4f597e,3,1,0,0.07021239234784893
0b50f3fa,3,2,1,0.6437358923267448
0b518637,3,1,0,0.16327064716784362
0b6b07f6,3,2,0,0.22543404521071148
0b7c6100,3,3,0,0.4620409125900637
0b7d9da6,3,1,0,0.2522334525278741
0b9fcc42,3,2,2,0.30086146760279925
0ba53e53,3,2,2,0.19454590564389174
0bdace00,3,2,0,0.38500527992688716
0bfe4fc9,3,3,1,0.7630582002984881
0c0a1576,3,2,0,0.055754356158801754
0c3d248f,3,3,0,0.22011955321580506
0c3d88cb,3,2,0,0.2431673307528458
0c4e2d68,3,3,0,0.029558630296979138
0c4eabac,3,2,0,0.20754716206011709
0c794cf7,3,2,0,0.12375808583075354
0c8efce0,3,1,0,0.022013839942453428
0c98f822,3,3,1,0.9337537181805825
0ca08054,3,2,2,0.6417423622770673
0cbe4e54,3,3,0,0.5955299462940168
0cccc6bc,3,3,0,0.33598494609574964
0d01bbf2,3,1,0,0.38417368713944544
0d279d77,3,2,0,0.597691390356454
0d34aee4,3,2,1,0.8180899983384486
0d394928,3,1,0,0.3941732852017189
0d4800c8,3,3,1,1.0182197100570367
0d4fa8f4,3,1,1,0.15510481566433243
0d570d3e,3,3,2,0.5814389369763111
0d74d0ed,3,1,0,0.7348851366958742
0d924604,3,2,0,0.23159863064485614
0df44f9e,3,1,2,0.9119876559333766
0df4c27d,3,1,0,0.7673204374609519
0e1cf9b8,3,1,0,0.2661516567739531
0e1f7fed,3,1,0,0.259568091419736
0e951124,3,3,3,0.8880596595381363
0ec403df,3,2,2,0.9426040668492532
0ed2a3c8,3,3,1,0.23967925578727062
0eddd8e5,3,2,0,0.4446941281367309
0ee70b3e,3,1,1,0.6621896443820281
0f4db4f2,3,1,0,0.7476115052142294
0f6b71c4,3,2,0,0.38635661118898046
0f7f3bf3,3,3,1,0.6543217379907671
0f9b8e65,3,3,1,0.7108665240542923
0ff6ac09,3,1,0,0.5093658298886159
101774f0,3,1,0,0.05812274526588557
101c27f1,3,3,0,0.5881157316070272
105e3f96,3,3,0,0.688900152956012
108b8659,3,3,0,0.2016288611744283
10ad8c48,3,1,2,1.4470215228573768
10c0e99a,3,2,0,0.25268907784814126
10e46254,3,2,0,0.4051539518444762
113f5798,3,3,2,0.8448309588578515
11477ed0,3,3,0,0.8257981362785449
115d3db4,3,1,1,0.3947082603805073
11739de2,3,3,0,0.6942444287131866
1184a14a,3,3,0,0.2400005328358707
118b7733,3,3,1,0.45499946027300386
119d7562,3,3,1,1.1690693873472893
119e181e,3,2,0,0.05085236115772451
11be5d2e,3,1,1,0.8351333567446455
11d1a5ac,3,1,0,0.5198819903792953
11f9b26c,3,3,0,0.12710404045750973
1225fd28,3,1,1,0.7950665239366177
12380b06,3,2,0,0.6634950352057172
1286dab7,3,1,0,0.22901281221271363
12a607f6,3,2,1,0.43388767419856494
12cfb064,3,3,0,0.14049203836710145
1301f65d,3,1,0,0.24645634440668562
136894bc,3,1,0,1.1346142397491503
137fc699,3,1,1,0.2502649562985441
13a5e288,3,3,0,0.31931144327823924
13be5672,3,1,0,0.26790874637557344
13cdb63a,3,1,0,0.11914641205443988
13d23890,3,3,0,0.9285906809038966
13d2c419,3,1,0,0.1324292976083281
13e46923,3,2,2,0.7663722903150513
13eee030,3,1,1,0.7302652338247553
13fca10c,3,3,1,0.7779444164567538
14109652,3,1,2,0.9134209689386399
1420b16e,3,2,1,0.8693901744496453
1429abf1,3,3,0,0.5092865253245978
14391970,3,3,0,0.1998788554228047
144a9a79,3,2,2,0.4177212761138015
1455e657,3,3,0,0.22737294987331413
14568d61,3,1,1,0.24682847001781122
1458a9d2,3,2,0,0.40894363162413994
1470a1df,3,1,1,0.5492279844481276
147c4374,3,3,0,0.17092706441893724
14a6e58e,3,2,0,0.387227187136719
14b3d6e5,3,1,0,0.03855623397827401
14b8dd2a,3,3,0,0.9814573897964907
14b999b6,3,1,0,0.5635569486387297
14c12974,3,1,0,0.16653108597869903
14dae995,3,3,0,0.7014835222200928
14e00ce0,3,1,0,0.15779397776720366
14eac885,3,2,2,0.854500071149455
15227eef,3,1,0,0.7516209020458037
1522fee1,3,2,2,0.860439395890793
154d1191,3,1,1,0.11647439988173636
157b271f,3,3,3,1.1310089481933177
15a2364d,3,3,1,0.8908610208775922
15dbc929,3,3,0,0.23344219695752177
15f217a6,3,2,1,0.6232225065926869
15f2e240,3,2,0,0.19875627281374753
1606f203,3,2,0,0.5025690746802016
1649ce22,3,2,0,0.27587401386057364
164edc75,3,1,2,0.7851303226031656
16deb306,3,2,0,0.2350043794448901
1704e646,3,3,1,1.0228377493015643
1713348a,3,2,0,0.5574706695912899
176f33fb,3,2,0,0.35449646082669367
177f25ab,3,2,1,0.5819436071029522
17b08109,3,1,0,0.28149310218986784
17c1ae23,3,3,1,0.3492873080160757
17e9cba0,3,1,2,0.9178570742190744
18154f3a,3,1,1,0.84547043965458
1824417f,3,3,3,1.1477206576604977
1837456f,3,1,0,0.7807287119283297
18400e8e,3,3,1,0.6438732527850082
1843760e,3,3,1,0.6193349855417444
18506cf3,3,2,0,0.6318602492340334
1894884e,3,1,0,0.21209768902395987
18962676,3,1,0,0.18883715238672755
18ab47f8,3,3,0,0.2192147223546586
18b79e9b,3,3,2,0.24928117727187243
18e21bf1,3,1,0,0.25912729039507926
18f6e6db,3,3,0,0.3663869046517654
18fdbccc,3,2,0,0.42500298396136926
18feab0f,3,2,0,0.9557401491405992
1911731d,3,1,0,0.04664135901449118
19381499,3,2,2,0.7250598693463337
1943fb23,3,3,0,0.24310180214634608
19455336,3,2,1,0.6374666360570316
1949438b,3,1,2,0.4070881954055799
1957153d,3,1,2,0.562507825828524
198e50c9,3,1,0,1.0280657880190787
19c49039,3,3,1,0.9938985630384535
19cc95e8,3,1,0,0.18946332264031962
1a2412b3,3,1,0,0.705953347373784
1a803bfe,3,1,0,0.28320817453495295
1a9f8375,3,2,0,0.3964648687651643
1aae1de3,3,3,0,0.8118024308128083
1afa48fe,3,2,0,0.4195275254987435
1aff6762,3,2,2,1.1232747207900609
1b258140,3,2,0,0.043330930856407046
1b2cd439,3,3,0,0.6271761529506676
1b2eea8f,3,3,2,0.940201582887155
1b32427b,3,2,0,0.873260990447444
1b329556,3,2,2,0.8426634868292904
1b410106,3,3,0,0.2368425775023255
1b49c870,3,3,0,0.4722806004786131
1b5b34bc,3,3,1,0.5477756280210772
1b5fb26f,3,2,0,0.6544872155459097
1b6be334,3,2,2,0.8360507535442463
1b6fb363,3,1,1,0.5793269382266153
1b73fce0,3,3,0,0.26293802387829107
1bc6a98c,3,2,0,0.14911301471037547
1c063ebc,3,3,0,0.013975537543948757
1c3b7f1a,3,3,0,0.44687543611998276
1c3c2b2f,3,2,1,0.29352220106256954
1c481537,3,2,3,1.1388231120288568
1c673231,3,3,2,0.7824807418871987
1c6ac3d4,3,1,0,0.3556406202235738
1cd37b36,3,2,1,0.8746459836354048
1cf6dcef,3,2,1,0.27676032870733125
1d041232,3,3,0,0.7815164698327708
1d11d488,3,1,0,1.3857087514784703
1d78b3c3,3,2,0,0.578680111465327
1d7edb86,3,1,2,0.9203946200185746
1da37c60,3,2,2,0.6231509642504951
1dd90b53,3,1,2,1.0072972495244585
1de3c240,3,2,0,0.17568945033836086
1e08b1dc,3,2,1,0.9010960851200588
1e2a1bd0,3,1,0,0.3021626646675862
1e5f6199,3,1,0,0.2581395440488914
1e7dd854,3,2,0,0.27212339880213193
1e87baed,3,1,0,0.6446952380775122
1eb206f0,3,2,0,0.6523376417833124
1eda934b,3,2,0,0.8429740182487876
1eea376f,3,1,0,1.2316590102991571
1eea8df2,3,1,2,1.3234347515461402
1f2164a4,3,3,1,0.1353562663390983
1f400626,3,1,0,1.20870778316338
1f5835cd,3,1,0,0.1250773695639923
1f5cefcc,3,1,1,0.7710567794882681
1f65fa82,3,3,1,1.2034931628885408
1f7bd44c,3,2,0,0.21112423707226535
1f7ec039,3,3,1,0.8137452000778986
1f881e3d,3,3,0,0.8472844768578004
1feb42f2,3,1,2,0.6461720145859537
1fed3943,3,2,0,0.34143399682811143
1ffede3b,3,3,0,0.6821054483473967
206c8562,3,2,1,0.5177000485811578
2084c823,3,1,0,0.9257163513761923
20cefbaf,3,3,0,0.5331540806811351
20d7ecfd,3,1,1,0.5697029360736197
20df4cab,3,3,0,0.19543756470215617
20e8ca68,3,1,0,0.5027193622514979
214f46e8,3,3,1,0.619534813576902
215ca39b,3,3,1,0.5109350838360874
217ce5e6,3,2,1,0.9066320943227928
21b835ac,3,2,0,0.20416836800677168
21c62163,3,2,1,0.36657926762873194
21eb6d47,3,1,0,0.9415619568041078
221e37e0,3,3,0,0.25342204761016107
223724b2,3,1,0,0.5508360336382092
22389051,3,3,1,0.4543104111233026
224fc39a,3,1,2,1.1426591029609927
22b4191a,3,1,1,0.7142591561065018
22f43a12,3,1,0,0.3965352194776971
231f6db4,3,1,1,0.25980890491112413
232b7cb1,3,2,0,0.8570582900770088
233b9425,3,3,0,0.3126280610115761
2340e84a,3,1,0,0.4590242522173382
23418fa2,3,3,0,0.190183779889378
23567787,3,2,1,0.4670751438902896
236d450e,3,2,1,0.4129437761814474
236ecde8,3,1,0,0.1720627625404556
23d71e37,3,3,0,0.5612146665644804
23dafdab,3,2,0,0.3360983374249327
23e024bd,3,1,0,0.8632214174756876
23e71e7c,3,2,1,1.258415523249432
23e7f79b,3,1,1,0.4829134816721651
24398aed,3,3,0,0.22985349732228133
24591f4d,3,1,0,0.26507475664796476
247172f9,3,1,0,0.6153547770868398
2496c491,3,2,0,1.2592394392922073
249d2266,3,3,0,0.18909448182589178
24a3b16d,3,3,1,0.8685434171312688
24ab10c6,3,2,1,0.17607150826155837
24b75658,3,1,0,0.15187652539009167
24dac645,3,2,0,0.4431523964351906
24fb56db,3,3,2,1.0691651559455237
252ebc5b,3,2,2,0.5223229607634552
25849c6c,3,3,1,0.6064208522288864
25e752c8,3,3,0,0.23537934240355923
25eba023,3,1,0,0.06988631878972185
260f542b,3,2,0,0.1865637857682525
26190ddd,3,2,0,0.3755478468830204
2625767f,3,3,0,1.2473970257204678
262cff6d,3,2,1,1.3529660487046438
26891dbd,3,2,0,0.6776639558059873
269d9918,3,1,1,0.6529845029876868
26a4b61b,3,2,1,0.5927936244968537
26aeacdf,3,1,0,0.18046266377463954
26b1792f,3,2,0,0.35630968011559466
26b893f4,3,1,2,0.4978171863771186
26d541c2,3,1,0,0.6331100579982073
26f0e055,3,1,1,0.18706581762966729
2715347c,3,2,1,1.0322138701804626
273c8ebd,3,1,0,0.08499977280849796
2760be91,3,1,2,0.433605427111593
27724073,3,2,1,0.7078902825102409
278e8a51,3,3,0,0.13124847529170963
27d363de,3,1,1,0.885585881843769
27d7e5e4,3,2,0,0.23211186487017443
27e0ca6b,3,1,0,0.4163395390029822
281174c9,3,2,0,0.5601943766299783
2812951b,3,1,0,0.4921473194530208
2840643b,3,1,1,0.29678596193111945
287390e6,3,3,2,1.0050140177356526
287f1349,3,1,0,0.9020083440839484
2891e36b,3,3,0,0.7227846696609399
2898269f,3,3,0,0.20692454628453028
28e8b2b2,3,2,0,0.5102638210232453
28e973b1,3,3,0,0.7001819900278501
28f7e6ff,3,3,2,0.559667364120315
2911ef94,3,1,2,0.9136534660838094
29587a31,3,1,0,0.3429937248441072
29886a85,3,1,0,0.2603244398981565
29a1d334,3,3,0,0.3519795323673634
29b37b4a,3,2,2,1.3665646025364944
29c54890,3,3,0,0.7019520778913413
29e4911b,3,2,0,0.04798595026187935
2a0b8386,3,1,0,0.5449420070410882
2a3fcf9a,3,3,0,0.12652616528958566
2a64085d,3,3,0,0.28212503658113275
2a6a6b92,3,1,0,0.7062461581357966
2a7b5b79,3,3,1,0.4280618938625743
2a81925b,3,1,1,0.6328560026190099
2a88cbe9,3,3,0,0.41970650126838943
2a922ca4,3,3,0,0.23926223776280692
2ac0bd9f,3,1,1,0.9836487442964469
2af3c8d8,3,2,1,1.263056238056286
2afea280,3,2,1,0.923366539370458
2b34dcf3,3,3,0,0.28128926424128536
2b574ef7,3,3,0,0.1127660120637281
2bbcfd43,3,2,0,0.27492090326816965
2bca454a,3,2,0,0.4754256280107799
2beaaf7a,3,2,1,0.5745317804459125
2c2dc20d,3,2,2,0.39802136190804116
2c3b09db,3,1,1,0.6487386053458208
2c406043,3,3,0,0.05855233148838879
2c483245,3,3,0,0.5912291844312972
2c49257f,3,3,0,0.469475446750101
2c512f2f,3,3,1,0.552057193637586
2c54d6c5,3,3,0,0.5288473655290865
2c56c930,3,2,0,0.4801397619997432
2c9a90e9,3,3,1,1.121903776593586
2ca2206f,3,1,1,0.9715170397416266
2ca9811d,3,1,1,1.167514036121145
2cb0db2c,3,2,0,0.16213888021140854
2cc4b720,3,1,0,0.2713900121486403
2cd9b5a3,3,1,1,0.5231494043604186
2cda86bd,3,2,2,1.2983884010159494
2d043af7,3,3,0,0.7287231341486287
2d0bbbd3,3,3,0,0.6576697325570741
2d286c59,3,1,0,0.6288315193367994
2d3ba6fa,3,1,1,0.11460900675643587
2d5365c6,3,2,2,0.625127971438723
2da6bf6e,3,1,0,0.15241012748768024
2e16053c,3,1,1,0.7553352328873846
2e17c497,3,3,1,0.46351420862163417
2e293d08,3,3,0,0.33124474401086296
2e42573e,3,2,0,0.2548836088927494
2e4e045a,3,1,0,0.16131039113194612
2e5f5207,3,2,1,0.5936166392527127
2e7d888c,3,3,1,0.7064744131330613
2e8c9884,3,1,0,0.11831889967313186
2ea277d5,3,2,2,0.5067997910405465
2ee0a1e8,3,2,1,1.0298995535879767
2f16cad4,3,3,0,0.9431465897937774
2f1af08a,3,3,0,0.14494964216574757
2f6b484c,3,2,0,0.12700048325857066
2f72f441,3,3,0,0.07927202573946457
2f7f0eb7,3,2,0,0.2742869569178383
2f81950d,3,2,0,0.2711398012004408
2f8ec752,3,3,0,0.510703785955234
2f91f3c1,3,1,0,0.6970036048559173
2fba6cf4,3,3,0,0.3629109452782071
2fc568f6,3,1,1,0.959534412452423
2fef897e,3,2,0,0.5489854221424401
2ff729d3,3,1,0,0.7895886907087799
3046a5c7,3,1,0,0.226325394751352
307c91ee,3,3,0,0.23361418480386825
3093d29f,3,2,1,0.7133124604773522
30d2fd47,3,3,0,0.1989546717353865
31349d8b,3,2,0,0.891558363074284
3134b69f,3,2,1,0.6913317832701263
3155ed01,3,1,0,0.6042016829256206
3162c492,3,2,1,0.4134550540174335
31648caa,3,1,0,0.05176179249855317
318ccc0e,3,3,0,0.3566506454688381
31b74cd4,3,3,1,0.4952379353712951
31d61741,3,3,1,0.5271909937663126
31d7a136,3,1,0,0.11693425670247631
31ddec50,3,2,0,1.014194874780109
31f01671,3,1,0,0.2009308053149163
3216b978,3,1,1,0.9408594472574237
323ea319,3,1,0,0.44815081380598654
325afd3d,3,3,0,0.7756916261638281
3268c574,3,3,1,0.7906007823507091
326c23c2,3,3,0,0.5002785764037664
327736cd,3,2,0,0.12194002771078111
327ef356,3,1,1,0.7491853497269073
329a9c25,3,2,2,1.1230026767289134
32a9dac0,3,2,2,0.7001043090246712
32d0ebca,3,1,0,0.6438723044159329
32d262c2,3,2,0,0.4981917441868423
32dcc8ab,3,2,0,0.34409167619159253
32e18ccc,3,1,2,1.1820319070035512
3302713b,3,2,0,0.6633640630183135
3305a981,3,2,2,1.0675678481452668
331733c7,3,3,1,0.9147650873291939
3399795b,3,3,1,0.5108198147083715
33a499ce,3,1,1,0.7832432980968165
33d60f7d,3,1,2,0.4580294374873187
33e34de8,3,2,1,1.0413206535186519
33fe1b04,3,2,0,0.7309784818506292
342d43c7,3,3,1,0.9917025295063061
342edae9,3,2,1,0.33760112208453374
343460ab,3,1,3,1.5263983373770689
34362a9a,3,1,1,0.32127833336014816
3441fd41,3,1,1,1.129488568222499
3466c72a,3,2,1,0.7031959814557719
347095fe,3,2,2,1.4222479383398388
34c30fad,3,3,2,0.7534406590374482
34eb79f9,3,3,0,0.6459264783952603
34ec5de4,3,1,0,0.7704554896797939
350cf38b,3,1,0,0.2276720659213971
350dbeba,3,3,0,0.5318973198561459
351cd4ec,3,1,1,0.6176657458335659
35265670,3,3,1,0.5377760171525688
356ab908,3,2,1,0.795512670882779
35daea65,3,3,0,0.10587954826787471
35fa2ebf,3,1,3,1.2797197469909252
36146fe1,3,3,0,0.8278453904420514
36530d36,3,1,0,0.3848348540761588
3655395c,3,1,0,0.4100266039279262
36958957,3,1,2,0.8495349280801493
36b8c9e5,3,1,1,0.6702698181813144
36e77bf0,3,2,1,0.4559947068078283
36fda5de,3,2,0,0.13387471517915506
370b47c4,3,3,0,0.8234836948218585
3714afd7,3,3,0,0.4605908877409913
372a7950,3,3,1,0.6899814685795779
3738db26,3,1,2,1.039532013470458
37995242,3,1,0,0.045301081685686695
37ae1239,3,3,1,0.3626366786533921
3826be66,3,1,1,1.326305485491217
38390669,3,1,0,0.2303079063834449
384c3f27,3,2,0,1.2349833468864309
385819e6,3,1,1,0.25502367786310315
385a6557,3,3,0,0.3803320447940998
38cccd6d,3,1,2,0.9103172130668383
38ee12e7,3,2,0,0.8609427743510994
3901e707,3,2,0,0.15312959285606653
3913797d,3,1,0,0.5181405114893236
3934e29c,3,2,2,1.1623434579506275
394a6219,3,3,0,0.22305474879618514
3950aa00,3,1,0,0.9605129916193491
3983d3cd,3,2,0,0.6842808557682284
3999e449,3,3,0,0.7912534781447952
39bdbb00,3,2,0,0.09169596413590209
39cc2836,3,1,0,0.3965446098224916
39dd3538,3,1,0,0.037505965347462755
39fb1ad0,3,1,2,0.6660425904960643
3a594acf,3,3,1,0.578780393811129
3a9d7bd6,3,1,0,0.20564130770183575
3ab0b1ff,3,1,1,1.1268001830832304
3ab539f0,3,1,0,0.29394901647683136
3acb5be3,3,1,0,0.3099730453672907
3ae4ee9b,3,1,1,0.9357557256574962
3b091b83,3,1,0,0.5179583884350804
3b112284,3,2,0,0.11693009334187443
3ba48ca7,3,2,0,0.4071980427991669
3bbf88cd,3,1,2,0.8274171786209799
3c0aba64,3,3,0,0.6494662403592654
3c2cf08e,3,1,0,0.2384631785058125
3c5c85e7,3,1,0,0.6225020359330327
3c620257,3,3,0,0.27018032689159527
3c7a7f32,3,3,0,1.234174242396731
3ca35642,3,3,1,0.7395592939969935
3cc9cfa6,3,1,0,0.27791994434953626
3cd8802e,3,3,0,0.6626833994661498
3cfeca85,3,1,0,0.1505723946312167
3d20d9a7,3,2,0,0.6894475750083947
3d2c0bc5,3,1,1,0.6322223647513292
3d36fe8b,3,2,0,0.7351305764020275
3d3b87db,3,2,1,0.8426872364426377
3d3dd3ae,3,1,0,0.8755297478126925
3d3fb503,3,3,0,0.3143246746671696
3d46429f,3,3,2,0.8811469196842774
3d48430d,3,3,0,0.31214178753469235
3d5ad997,3,1,0,0.6658787479715802
3d736110,3,1,1,0.7870843854883462
3d8531f5,3,3,0,0.36485257809872385
3d970ce4,3,3,1,0.5863220720745902
3de1a622,3,3,0,0.19387895141645528
3de6a21c,3,3,0,0.2004888961347483
3e377cb7,3,2,0,0.4309618706297669
3e3c242c,3,1,0,0.21514956925116396
3e5ee48c,3,3,0,0.9057382455091061
3e9fd8d6,3,1,2,1.2557959338988849
3eb48980,3,3,1,0.4511206711873168
3ebfbb4c,3,2,1,0.16266256533935392
3ede35d1,3,3,0,0.6465125149418554
3f1cf5ba,3,2,1,0.5969585987563819
3f1f23e7,3,1,2,0.6283258927149891
3f20e14b,3,3,1,0.9477749689532855
3f2141da,3,1,0,0.473225588308004
3f3a70c8,3,2,1,1.2317894684033646
3f3d3809,3,2,0,0.1566434817620907
3f51a21d,3,1,2,0.5776082591002945
3fcef947,3,2,0,0.3641306501494721
3fe59141,3,2,0,0.7883514598758781
3fe78116,3,1,0,0.6892117226805411
40898508,3,2,0,0.9677803681590009
408bed19,3,1,0,0.45757527060952274
4093774d,3,1,1,0.9730927386226702
40aae75f,3,1,0,0.9090883829351801
40cdadfc,3,3,0,0.25598475011023164
40e95163,3,1,0,0.2301856203654189
41052ced,3,3,0,0.571874881764956
4128aee6,3,3,0,0.22061128518176099
4135cb0e,3,1,1,1.1630641515812647
4157be55,3,3,2,1.51502057976342
415d5a1a,3,1,0,0.9696518591214305
416b6ba2,3,2,0,0.17100328584805186
4177e5e5,3,2,1,0.5610717017127812
41974cde,3,3,0,0.3600681165849844
419d05c6,3,1,2,1.1116605892501408
41bacefb,3,1,0,0.8162170849002578
41badf5d,3,1,1,0.913385621156293
41cfd1db,3,3,3,1.1904938199365254
41d48900,3,3,0,0.7007253224734032
42309938,3,1,1,0.7990690588110978
423610ac,3,3,1,0.5204559043376564
4248261f,3,2,0,0.14064037758533637
4255e559,3,2,0,0.37890879492674806
4262ce3d,3,2,0,0.33928596729896365
427037b2,3,2,0,0.1765798874705421
427fad9e,3,2,2,0.9142284029716787
4280076d,3,1,0,0.39506085224974546
428970d4,3,2,1,0.830660491380266
428c37ea,3,1,0,0.4594402644897157
429cc266,3,3,0,0.4764989949713033
42aa29fb,3,2,1,0.4883820501770308
42bf071e,3,2,2,0.4610476445858265
42c6f67a,3,1,0,0.20213972010869435
42dfc9dd,3,2,2,1.033327846699053
42ebc3fd,3,2,0,0.6689164802216365
4307d287,3,1,1,1.2159117466867015
435bfa7b,3,1,1,0.4962727412957786
43629a34,3,1,0,0.017831568047108837
436dd613,3,3,0,0.35884063364575824
43720c15,3,3,0,0.862881619610556
43808706,3,2,2,1.0734567999694347
43a7386d,3,3,1,0.6459349650440688
43d43363,3,1,3,1.3950312745400775
43f44f6c,3,1,2,0.5825319888702781
43f5d3c5,3,3,1,0.47936271506646433
43fb80d6,3,2,0,0.7031756390189473
43fdba8b,3,2,0,0.3742133011204387
440acf4f,3,1,0,0.1137922916579055
4442c376,3,3,0,0.3369049201442865
4496d883,3,3,2,0.4910612372888883
44b8622c,3,1,0,1.0032324108396504
44cbf5c5,3,2,0,0.3339149549488819
44eaea78,3,3,2,0.8755431625099708
4505724a,3,1,0,0.02571069677569815
4507da27,3,2,1,1.1145353827168218
451b0cd9,3,3,0,0.22674631357493163
451c11b3,3,2,0,0.5551434601699844
4570c8b8,3,1,0,0.324865507747819
463bf3b2,3,1,0,0.12797551498180398
464a75fb,3,2,1,1.1452450020173375
4659aa1a,3,3,0,1.2031410996578624
465d3273,3,3,1,0.5674642147178167
467c549f,3,2,0,0.26531685613628914
46850373,3,1,0,0.30028534011531904
471e4d12,3,2,2,1.2617577229637114
47240aa3,3,3,0,0.2869895855985855
47350ac6,3,2,0,0.7860608515689116
475ebe47,3,1,0,0.3035180667246028
4777151c,3,3,2,1.2388394692224356
47a52eb8,3,2,1,1.1761030189384867
47b3bea1,3,3,2,0.22150343803371741
47c1f368,3,3,2,1.153424338349684
47c3b47c,3,3,1,0.3164412719451392
47c55e13,3,1,0,0.44690419355984534
481a1861,3,3,0,0.5449151184872338
4859a9f9,3,3,0,0.17191605105187335
485d7c69,3,3,0,0.430813860243043
489fa831,3,3,1,0.5605013745270782
48c205d9,3,3,0,0.47094780524925506
48db8ecf,3,1,0,0.15377206330013854
48df987b,3,3,0,0.4728719349549615
4926b18a,3,3,0,0.30768242745541835
4940a214,3,1,1,0.6425024231308689
4950e24c,3,1,0,0.7648045284938769
499d4499,3,1,0,0.9133763372455199
49a1931d,3,3,0,0.34193589642225775
49e4eade,3,1,0,0.4888523504861271
49f38606,3,2,0,0.232948235879689
4a0b1b9d,3,1,1,0.6034997318312247
4a3b6521,3,2,1,0.3684853447012849
4a475a9f,3,2,1,1.1645909687197504
4a4a0f78,3,1,2,1.19165956376842
4a68d751,3,1,1,0.7586443293553604
4a69e534,3,3,0,0.14033466910629838
4a6af685,3,1,0,0.5178451420911242
4a9f92ca,3,3,0,0.15370417038768397
4aa87859,3,2,0,0.3512719434104905
4ac5c412,3,2,0,0.26515329375393015
4acac04e,3,2,2,0.5032531372035344
4afa8a76,3,3,0,0.11108963721203419
4b0f961e,3,2,0,1.143548395339085
4b1f6855,3,2,0,0.31877796801213565
4b20bce7,3,1,0,0.30937299493104886
4b328259,3,3,0,0.44668719574346855
4b3c7594,3,1,1,0.28398644691617114
4b3db4f4,3,3,0,0.36915421279056015
4b51db3e,3,1,0,0.13333023807434508
4bc2bee9,3,1,0,0.5045126021071098
4be6f3c1,3,3,0,0.5151244855205391
4c238671,3,2,1,0.7968960486412271
4c37fb30,3,3,2,0.9428443410205807
4c8dfaf0,3,1,2,0.4670696065621113
4ca242ea,3,1,1,1.2182313926972956
4d19854c,3,1,1,0.5978337052567564
4d41bb62,3,3,0,0.10411057697978415
4d42caed,3,2,0,0.16444029705536778
4d5a8ce7,3,2,2,0.9556977497580312
4d61a44e,3,1,1,0.7770258489291304
4da4aba2,3,3,2,0.9693618428362907
4dc4ed56,3,3,0,0.560444075348176
4dc86a42,3,2,0,0.3490135012175425
4decbcd8,3,2,0,0.20613976105714932
4e052db0,3,2,0,0.722146963582733
4e6c7a75,3,3,1,0.3241424146633333
4e85505f,3,3,2,0.9216968729014346
4ea3963e,3,2,0,0.5956994459347997
4ea4e6c9,3,2,0,0.27916119415627266
4eade67b,3,3,0,0.45341020553258904
4edb98d8,3,2,2,0.7400474305970761
4f059221,3,1,0,0.048375457718854986
4f059a8a,3,3,0,0.925002297470112
4f20b188,3,3,0,0.43460176429439457
4f2d0925,3,3,1,0.6518173904867455
4f3b33ba,3,1,1,0.6604109158873295
4f3cd5c2,3,1,2,0.8359147447687079
4f93504a,3,1,0,1.2317038094667734
4f96d1e7,3,2,0,0.2404074506476897
4fd7e043,3,3,0,0.27078769027744054
4fe97569,3,3,0,0.8120850030703933
4ffa995b,3,1,0,1.2043682506273328
504ed32b,3,1,0,0.17180428803894698
50707f1e,3,2,0,0.5328536286927491
50b2b84b,3,1,0,1.088638016123677
5124169c,3,3,1,0.8290159565754491
5132511c,3,1,1,1.0881439200041876
51364c23,3,3,2,0.6346120460456969
515402ee,3,2,0,0.3903163841997643
5198e7b3,3,1,2,0.44780866999299906
51a349db,3,2,0,0.7061422412530951
51c15d22,3,1,1,1.2998114324569037
51eb8d14,3,1,0,0.6192745310035623
51f38b37,3,1,1,1.1995732603103595
5216ef61,3,3,1,1.1496722012956773
52219dbb,3,3,1,0.6112720372434213
5264bb0e,3,1,1,1.1071223962963672
526f719b,3,2,0,0.24401082535318486
527e796c,3,2,2,0.661688052261214
52bd147c,3,2,0,0.35172003634470694
52ce9b8b,3,2,0,0.2543162352052001
52e9e467,3,3,0,0.7313246886260742
5320dac6,3,3,0,0.830960065821364
537dc410,3,1,2,1.1153178813628943
53814642,3,3,1,0.33656595031815156
53cf99f2,3,1,0,0.263620059475194
53d20dc3,3,3,0,0.10808264338121032
53ea1e7c,3,2,0,0.4372932013348083
54391716,3,2,0,0.7355000642540384
54854783,3,3,0,0.6196794345572366
54945f30,3,2,0,0.606436293401812
549712ab,3,3,2,1.1595398706952542
54b35de5,3,2,0,1.4124031761523803
54c87d3c,3,1,2,0.6404192357329882
54e592da,3,2,0,0.8276173141758215
54fef303,3,1,0,0.7017154798051434
54ffe872,3,3,1,0.3204120768290487
55464fb7,3,1,1,0.416720424446627
554e46e9,3,2,2,0.5612083799638186
556604d2,3,3,2,1.0571959105721085
5588f518,3,2,1,0.4548646639277451
55edb6ed,3,3,1,1.1179776188862978
55f9338e,3,2,0,0.24942032555578314
561f2797,3,3,0,0.29304645444593724
56210fdb,3,3,0,0.15567602153565957
5637a5a4,3,3,0,0.20630723421142744
56418caf,3,1,2,0.7181946391529571
56443aba,3,3,1,0.48996266655997456
56761daf,3,1,2,0.7929993857827318
567ecea5,3,1,0,0.44163618346211597
567fd23a,3,3,1,0.9312820913103991
56d9dead,3,3,0,0.09084921118068229
56ef356c,3,2,0,0.38105805592723796
574599a8,3,1,0,0.1956751170012061
574cb902,3,2,0,0.2268787334273436
5775ec58,3,1,1,0.7980405943327028
5779f2e9,3,2,0,0.33065116592161226
579e50bd,3,1,0,0.605879269309571
57c4f2b4,3,3,0,0.5654388841590268
57d82f30,3,1,0,0.9774391995949896
57de6095,3,3,0,0.10349908447699524
57f6fa6c,3,1,0,0.08549481912639484
58391429,3,1,2,1.4912007341740172
58a255e6,3,1,0,0.19025834967426847
58ada72e,3,1,1,0.6123105693655939
58de61f0,3,1,1,0.7587336555480633
58dfccdb,3,2,0,0.41081566762139365
58f11465,3,1,0,0.33072672051883256
592adca0,3,3,0,0.3764348753623926
592b3b7f,3,1,0,0.4703555766550692
59305d37,3,1,1,0.8752353980262771
59307c13,3,2,2,0.5398775368104657
593a7148,3,1,1,0.2642595863294145
59402969,3,2,1,1.0085993483968743
5985f299,3,2,0,0.18462314028818566
599850d0,3,3,0,0.29407546070809387
59b7fc28,3,1,0,0.10618461030934107
59d7a3a9,3,2,0,0.38565520747280096
59ea397f,3,2,0,0.04396975721421292
5a07e79f,3,3,1,0.31812991537640833
5a2c7642,3,2,0,0.2481002325751282
5a3005de,3,3,2,0.821166352391598
5a313293,3,2,1,0.8987583515756903
5a4b3725,3,3,1,0.9626079515132584
5a5f6d41,3,1,0,0.6613258277129871
5a5f9fb2,3,1,1,0.5502560209398456
5a8712ae,3,2,3,1.2158510602892472
5ac9eca0,3,3,0,0.22561311087500224
5ad85a02,3,3,0,0.40563534068827767
5af79adb,3,1,0,0.7957060395964615
5b299ae1,3,3,1,0.17197100744569355
5b2c9b83,3,2,1,1.0871901399044914
5b4d2604,3,1,0,0.47048837446619124
5b66b6f2,3,3,0,0.031234130266792337
5b9ff85e,3,2,1,0.6164447723963172
5ba201ba,3,1,1,0.6160055313851981
5bcf002a,3,2,0,0.4539897463665131
5c045867,3,3,1,0.9469414222512456
5c186496,3,3,0,0.22342783565457125
5c22f241,3,1,0,0.11444883963610036
5c2c136d,3,3,2,0.9660673804364277
5c3b30d7,3,1,0,0.35553815012595735
5cd83147,3,3,0,0.7246588463762998
5d1d7e41,3,1,0,0.13376380439089558
5d3b6ea5,3,2,1,0.5398082400986052
5d762840,3,2,0,0.8710713950918368
5d805d83,3,3,0,0.7047881235196322
5d885b20,3,2,0,0.153372471579991
5daa20e7,3,3,0,0.306308618353721
5dad24ff,3,2,0,0.9325703997619157
5db3db12,3,2,1,0.7353778883814358
5ddbac80,3,2,0,1.0658868962755939
5e221c50,3,1,0,0.6328311594578664
5e2a9e63,3,3,1,0.228597111204011
5e2c1349,3,2,1,1.0242549199518527
5e359a08,3,2,2,1.090055594471517
5e415f05,3,1,2,1.082925412141384
5e55e9fd,3,2,3,1.0507006616419563
5e57bd12,3,1,0,1.1931363021101888
5e614c1a,3,3,2,1.1025778880686077
5e6490e3,3,2,0,0.48542679705286096
5e6b528e,3,3,0,0.49022393432337497
5ea2c305,3,2,1,0.864707380233152
5eb063e0,3,1,0,0.5437459118789739
5ed5f205,3,1,0,0.24792639155080354
5ee595e8,3,1,0,0.580809756902345
5f099188,3,1,0,0.06948762647001727
5f1b07e1,3,3,0,0.8442814699960828
5f281a62,3,2,0,0.5621263885193091
5f37ceb1,3,1,1,1.07090092888863
5f574f3d,3,2,0,0.26224253202130965
5f7537cf,3,2,0,0.9311510988215771
5f9dddb4,3,1,2,0.6754247802185448
5fa91358,3,1,0,0.571909897509806
603ab4ee,3,2,1,0.12002473576413425
605d6e05,3,3,0,0.3909632674511784
606e979d,3,2,1,0.8769529200436419
60c1ff37,3,3,0,0.6539699801591307
60d2774d,3,2,0,0.25738539248179193
60f8462b,3,2,0,0.18722619872977864
60fb7cb9,3,3,1,0.7798115532452133
612b3ff9,3,1,0,0.5020007983338733
612dd900,3,1,1,0.21689753364425124
616fc21f,3,2,0,0.2676702722823786
61823525,3,1,0,0.12415193809698472
6187d0dc,3,2,0,0.07654271098057541
620536d0,3,2,1,0.35432848038891085
621066ff,3,3,2,0.613258581227128
622bb412,3,2,0,0.13245764236130764
6247cc15,3,2,1,1.0585022436615763
624869b6,3,3,2,0.8585112782584274
6277e13c,3,1,0,0.5068637925644435
6282e693,3,1,0,0.05182004806251994
6291fddd,3,2,2,0.5874275579778715
62b873a2,3,1,1,0.41789967406062123
632eca98,3,1,0,0.5267935987341986
6332ad59,3,1,0,0.13135857897901304
63334478,3,3,0,0.3902852049387746
635554d2,3,3,0,0.544562307738986
63d4ab9a,3,3,0,0.423066230548624
63fc9770,3,3,2,0.9351358438389202
641697e6,3,2,0,0.24252640648301432
641a2b87,3,3,0,0.2134851298449808
649ff6d9,3,2,2,0.9399957393443633
64fc556b,3,2,0,0.10722865552339328
6515ef94,3,2,0,0.19561615121294168
654203ec,3,3,0,0.4259575472523145
658e66ec,3,2,2,0.8664099314776577
6595d479,3,3,1,1.1832494333484642
659fec57,3,3,0,0.5663983911551836
65af9f2a,3,2,0,0.4444768922062001
65dc81f5,3,3,0,0.7453024858240213
65dfe4b9,3,2,0,1.2931980589518486
65f9369d,3,2,0,0.515802444904313
65fe69c0,3,2,1,1.407765301847046
66094cfd,3,1,0,0.7092832816570094
665abfda,3,2,1,0.5120270296854172
66665e95,3,1,2,0.7362335154909083
6666aed3,3,2,1,0.7405258246651525
6672e527,3,3,0,0.10402970038787024
668a2fea,3,2,0,0.37599044737897697
6699c999,3,3,0,0.22536862642347189
66d86d0b,3,3,0,0.9125090848589354
66f044c7,3,2,1,0.5014887416549145
66f619e3,3,3,2,1.3564860343816842
6708fcd9,3,3,0,0.20526099431673506
672a32f1,3,2,0,0.1623041609967013
673a7e2a,3,2,0,0.143158687106062
6774ba64,3,2,0,0.37738060204452706
678598dd,3,2,0,0.16511617204429307
6795027a,3,1,0,0.273144304829239
679ce4b2,3,1,2,0.9813499081218077
67b54cdb,3,2,0,0.22067275008530068
683464ff,3,2,0,0.49996701060600457
68572a28,3,2,0,0.12913509876896434
685cc0f1,3,3,2,1.0451414922991016
68688509,3,1,0,0.7817624866834153
687c85e7,3,3,0,0.5561741510336494
68a59e56,3,1,1,0.2582077102858778
68be3d5c,3,1,0,0.32107777355833783
68be5113,3,1,0,0.060918487310347325
68e514dc,3,2,0,0.6390103791932775
68e61f96,3,1,0,0.381857152506609
68e7140b,3,1,0,1.440404542471756
68fa4631,3,2,0,0.4275047638347174
69074cf3,3,2,1,0.050135821153391213
69742f6f,3,2,2,0.8523998319012375
697c41d7,3,2,2,0.4779088836353951
698b9067,3,2,1,0.4009091412613363
69b65679,3,2,0,0.28224268902365923
69ccea20,3,3,0,0.29832627796605077
69cdf9c3,3,2,1,0.5850606189513905
6a04461f,3,1,2,0.3880331761980389
6a138911,3,3,0,0.5851730008599297
6a16089d,3,2,0,0.5114385052878061
6a2c6073,3,1,1,0.9578319467056737
6a2fd807,3,3,1,1.2286573952610167
6a4df6ff,3,2,0,0.05083187419367563
6a6da46c,3,2,1,0.6321683880960788
6a7d07fb,3,3,0,0.23391739519660731
6a837387,3,1,0,0.1331878860553526
6a83a423,3,1,1,0.48090483022361735
6a864b11,3,2,1,1.0677275032785465
6a98537b,3,1,0,0.40983230259558145
6a9f0db7,3,2,0,0.13222575743268855
6abd21d4,3,2,1,0.7947581062729725
6abd2bd4,3,3,1,0.9568482409788515
6abe8b60,3,1,0,0.22025797632399424
6ac5763a,3,2,2,1.0957242926391182
6ad91972,3,1,0,0.4902617513067359
6ae1473e,3,3,1,0.3741397252263729
6b4b8c14,3,3,1,1.1078051354264036
6b6467f4,3,1,2,0.832104064548367
6b773506,3,1,1,0.8400148735187174
6b9a25e6,3,1,0,0.20969973517623341
6be0f069,3,3,0,0.5808677166422802
6be56337,3,1,0,0.9471087668902334
6becb599,3,1,0,0.12527690051002616
6c0fe935,3,2,0,0.8012402560952321
6c2edc91,3,1,0,0.989061603686871
6c319d99,3,3,0,0.38412430992815705
6c4902c8,3,1,0,0.560139995850004
6c6cd633,3,1,2,0.6610002586591692
6c737069,3,2,1,0.18587835812917664
6d341798,3,3,0,0.25780398412495376
6d5944a9,3,2,0,0.30204848701848575
6d5c5afb,3,1,0,0.425617005264183
6d707ac3,3,2,2,0.9309927328638077
6d70e716,3,1,2,0.7303716829008373
6d855495,3,1,0,0.7510623624752811
6db14d48,3,2,1,0.5509790019935684
6db453ce,3,3,2,1.069718268221935
6dfe4a75,3,2,1,1.128123034134807
6e0d4774,3,1,1,0.9187403411986622
6e0ec0fe,3,3,1,0.8254579872447503
6e128c6b,3,1,0,0.7853294057889315
6e1d28b6,3,2,0,0.5138901568321086
6e85a624,3,2,2,0.4457676315411528
6e89cee5,3,1,0,0.7770096156633259
6e9beaee,3,1,1,1.3911085272411836
6ea48a4e,3,3,0,0.47227513782933966
6eff29da,3,3,1,0.2773132159574316
6f49c8d0,3,1,0,0.306417141494866
6f5677b7,3,2,0,0.8726191566103386
6f5a31ea,3,1,1,0.3966285298170398
6f878799,3,3,0,0.5710515327926482
6fb28c2a,3,3,0,0.021903901281483562
6fc6b5c4,3,3,0,0.35453939793497
7015528d,3,2,0,0.487804759517116
707c82c4,3,3,1,0.3227310941720561
7092a6ce,3,1,2,1.005476380348904
709457f3,3,3,1,0.4166912267392492
710345b6,3,2,0,0.15427872989911084
7106a387,3,3,0,0.44896447417190355
7151d8b5,3,2,0,0.45540124518841296
71850348,3,1,0,0.46619031481882994
71852781,3,1,0,0.4630931855454223
7187caec,3,1,2,0.9311158402328332
7192b2e8,3,3,0,0.2977697531841133
71c1b1d2,3,3,0,0.09367831858085368
71ee31f8,3,2,0,0.18718715694017363
71f21593,3,3,2,1.3679058003016076
71ffd0ba,3,3,0,0.4191898707470185
7214ad21,3,2,1,0.9259265681996406
721ea536,3,1,0,0.825656782210767
72264d13,3,2,1,0.6501407714196424
723ee34c,3,2,0,0.4487600953092762
7250264b,3,1,0,0.20049536804745277
72565f5c,3,3,0,0.5330894894799202
7265f1e5,3,2,0,0.267966906996525
72a0c969,3,1,0,0.36369248908627483
72aa1a30,3,1,2,1.1377774002181633
72afd4ca,3,1,0,0.8367278529937584
72bbfadf,3,3,1,0.7515022690570237
72cb1703,3,2,0,0.1383506505785257
72cc9a64,3,2,0,0.6148316996797067
72fa40ba,3,3,2,0.8100775853587925
7305af8b,3,2,0,0.37910642210192713
7308d22c,3,3,1,0.5165866373179545
732b2327,3,1,0,0.5378473991314802
7347b54e,3,2,0,0.11975080064794125
738e7248,3,2,1,1.011586702541712
73d0e0a0,3,2,0,0.5545212440231995
73ec551e,3,2,0,0.1666815751204453
73ffa609,3,2,0,1.126143681243907
745e6065,3,3,1,0.5338617966342165
7494989e,3,3,0,0.08578566322098258
7498fbde,3,1,1,0.6074116586585082
74be50af,3,2,0,0.25710814688490036
74c2bd81,3,3,1,1.0263076658829902
7514c6f4,3,1,2,1.4348843051869413
75311a3f,3,2,0,0.7803544257120403
7533a4a9,3,3,0,0.5595635930799682
759328e6,3,1,2,1.5429857772176763
75ad73ee,3,3,0,0.27901259313186555
75b0446f,3,1,0,0.5932290506344817
75b53bd4,3,1,1,0.3296266788972496
75bcc1e0,3,2,1,0.3492166172711365
75c13e08,3,3,1,0.4831139557638493
75db1257,3,1,1,0.9108288559620152
764d8b42,3,2,0,0.14266682791709628
76781cd8,3,3,1,0.3845468752086719
7698543b,3,3,0,0.7339480279075139
76dc0e9f,3,1,0,0.257278133645367
76dfa86c,3,3,0,0.14349452189263928
76f8f621,3,3,1,0.39058724455431526
776d33af,3,2,1,1.152194798706327
777a3e9d,3,2,2,1.1163189427589009
77941a98,3,2,0,0.44868758266142733
77a5b2ad,3,2,0,0.26455849631485456
77bfe07c,3,1,0,0.8017369518817166
77e460ce,3,3,0,0.3079422341767225
7800a084,3,2,2,0.9662170057175009
782a0589,3,3,0,0.6021988383064808
782af70b,3,2,1,0.8498296193782462
7858fd16,3,3,0,0.39244015380728503
7860b64c,3,2,1,0.47343925821906974
78667893,3,1,2,0.06023053961038238
78704d22,3,2,1,0.9784481667837774
788268a4,3,2,0,0.22545619901748531
78a34e5d,3,1,0,0.23001131068759106
78b488ff,3,1,0,0.28850430564166935
793c2e31,3,3,0,0.29615961468826146
7958e61b,3,1,1,0.7459503688505839
79629cf4,3,3,1,0.4375415340119923
7975694f,3,3,0,0.34562152316804806
79bd36b6,3,2,1,1.1346293541157464
79de3beb,3,3,0,0.6712045103421325
79e496f2,3,3,2,0.8070827711396831
7a0136e0,3,3,0,1.1828141452648555
7a5fccc9,3,3,1,0.44482429243794747
7a6d26a2,3,1,0,0.723097762839996
7a86fcd2,3,3,2,0.8777494430377186
7ad92034,3,1,1,0.5688398899393761
7af8eac0,3,3,0,0.10892778649327334
7b0a4060,3,3,0,0.2758323021306805
7b516283,3,3,0,0.42473607157159043
7b543871,3,3,1,0.4352258690923029
7b78e634,3,2,2,0.6963047470980804
7b8842c3,3,2,2,0.7833840371869789
7b9690de,3,2,0,0.4017429129674439
7bbde46f,3,3,2,0.2715615839136932
7c194077,3,2,1,1.3241574424191132
7c1d7ddd,3,1,1,0.4053444954089255
7c21ad67,3,1,0,0.5314236697611984
7c29e92d,3,2,1,0.755299938051514
7c39c8e5,3,2,0,0.36754494364004775
7c6cbfdd,3,3,0,0.13675538765071316
7c71edac,3,1,0,0.5158833926999233
7c8f0c95,3,3,2,1.2927828934239103
7ccdb9f2,3,1,0,0.4799297197265223
7ce36c38,3,3,0,0.5090463271899677
7d0a92d5,3,3,0,0.6413952802179028
7d22cd0a,3,2,1,0.32602645630075644
7d2f236b,3,2,0,0.25717039135224995
7d666f0f,3,2,2,0.5720958887075724
7d878d0d,3,2,1,0.7677097029087543
7d927bdf,3,3,0,0.5740222780949265
7dae6de9,3,2,1,0.31914991122517145
7dc65b92,3,3,0,0.9341744221081898
7dd54e69,3,1,2,0.6082788163933184
7deeb4fe,3,3,0,1.0380994764478295
7df487b1,3,2,0,0.7452765867382206
7e33976b,3,2,0,0.17123372725484737
7e46b693,3,3,1,0.9170753903329232
7ebca7c4,3,1,0,0.5748465336062127
7ec65d94,3,3,0,0.20404093421237068
7ecea16d,3,1,0,0.08500805391569416
7f04b4fc,3,2,1,0.5148471401174483
7f1063e4,3,2,1,0.9974995534653861
7f26f78c,3,3,1,1.1985329186121847
7f2715b4,3,1,0,0.35368419942298646
7f44236f,3,3,3,0.9079769894131127
7f5aeb05,3,1,0,0.3415376356777823
7f950ef2,3,2,3,1.1388093508935095
7fa51811,3,1,2,1.0602101630815475
7fa7ccc4,3,2,0,0.31132314303151243
7fceb836,3,2,0,0.9760772500133288
7fd40f2b,3,2,1,0.5592532656936122
7fe0a99a,3,1,0,0.3956460069530905
8017f13e,3,3,0,0.8237970099050128
8033847f,3,2,1,0.9414046684753297
8068fafb,3,1,0,0.2821278654258983
806d877f,3,1,1,0.6055862868357977
8078b7de,3,1,1,0.6192271537438646
80a5f1e1,3,1,0,0.6816911199208998
80a9f2bb,3,3,0,0.25366935546700164
80b46ffb,3,1,1,1.2410701251552059
80d8829a,3,3,0,0.16012800245392228
80ed2bcf,3,2,1,1.1651448669897857
81095901,3,3,0,0.29334923757003567
812f6873,3,3,0,0.5256716354508915
81364a4b,3,3,1,1.0353395583294667
813e7f93,3,2,0,0.17949784830840887
8148c785,3,2,3,1.2770645550242068
81766b8a,3,2,0,0.5424420196587004
8189aa29,3,2,2,0.7313544786638319
819ad5f1,3,1,0,0.3443658199696643
81c0b83c,3,3,1,0.3374384012596375
81d3ab22,3,2,0,0.8753860793227801
81d607bb,3,3,0,0.23069424689639778
81eaf4c1,3,3,0,0.0982963362690657
81f60502,3,1,1,0.562452214426948
8226bbd4,3,3,1,0.31880244975431643
82422684,3,1,0,0.7923771843148413
8256a969,3,1,0,0.3744401819991836
828b31ca,3,2,0,0.23252220132809753
82923551,3,3,0,0.11715436737798585
82a114c1,3,2,2,0.6778505008812605
82ec9747,3,1,0,0.15262699896277737
8310a02f,3,3,0,0.39787689046282604
8328c8b3,3,3,0,0.8946835496133756
83379672,3,2,1,0.2815147736614214
836b4de3,3,2,0,0.7099698655128293
83711ef5,3,1,1,0.7276299801904155
8376acc5,3,2,0,0.21879935888140145
83846d0c,3,2,0,0.31925059500900627
83912085,3,1,0,0.32424467875296714
839b507a,3,2,0,0.15560544244191749
83eda373,3,1,0,0.3132749000601321
83fb5ee0,3,2,0,0.24163729155878239
840ff4b7,3,1,0,0.0957326720549827
844b87f8,3,1,0,0.3123969271206659
844be9e4,3,2,0,0.30395078987458335
84875079,3,3,0,0.431142286398403
84a16b14,3,3,0,0.5179828323728445
851b425b,3,1,0,0.34596918726174286
854eb237,3,3,0,0.23510388463375953
85525f8d,3,3,0,0.3705248684866402
855c6099,3,3,1,0.4214184745887072
8570ea5f,3,1,0,0.5469026355611688
8572d442,3,2,0,0.9750349857500322
8581b9a1,3,2,1,0.6118723115231752
858ae6a3,3,1,2,0.885138178209189
858be19a,3,1,1,0.6619279298818267
859cbb27,3,2,0,0.2609032275378509
85a1082c,3,3,0,0.46866017336501276
85b027ee,3,2,0,0.3454140868121111
85ba333f,3,3,2,0.49636386635963026
85d9c915,3,3,0,0.2972138931955732
85f23af6,3,2,1,0.18316739129281823
861188f4,3,1,2,0.9054924953525867
861fd4a0,3,1,0,0.19448191324246122
86335468,3,3,1,0.6125629949246338
863f7033,3,2,0,0.9278359948247358
866a08b7,3,2,1,0.24625593092926396
86bd716a,3,3,2,0.8505078926892775
86e56299,3,1,1,0.6846464991859268
87050a09,3,2,0,0.531517142093646
871b2b19,3,2,0,0.3201456643259871
87509a7b,3,3,0,0.34905864950775944
8772f64b,3,2,0,0.7881905339845997
87a60251,3,2,0,0.19700983943530276
87b78ee3,3,1,2,0.7740905677489817
8823b020,3,1,1,0.4872553077485452
88300a4b,3,3,0,1.0491760467581062
884c429c,3,3,0,0.015856638890536123
8875387b,3,2,0,1.0993776514404203
8877cdee,3,1,0,0.2379435662100295
888c45f9,3,2,1,0.11737478697902409
88c640b9,3,3,1,1.0661395601168135
88cdb5bd,3,2,2,1.098537544413424
88e04d93,3,1,1,0.8860544749197952
891b8cd5,3,3,0,0.9282770321769358
89261ca6,3,2,0,0.40235074248611213
893293dd,3,3,0,0.09076621413767155
895f9725,3,1,0,0.9775820431256554
897da2c8,3,1,0,0.20348140740609316
89a26502,3,1,0,0.4422693606339583
89d475e2,3,1,2,1.2759165922136182
89d7d2c3,3,2,0,0.15949987198008225
8a44ea3a,3,2,0,0.29556560288254
8a4d341b,3,1,0,0.44021225159819305
8a645723,3,1,1,1.25459606960708
8a6b6912,3,2,0,0.28341586047912254
8a77c3e9,3,1,1,1.0103038892473244
8a77d185,3,2,2,0.5673657407247866
8a78a063,3,1,0,0.24648083760913164
8a9cce44,3,1,2,0.3911897177704913
8a9e653f,3,1,0,-0.021158099655418927
8abbbc38,3,1,0,0.5190081588748159
8ad5e251,3,3,0,0.263528535883411
8ae6a52f,3,3,0,1.0371369045924674
8b02eb7e,3,3,0,1.529333500669947
8b3c900f,3,1,0,0.5995280546427206
8b4b9648,3,2,1,0.5720463430946304
8b802ca8,3,1,0,0.15238635155752311
8bf72a9c,3,3,1,1.3655297480171134
8c0ca955,3,1,0,0.5791862343787881
8c1f9196,3,3,1,0.7878640380907832
8c9c253d,3,3,0,0.5076226836723754
8cab7bc4,3,1,0,0.5208787068098932
8cb19d64,3,3,1,0.29800770203971416
8cfcac79,3,1,2,1.0654176767927546
8d010562,3,1,0,0.5456162646450141
8d11c14a,3,1,1,0.30101426513470103
8d8b8553,3,1,2,0.6864028163368328
8db09bb4,3,2,1,0.7235575767954782
8ddb6b8d,3,3,0,0.4668875857404678
8e24b103,3,1,0,0.2501383644189838
8e380413,3,2,1,0.5114020857925117
8e59a69a,3,1,1,0.5222519703393671
8e749c85,3,2,1,0.948737129753211
8e80deb7,3,1,0,0.8469230625648947
8e93a873,3,2,1,0.9155108698176675
8ec2cc63,3,1,0,1.047625990246083
8f015125,3,3,0,0.7703144227665304
8f112082,3,2,1,0.8136222918676367
8f13c52a,3,3,1,0.7875720778378312
8f1e1df6,3,3,0,0.6771403216660727
8f21c613,3,3,1,0.732471083870424
8f2d131f,3,2,1,0.6229549837895522
8f39a0e7,3,3,1,0.3532843593684108
8f68479b,3,3,3,1.0143591281347353
8f9c03c6,3,2,0,0.07640118490282544
90161e10,3,1,1,1.0931364606944127
9027c805,3,2,0,0.3743369680003413
9052579b,3,1,0,0.3881848050659477
9061cc9c,3,2,0,0.05323993020594986
908b1207,3,3,2,0.7682717506156369
9105b812,3,1,1,0.8499769142669631
911d1406,3,3,0,0.6917450899368804
912a91b0,3,2,0,0.6100220336206723
9130a22e,3,2,0,0.4131197045592666
91386987,3,3,1,0.6915967935802432
913bea9f,3,3,1,1.3184166514368036
91656d27,3,1,1,1.3200320051487688
916f7069,3,3,0,0.5002631083806814
917990b2,3,1,0,0.9892903640937943
9181b136,3,3,0,0.19737613024895684
91930eec,3,3,0,0.2784443745132659
91942b42,3,2,2,0.5260187333294093
91a5d06e,3,2,0,0.1940807247220988
91e23cc5,3,3,2,1.2250645173586923
91e86c47,3,3,0,0.5898041223135042
92031591,3,2,0,0.7160466177116017
921146d1,3,1,0,0.3698385515097886
92293b06,3,1,0,0.817723475025466
92622443,3,3,1,0.49280494077394255
926a64d8,3,2,1,1.1539734087746174
926b3a76,3,2,3,1.1170538001746246
926bd07e,3,1,0,0.4266450815763047
9271574b,3,3,0,0.46738093804658987
92b18571,3,2,0,0.34853825318954035
92bb8516,3,2,0,0.29527188414479183
93188a17,3,3,0,0.49334637835942474
932b5928,3,1,1,1.0832766468850368
93363059,3,3,1,1.0680223171920342
933da99b,3,3,0,0.7916473044595713
93559639,3,1,0,0.13496046091720748
93904b23,3,3,1,0.9737370440978168
93c06d4c,3,3,0,0.47909858125093546
93c72a97,3,2,0,0.9377002465026518
93c93585,3,1,0,0.4900063238119073
93f8b501,3,2,0,0.3231829683859132
93fd93c4,3,2,1,0.7939856070314677
93fda84a,3,2,0,0.0860202140268364
9402b885,3,3,0,0.9265702300373444
9416d70e,3,1,1,0.9984296732680983
945d802a,3,2,1,0.6459450112630353
948a7025,3,1,0,0.3064331849406087
948e1435,3,2,1,0.9397945480394575
94902bc9,3,2,1,1.3205394661576175
9498cc26,3,1,1,0.7337130398819114
949f94e5,3,1,0,0.18011829928898315
94a1053b,3,1,1,0.9734214823809346
9508b72f,3,3,0,0.6586964401147632
9521093f,3,2,0,0.8211826839830433
9540fa8e,3,3,0,0.3858088444553901
95488452,3,2,0,0.07266120976056423
954a4c2e,3,2,1,0.6774557184042317
9568e659,3,2,2,1.2125719389687575
9570bfb7,3,3,0,0.0801239024791256
957dcb7f,3,2,1,0.1660116542975888
95cc96cc,3,3,0,0.15798196258065866
95d57ff9,3,2,0,0.8743621800321515
95e04c4b,3,2,0,0.1452244217246016
96262441,3,1,0,0.21246865603855036
9646a500,3,3,0,0.28209708706684083
96595f1d,3,3,0,0.1922306974051689
966161e7,3,1,0,0.009750449177691967
966fffd0,3,3,2,1.183683152925425
9682cd0d,3,2,0,0.26018367708254614
96de5f57,3,3,2,0.9580804021619135
96f13763,3,1,0,0.09311234661312556
978218e6,3,2,0,0.4762919983122728
97bb0cc0,3,3,2,0.9110941923054667
97d0593e,3,3,0,0.5165933807690142
981568fa,3,1,0,0.5199857108541494
98413061,3,1,0,0.12963916332891673
9853fb61,3,3,0,0.7308573604844851
98a4be3f,3,3,0,0.7818971730712754
98a81a90,3,1,1,0.8616651101657042
98ed2153,3,2,2,0.9992263921705893
99205f42,3,3,1,0.7965299405203387
994ee014,3,1,0,0.3822750926748883
99752704,3,1,1,0.5837651582457596
9977fb0f,3,3,0,0.42388444894685406
998115f3,3,3,1,0.44399117984714687
998cfa64,3,3,0,0.24723142024339134
99a1711f,3,2,1,1.136218078721457
99b15811,3,3,0,0.45569746533536454
99ec8c4a,3,2,0,0.44993076253108033
99f0cc53,3,3,0,0.24100020762265867
99f3be05,3,2,1,0.52601569609637
99fe5b44,3,2,0,0.8110858497661232
9a2082cf,3,1,0,0.3545865872418483
9a50d2d8,3,2,0,0.9852929965340227
9a5aed6c,3,1,0,0.8290399196672661
9a76906d,3,2,0,0.2851190320205943
9aa1a2ae,3,3,1,0.4867216363613457
9aa36639,3,3,0,0.1311865016640461
9aab3e36,3,2,0,0.3050484939489299
9ab4909f,3,1,1,1.0964590895242599
9af5548f,3,3,0,0.6663534872211057
9b328d6c,3,1,2,0.8392273823626324
9b5f13ec,3,2,2,0.9392436374673216
9b96b0e4,3,3,0,0.4398999282289326
9bc60f80,3,2,1,0.3060487689725137
9bd745aa,3,3,0,0.7072499907812235
9bdd6964,3,1,1,0.22530336409550106
9bf7051d,3,1,2,0.9874413775034054
9c12f80d,3,3,0,0.2193955287376369
9c1ea003,3,2,1,0.5045752316353032
9c23dba9,3,3,1,0.7888523527167186
9c2df71f,3,3,0,0.050330953187186056
9c589c9d,3,3,0,0.11640860964556948
9c7a1561,3,2,0,0.24471957863436083
9c9cd7ef,3,1,1,0.44350414420646833
9cb32129,3,1,0,0.25244358248786913
9cba0d0e,3,1,1,0.6277440865027825
9ccbc70b,3,2,0,0.3427411502938657
9cee3c19,3,2,1,0.5636753371429931
9cf04c41,3,1,1,0.6699514954131345
9d0670dd,3,2,0,0.16683259022083136
9d1b2d2c,3,1,0,0.13223948370723593
9d29b706,3,1,2,0.6327561638962378
9d39f0da,3,3,2,0.6196140006721137
9d5826bb,3,1,1,0.5186864944751252
9d6b1410,3,2,0,0.2724269170361987
9ddfb9e6,3,1,1,0.9234603586641069
9de6a614,3,2,0,0.8505224529552291
9e052412,3,3,0,0.2961747551579552
9e29b5d2,3,1,0,0.49518198072193514
9e4385f7,3,3,0,0.7656220397397426
9e7860ef,3,3,0,0.287164158842559
9e964060,3,2,2,0.22700028946271172
9eb283e4,3,1,3,0.9443927417503376
9ebb73c7,3,1,0,0.5511943474179627
9f3ca269,3,1,1,1.1117334521760158
9f5f15ef,3,2,1,0.8844103448827303
9f6b9158,3,1,2,0.8803378897708525
9f70688f,3,2,0,0.059757100598188395
9f9be55c,3,1,2,0.7762989157658136
9fa5cdfd,3,1,0,0.21155476913746357
9fb96ae3,3,1,2,1.0453976004388374
9fbc09a6,3,2,0,0.30097909879352325
9fbf31f9,3,2,0,0.17574763945633887
9fbfa81b,3,2,0,0.15501084864602765
9fec142f,3,2,1,0.9983168969110621
9ff73d95,3,3,0,0.3183487244153024
a00c3ab0,3,3,3,1.4602995892089563
a00c85e7,3,2,1,0.9021847754847587
a0182b17,3,2,0,0.707962454181718
a0277c1c,3,2,0,0.38111711077765587
a032d7bb,3,2,0,0.46810977030320355
a0482f47,3,2,0,0.47346962144999394
a0510686,3,2,1,0.09703612029045977
a0522c83,3,3,2,0.6452419917916599
a07ec6fb,3,2,1,0.6248285676439532
a08ebf6e,3,2,3,0.9411024801116991
a17f6cfd,3,3,0,1.02639763151848
a1814875,3,1,2,0.6806216798869684
a1942b0b,3,1,0,0.360400455702486
a196148e,3,3,1,1.181452584129647
a1ab89aa,3,3,0,0.03468371130219372
a1df952c,3,2,1,1.2460581857361472
a1fe4f51,3,2,0,0.13546811101934725
a217e790,3,1,0,0.23179263545064993
a21ad8c0,3,3,1,0.9061681020599949
a221c60c,3,1,1,1.097463536249632
a263a68c,3,1,0,0.40768282027367786
a28c7891,3,1,0,0.9931388781787629
a297d1b9,3,3,0,0.21819604630924733
a2994e55,3,2,2,1.297192839764126
a302a015,3,3,1,0.39658054904150974
a30e6178,3,2,0,0.48592991058427815
a3391798,3,3,0,0.18751734562331535
a3413f0a,3,1,0,0.3287482556396855
a363ec1b,3,2,1,0.9444634928437515
a38699a5,3,2,1,0.5369813612840723
a3b146ca,3,1,0,0.3292128914963214
a3bd8858,3,2,1,1.1713516909138124
a3e53e34,3,2,1,0.6625960288187485
a3ec2999,3,2,1,0.5054521397447562
a402c6c8,3,1,0,0.32795421033492433
a40c8316,3,1,2,1.1163909805385692
a4481101,3,3,0,0.7688874980033571
a45230f4,3,3,0,0.6977030818359727
a4530b41,3,1,0,0.16526966681248556
a457a4ab,3,3,0,0.24042306205563113
a49eda7f,3,3,0,0.7041072635245521
a4be0322,3,1,1,0.45477451558180876
a4f13c0d,3,1,0,0.9662859236808393
a5024ef9,3,1,2,0.4262651916811606
a5078c62,3,3,0,0.6193055946254498
a5099438,3,3,0,1.5197008017612057
a55b715d,3,1,1,0.7052159232440691
a5974a7d,3,3,0,0.537154154996287
a59b2411,3,2,0,1.0523265478656154
a5c87de6,3,1,0,0.26227803626408386
a5dbb00a,3,2,1,0.5834596443334676
a60b8575,3,2,2,1.5257047437546194
a614af1b,3,2,0,0.5283475135837281
a62edc1c,3,3,1,0.1015046313555995
a65b2226,3,3,0,0.2740724319497341
a6e72e9d,3,2,0,0.2966672296194035
a6fbb2e7,3,3,0,0.3653147036322989
a70bb2c5,3,3,0,0.529330361121923
a70e9a7c,3,3,0,0.6256230896873937
a722f648,3,3,1,0.6113923435753256
a774c63b,3,3,0,0.5921569807260741
a78766db,3,2,0,0.8037001379118092
a7b9546a,3,3,0,0.4684732248579352
a7d2852d,3,3,1,1.076230986327118
a808ad0a,3,2,0,0.8161590284116289
a814e825,3,3,0,0.5302146270267952
a84922d2,3,1,0,0.5586864543906018
a84ae7e0,3,2,1,0.6638531059000989
a8722cde,3,1,1,0.8539813187100388
a886c07b,3,1,2,0.8964714394870554
a88cd304,3,3,1,0.9195468689894022
a8926a86,3,2,2,1.1975617297680459
a8b0428d,3,1,1,1.4783073408312624
a8c1aab5,3,1,0,0.3493055269137989
a8d90be8,3,2,0,0.8034300643659531
a8d9de72,3,1,2,0.578945386885949
a8dc2e05,3,2,0,1.0749451801015164
a922ef3f,3,3,2,0.3458189543684927
a952659d,3,2,2,0.7048700861808441
a95b4487,3,2,0,0.5062688463142458
a9717f92,3,2,0,0.6465288748791373
a971b3b1,3,1,0,0.14117538959196912
a9b84b96,3,2,0,0.08660154637171164
a9c3b925,3,2,0,0.41310619579100905
a9c53cdb,3,1,1,0.30844788506224946
a9e5794a,3,3,0,0.6693932366449369
aa1700c7,3,1,0,0.322939910059595
aa295760,3,1,0,0.282381724061435
aa776ef6,3,1,0,0.0010367358058406273
aacb0b33,3,2,0,0.8479342394622782
aae9800e,3,2,0,0.8494906823462987
ab16a20d,3,1,0,0.48425071658635377
ab1dc378,3,3,3,1.0177404648898973
ab2ad965,3,3,0,0.2025333258696338
ab4b6c15,3,3,1,0.7799459331046065
ab4fe82b,3,3,2,0.7691988094177471
ab54c39e,3,2,1,0.749482353312158
ab5889ef,3,2,0,0.09581373153241407
ab6e1b81,3,1,0,0.1515994349678046
ab71f143,3,1,0,0.4713382263395329
ab8245da,3,3,2,0.4169037926551632
ab987c75,3,3,0,0.4073448112625694
abac67cc,3,3,0,1.0138422084999
abaf745c,3,1,0,0.10728316280638478
abd1b232,3,1,2,1.2911250221597639
ac1ad4a7,3,3,0,0.1608038631899683
ac29ec80,3,1,0,0.12691198738746234
ac31e154,3,1,0,0.4957646174490188
ac3ba541,3,2,0,0.23239660521530808
ac5fad3b,3,2,0,0.2334907050811087
ac66c144,3,1,0,0.007545504365288558
ac675a81,3,3,1,0.43806707343003964
ac67c949,3,1,0,0.15007152486864828
ac967bb9,3,3,2,1.0302794862059406
acb75c15,3,2,0,0.6254872152806168
aceefa4f,3,2,1,0.8659228709366509
ad0bbf35,3,1,0,0.03327570712926298
ad1dfc9a,3,3,0,0.9320217818832636
ad319a21,3,3,1,0.759423605315811
ad536dea,3,1,1,0.5554886371759236
ad8189bd,3,2,3,1.167515709092271
ad8945e3,3,3,1,0.46335438423856734
ad9f821d,3,3,0,0.7930366002393398
adaf7461,3,3,1,0.7005627797919098
adba23f0,3,1,1,0.34401483311995884
adbd6839,3,3,0,0.41072245892221115
adc2d620,3,3,0,0.30864526697481337
adc71322,3,2,0,0.5655003279239353
ade50eba,3,3,1,1.2965849975132504
adf444ff,3,3,1,0.5053578099213458
adfef47a,3,1,0,0.11009586003800875
ae4fdae6,3,3,2,1.0337247039461963
ae6e4380,3,3,0,0.28710681290480233
aea63a78,3,1,0,0.25317554695179545
aea92843,3,1,0,0.21631396607483716
aecc7e74,3,3,2,1.18647684187654
aed29ee7,3,3,2,0.7153362056449019
af485add,3,3,2,0.7698095378064599
af4f064e,3,1,0,0.3175517859493692
afa6cc9b,3,1,1,0.6494334348184422
afae8244,3,1,1,0.2671677421608086
aff48273,3,3,1,0.7636888992422923
b01cb004,3,3,0,0.30072816857689133
b074f33b,3,1,0,0.43054084308865836
b08423c5,3,1,1,0.8930500801598991
b08f0ca4,3,3,1,0.05226161084900649
b0ab15a7,3,1,0,0.17411181449378044
b0b57cb7,3,2,1,0.3214012070808406
b0e96997,3,3,1,0.5162734733440897
b13e0cd0,3,1,0,0.8504114109071645
b1a00510,3,2,1,0.3081292852309575
b1bc2fe4,3,1,0,0.02835813810569776
b1de4423,3,2,0,0.08192177280777224
b21f7b12,3,3,1,1.0234591131263697
b2290813,3,3,0,0.9478424206810625
b2382d94,3,3,0,0.15479196967312153
b23b9220,3,2,0,0.7356694971257804
b2594910,3,2,0,0.5802208083296942
b25abc27,3,1,2,1.2544789614980525
b2987a65,3,1,0,0.45038891000637293
b2a73566,3,1,0,0.8369413172153244
b2b792a7,3,1,0,1.314706159490279
b308c03e,3,3,1,0.8084145519874899
b318f1d9,3,2,0,0.08079773705316001
b31dd1bb,3,2,0,0.7974108225516817
b347b9cc,3,1,0,0.3007818614069162
b37281d5,3,1,2,0.2242697723355474
b39504a7,3,3,2,0.9437564822616282
b397a73e,3,1,1,0.33157994220885967
b3b200af,3,3,0,0.4631213991981793
b3dade53,3,2,2,0.8353163601307912
b3e10f59,3,2,0,0.20875933581147593
b3e14267,3,1,0,0.7532276148861285
b3f5c066,3,2,0,0.5133911266500067
b4002374,3,1,1,0.759649126304107
b412866b,3,2,1,0.8201916736527937
b41cee02,3,2,0,0.4863829995136261
b447e66d,3,1,1,0.316289749193657
b449ac61,3,2,2,0.7654372989655593
b452f767,3,2,0,0.36034917590807924
b463e777,3,2,1,0.20447028867526984
b4885e6f,3,1,3,0.8966049804926429
b494401a,3,2,0,0.6750079686094981
b4bd49a0,3,2,1,0.13086000034816325
b4cfd8d7,3,2,0,0.5209906283928493
b516ca6f,3,3,0,0.5591291967457515
b53a8f23,3,3,2,0.34306537224754236
b55f7943,3,1,1,0.5538877180115845
b57e33a6,3,3,1,0.11403255222901615
b5a0707a,3,3,2,0.9794488344919706
b5b2d51c,3,3,0,0.32654540845702
b5c2bc50,3,2,0,0.43192874899332645
b64856e9,3,1,1,0.7474400042406997
b69bf1f7,3,2,0,0.6723047091032879
b6af12af,3,3,0,0.4551408180753418
b6caa7fb,3,1,0,0.2755380737362041
b6e9a65f,3,2,0,0.2039008067248862
b70db5d6,3,3,0,0.10919190178150262
b746cbe3,3,2,0,0.16516963264717993
b78d5d2e,3,2,0,0.5824539742863691
b7ac57d5,3,3,1,1.0379829263504747
b7c3834f,3,1,3,1.3260020024222485
b7c410a9,3,1,0,0.48243640853645625
b7eb466c,3,2,0,0.6201411703242156
b7ec062d,3,3,1,0.9371925618949594
b816d8d5,3,2,0,0.5000028260031676
b823508b,3,2,1,0.34805793775363103
b84754a9,3,2,0,0.6183726527707951
b89537ae,3,1,0,0.4565032009882759
b8b48fbf,3,1,0,0.40517026856369875
b8bf20f9,3,1,0,0.4241082645937546
b8df3d7c,3,3,0,0.5070372948830846
b92be605,3,3,0,0.5445314244913314
b9318815,3,2,1,0.9766078151949469
b93e1e41,3,2,0,0.3501840877577198
b94ec4a1,3,3,0,0.6047569689336597
b95aad8d,3,2,2,1.053814594095018
b96e3324,3,3,0,0.11141976009449345
b9b22bff,3,2,0,1.1742359623823422
b9c085ab,3,3,0,0.6471852416556193
b9cf3f7c,3,3,1,1.3224973001232074
b9e20ba6,3,2,0,0.5732289268693963
b9e90f7f,3,3,2,0.854422610997243
b9eeb8fa,3,3,0,0.2773062018740467
ba29cfb3,3,3,0,0.1567931397561267
ba42462b,3,2,0,0.2738407364096881
ba4294b3,3,3,0,0.4762279410634902
ba73bc7c,3,1,1,0.5377946490731853
bafc4389,3,1,1,0.419183941155576
bb4821ee,3,2,1,0.548981362168831
bba6ff20,3,2,0,0.6132276778616633
bbbd61c9,3,1,0,0.05747384096466468
bbd71a7c,3,1,2,0.941576221444733
bbe5bedd,3,3,0,0.37550226519934404
bc0c0f03,3,3,0,0.2670215132566894
bc1ec029,3,3,0,0.585332677045652
bc437705,3,2,0,0.24913420053770335
bc66f41d,3,3,0,0.38383547624733516
bc790ce0,3,1,0,0.5453787304469034
bc817a4c,3,2,0,0.10596288156730316
bce32ada,3,1,1,0.5648390104397479
bd124dbc,3,3,1,0.5360713722751526
bd480331,3,2,0,0.5132057751784528
bd4ccd4c,3,3,1,0.6840716193714689
bd713fb8,3,1,0,0.2958555556007911
bd8397cb,3,2,0,0.846675746074882
bd932d04,3,2,2,1.462448751143366
bdbd1afd,3,2,0,1.0327830831438565
bdbdc4b5,3,1,0,0.305436096111977
bdbff28b,3,1,0,1.0681297390682514
be210bc7,3,3,2,1.1794896165226054
be26335a,3,1,1,1.0047033943594113
be9ba5f7,3,1,0,0.8415241924931809
be9e9a8e,3,1,0,0.4127718953805708
beafa6f9,3,2,2,0.7073109673746529
bebff291,3,1,0,0.1504787307258209
bedeb6f3,3,2,0,0.19827730541386823
bee51adb,3,3,0,0.4930706700668632
bef259fd,3,1,1,1.2997979754281268
bef89ce4,3,3,0,0.29968747167803617
bf0942bc,3,2,0,0.7154589150309556
bf18965c,3,2,0,0.5021392215935391
bf280e13,3,3,1,0.7183660973858443
bf31e0a7,3,1,0,0.17556966309331434
bfade1ba,3,3,0,0.2628700386493913
bfb52472,3,2,1,0.8908849577035842
c00c663c,3,1,1,0.750254238757128
c03c0758,3,1,1,0.24195567882524466
c0442863,3,1,2,1.1616344225329809
c087b48a,3,1,1,0.8862658196030194
c09d41cd,3,2,0,0.7335686444421248
c0a7d046,3,2,0,1.0072854347183429
c0adc389,3,3,2,1.1634156081732077
c0c168fa,3,3,0,0.2272448112132024
c0d5b3f3,3,2,0,0.9089497647397439
c0f2a046,3,3,0,0.4824131669587187
c1200b71,3,1,0,0.11814889851680327
c1373df0,3,3,1,0.33548855875642386
c24c877a,3,2,0,0.07925921174612888
c294b507,3,3,1,0.6145567429768797
c2adf42c,3,1,1,0.8425833918484165
c2b40d6f,3,1,0,0.4442276762721673
c2bac6ad,3,1,2,1.0924572179132546
c2bac92a,3,1,0,0.7571822911786272
c2e15338,3,2,2,1.2452242126455584
c2ea6e54,3,1,0,0.44252637396335587
c3061b23,3,1,0,0.708298952016353
c308b134,3,3,3,0.8506956676149346
c30f5122,3,2,2,1.3527073257295914
c35218d4,3,2,0,0.2734011584370209
c3760eb9,3,2,0,1.1591941242202404
c37ef416,3,2,0,0.3960604332686938
c38585c5,3,3,1,0.3485825533381553
c38a5c9b,3,1,2,1.2319661541507108
c391e9c0,3,2,1,0.5209216092797
c3a3f61e,3,1,0,0.5639244754725837
c3a86e3e,3,2,1,0.3114633309401295
c3adae87,3,2,2,0.8174539691846758
c3b87e5c,3,2,0,0.26457934841115516
c3d46daf,3,2,2,0.9143184223022435
c409bc9d,3,2,0,0.11735752443345099
c40bb352,3,2,1,0.305125360036396
c41274a7,3,2,0,1.1215207775670974
c418e47a,3,3,1,1.0559837755642807
c43b985c,3,3,0,0.44010690526532004
c446e1c5,3,3,2,0.8617734765889337
c45068a1,3,1,1,1.1192521105233897
c459095b,3,1,2,1.0723310693209438
c4a681dc,3,3,1,0.2974380648216388
c4aa8d47,3,3,0,0.145259332883517
c4c2076b,3,1,0,0.18805568488947266
c4c86e6f,3,2,1,0.972513942862546
c51c1139,3,2,0,0.35719560370007325
c5462e87,3,2,1,0.4607043740172331
c55187b4,3,3,0,1.1982476211359478
c55cc646,3,1,3,1.2427425453172316
c5c891c1,3,3,0,0.5759064795537968
c5cfaeae,3,3,2,0.8319917749164658
c5e91ebc,3,1,0,0.3959933742005477
c5f3d60c,3,1,0,0.10281628325888992
c6287031,3,2,1,0.7987836345031843
c6313b18,3,2,0,0.32135689090696196
c6575d38,3,3,2,1.4784018780107755
c66daa08,3,2,2,1.039872922184366
c678730b,3,3,0,0.2996855051516661
c68c9809,3,2,1,0.6204261814805961
c6a92a65,3,1,0,0.365097740760693
c6cb894a,3,3,0,0.6466171265958613
c6d4b453,3,3,1,0.3056545094574475
c6da0d4b,3,2,0,0.4199273635846843
c6ead822,3,2,1,0.9266602026061306
c6fd800e,3,1,0,0.36065773204956414
c706a54d,3,1,0,0.07909929901302304
c715832b,3,1,0,0.6122631867327071
c73dd2e4,3,1,0,0.5495758737108136
c73f149c,3,1,0,0.3823991134977266
c79039af,3,3,1,0.2799723742175427
c7d61396,3,3,1,0.5242447187997292
c7d9e964,3,1,0,0.34816386105811603
c7fd8939,3,2,0,0.25847917569170437
c805ebe7,3,3,0,0.12267333402217206
c8270746,3,1,1,0.8396763510118148
c829500d,3,3,0,0.3697318099976136
c8cc2e1b,3,2,0,0.31172348961243906
c8d6b871,3,3,0,0.4676546199564091
c8fbbc8a,3,1,0,0.5257627417455815
c9133895,3,3,1,0.5210225296458839
c9600298,3,2,0,0.295339095775527
c98527f7,3,3,0,0.2865160186285449
c9902f48,3,1,1,0.41885992631437446
c9d47171,3,1,2,0.2799915700698511
c9dabad5,3,3,0,0.4532141982602304
c9e419e7,3,2,0,0.3238145579302578
ca1bdcd3,3,2,0,0.25651905646573486
ca3204b0,3,3,0,0.6678414153217792
ca33a5e7,3,3,2,0.3533564570917898
ca724703,3,2,0,0.5847164914360075
cac0f438,3,2,0,0.31564743708147885
cad3bc70,3,3,2,1.1060828105937754
cadd4ae5,3,3,0,0.4345730991305301
cae0531e,3,2,1,0.859720726661712
cb054226,3,3,2,0.6277035832144292
cb2752bc,3,2,1,0.766523819327618
cb3b7c3c,3,2,1,0.7851193634769957
cb73fed9,3,3,0,0.17263966384146573
cbb1ddec,3,3,2,0.5438999475602433
cbca33a5,3,3,0,0.4625192847813941
cbcf8cf2,3,1,0,0.6647408738733637
cc16d472,3,3,2,0.9287759802737129
cc224be2,3,3,0,0.5772439659520555
cc477243,3,3,0,0.472960589607119
cc5143df,3,2,0,0.5524604598448706
cca40abb,3,3,0,0.13545407892326533
ccd3cb96,3,3,0,0.25341627789458643
cceddb57,3,1,0,0.7060142480993202
cd144127,3,2,0,0.3708664436230984
cd1fff5a,3,1,0,1.1112179020238928
cd36e51d,3,3,2,0.9496276708828104
cd703872,3,3,0,0.9428420614035712
cd89d5f1,3,2,0,1.049208556039976
cd8ec8ac,3,3,0,0.5580468491141651
cd8f3c61,3,1,0,0.1278076544550883
cd92eaf6,3,2,0,0.4536592027306479
cda90e9e,3,2,0,0.7331122451276717
ce031b1b,3,3,0,0.3807609199646198
ce6eeadf,3,3,1,0.9659525669304123
ce95b2e1,3,2,2,0.9457065432764877
cea35700,3,1,0,0.4039973823680125
cea73edd,3,3,0,0.52911926725792
cedf96c5,3,3,0,0.3629290388121409
cf1b9d44,3,1,0,0.6618762361985543
cf2e4065,3,3,2,0.42029339879978733
cf86987d,3,3,2,1.0131700028059551
cfbbdd3d,3,2,1,0.5219179065124414
cfcf9dc9,3,2,2,0.28170911974321056
cfe4cf40,3,1,1,0.6849684835853322
cff4bcee,3,3,0,0.2932268132399398
d05f5d71,3,2,2,0.6551281199526628
d08806a2,3,1,1,0.5342692574514833
d0ac4f1c,3,3,0,1.2177534434307922
d0ef0744,3,3,0,1.0019029502467438
d14d79b5,3,1,0,0.3815161852677873
d19e1025,3,1,1,0.3719730209868425
d1aafc4e,3,3,1,1.006410040157471
d1ab95e5,3,1,0,0.5526412957736495
d22e7168,3,2,0,0.49486418125038073
d28f0d44,3,1,0,0.6055524516664974
d3b860ab,3,1,1,0.04409645818348662
d3bf6d28,3,1,1,0.8373003521730509
d3da09e8,3,3,1,1.1585187181418335
d3e45961,3,2,0,0.610762848978358
d3eda827,3,2,0,0.04241501369284273
d42454d4,3,3,0,0.3997836812459137
d4337a28,3,2,0,0.347991977820437
d445fb74,3,3,2,0.7454413729836569
d45bae93,3,3,0,1.40184178448904
d4a81b97,3,1,0,0.8319133815716269
d4d2f272,3,3,1,0.722446997285416
d4d9f7f9,3,3,0,0.21552127279072858
d506f4c7,3,1,1,1.150262877659011
d53ead5c,3,2,0,0.46021524266790287
d547d0da,3,1,1,0.5885963438397449
d565ccf6,3,3,0,0.6311642982237977
d57380cf,3,2,2,0.9689377591929768
d57802c5,3,1,0,0.359332842976982
d5874bad,3,3,1,0.9173423960101403
d5b089a4,3,2,1,0.6811862648337124
d5cebbfc,3,2,1,0.548415943063753
d5fde276,3,1,1,0.5546906002098821
d6007386,3,1,1,0.579830383282399
d61359ee,3,2,0,0.06201010585909761
d661ddf7,3,1,1,0.6040211367077468
d66aed49,3,1,0,0.2888500894007404
d6723b39,3,2,0,0.3745752717998452
d6776176,3,1,0,0.0782101779691069
d6add300,3,2,1,1.1486193341864182
d6be0a92,3,2,2,0.4538358585122716
d6c6baa5,3,1,0,0.7583977100883159
d6cca65e,3,2,2,0.805866121293008
d6e613bc,3,1,0,0.6313325861986528
d74e4d7c,3,1,1,1.275252535005925
d766a1c8,3,3,0,0.859535666981515
d77ac332,3,3,2,1.0801770057722777
d788a6a8,3,2,1,0.29046865699952445
d78c55fb,3,1,2,0.9006953096865382
d791703f,3,2,1,0.8153117628900889
d80b8bb6,3,3,1,1.132943041929993
d8196954,3,2,0,0.24793182622203935
d81f28d3,3,1,0,0.1789808740683002
d82e9b87,3,1,0,0.08942660119272061
d859115e,3,1,0,0.8583341426458821
d85a62b3,3,1,2,0.6302681764410474
d85b7c71,3,1,1,0.4995387818995628
d87d3d03,3,1,0,0.45601564661719524
d87e2d01,3,2,1,0.9558034410738103
d8a78157,3,3,1,0.9952937844966796
d8b066ad,3,3,2,0.45031243668363985
d90900e1,3,1,0,0.40744577234115986
d94c91bf,3,1,0,0.27200677598813905
d980da40,3,2,0,0.19484773523992893
d98be7a1,3,2,0,0.10333441287308565
d9c82502,3,2,2,0.2944787378619758
d9eb30bf,3,3,0,0.9936067941974025
d9f16cd2,3,1,0,0.5037721167125138
da0001de,3,1,1,0.26133516947992835
da09ed4b,3,2,0,1.0996046430218365
da15064a,3,2,1,0.5338212460590097
da19c97e,3,2,0,0.1768934556717517
da1b21b1,3,2,0,0.18584495777286708
dacc2f83,3,1,0,0.7308608141789928
dacfdb2c,3,2,0,0.2179200887721841
daf3969c,3,2,2,1.0915270642144286
db175ab6,3,2,0,0.2588851157532143
db23fbe4,3,1,0,0.5268197638085479
db38d1f9,3,1,1,0.6993665695979912
db3b1dd1,3,1,0,0.352114636094046
db609511,3,1,0,0.06550323402218006
db9353fd,3,2,0,0.3248578766553128
db9eae59,3,1,0,0.8403013615512576
dbfa6d84,3,1,0,0.16968052887099477
dc4e9e2f,3,2,0,0.7079527285197437
dc81eac1,3,3,1,0.3587270181275962
dca065be,3,3,0,0.22535552429203154
dcd2586d,3,3,0,0.6052727629782562
dce2a54d,3,3,1,0.3711138394369201
dcfcd574,3,1,0,0.47997004643804536
dcffa5d6,3,1,0,0.3314749510097988
dd6679a9,3,3,1,1.019396478249176
dd689eb0,3,2,0,0.07217593988867643
dd747bba,3,2,0,0.3096610677104557
dd9ce3c4,3,1,0,0.4433148300497232
ddd0cb12,3,1,0,0.27748028212098347
ddd9a88d,3,3,0,0.9796325158044974
dde82df7,3,2,0,0.1020329409012693
ddfddd87,3,3,2,1.208673249365182
de3750cc,3,3,0,0.13927019894399523
de3ecca9,3,1,2,1.0063007379245852
de6797db,3,1,0,0.32140890718088694
de742c5c,3,1,2,1.188036463216907
de91310c,3,3,2,1.0676861838112734
de9fe1e0,3,3,2,0.9224903120689201
dec9056d,3,3,0,0.11460856749050463
dee8b1bd,3,2,2,0.8815174254672049
df4ab9b1,3,3,1,0.8223241142197045
df556fd2,3,2,3,1.1310386957487029
df98fbb4,3,1,2,0.6049383645958186
dfaa2a59,3,3,0,0.22763411395679706
dfd87763,3,2,0,0.2965497203261833
e016d96c,3,1,0,0.44951974794201116
e0271395,3,1,0,0.18523717061414136
e049dab1,3,3,0,0.5654811579883711
e0655da2,3,1,0,0.155703523186348
e0767d64,3,1,2,1.058842402381013
e07fa0b1,3,3,2,1.1528528360480432
e0a7f42a,3,3,1,0.6601989612628042
e0ad6550,3,2,2,0.306664081808613
e0db55b1,3,2,1,0.9123840436424759
e0e35d4e,3,3,1,1.0858794977496897
e0eb3ea8,3,1,2,0.6483574258058757
e0fb3838,3,3,0,0.028176921683729872
e11be9c1,3,1,0,0.9138701779871592
e12c2944,3,1,2,0.969495349840864
e15fe97b,3,2,0,0.5801641463838647
e16a4784,3,1,3,1.2459214641167986
e17b9cae,3,3,2,1.0002764499641708
e1958a83,3,1,0,0.06852256956210301
e199d438,3,3,1,0.8409115849454736
e1a4575f,3,2,0,0.37611786220793053
e1af39f8,3,1,1,0.37387511566305287
e1ccc3d1,3,2,0,0.21334012940806607
e1e02e28,3,1,0,0.30103862585708197
e1ea8dd7,3,3,0,0.7759819971296673
e21255e2,3,3,1,0.8245492198583406
e23a8a0a,3,1,0,0.5286749472367334
e243119c,3,3,0,0.4054690799736821
e252dcb6,3,2,2,1.2699203841830662
e25f7b9a,3,3,1,0.2397912626573171
e296c5e4,3,3,0,0.20103667948839182
e2cb8401,3,3,0,1.2585854365151823
e2d370a2,3,3,1,0.7014978146660865
e2fcc91e,3,1,0,0.27946025941120883
e315fdd7,3,3,0,0.8431720428489529
e328a032,3,2,0,0.6389740677521749
e345b271,3,2,1,0.20712826373117016
e34b9430,3,3,1,1.3415519391701172
e362108f,3,3,0,0.600935194232638
e37d000b,3,3,0,0.22736912342063115
e3a6f97f,3,1,1,0.8987425881297871
e3aa85a3,3,3,0,0.34983468752227
e3aa9dcb,3,1,1,0.9315769995941063
e3af914a,3,1,1,0.6272788315822905
e3bb3735,3,3,1,0.7873022096888311
e3bce7e1,3,2,0,0.8841632993905337
e3d5aab8,3,2,0,0.0870708962969105
e4614ec6,3,2,1,0.27921841442252704
e46417a7,3,3,0,0.046412843303359375
e4762a2b,3,3,1,0.6880768007782113
e47c1eb7,3,3,1,0.7776830553802687
e4a2e3bc,3,2,2,0.44417276947182543
e4ab3b12,3,3,0,0.1643888018064636
e4b47411,3,2,1,0.7284045173703738
e4c008b9,3,3,0,0.29554154762107154
e4d396d7,3,1,0,0.22864789777431505
e4d5bf2b,3,3,1,0.7431246277450796
e4db6712,3,3,1,0.40772626704580106
e4ee6ff3,3,2,0,1.0400201250641326
e51193d1,3,3,2,0.25563334144118866
e515c971,3,1,1,0.6497801946756401
e56b2209,3,3,0,0.3051539700565006
e5b902bc,3,3,2,0.777194288574182
e5d77ff3,3,3,1,0.8084625125164103
e6169c6d,3,2,0,0.22241045950450966
e715739b,3,3,1,0.5146563738085302
e71f347e,3,1,0,0.8070672359038746
e739c579,3,3,1,0.9816900301604934
e7401605,3,2,0,0.24466724896445619
e76ad778,3,1,2,1.0073863806125378
e79487a3,3,1,0,0.26197444733466574
e7bbb32e,3,3,1,0.676306560601189
e7d08824,3,2,0,0.894945148658271
e7db432d,3,3,0,1.1009743028095584
e7e43817,3,1,1,0.1434411330583894
e7ee0921,3,1,0,0.11852612296880088
e8313da5,3,1,1,0.1963809264399523
e88aa867,3,2,0,1.3808196413437996
e892aec6,3,3,1,0.25262749272107626
e8af663d,3,1,0,0.5263512781097647
e8b64419,3,3,0,0.7540283127461602
e8d9d5ea,3,2,0,0.690315004665973
e8e82627,3,3,0,0.5954672461037145
e9030ab7,3,3,2,1.0038278394347593
e90a63d0,3,2,0,0.4467189149058124
e912c973,3,1,1,1.1411698362207683
e934bf0a,3,2,1,0.7246446329893814
e93cce44,3,3,1,0.4593707830036145
e96da61f,3,1,0,0.21600244075799702
e9b642a3,3,2,1,1.172285642875492
e9ca5586,3,2,0,0.34623253682119937
ea4619ec,3,3,0,0.3885011615122441
ea544af3,3,2,0,0.7554547971280701
ea7adcd6,3,1,0,0.9697357109684996
eaa4821d,3,3,0,0.24408737455734641
eaab7a96,3,2,0,0.7782920871221608
eac08386,3,3,0,0.2083092969870609
eaedb188,3,1,0,0.664157914868933
eb00abb3,3,3,1,0.11081080702850843
eb5c46b0,3,2,0,0.9845507585171869
eb749e46,3,3,2,1.2370379373268166
eb891208,3,1,0,0.8988588416138598
eb90ee20,3,3,0,0.4016490891974483
eb93a46a,3,2,0,0.23446158698255087
eb9a846d,3,2,0,0.5196626941702314
eba27772,3,3,0,0.17480372877277772
ebd15fdc,3,2,1,0.7303385807012088
ebd6f819,3,1,1,1.0150986293849629
ebf30e46,3,1,0,0.8728202573753238
ec015bbb,3,3,0,0.12948510302340166
ec13a1b9,3,2,2,0.36722525622974134
ec4a1461,3,1,2,1.056809808434088
ec619149,3,1,0,0.6590864412767106
ec6b57b4,3,2,0,0.8019184206409352
ec850b10,3,2,0,1.0461464517326178
ec890dbd,3,1,1,0.48867209840986864
ec8f8f95,3,2,2,0.6511343278071028
ec9044f5,3,3,0,0.708777411837233
ec9195be,3,2,0,0.4410189460325695
ecb1c038,3,2,1,0.5515899196834755
ecbdbe55,3,2,0,0.24258770725626538
ecd22509,3,2,2,1.093687486379018
ecd25dd1,3,3,0,0.7814554891505996
ed0b3906,3,3,2,0.9021425903375375
ed329c15,3,1,1,1.0241071872589667
ed50a6f6,3,3,2,0.6963572778937359
ed61b01e,3,1,0,1.3145630878588515
ed711416,3,1,1,0.39464035462055463
edb86a64,3,1,1,0.6583329946844674
edc44560,3,3,0,0.6389399806586743
edca760c,3,2,1,0.5451854805492378
edfe1f8d,3,3,1,0.7664462093569369
ee21612e,3,3,2,0.9093722718336275
ee4e9eed,3,3,0,0.2532753194091487
ee654259,3,2,1,0.20351405685338148
ee67eb55,3,3,0,0.31871715345499396
ee74be35,3,1,0,0.5087329385335447
ee7de96c,3,1,0,0.05477424992796398
eec0d188,3,3,0,0.2738410832726738
eeedcd5e,3,1,1,0.8325142565876198
eeefa792,3,2,0,0.48397794645132497
eef79620,3,2,0,0.9162390221702583
eefeb431,3,3,0,0.8520654067905924
ef07f833,3,2,0,0.12667946128737517
ef1b858a,3,1,0,0.15292243291715824
ef4ae515,3,2,0,0.10142592561959907
ef58dd3c,3,2,0,0.8128574927680263
ef9617e7,3,1,2,0.7301446589776819
efa35d35,3,1,0,0.33990878281147807
efc2bc05,3,3,0,0.6232019951110283
efedde24,3,1,0,1.4373914453012984
f015a18c,3,1,0,1.2320129104579056
f028534c,3,3,0,0.7332952308127335
f0356a48,3,3,0,0.35563138135357225
f043be76,3,2,0,0.6214213620900088
f08a5ac3,3,1,0,0.7574259574642431
f0957ca1,3,3,2,0.6976664402309919
f09a076a,3,2,1,0.8282817229038459
f09b02cd,3,3,0,0.48270501413587413
f09e7b33,3,3,2,0.8627039750448605
f0b5d026,3,3,2,0.7052700510982419
f0d76b32,3,1,1,0.780329838813291
f0ed5690,3,1,0,0.41533189267879134
f0f3e41f,3,1,0,0.7717933465226205
f1049268,3,3,1,0.5124799757028048
f11e17c0,3,1,1,1.2793313404101556
f13cb65e,3,3,2,0.6341495279237026
f14e55d7,3,3,0,0.7645153752547535
f1702318,3,3,1,0.5358611707716456
f1baabc1,3,1,1,0.2431578425846308
f1baae47,3,2,1,0.6020027169872951
f1c3cb6b,3,2,1,0.8394182462164349
f1ed2e85,3,3,0,0.4872345459546575
f1ee75bf,3,3,1,0.3234047067795042
f2260009,3,1,0,0.4669123309475203
f240387a,3,2,1,0.5311858592270486
f2499682,3,1,0,0.27855014196064426
f2649b91,3,1,1,0.7317572012098855
f285b43c,3,1,1,1.0159055717700123
f2d4efd8,3,3,2,0.8796623046051062
f301e7a9,3,1,0,0.4581339257285519
f3020788,3,1,2,1.152877099470203
f32a9580,3,2,0,0.3559140265901813
f35b607c,3,3,0,0.5558175998988217
f3600deb,3,2,1,0.3784805662826155
f3a1dd3b,3,1,1,0.5963793619210733
f3aac45a,3,3,1,1.0519655206851386
f4114031,3,2,1,0.6992477048899479
f420b05a,3,3,0,0.1287106728824673
f4223e3a,3,1,2,0.4255712695163268
f44f1227,3,2,0,0.4218807015975776
f47abc42,3,2,0,0.4958580297037591
f497dd7b,3,3,0,0.589479130800144
f4d2f5af,3,3,2,0.7073154120455941
f52a2597,3,3,0,0.5966101752818239
f5369cea,3,1,0,0.10567331812276393
f54eebeb,3,1,1,0.9472087991981499
f567a1af,3,2,0,0.17343885218181682
f57de847,3,2,0,0.7424897458968818
f58ddd4a,3,3,1,0.5764067429658245
f5ad7abc,3,3,0,0.1713231606324605
f5b2acf0,3,1,1,0.4279835868872646
f5e64c94,3,2,1,0.8017584647316063
f62b317d,3,1,0,0.8751871577233904
f64ae747,3,3,2,0.8875017598151964
f64e1d85,3,2,2,0.39405142199538423
f64f877b,3,2,0,0.27625029304394644
f67908e7,3,2,0,0.4527241401478784
f68f158d,3,2,0,0.6910480129043576
f6b719ee,3,3,0,0.09834419743868428
f6c20447,3,1,0,0.19064649196474354
f6d3a5ad,3,1,0,0.47438876763860427
f6d6f400,3,2,0,1.055979513457305
f77c2636,3,3,1,0.8841099368265595
f7fc97cf,3,2,0,1.07516587529841
f804c9f3,3,2,1,0.9605665710636839
f817f33a,3,1,0,0.17484000550471523
f8674e15,3,3,1,0.6775446852477014
f8b36382,3,2,1,0.41090158937315446
f8bf4a1c,3,1,0,1.078251050568729
f8e3467e,3,3,1,0.5314651704586743
f8ff0bc8,3,2,0,0.9898760900315722
f922ae21,3,1,0,0.6412214063952539
f93010a8,3,1,0,0.4797625274452143
f9334e08,3,2,1,0.07231201688652733
f9384fa2,3,1,1,0.9905410812728095
f958efdc,3,2,0,0.6442228791034494
f9897bf1,3,1,1,0.2000414411445789
fa472647,3,1,1,0.6960509561569902
fa62d7b1,3,2,0,0.4884998699618241
fa633e39,3,1,0,0.606720471408372
fa78d819,3,1,2,1.2903648461204753
fab75c2c,3,1,0,0.32256252910227795
fb04f7dd,3,3,2,0.3243263868930947
fb2c4db6,3,3,0,0.011308758303713584
fb2ddbd1,3,2,2,0.41901504027868275
fb3c2c87,3,2,0,0.3688260084266525
fb9982a2,3,3,0,0.20514058718545275
fb9c5a33,3,2,0,0.5020809822025971
fbb39bfe,3,2,2,0.9433925235393698
fbbd97b1,3,3,0,0.5233796267762942
fbc6ade7,3,3,1,0.14245063727818125
fbda3966,3,2,1,0.5733967484566578
fc1912e3,3,2,1,0.8422037518030911
fc2c2c08,3,1,0,0.4831611099410409
fc41be2f,3,1,0,0.09372253628378674
fc49ba65,3,1,0,0.132010074261799
fc8e4de4,3,2,0,0.3811158468761991
fcc6347f,3,2,0,0.32044228109707384
fcd9a6bb,3,3,0,0.2577868418123717
fd3448d9,3,1,2,0.46135172382161443
fd5589f6,3,2,0,0.3251397543012728
fd56e059,3,1,0,0.3471245404418382
fdb6b48b,3,1,0,0.5547626624025502
fdc11b96,3,3,0,1.115746384802424
fdd9799f,3,2,1,1.1342008549066536
fdea7d9e,3,2,1,0.9759966063426678
fdf4691f,3,2,0,0.5992547223724077
fe102a25,3,3,1,0.37004247611633906
fe2bc235,3,2,2,0.7379187139191713
fe3cbf02,3,3,0,0.21346367655249843
fe5e2dc9,3,1,2,0.5367092555734772
fe6afaf9,3,1,0,0.47664528980783427
fe9c71d8,3,2,0,0.25741863837698187
feb53635,3,2,2,1.4625102694353838
fecc07d6,3,3,0,0.1614191137551289
ff60112d,3,2,1,1.3001445971699193
ff6c2bb8,3,2,0,0.43756816729551695
ff759544,3,2,1,0.2787395237747519
ff8a2de4,3,2,1,0.7113792595902655
ffcd4dbd,3,1,1,0.9578133554744375
ffed1dd5,3,2,0,0.8172150830402529
00105258,4,1,0,0.6204313030103864
00115b9f,4,2,1,0.22979799797018846
0038ba98,4,3,0,0.568934838993971
00ae59c9,4,3,1,0.8283243787876953
00c0cd71,4,3,2,0.4359018187569862
00d56d4b,4,3,0,0.12921202909139806
00e6167c,4,3,0,0.4750014263994394
00f574e9,4,3,0,1.006207459985344
01085eb3,4,2,0,0.9368709337199596
01182ce3,4,1,2,1.3686448093125883
011e71c3,4,2,0,0.8594671641123215
012cadd8,4,3,0,0.3505948494662855
014c303e,4,1,0,0.34645259271467277
015ba5b1,4,2,2,0.9921042671207456
01cae1ef,4,3,0,0.6189540511257542
02073150,4,1,0,0.22540616462626356
0219f64a,4,3,2,0.5523553645873535
02347f13,4,3,0,0.961599274962962
026102c4,4,1,0,0.20551359000792385
026fcbc3,4,2,0,0.4810838409983701
029a19c9,4,1,1,0.9258468186892228
02a01f18,4,3,0,0.3140226965497281
02c4cf7f,4,2,1,0.2742427378744201
02cebf33,4,1,1,0.8857217824057186
02cf7384,4,1,0,0.7831446281251511
02dcf62a,4,1,0,0.3651542464328751
0347462d,4,3,1,1.04939794501075
034f923b,4,2,0,1.07227990690349
035c96dd,4,1,0,0.4625374243301794
0380e709,4,3,2,0.64345509499682
03833cec,4,3,0,0.22948969891441234
0391e587,4,3,2,0.6581495519964183
03a5c2d6,4,2,0,0.5349472655317256
03a9019b,4,1,1,0.6377187024747135
03bf5026,4,2,0,0.5180013750908662
03f1c1c8,4,3,2,0.869086656857446
0417c91e,4,3,0,0.013169136230330225
04370442,4,2,2,0.382198602712749
045a0a94,4,1,2,1.4507668255809834
0471236c,4,1,0,0.14671615109311625
0499c3e8,4,1,1,0.7041559709583708
04ad419d,4,2,0,0.4646580726655891
04af8fdd,4,2,0,0.5900038959866453
04bb1a76,4,1,2,0.6247607058181546
04cb2c30,4,2,1,0.4834733363879868
04d06a9c,4,3,1,0.6620331804496206
04dc7df1,4,1,1,0.42906828657153356
04f094a8,4,3,1,0.703086011935204
0506b9cd,4,2,1,1.3266380461149248
051680a0,4,3,1,0.48907037808412557
051f73ae,4,3,0,0.6325742242593041
052a1122,4,1,1,0.5520278837905307
053d7d31,4,1,0,0.6012625228244117
055156e2,4,3,2,1.1902570028979549
05777ce1,4,2,2,1.3407928580718917
058990e9,4,1,1,0.7407578799403522
058d2812,4,2,2,0.9276575723237036
0598f669,4,1,0,0.3815803035626095
059e02ab,4,2,1,0.7161754959951925
059eed01,4,1,0,0.21438369428803894
05bc318e,4,1,1,0.8739427156799489
05d3d73a,4,2,0,0.24910145554337332
05db1b9b,4,3,0,0.443758330411381
05e94f88,4,2,0,0.24260449471711354
05f2d1b5,4,2,0,0.2801815131394365
0610c066,4,3,0,0.17148905777648776
061f2866,4,2,2,1.1935963835535315
0632d98a,4,1,0,0.46816824437072785
063353cc,4,1,0,0.8819923898179098
063b16fc,4,3,1,0.887862738726898
06472198,4,1,0,0.1250188977727945
065801e3,4,3,0,0.6598598595970051
066343d4,4,2,0,0.5765488846498295
0676ead5,4,2,0,0.5287034858489671
067b9287,4,3,1,0.37624470360895135
067de065,4,3,0,0.22059444368100972
06c7dcff,4,2,0,0.3835609627880383
06c8b2fb,4,1,0,0.08690395483323221
06eb8adb,4,1,0,0.14498775512689144
06ec8be3,4,2,1,0.391695101602797
070386b2,4,2,0,0.5903089978984528
07048067,4,2,1,0.7361773730970429
0720320e,4,3,0,0.651098868241995
077ac7a2,4,2,1,0.26206326190777585
07d879cf,4,2,1,0.8322266818879658
080698b7,4,2,0,0.6888693937953925
08159c5e,4,3,0,0.564481284953003
082df556,4,3,0,0.6721969290457463
0844aee7,4,1,1,0.2862450315568138
08577722,4,3,0,0.2125577091675952
08660d12,4,3,2,0.9344906575909064
086d6e7f,4,1,0,0.21271789323618506
089a6b19,4,1,0,1.0736633389335724
09039272,4,1,0,0.42447032419444886
092494ec,4,2,1,1.0797529625701534
092c29b9,4,3,0,0.17739720464240288
09331bb8,4,2,2,1.027816111806279
096bf063,4,2,2,0.7633202650871055
0983654b,4,1,0,0.425692181295825
098b5836,4,3,2,1.2149148959970413
098d3c32,4,3,0,0.42589447677438175
099e3614,4,3,0,0.4350824924879272
09b29113,4,2,0,0.1929018945134251
09d80057,4,1,1,0.316997482134278
09eeaba6,4,3,0,0.04916251708288932
09eeec14,4,3,2,0.3972945265369411
09f44fd2,4,2,0,0.31207469185483966
0a1afc11,4,3,0,0.30222644760619594
0a418b57,4,1,1,0.6585980485782428
0a431608,4,2,0,1.2268726695397016
0a4b1425,4,2,0,0.2277127624938382
0a5f1214,4,1,0,0.43105975803525287
0a775819,4,1,2,1.245764730729237
0a822c93,4,1,1,0.9232866925581062
0a9159f8,4,2,0,0.5891429147551033
0a995f99,4,3,0,0.3270623809089591
0ac5e12f,4,2,1,0.3942832821362693
0af81037,4,2,0,0.557673870584268
0afb2535,4,2,0,0.5495623817477173
0b4014f0,4,2,0,0.7873198657802651
0b4f597e,4,2,0,0.08654036012380834
0b50f3fa,4,3,1,0.5890058862729628
0b518637,4,2,0,0.22054130686316498
0b7c6100,4,3,0,0.5115282622305972
0b7d7aec,4,2,0,0.7941381579105271
0b7d9da6,4,3,0,0.2016099249975425
0b9fcc42,4,1,2,0.34155684912126255
0ba53e53,4,2,2,0.17481168990577473
0bd89878,4,1,0,0.26056521817364336
0bdace00,4,1,0,0.3657371920038061
0c3d248f,4,3,0,0.21883372998528716
0c4e2d68,4,3,0,0.010928321800964258
0c4eabac,4,1,0,0.1412568848787052
0c794cf7,4,3,0,0.06294206711467965
0c83af0f,4,1,2,0.7288708772704509
0c8efce0,4,2,0,0.142824466934439
0c98f822,4,1,1,1.1271225684475086
0ca08054,4,1,2,0.4752515051058744
0cbe4e54,4,3,0,0.6551942174016572
0cccc6bc,4,2,0,0.34778096348456633
0d01bbf2,4,2,0,0.26063341184951744
0d279d77,4,3,0,0.45819263079370104
0d34aee4,4,3,1,0.8797484137247364
0d4fa8f4,4,2,1,0.205672017267012
0d570d3e,4,3,2,0.48060220952696425
0d74d0ed,4,3,0,0.7153961945362534
0ddab8ff,4,2,0,0.32749937614268587
0de01ae7,4,1,1,0.9654905952910087
0df44f9e,4,2,2,0.9699482710232011
0df4c27d,4,2,0,0.8574584419579403
0e1cf9b8,4,3,0,0.30394137246745867
0e1f7fed,4,1,0,0.2373526116168143
0e3b0bd2,4,3,0,0.18329470551441718
0e951124,4,3,3,1.0324963704926815
0e9c1be6,4,2,1,0.5335623557592372
0ec403df,4,2,2,0.8440764681497468
0eddd8e5,4,3,0,0.4288663465906817
0ee70b3e,4,3,1,0.5910690976407194
0f4db4f2,4,3,0,0.6737677412386359
0f6b71c4,4,3,0,0.2194154294088862
0f7f3bf3,4,3,1,0.6245962924686622
0f9b8e65,4,2,1,0.5854274058048706
0fbb3ca5,4,1,1,1.2642478736136193
0fc19fd9,4,3,0,0.1604283100718505
0ff6ac09,4,2,0,0.5041217620572512
101774f0,4,1,0,0.07376489435003275
101c27f1,4,2,0,0.5531180490467478
10258585,4,3,1,0.21857297231353945
105e3f96,4,3,0,0.6231888177728907
108b8659,4,3,0,0.21723178386699588
10be7f09,4,1,0,0.18817280276722426
10c0e99a,4,3,0,0.2698458489814766
10e46254,4,2,0,0.43233447046022067
113f5798,4,3,2,0.7913027565744222
11477ed0,4,2,0,0.7580658510458004
11739de2,4,3,0,0.7796335354200774
1184a14a,4,3,0,0.19387864751154693
118b7733,4,2,1,0.43371825423780985
119dd2e1,4,1,1,0.39010303511369454
11be5d2e,4,1,1,0.8200744843532901
11f7253c,4,3,3,1.5171380326820638
1225fd28,4,1,1,0.6956795151237112
1286dab7,4,3,0,0.28994292240769737
12a607f6,4,1,1,0.3557921537624197
12cbf30c,4,2,0,0.6987080071307536
12f37ff2,4,2,1,0.24449794640411338
1301f65d,4,1,0,0.29557396679691933
1307c41a,4,2,0,0.2876423655790666
1314bc8c,4,1,0,0.8933936703536536
136894bc,4,1,0,1.0488685551324877
137baaec,4,2,2,0.5647569086847427
137fc699,4,3,1,0.3292071359963944
13be5672,4,1,0,0.27390927849571894
13cdb63a,4,2,0,0.10533282606660688
13d23890,4,3,0,0.9618640581113712
13e46923,4,2,2,0.7104969774665031
13fca10c,4,1,1,0.686935612025196
14109652,4,1,2,1.0868648214599088
1420b16e,4,2,1,0.874980075250531
1429abf1,4,3,0,0.3934626124076147
14391970,4,3,0,0.22515674898328042
144a9a79,4,1,2,0.5175084798284055
1455e657,4,3,0,0.13418661783120384
14568d61,4,3,1,0.1553879050311079
1458a9d2,4,3,0,0.43171079782565647
1470a1df,4,2,1,0.7122072690413197
14b3d6e5,4,1,0,0.12913082868441228
14b8dd2a,4,1,0,0.7818348355969912
14b999b6,4,2,0,0.4096082382146635
14c12974,4,3,0,0.10461380749195964
14dae995,4,1,0,0.7293839136048379
14e00ce0,4,2,0,0.20687299476446808
14eac885,4,3,2,0.932508433024693
15227eef,4,2,0,0.834271673111818
1522fee1,4,1,2,0.9978830707168469
1551c806,4,2,1,1.09595320975285
1562998a,4,3,0,0.7441042515090638
15d702f8,4,3,0,0.38833454919699606
15dbc929,4,2,0,0.28994047870812756
15f2e240,4,2,0,0.019748370501118884
164b29ed,4,2,0,0.31407143783523706
164edc75,4,3,2,0.8588567211449487
16bf9efe,4,2,0,0.8178310624363783
16deb306,4,2,0,0.29101166760967606
16e277aa,4,1,0,0.7387237197368804
1704e646,4,3,1,1.0003082279137792
1713348a,4,2,0,0.5793614985527035
176f33fb,4,1,0,0.32601582219306235
177f25ab,4,3,1,0.5728772019437137
17b08109,4,2,0,0.35544668832183146
17e9cba0,4,2,2,0.9139918269085106
18154f3a,4,1,1,0.6705390960006572
1824417f,4,1,3,1.385476804093083
1837456f,4,3,0,0.6242425570193552
1843760e,4,1,1,0.807674994239498
18506cf3,4,3,0,0.5837186349963724
1894884e,4,2,0,0.199199511776463
18962676,4,2,0,0.2133876841756709
18ab47f8,4,1,0,0.1898670422501691
18b8b2f6,4,1,1,0.2853491945459087
18e21bf1,4,3,0,0.23199759141884507
18f6e6db,4,2,0,0.35741683461135043
18feab0f,4,2,0,0.8369038981552412
19098ef0,4,3,0,0.6521976768704564
19381499,4,1,2,0.661287148617598
19455336,4,1,1,0.6372072972818116
1949438b,4,1,2,0.428999291857808
1957153d,4,2,2,0.328943411796216
19b095d5,4,2,0,0.29448318245481475
19c49039,4,1,1,0.9428716212997226
19cc95e8,4,2,0,0.2667816283214035
1a1e8ac5,4,3,0,0.13363823283611992
1a23d282,4,2,1,0.6753579814962062
1a9f8375,4,1,0,0.4181787062824234
1aae1de3,4,3,0,0.8376064289726821
1afa48fe,4,2,0,0.2841982697165372
1b258140,4,1,0,0.07209749956175304
1b2cd439,4,2,0,0.606218931148389
1b2eea8f,4,3,2,0.931008730234554
1b32427b,4,1,0,0.6031090717521838
1b329556,4,3,2,0.7431968308690068
1b410106,4,2,0,0.26793601964504044
1b5fb26f,4,3,0,0.5347200644338947
1b6be334,4,1,2,0.8878909439735114
1b73fce0,4,3,0,0.24415724979071773
1bc6a98c,4,2,0,0.171158301357708
1c063ebc,4,1,0,0.06117319382337716
1c23295e,4,1,0,0.8020286070827959
1c3b7f1a,4,2,0,0.45052765597395616
1c3c2b2f,4,1,1,0.29336150338297984
1c481537,4,1,3,1.0654431805447706
1c5ba087,4,1,1,0.84799288834014
1c66daf4,4,3,0,0.9589498466450308
1c673231,4,2,2,0.7796771226289185
1c6ac3d4,4,1,0,0.39027994263569665
1ccf44f0,4,2,0,0.16889017168947568
1cd37b36,4,2,1,0.8853811300170262
1cf6dcef,4,1,1,0.32729968099846457
1d02812a,4,1,0,1.0497018115095096
1d041232,4,3,0,0.7717518032479009
1d11d488,4,3,0,1.2132325733220437
1d78b3c3,4,1,0,0.4887994774415959
1d7edb86,4,1,2,0.7933473540982698
1da37c60,4,1,2,0.5824733548378985
1de3c240,4,2,0,0.2099518779987657
1dfd6433,4,1,1,0.6355359500295564
1e2a1bd0,4,1,0,0.34296927822854395
1e5f6199,4,1,0,0.27190144960999196
1e7dd854,4,3,0,0.36107399390224537
1e87baed,4,3,0,0.5916025253838146
1e986f93,4,1,0,0.08674651444641207
1eb206f0,4,1,0,0.510471944303044
1eda934b,4,2,0,0.8801511430580546
1eea376f,4,2,0,0.8644333615871038
1eea8df2,4,1,2,1.4375189636309575
1eedf45e,4,1,1,0.5515589895094818
1f2164a4,4,3,1,0.10651520062270331
1f400626,4,3,0,1.0140156065100487
1f5835cd,4,3,0,0.08080455972359879
1f5cefcc,4,2,1,0.6649467951763754
1f65fa82,4,2,1,1.258434544757952
1f7ec039,4,2,1,0.8245663391297782
1f881e3d,4,3,0,0.94992268054933
1fc07a80,4,1,0,0.5030422192110393
1fed3943,4,2,0,0.4603748048412982
1ffede3b,4,1,0,0.595941528792094
206c8562,4,1,1,0.3958006852331193
2084c823,4,2,0,0.9268445267640684
20cefbaf,4,2,0,0.5162619272999666
20df4cab,4,3,0,0.25746231140929526
20e8ca68,4,2,0,0.41058629078607073
2114473a,4,3,0,0.36333033480396437
214f46e8,4,3,1,0.6140815366475049
217ce5e6,4,2,1,0.9536277420747252
218faf6f,4,2,0,0.19433935871132035
21a76448,4,3,1,0.6777195685273355
21b835ac,4,2,0,0.25360967587039895
21e5833c,4,2,0,0.753213745726538
21eb6d47,4,1,0,0.7980440301005036
21f58fba,4,2,0,0.22944677690849724
221e37e0,4,2,0,0.28619834617369805
223724b2,4,1,0,0.5768391555376906
22375702,4,3,1,1.4911465231328105
22389051,4,2,1,0.4174098708902781
22447a95,4,3,0,1.313253274366294
224fc39a,4,1,2,0.9904729188042767
22536a61,4,1,0,0.7784297163487818
22a71606,4,1,0,0.1395598447478153
22b4191a,4,3,1,0.605746847242153
22c72c4e,4,2,2,0.48306765304952615
22e44415,4,2,0,0.43454296772694734
22f43a12,4,3,0,0.45969262265338323
231f6db4,4,1,1,0.2867575016467475
232b7cb1,4,2,0,0.8566113074481037
2340e84a,4,3,0,0.5536293795128587
23418fa2,4,1,0,0.23132297028298865
23567787,4,3,1,0.6214456091663266
236d450e,4,2,1,0.3844895971707918
23d1a58d,4,3,0,0.8144772998907059
23d71e37,4,1,0,0.39014399531361654
23dafdab,4,2,0,0.2514274994894061
23e71e7c,4,3,1,1.2780751651399536
23e7f79b,4,3,1,0.44016417699954824
24398aed,4,2,0,0.283232224081875
24591f4d,4,3,0,0.22668591220275008
247172f9,4,3,0,0.5204015398285353
2496c491,4,2,0,1.280124281791534
249b6d68,4,3,0,0.8261976889427896
249d2266,4,3,0,0.22767195614138053
24ab10c6,4,1,1,0.17466513907897374
24b4bc6d,4,3,1,0.3933757836359383
24fb56db,4,1,2,0.9812876002174709
253f5cb1,4,3,1,1.3475302144081955
25849c6c,4,2,1,0.441164733000616
2586774b,4,1,0,0.5052482740785668
25a3a723,4,1,0,0.5582389232875321
26190ddd,4,2,0,0.48562470858431755
2625767f,4,1,0,1.1709074414615055
262cff6d,4,3,1,1.5207441002133457
26891dbd,4,2,0,0.907704369805173
269d9918,4,1,1,0.5817215662306475
26a4b61b,4,3,1,0.5147112251919628
26aeacdf,4,2,0,0.16401597849443295
26b1792f,4,2,0,0.3332592600520995
26b893f4,4,1,2,0.5274047450122148
26d31613,4,3,1,0.9411730530480571
26d541c2,4,3,0,0.5346458782318103
26f0e055,4,1,1,0.21329343994373456
2715347c,4,1,1,1.192556983026831
273c8ebd,4,2,0,0.17041821063811247
2760be91,4,3,2,0.46661421654684154
27724073,4,2,1,0.6953741301007934
277f5b32,4,3,2,0.9739979343384402
278e8a51,4,2,0,0.20053989942410227
279d0ec4,4,3,0,0.5719109903015092
27cd2a6c,4,1,2,0.890536020382804
27d363de,4,3,1,0.8163398477917587
27e0ca6b,4,2,0,0.38435062226184336
287390e6,4,2,2,0.9805915315637881
2891e36b,4,1,0,0.6881692407391452
2898269f,4,2,0,0.22013419634153547
28b91cf3,4,1,0,0.10284115546393274
28ba92e9,4,3,0,0.4571189398644384
28e8b2b2,4,3,0,0.48825148046244105
28e973b1,4,2,0,0.7629497498808578
28f99ddb,4,2,0,0.6370703198172685
29587a31,4,2,0,0.3780245763445475
29886a85,4,1,0,0.216377124007685
29b37b4a,4,2,2,1.3967226012086376
29c54890,4,3,0,0.6747897329710961
29e4911b,4,1,0,0.10471371409235036
2a0b8386,4,2,0,0.6272640621645696
2a3fcf9a,4,3,0,0.12405058971617883
2a64085d,4,2,0,0.29422889582129075
2a6a6b92,4,1,0,0.6805589090981092
2a7b5b79,4,1,1,0.4110263675566988
2a81925b,4,1,1,0.5029977896971808
2a85889c,4,3,1,0.5856256848551364
2a88cbe9,4,1,0,0.45399945164955957
2a922ca4,4,1,0,0.22474158973417468
2a9e0dee,4,3,0,0.43795739796281563
2aa15e6b,4,2,1,0.2625599173887018
2aab37ac,4,3,0,0.5782370372100426
2b34dcf3,4,1,0,0.21965669142246425
2b574ef7,4,1,0,0.1350796490197973
2bac0893,4,3,0,0.9918393375469513
2bad0db7,4,2,0,0.7169414873444713
2bbcfd43,4,1,0,0.19878007414899052
2bca454a,4,3,0,0.47918094024561486
2bfc9187,4,3,0,0.6097448224421341
2c3b09db,4,3,1,0.5570020977571623
2c406043,4,1,0,0.08703940989931497
2c483245,4,3,0,0.5846461604558629
2c49257f,4,3,0,0.4000883256374844
2c512f2f,4,1,1,0.42849459629321773
2c54d6c5,4,1,0,0.4533818631594464
2c56c930,4,1,0,0.503179277581507
2c9a90e9,4,1,1,1.220812799176478
2ca9811d,4,3,1,1.0480977260863282
2cb0db2c,4,1,0,0.0993756498928528
2cc4b720,4,2,0,0.3084628021887574
2cda86bd,4,1,2,1.2837430183274283
2d043af7,4,3,0,0.7166449616362591
2d0bbbd3,4,2,0,0.6399400350762264
2d286c59,4,1,0,0.6120111941036974
2d3ba6fa,4,3,1,0.207190266084593
2d5365c6,4,2,2,0.5840789148070948
2da6bf6e,4,2,0,0.17126731727718408
2dbdfe11,4,2,2,0.5071565771201791
2e16053c,4,3,1,0.6270826203524255
2e17c497,4,1,1,0.33379547661583586
2e293d08,4,2,0,0.2802111758161128
2e4e045a,4,3,0,0.2499991932425485
2e7d888c,4,2,1,0.7820931299502378
2e8c9884,4,2,0,0.2107237234004672
2ea277d5,4,2,2,0.5145833253054598
2ebdadbc,4,2,0,0.40550516427179517
2ee0a1e8,4,3,1,0.9871656206313346
2f0f2949,4,3,0,1.065987395592889
2f12de00,4,3,1,0.5903450648769518
2f154763,4,1,0,0.18104873074638433
2f16cad4,4,2,0,1.0748470390190987
2f1af08a,4,3,0,0.11880360289663094
2f7f0eb7,4,1,0,0.19966405649848296
2f81950d,4,3,0,0.27971825534935413
2f8ec752,4,2,0,0.40948164641579143
2f91f3c1,4,1,0,0.7574876149745357
2fba6cf4,4,2,0,0.4345039609285795
2fc568f6,4,2,1,0.9199869861384702
2fef897e,4,3,0,0.6585769202129101
3046a5c7,4,2,0,0.27053505027136626
3055881a,4,2,0,0.8504097291996904
3065aa2f,4,3,0,0.5765558506453278
307c91ee,4,1,0,0.23466196438872577
3093d29f,4,3,1,0.7585866227316005
30ac8a84,4,3,2,0.5960139011554767
30b3f203,4,3,2,1.0242516075328103
30ba4252,4,3,0,0.2846459529787401
30d2fd47,4,2,0,0.22638348335711123
3133a6c9,4,2,1,0.46362346259290893
31349d8b,4,1,0,0.7600484102385416
3134b69f,4,2,1,0.5920575966924967
3146f878,4,3,0,0.2688211376498367
3155ed01,4,1,0,0.7414812323143185
3162c492,4,2,1,0.3368782961714292
31648caa,4,1,0,0.0824311493696323
318ccc0e,4,1,0,0.39834325104144513
31b74cd4,4,3,1,0.4717547372722777
31d61741,4,3,1,0.3922767811467833
31ddec50,4,3,0,0.9094978782478031
31f01671,4,3,0,0.1949222878070172
321202d4,4,3,1,0.5029060668589209
3216b978,4,2,1,0.9275064886371869
323ea319,4,1,0,0.4870491832197234
325afd3d,4,2,0,0.7765799167032724
327736cd,4,1,0,0.13919517675397275
327ef356,4,1,1,0.6244574668440089
329a9c25,4,1,2,0.9507953034600223
32a9dac0,4,3,2,0.5855972880593171
32b8490d,4,2,0,0.5318450943543114
32d262c2,4,3,0,0.48794715655696114
32dcc8ab,4,2,0,0.42463359322909644
32e18ccc,4,1,2,0.9600482974679141
3302713b,4,2,0,0.7082928322914197
3305a981,4,1,2,1.0639397592748145
331733c7,4,1,1,0.6606132774044075
333be478,4,1,1,0.6256324934632448
338146bd,4,2,0,0.6305499863888642
3399795b,4,1,1,0.4503550870150528
33a499ce,4,1,1,0.7850491600961078
33d60f7d,4,2,2,0.5886662578733578
33e34de8,4,3,1,0.9870389186915022
33fe1b04,4,2,0,0.7067532812206376
342edae9,4,3,1,0.22619262121295308
343460ab,4,3,3,1.5036395822794564
34362a9a,4,1,1,0.3557555621839472
3441fd41,4,2,1,1.1541865535358864
347095fe,4,2,2,1.536517447172363
34eb79f9,4,1,0,0.5728791842308243
34ec5de4,4,3,0,0.8280376120631869
350cf38b,4,3,0,0.25859300580884476
350dbeba,4,2,0,0.6602377254406697
35198c2d,4,1,2,1.0699264310598726
351cd4ec,4,2,1,0.4748344842620597
35265670,4,1,1,0.39256195075767425
356ab908,4,1,1,0.7435408950712181
35d2aa41,4,1,0,1.3011798039290348
35daea65,4,1,0,0.09542296614796447
35fa2ebf,4,2,3,1.026722796748764
36473697,4,3,1,0.7318396967243889
36530d36,4,1,0,0.28828560590777474
36958957,4,1,2,0.9500988008803148
36b8c9e5,4,1,1,0.5802740820071663
36c060b9,4,2,2,1.4132862544667955
36c1f189,4,3,0,0.1958786766484233
36e77bf0,4,1,1,0.5372643399752244
36fda5de,4,1,0,0.16971134636992286
3714afd7,4,2,0,0.496888557304167
372a7950,4,1,1,0.6592837198750414
3738db26,4,1,2,0.9140642708449225
376e617f,4,2,2,0.8035794463927025
37ae1239,4,3,1,0.3983855986158224
37bcfa7e,4,3,0,0.8270023751934141
380029ef,4,2,0,0.42639516348852413
3820a945,4,3,0,1.0814605700298956
3826be66,4,3,1,1.202609947765892
38390669,4,2,0,0.32398189421435464
384c3f27,4,3,0,1.3763749808195969
385a6557,4,3,0,0.36816767519481486
3875d4de,4,1,0,0.8410321570841786
38cccd6d,4,3,2,0.7564466034313392
38d53b92,4,3,0,0.5713929378095872
38ee12e7,4,1,0,0.7104166588498209
3901e707,4,1,0,0.2084001600405604
3913797d,4,3,0,0.550951402778332
3918d854,4,1,0,0.1367149842144461
3934e29c,4,2,2,1.1966287344868012
394684ae,4,3,0,0.7647493173253627
394a6219,4,2,0,0.22124670563427418
3950aa00,4,2,0,0.8262845187222714
397efe7a,4,1,0,0.34767322276751017
3983d3cd,4,1,0,0.46782759861119794
3999e449,4,3,0,0.814316003479826
39bdbb00,4,3,0,0.10323875551241862
39c20e2a,4,2,0,0.6341539344759822
39cc2836,4,1,0,0.3599138427062395
39d626f4,4,3,0,0.5890146199274126
39fb1ad0,4,1,2,0.8154672220001139
3a33d579,4,1,1,0.5196746225504887
3a594acf,4,2,1,0.619980806846713
3ab0b1ff,4,3,1,1.0589705602414505
3ab539f0,4,3,0,0.21505318782643346
3ae4ee9b,4,3,1,0.9892100971136318
3b047021,4,1,0,0.2418596132033849
3b091b83,4,3,0,0.40188037106821917
3b112284,4,3,0,0.10582397792444803
3b1b9538,4,2,1,0.840425688397336
3ba48ca7,4,1,0,0.4590590456156027
3bbf88cd,4,3,2,0.6611912455174366
3c0aba64,4,2,0,0.7289041355860572
3c2cf08e,4,3,0,0.2244122855518383
3c5c85e7,4,2,0,0.5829914306896233
3c620257,4,1,0,0.3145616538335698
3c7a7f32,4,2,0,1.1703740753747085
3c8f474a,4,3,0,0.3089394083443814
3ca35642,4,2,1,0.8653479754427413
3cd8802e,4,1,0,0.6569139793814301
3cfeca85,4,2,0,0.20506136045802303
3d36fe8b,4,3,0,0.6838963840736849
3d3b87db,4,2,1,0.7874792517668989
3d3dd3ae,4,1,0,0.7835098881218582
3d3fb503,4,2,0,0.37617216216837834
3d46429f,4,3,2,0.9622928517194506
3d48430d,4,2,0,0.35315542537104627
3d5ad997,4,2,0,0.5675215737223571
3d6143f3,4,1,0,0.20207972250389433
3d736110,4,3,1,0.8176976872815064
3d970ce4,4,1,1,0.550086756979094
3dcbc164,4,3,1,0.9488868797678252
3de1a622,4,3,0,0.13660782051323372
3e377cb7,4,3,0,0.5266717913494083
3e398bf9,4,1,2,0.9644099464190421
3e3c242c,4,2,0,0.20090429552051026
3e5d5b58,4,3,1,0.13873487716748928
3e5ee48c,4,1,0,0.9906325235018061
3e7ee995,4,3,1,1.3648677313696824
3e9fd8d6,4,2,2,1.3423999297596763
3eb48980,4,2,1,0.3339244015844388
3ede35d1,4,2,0,0.4915104820442582
3f1cf5ba,4,3,1,0.6743400325981171
3f1f23e7,4,3,2,0.5491267429393757
3f20e14b,4,2,1,0.9864358716707793
3f3a70c8,4,1,1,1.2700687821116639
3f3d3809,4,1,0,0.29826057426285985
3f51a21d,4,1,2,0.4979720968999303
3fcef947,4,1,0,0.4376825810676393
3fe59141,4,1,0,0.8857346323122482
3fe78116,4,1,0,0.6789682834298636
40087bc5,4,1,2,0.9905040153901092
40898508,4,1,0,0.9037112054221894
408bed19,4,3,0,0.499995725936967
40aae75f,4,3,0,0.8217585176338397
40b904b3,4,3,1,0.5622321308744255
40cdadfc,4,3,0,0.3902491318479625
40e95163,4,2,0,0.2514363792839102
41052ced,4,1,0,0.6317583015266132
41185f8e,4,3,2,0.946155503079066
4135cb0e,4,2,1,1.0399566613150595
416b6ba2,4,2,0,0.2356060435676614
41974cde,4,3,0,0.24964156950880612
41bacefb,4,2,0,0.8632640199993566
41badf5d,4,1,1,0.7982873044541745
41d48900,4,2,0,0.5908498165227658
42309938,4,3,1,0.8434494661526972
423610ac,4,2,1,0.4515137814379796
4255e559,4,1,0,0.5098252328328038
4262ce3d,4,3,0,0.35281331966055984
427037b2,4,1,0,0.2265183392246784
427fad9e,4,1,2,0.9698714442385828
428970d4,4,2,1,0.8762815505765672
428c37ea,4,2,0,0.2849285888165423
42bf071e,4,1,2,0.43802049377086405
42ebc3fd,4,1,0,0.5644956555020566
4307d287,4,2,1,1.1807650580886162
432a4c21,4,1,1,0.7782505290019472
432aff11,4,2,0,0.20110070817770404
435bfa7b,4,3,1,0.48322871467281137
43629a34,4,2,0,0.08376964655315161
436dd613,4,1,0,0.29860575570963394
43720c15,4,2,0,0.9662280210398235
43808706,4,2,2,1.1135761403317264
43a7386d,4,1,1,0.6150905342721876
43d43363,4,3,3,1.3300829144240605
43e54b20,4,1,1,0.9443663469360017
43f5d3c5,4,2,1,0.43509468690987463
43fb80d6,4,2,0,0.7633837923253887
43fdba8b,4,1,0,0.4059420506139618
440acf4f,4,3,0,0.11275926281279502
444131bc,4,1,0,0.23286988411811177
4442c376,4,2,0,0.3930101221978667
446757cb,4,2,1,1.0679164882077985
4496d883,4,3,2,0.5573732983244658
44cbf5c5,4,1,0,0.2647022841898255
44eaea78,4,2,2,0.9688968709389814
4505724a,4,3,0,0.1059842661067597
4507da27,4,1,1,1.039710199705486
4518ed77,4,2,0,0.32943183875351056
451b0cd9,4,3,0,0.2179896439547015
451c11b3,4,2,0,0.4218501061148042
4570c8b8,4,3,0,0.3507401419491066
45ea366f,4,1,0,0.12638713549507158
45eb32f2,4,2,2,1.1353074914118175
46170319,4,2,0,0.17038471748378148
463bf3b2,4,1,0,0.2016903566161073
464a75fb,4,1,1,1.2602392779012814
4659aa1a,4,1,0,1.1951892190470241
466752d9,4,3,0,0.4898417877318323
46850373,4,2,0,0.3454005800620161
471e4d12,4,3,2,1.2712896034443508
47240aa3,4,1,0,0.25567430245793865
475ebe47,4,2,0,0.25378874793654665
4777151c,4,1,2,0.9121681515788822
47a52eb8,4,3,1,1.1103191203376506
47b3bea1,4,1,2,0.2421548881122394
47c1f368,4,2,2,1.2339250777466462
47fef4fc,4,2,0,0.1945278748010491
481a1861,4,1,0,0.4807721163740166
4829f7ca,4,2,0,0.6676432921961567
485d7c69,4,3,0,0.41193028020450495
48c205d9,4,2,0,0.5099566262184353
48df987b,4,1,0,0.3347323601497316
48e69212,4,1,0,0.336100414064244
491bf457,4,1,0,0.5567133784821874
4926b18a,4,3,0,0.32763515166119395
4940a214,4,2,1,0.693969303474087
494eba8a,4,2,0,0.34625895321642375
4950e24c,4,1,0,1.0240192802004482
49a1931d,4,1,0,0.3499358563474514
49e4eade,4,3,0,0.4377125302527144
49f38606,4,1,0,0.2636988544767519
4a1440d9,4,3,2,0.33795960879124987
4a17b463,4,3,0,0.29580253097749937
4a21eb0c,4,1,0,0.7989375534558785
4a3b6521,4,3,1,0.36446513509197864
4a475a9f,4,1,1,1.1148369782301737
4a62661a,4,1,1,0.6855884688760883
4a68d751,4,2,1,0.8255656082127698
4a69e534,4,3,0,0.15790958113646636
4a6af685,4,2,0,0.47935765041663725
4a6ea9de,4,3,2,0.6762736396155193
4a9f92ca,4,2,0,0.20797577803187334
4ac5c412,4,1,0,0.21482033703354209
4acac04e,4,3,2,0.4552499848708602
4afa8a76,4,3,0,0.03643926833695632
4b0f961e,4,1,0,0.9543948632050374
4b328259,4,3,0,0.45068197781679786
4b3c7594,4,2,1,0.3722768185371005
4b3db4f4,4,3,0,0.36396702900038735
4b51db3e,4,1,0,0.17496983753953527
4b71830a,4,1,1,0.9347292654096391
4bc2bee9,4,1,0,0.5036797741008601
4be6f3c1,4,2,0,0.48911194123073404
4c238671,4,1,1,0.7346566746004717
4c37fb30,4,3,2,1.0410968136149577
4cabd7aa,4,3,0,0.9097201624183496
4cde1e34,4,3,1,0.8812330667700483
4d19854c,4,2,1,0.6217705806538462
4d2d9ef3,4,2,0,0.13325548849507673
4d42caed,4,3,0,0.19033646774033536
4d61a44e,4,2,1,0.6213306954561758
4dc4ed56,4,2,0,0.4811484949352355
4dc86a42,4,2,0,0.3887708794833569
4decbcd8,4,3,0,0.27041621598810095
4dfb4e1d,4,2,2,0.9321889872482212
4e052db0,4,2,0,0.7046228675323399
4e314e47,4,2,0,0.19735850916984404
4e58d463,4,3,0,0.5554251153818632
4e6c7a75,4,2,1,0.3204624804480987
4ea3963e,4,2,0,0.4218239067298199
4ea4e6c9,4,3,0,0.2994705489343231
4edb98d8,4,3,2,0.821032899577344
4f059221,4,3,0,0.009294393322290317
4f059a8a,4,1,0,0.9355001604523225
4f20b188,4,2,0,0.4272897235762638
4f2d0925,4,1,1,0.5826739017609897
4f3b33ba,4,1,1,0.6889594760726598
4f3cd5c2,4,3,2,0.8489546573116382
4f96d1e7,4,2,0,0.14294423161537573
4fd7e043,4,3,0,0.21045997497392133
4ffa995b,4,1,0,1.1223042839411594
50242fa0,4,1,1,0.21433714798118292
504ed32b,4,2,0,0.23726659541468414
50707f1e,4,3,0,0.5597470328696427
508a0f98,4,3,2,0.8593054951971124
50a90725,4,2,1,1.01497129162049
50b2b84b,4,2,0,1.217933315491867
5124169c,4,1,1,0.8916577176499353
5132511c,4,1,1,1.045202123681243
51364c23,4,2,2,0.5929733795617553
515402ee,4,2,0,0.4543412104792056
515dd683,4,2,1,0.8227771378434872
5180ff75,4,1,0,1.424031283520748
518e5ae6,4,2,0,0.25943320478920967
5198e7b3,4,2,2,0.46852620783142407
51a349db,4,2,0,0.6126717509313083
51eb8d14,4,3,0,0.5740116671739138
51f3feb4,4,1,0,0.329124327638443
5216ef61,4,2,1,1.016100418432878
5264bb0e,4,2,1,1.0764226206637293
526f719b,4,1,0,0.26206037362063955
527e796c,4,2,2,0.48090518288184947
528db82d,4,3,1,0.6764929568745095
52bd147c,4,1,0,0.29632306526495383
52ce9b8b,4,2,0,0.2834043330738292
52e9e467,4,2,0,0.9507290661666598
5320dac6,4,3,0,0.8703594260344452
53621b84,4,1,0,0.9539852702689939
53814642,4,3,1,0.33996216860919365
53905a2c,4,3,1,0.2948767093160416
53cf99f2,4,1,0,0.27547559192936927
53d20dc3,4,1,0,0.09469210657772065
53faf893,4,1,0,0.06626919684775023
54391716,4,1,0,0.7531478860057428
546bfb18,4,1,0,0.2630045198840488
54868027,4,2,0,0.18138266104853112
54945f30,4,2,0,0.6600590612068317
549712ab,4,3,2,1.1269568349490213
54c87d3c,4,1,2,0.4043623441361053
54e592da,4,1,0,0.8478326832865287
54fef303,4,1,0,0.6440039187352177
54ffe872,4,2,1,0.3798990825876619
556604d2,4,3,2,0.9738193639128843
5588f518,4,1,1,0.5139521132416589
55edb6ed,4,1,1,1.1025300965620697
55f9338e,4,2,0,0.13587750286716416
561f2797,4,1,0,0.2560063026375354
56210fdb,4,1,0,0.1730079881977018
5637a5a4,4,1,0,0.19226900302744598
563ebc00,4,2,1,0.26304196630104965
567ecea5,4,2,0,0.539128736897808
567fd23a,4,3,1,0.99555621553444
568eb64b,4,1,2,1.2254953042925338
56c99b23,4,3,0,0.3073910592967953
56cb7161,4,1,0,0.24395142944870862
56d9dead,4,1,0,0.1153243040125001
56ef356c,4,3,0,0.22826091094557216
571907fc,4,3,0,0.627610547563873
574cb902,4,1,0,0.22345231353972778
5779f2e9,4,2,0,0.3244743747654631
579e50bd,4,2,0,0.7050936213274037
57c4f2b4,4,3,0,0.7447443600521253
57d82f30,4,2,0,0.951347172059499
57de6095,4,3,0,0.14539822627253646
57f6fa6c,4,1,0,0.12435888726064648
580a30c5,4,3,2,1.0419267532577505
58391429,4,1,2,1.2875094888909508
58900fd0,4,2,0,0.10574255110470787
58ada72e,4,1,1,0.5252228495538683
58f11465,4,3,0,0.3450436979319729
592adca0,4,3,0,0.3750174588943127
592b3b7f,4,2,0,0.5512970455584483
59305d37,4,1,1,0.8185873393105011
59307c13,4,3,2,0.5575754540497371
593b5cfa,4,3,0,0.20576076042587027
59402969,4,1,1,0.9644540363033323
5985f299,4,2,0,0.2196210683135163
599850d0,4,2,0,0.19637865751291178
59b7fc28,4,3,0,0.10992216281455602
5a07e79f,4,1,1,0.3289936871844095
5a2c7642,4,3,0,0.1345877522979228
5a3d5e05,4,1,1,0.45289356025908645
5a4b3725,4,3,1,0.9283473974224946
5a5f9fb2,4,1,1,0.46977371454826905
5a8712ae,4,2,3,1.2707746821241572
5ac9eca0,4,2,0,0.19170171471552339
5b299ae1,4,3,1,0.21170347933642997
5b2c9b83,4,2,1,0.9168148353795526
5b66b6f2,4,3,0,0.003120442552499436
5b9ff85e,4,1,1,0.744694905354919
5ba201ba,4,3,1,0.5793135248850931
5bcf002a,4,3,0,0.46577979269307285
5c045867,4,1,1,0.9694196762754894
5c186496,4,2,0,0.2623738232605865
5c22f241,4,1,0,0.18807759484023417
5c2c136d,4,2,2,0.9937268457267103
5c3b30d7,4,1,0,0.42855758513263953
5cd83147,4,1,0,0.7214378873819945
5d04624a,4,3,1,0.7046964988263084
5d1d7e41,4,2,0,0.09463083645007764
5d3b6ea5,4,1,1,0.5036429739912676
5d48a5b0,4,1,0,0.1302835963162448
5d762840,4,2,0,1.0107518257959902
5d805d83,4,2,0,0.8740307353043728
5d885b20,4,1,0,0.1779998263651552
5daa20e7,4,1,0,0.32263633393528107
5dad24ff,4,1,0,0.8655745483045836
5db3db12,4,3,1,0.7553057428807007
5dc62fec,4,3,0,0.23094044305711797
5ddbac80,4,2,0,1.179417668291737
5e08237d,4,2,1,0.42344518378145507
5e2c1349,4,3,1,1.1325541378403343
5e55e9fd,4,2,3,1.066621994337371
5e57bd12,4,3,0,1.2933005213694249
5e614c1a,4,2,2,1.1134300073864123
5e6b528e,4,1,0,0.3093434122220129
5ea2c305,4,3,1,0.9464349488383572
5eb063e0,4,2,0,0.6440489564533751
5ef3d64e,4,2,2,0.9715419111872978
5f099188,4,1,0,0.12118498553964235
5f37ceb1,4,2,1,0.9613025872418581
5f574f3d,4,2,0,0.24080331596450594
5f78f7b9,4,1,0,0.412424760795956
5f9dddb4,4,2,2,0.5483944451168425
5fa91358,4,3,0,0.4056582472445699
5fdfbe47,4,2,0,0.2850076360866502
603ab4ee,4,3,1,0.10249917320046437
606e979d,4,1,1,0.7776986285107288
60d1fdee,4,2,0,0.06077072324607258
60d2774d,4,2,0,0.27189615687123475
60fb7cb9,4,2,1,0.746294199906127
612487a5,4,1,1,1.2748872967098241
612b3ff9,4,3,0,0.5546001193378466
612dd900,4,2,1,0.2849942509119132
613fc399,4,1,0,0.5671480381920971
613fc53d,4,2,0,0.40970419388672696
614d5517,4,2,1,0.5499301175613276
616fc21f,4,3,0,0.18281542862462347
61823525,4,3,0,0.22168650487434632
6187d0dc,4,3,0,0.04512257591611801
6192e6b6,4,3,1,0.8016508861412408
6197a2ce,4,1,0,0.7182392806142739
620536d0,4,1,1,0.41044694976953733
621066ff,4,3,2,0.548693472294831
622bb412,4,3,0,0.16583928033874457
6247cc15,4,3,1,1.0758871926684546
624869b6,4,2,2,0.8555113748492741
624b9e34,4,2,0,0.3675221096800336
626a608e,4,2,2,1.063793394942753
6277e13c,4,3,0,0.5711290790154564
6282e693,4,2,0,0.1273929305896625
62839132,4,3,0,0.4465986773973998
6291fddd,4,1,2,0.5375457224405993
62b873a2,4,3,1,0.415652681104403
62cd5c74,4,3,2,0.777715934672879
62d0cf97,4,1,2,0.9682617184123498
62f77d2f,4,3,1,0.39758694877553363
632eca98,4,2,0,0.5466447999485734
6332ad59,4,3,0,0.22866682914547543
63334478,4,3,0,0.3703614775441696
6344bba1,4,3,2,1.2874399923868298
635554d2,4,3,0,0.5477483012712755
63a00e40,4,2,0,0.3378306850731764
63d4ab9a,4,3,0,0.3800911895410104
63d810bb,4,1,0,0.8585617620540209
63dd16ec,4,3,0,0.2011192727253287
63fc9770,4,1,2,0.9958766939876055
641697e6,4,3,0,0.2862977516303832
641a2b87,4,1,0,0.2913721977087815
646a4c0e,4,1,2,0.6282143665238475
649ff6d9,4,3,2,1.020485802688647
64b4005d,4,3,1,0.6751397549248055
64ed48c4,4,3,2,1.2421420784658597
64fc556b,4,3,0,0.10864448292908324
650bf252,4,3,0,0.19095491412192983
6514c337,4,1,0,0.43613676598110984
6515ef94,4,2,0,0.24384378282260766
654203ec,4,1,0,0.40239049315555453
658e66ec,4,1,2,0.8367332165480938
6595d479,4,2,1,1.1624794655895143
659fec57,4,2,0,0.5391768151701839
65dfe4b9,4,3,0,1.1890019146614506
65f9369d,4,1,0,0.4455268646038879
65fe69c0,4,2,1,1.3324871919331414
6622b302,4,1,0,0.31172517841951275
665abfda,4,3,1,0.506328337737264
66665e95,4,2,2,0.6576773719666227
6672e527,4,1,0,0.17649373654332395
6699c999,4,1,0,0.24299635477696707
66d86d0b,4,1,0,1.0042408616424767
66ed301e,4,1,0,0.35523762699476574
66f044c7,4,1,1,0.42804783198903396
66f619e3,4,2,2,1.2464328209191045
6708fcd9,4,3,0,0.21615202545869366
672a32f1,4,2,0,0.04787366958400141
673e7be9,4,2,1,0.638190030472183
677038b5,4,2,0,0.13181017621902208
6774ba64,4,2,0,0.3881887692413236
678598dd,4,3,0,0.1154740539345322
679ce4b2,4,2,2,0.9918941832044483
67b54cdb,4,1,0,0.18130666503861886
682327c3,4,1,0,0.25462743366698637
6826f0be,4,2,1,0.6763093520307337
68572a28,4,2,0,0.09196804852991602
685cc0f1,4,1,2,1.160780839956507
687c85e7,4,3,0,0.550088870804199
6885737e,4,2,1,0.4693738620219683
68a59e56,4,1,1,0.2792171099862521
68be3d5c,4,3,0,0.34294821715727203
68d49292,4,3,0,0.2657999017900764
68e514dc,4,3,0,0.6057768011647838
68fa4631,4,1,0,0.46529617132352585
69074cf3,4,2,1,0.09404771780589
697c41d7,4,2,2,0.4365826380420791
697d894b,4,2,1,1.157587137235352
69b65679,4,1,0,0.3435272012036059
69ccea20,4,2,0,0.2283073915186603
69fabb6b,4,2,2,1.0431685075444115
6a04461f,4,3,2,0.3436806345730221
6a138911,4,2,0,0.5578463324771993
6a16089d,4,1,0,0.45459077415984805
6a2c6073,4,2,1,1.0111535852024296
6a2fd807,4,3,1,1.0954229085095917
6a7d07fb,4,1,0,0.3238141617793442
6a837387,4,3,0,0.19154724295319242
6a83a423,4,3,1,0.4832145493796285
6a864b11,4,1,1,1.1417008725681779
6a98537b,4,3,0,0.3584515335729606
6abd21d4,4,3,1,0.7199180290194398
6abd2bd4,4,1,1,0.9787968566858964
6abe8b60,4,2,0,0.2652347843287373
6ac5763a,4,1,2,0.8990025191040135
6ac5eaaf,4,1,1,0.2741394343288632
6ad91972,4,3,0,0.616898540414562
6b6467f4,4,2,2,1.0106890106119994
6b773506,4,1,1,0.7110798382328759
6b9a25e6,4,3,0,0.2942873939538098
6be0f069,4,3,0,0.5557370754630571
6be56337,4,2,0,0.9635839379805925
6becb599,4,3,0,0.12301092076269388
6c0fe935,4,2,0,0.8277822294002848
6c2edc91,4,3,0,0.8354454396413544
6c319d99,4,3,0,0.3546009718782576
6c4902c8,4,1,0,0.5568728466058448
6c6cd633,4,1,2,0.5654216591806792
6c737069,4,1,1,0.23089923423815506
6d341798,4,1,0,0.2979334214094476
6d5c5afb,4,3,0,0.4634700873879821
6d707ac3,4,3,2,0.7375100701574876
6d70e716,4,1,2,0.7587078388092837
6d7ba819,4,1,1,0.25096865523899814
6db14d48,4,2,1,0.505819487880087
6db453ce,4,3,2,1.2582409235071221
6dfe4a75,4,1,1,1.0042128325530024
6e0d4774,4,2,1,0.8316208780039943
6e0ec0fe,4,1,1,0.5982069324802521
6e1d28b6,4,2,0,0.5489524801596771
6e5606d5,4,3,1,0.3971390632969274
6e68bcfd,4,1,1,0.6117183296956433
6e695d70,4,2,2,0.37266076275415105
6e6d895f,4,2,0,0.4689675445808993
6e89cee5,4,3,0,0.5741473639570043
6e9beaee,4,2,1,1.3622855736141486
6ea48a4e,4,1,0,0.5633600945119643
6ebfdc95,4,1,0,0.939937531212422
6ecb430a,4,3,1,0.4175923640361537
6ed385f6,4,2,1,1.0804645789270033
6eff29da,4,3,1,0.3032830818537586
6f49c8d0,4,2,0,0.29253637869615245
6f5677b7,4,3,0,0.9130222139587709
6f5a31ea,4,2,1,0.31790060163344636
6fb28c2a,4,1,0,0.08259277978648849
6fc6b5c4,4,1,0,0.39693369054495437
6fc95dfc,4,1,0,0.29421378609794785
6fcdcb2a,4,1,0,0.7654149385478387
7015528d,4,2,0,0.44417612157522623
709457f3,4,2,1,0.33447267971945904
70de1c63,4,3,2,0.9290800089563681
710345b6,4,3,0,0.14947845956253214
7151d8b5,4,1,0,0.4204512541518332
71850348,4,2,0,0.3418729151247117
71852781,4,2,0,0.5210120528217349
7187caec,4,1,2,0.7518745935251012
718975fe,4,3,0,0.5487494050154909
7192b2e8,4,1,0,0.3083643548739164
71c1b1d2,4,2,0,0.13856340174953324
71cf0f87,4,1,0,0.13793220931628897
71ee31f8,4,1,0,0.1908827556962579
71f21593,4,2,2,1.3992177195194322
7214ad21,4,2,1,0.9516589061769698
721ea536,4,1,0,0.9151999343754962
723ee34c,4,3,0,0.48038832182676067
7250264b,4,3,0,0.15467808369642372
72565f5c,4,1,0,0.5116727799536385
7265f1e5,4,3,0,0.2850936767977798
7290824a,4,1,2,1.3668683972923172
72aa1a30,4,3,2,1.1786399372730667
72afd4ca,4,2,0,0.8958332120612316
72bbfadf,4,2,1,0.6733756531420072
72c9c38d,4,3,1,0.5777557668170215
72cb1703,4,2,0,0.06297494612904342
72cc9a64,4,2,0,0.4039337506235272
72fa40ba,4,1,2,0.7672877817177725
7308d22c,4,3,1,0.5997326426360591
732b2327,4,1,0,0.549794565950002
7347b54e,4,3,0,0.09980009475247581
738e7248,4,1,1,0.8596398299707904
73aa6aab,4,2,1,0.9082253279978074
73d0e0a0,4,1,0,0.5732325419393635
73ec551e,4,2,0,0.16227153597490945
73ffa609,4,3,0,1.1021929765312426
745e6065,4,3,1,0.5954581721450014
7494989e,4,2,0,0.12208423752222242
7498fbde,4,3,1,0.5751469781444043
74be50af,4,1,0,0.2761799956343388
74c2bd81,4,1,1,0.801312318809652
75311a3f,4,1,0,0.8560619144449699
7533a4a9,4,1,0,0.5503254578678554
75927c18,4,1,1,0.9644920418509794
759328e6,4,3,2,1.3265913609380706
75b53bd4,4,2,1,0.3294039545418632
75bcc1e0,4,3,1,0.38812950452208744
75c13e08,4,2,1,0.40153442817389895
75db1257,4,3,1,0.7032126076886552
75f26948,4,2,3,0.7925165136544612
7698543b,4,2,0,0.8834443929399411
76c9bf0e,4,2,1,0.6048138052487819
76dc0e9f,4,1,0,0.25430619954247113
76dfa86c,4,2,0,0.12656337030066922
76f8f621,4,3,1,0.394968384533013
76fb4afb,4,2,1,0.13518965539843986
76ff59f2,4,3,0,0.4452896861600847
7752d450,4,1,2,0.997768434165258
77941a98,4,2,0,0.46132171045009096
77a5b2ad,4,1,0,0.3171504453051793
77bfe07c,4,3,0,0.906630897547398
77e460ce,4,3,0,0.29287848293339813
7800a084,4,2,2,1.0315988020808275
781710fe,4,2,0,0.15513061657994093
782a0589,4,3,0,0.563263479394382
782af70b,4,1,1,0.742596117205621
7858fd16,4,1,0,0.37638989746418927
785d0663,4,1,0,0.9001699044290574
7860b64c,4,2,1,0.4235593491296017
78704d22,4,3,1,0.9646690114304326
787654dd,4,1,0,0.2036476910065521
788268a4,4,2,0,0.19445973542941497
78a34e5d,4,1,0,0.2791920316633701
7914b38b,4,3,2,1.3907043483289439
792d2fa5,4,2,3,0.5944845277949546
793c2e31,4,1,0,0.32423757571713624
79483148,4,2,1,0.5969427878094348
7958e61b,4,2,1,0.5920299126655237
79629cf4,4,3,1,0.44066444011712885
79de3beb,4,2,0,0.5656461426276521
7a0136e0,4,1,0,1.1844654733725175
7a5fccc9,4,3,1,0.4174035617746009
7a6d26a2,4,1,0,0.6855521970941048
7a86fcd2,4,2,2,0.9173616265451998
7aa3a145,4,2,0,0.14161214553236057
7ad92034,4,1,1,0.6470932981094402
7af8eac0,4,3,0,0.0778149653101391
7b0a4060,4,2,0,0.2666074658200111
7b516283,4,1,0,0.42361907573375024
7b78e634,4,2,2,0.6217045909618059
7b8842c3,4,1,2,0.7431020474173305
7b9690de,4,2,0,0.5104589339557287
7bbde46f,4,3,2,0.3427999509783348
7bdbf66f,4,1,2,0.32355706142911705
7c02f4ec,4,1,2,1.4306803895461493
7c194077,4,1,1,1.3877734338943797
7c21ad67,4,1,0,0.4325123037174762
7c39c8e5,4,2,0,0.3953149538347658
7c6ca1d4,4,1,1,0.8875829464204088
7c6cbfdd,4,1,0,0.13453276633047095
7c71edac,4,1,0,0.5997681730492144
7c8f0c95,4,2,2,1.21889834771765
7ca548f9,4,3,0,0.17171798806767374
7cb1e4c7,4,2,0,0.3938268682068377
7ccdb9f2,4,2,0,0.5695124360054252
7cf3bca6,4,3,0,0.5204904474494216
7d22cd0a,4,3,1,0.2628115720087729
7d2f236b,4,1,0,0.23595185987967748
7d40a714,4,2,2,1.4119013579092443
7d751a6a,4,3,0,1.1491838117606066
7d878d0d,4,2,1,0.8620541537011697
7d8f1716,4,2,1,0.6992117508104236
7d927bdf,4,3,0,0.5187582452135329
7dc65b92,4,1,0,0.8091110303455171
7deeb4fe,4,2,0,1.1701628157141255
7df487b1,4,3,0,0.5226677984161368
7e33976b,4,1,0,0.1518747470921229
7e41db05,4,2,1,0.7471402950597071
7e71aa83,4,2,0,0.5940522786884563
7e87087b,4,2,0,1.042323950405322
7ebca7c4,4,1,0,0.5611269284277143
7ec65d94,4,2,0,0.13150100065684434
7ecea16d,4,2,0,0.17744099354973975
7f04b4fc,4,2,1,0.47187306877921115
7f1063e4,4,1,1,1.0567556201756307
7f26f78c,4,3,1,1.1947194547131397
7f2715b4,4,3,0,0.3593827809111836
7f44236f,4,1,3,0.9175287128889171
7f950ef2,4,1,3,0.964199357127925
7fa51811,4,2,2,1.19057662871062
7fa7ccc4,4,2,0,0.3327929853774134
7fceb836,4,3,0,1.0158000231040547
7fcf0046,4,1,1,0.8521963857959657
7fd40f2b,4,3,1,0.5789472236631623
7fe0a99a,4,1,0,0.5114972126367453
8017f13e,4,2,0,0.9319272395663653
8033847f,4,2,1,0.823268191458213
8068fafb,4,1,0,0.3419575269472541
806d877f,4,2,1,0.5598460508289396
80784c40,4,2,0,0.47383481089570983
807d8908,4,2,1,0.5915153405368602
80b46ffb,4,3,1,1.056143699593551
80d8829a,4,1,0,0.1469342089771395
80ed2bcf,4,1,1,1.4015327656121936
812f6873,4,2,0,0.45847731035801237
81364a4b,4,1,1,1.0838005755004403
81394e0e,4,2,1,0.4870515122737
813e7f93,4,1,0,0.2369155740876418
8148c785,4,3,3,1.392792775703838
816b0564,4,1,0,0.9511874998584001
81766b8a,4,3,0,0.6003513802275119
8189aa29,4,2,2,0.6341816055874756
819ad5f1,4,1,0,0.2379353980616764
81a4b826,4,3,0,0.4339539280900379
81c0b83c,4,1,1,0.35417328122051783
81d3ab22,4,1,0,0.940534655815315
81d607bb,4,2,0,0.2542514565071295
81feecad,4,1,0,0.6483613437821848
82422684,4,2,0,0.7306898722303123
8256a969,4,1,0,0.3306578403505631
828b31ca,4,3,0,0.22809635276136403
82923551,4,1,0,0.1415276698984081
82a114c1,4,1,2,0.8058262520885513
82ec9747,4,3,0,0.135330554785565
8310a02f,4,3,0,0.46647802763558566
8328c8b3,4,3,0,0.9013243987558721
836b4de3,4,3,0,0.8423053784252397
83711ef5,4,1,1,0.6122018099627237
8376acc5,4,3,0,0.2352965733625757
83912085,4,1,0,0.3508213961435682
83c33097,4,3,0,0.3472666801521409
83eda373,4,3,0,0.35099483129815856
83fb5ee0,4,3,0,0.22971877481439912
840ff4b7,4,3,0,0.1677451016757931
844b87f8,4,3,0,0.15509068889341543
844be9e4,4,2,0,0.20320391529899418
84a16b14,4,1,0,0.7187111965792335
84b7d89d,4,3,1,0.8004321131610006
851b425b,4,3,0,0.3357107531380742
852adec2,4,2,0,0.3458304475584087
85452335,4,2,1,0.5915600223387826
854eb237,4,2,0,0.29024739140135986
85525f8d,4,3,0,0.3392215198759126
855c6099,4,3,1,0.3691303776171183
857baaa6,4,1,0,0.5522219269289855
858ae6a3,4,2,2,0.8182029709950212
858be19a,4,1,1,0.8503179795827379
859cbb27,4,3,0,0.18484767184771017
85b027ee,4,1,0,0.3365208063574362
85ba333f,4,1,2,0.46020314144971974
85d99199,4,1,0,1.2248607535145943
85d9c915,4,1,0,0.3615510935510587
85f23af6,4,3,1,0.20406188610434522
860f4f9c,4,3,2,0.6845693597389026
86335468,4,2,1,0.6094195945344761
863e40c7,4,3,0,0.6991956004546086
863f7033,4,1,0,0.9612037294994058
866a08b7,4,3,1,0.26095160914508514
86a8e0d6,4,3,1,1.1339484106082862
86bd716a,4,2,2,0.8284327249428584
86e56299,4,1,1,0.7898590188214638
87050a09,4,3,0,0.4840837143523362
874a348f,4,3,2,0.915620548762851
876a929e,4,1,2,1.107940875532284
8772f64b,4,3,0,0.7892225732306068
87af775e,4,3,2,0.41434560292022016
87b78ee3,4,1,2,0.7760937914335067
8823b020,4,2,1,0.5811405011941543
88300a4b,4,2,0,1.0448878327941618
884c429c,4,3,0,0.00125213946546332
8877cdee,4,2,0,0.21885151382970436
888c45f9,4,1,1,0.15292367319642175
88c640b9,4,2,1,1.1769852582672753
88cdb5bd,4,1,2,1.0207677053082025
88e04d93,4,2,1,0.8308052545123498
891193eb,4,1,0,0.538112276216234
891b8cd5,4,1,0,1.2033047615398935
89261ca6,4,1,0,0.42597830085288735
893293dd,4,1,0,0.14570381849141423
89739b1a,4,2,0,0.266769011721587
898096eb,4,2,0,0.18982004062389973
89a26502,4,1,0,0.4663483999482475
89bd10b7,4,1,2,0.9939352370280157
89d475e2,4,1,2,1.0721867006841181
89d7d2c3,4,2,0,0.25178135919311917
8a444a98,4,1,0,0.31692898150685694
8a4d341b,4,1,0,0.5189698873637096
8a4e5d1a,4,2,0,0.9586030670751939
8a645723,4,2,1,1.1136938213325949
8a6b6912,4,3,0,0.24885151365814018
8a77c3e9,4,2,1,0.929806318266291
8a9e653f,4,2,0,0.09499743636185276
8abbbc38,4,1,0,0.4668769281068605
8ad5e251,4,2,0,0.3179082962753099
8b02eb7e,4,2,0,1.362497487925015
8b3c900f,4,1,0,0.5739975462944742
8b6a40f5,4,1,0,0.6852261667884288
8ba98f12,4,2,0,0.13610553328552294
8bc5199c,4,2,1,0.4113377741470225
8c0ca955,4,2,0,0.8132874069353779
8c122779,4,2,0,0.9241002328184862
8c1f9196,4,1,1,1.1591805018284433
8c5a5a21,4,2,0,0.7169359278411305
8c6c52a2,4,1,0,0.26918170645718237
8c97411a,4,3,0,0.31532856460892933
8c9c253d,4,1,0,0.5696176989346386
8ca025c3,4,3,0,0.27940795579064454
8cb19d64,4,1,1,0.2809152610780162
8cfcac79,4,2,2,1.102640978529179
8d010562,4,1,0,0.4011979804135479
8d055cca,4,3,0,0.8483238785128138
8d8b8553,4,3,2,0.6062002803474117
8db09bb4,4,1,1,0.7016632378462484
8e24b103,4,1,0,0.3062041314616378
8e380413,4,1,1,0.6334142822850615
8e59a69a,4,2,1,0.46774138315490577
8e770d51,4,3,0,0.3539005555543976
8e80deb7,4,1,0,0.670756838669359
8e93a873,4,3,1,0.8315859821306706
8ef72e3e,4,3,0,0.04679970225346319
8f015125,4,1,0,0.8698162848773109
8f112082,4,1,1,0.8428874370074702
8f13c52a,4,1,1,0.8321918945808835
8f39a0e7,4,1,1,0.45506592039504745
8f753551,4,3,0,0.4885149475168929
8f9c03c6,4,1,0,0.0998915068641163
90161e10,4,1,1,1.2422669991645305
90778278,4,1,0,0.18314809543218535
90a37530,4,1,0,0.13634186876017923
90fee6b1,4,1,0,0.36402209179748957
9105b812,4,2,1,0.8923527702069017
91098060,4,1,0,0.6956619930168468
911d1406,4,2,0,0.5959299320077946
9130a22e,4,2,0,0.2618243538811686
913bea9f,4,1,1,0.9115857733241459
916f7069,4,3,0,0.5431309497282186
9173f25b,4,3,2,0.8708905213027269
917990b2,4,3,0,1.059045337833373
9181b136,4,1,0,0.19360083041978526
91e23cc5,4,2,2,1.242024307065014
91fdc1e0,4,3,0,0.5580567953189394
92031591,4,2,0,0.6565147793714612
921146d1,4,1,0,0.32754130288264566
92293b06,4,2,0,0.7954293886803284
92622443,4,3,1,0.582859630269662
926a64d8,4,1,1,1.0724198592086513
926b3a76,4,1,3,1.1296946643961738
926bd07e,4,3,0,0.40098121459165614
9271574b,4,2,0,0.6049040190365836
92b18571,4,3,0,0.28948310070179706
92bb8516,4,2,0,0.2858044075894817
92bcf0e7,4,3,0,0.1598949620565011
930c567c,4,3,1,0.5478249457709589
93188a17,4,1,0,0.47372347276854376
93363059,4,2,1,1.0821769775111236
933da99b,4,1,0,0.7285020788321814
93507a1b,4,3,3,1.3859930958361444
93559639,4,2,0,0.15835891721097128
93904b23,4,1,1,1.0376637148410772
93c06d4c,4,3,0,0.5461641580957264
93c72a97,4,2,0,0.8649123987568081
93c93585,4,1,0,0.4301565835209289
93cdae1c,4,3,0,0.540445394346868
93f8b501,4,2,0,0.3346391879792028
93fda84a,4,1,0,0.15815456508426884
9402b885,4,2,0,0.8231567766224634
9405bad1,4,1,0,0.2848723800107341
945d802a,4,2,1,0.559559215955637
94902bc9,4,3,1,1.3853560579609134
949f94e5,4,2,0,0.21100338499755794
94a1053b,4,3,1,0.8537530431965987
9508b72f,4,3,0,0.5983028460413802
9521093f,4,1,0,0.934499199320693
9540fa8e,4,2,0,0.3970877438310809
95488452,4,3,0,0.007190727682109155
954a4c2e,4,3,1,0.643518304281565
9568e659,4,3,2,1.2176278353223189
9570bfb7,4,2,0,0.1259087552849888
957dcb7f,4,1,1,0.21706627471145823
95cc96cc,4,3,0,0.09493191237139409
95e04c4b,4,3,0,0.12892147010999783
9646a500,4,2,0,0.34090167435580554
966161e7,4,2,0,0.08880827765323313
966fffd0,4,3,2,1.1072905363110253
96d6034f,4,3,0,0.058312515122211805
96de5f57,4,1,2,1.3364275154134755
978218e6,4,1,0,0.45146394426919
979a5c76,4,1,1,0.9281389133390718
97bb0cc0,4,2,2,0.7860816844515494
981568fa,4,2,0,0.6061685092471837
983bcb5b,4,1,0,1.3329133398332202
98413061,4,3,0,0.1698922372275446
9853fb61,4,3,0,0.7170268065106076
98a4be3f,4,1,0,1.2386447146828443
98a81a90,4,2,1,0.5983596398823028
98ed2153,4,1,2,0.868531021599027
99205f42,4,2,1,0.6012230143518943
99328d2e,4,2,0,0.7360352709922053
994ee014,4,1,0,0.39241907574288193
9977fb0f,4,3,0,0.5209498638636335
998115f3,4,1,1,0.5211602863395086
998cfa64,4,1,0,0.23530895481355651
99a1711f,4,2,1,1.1802825376147439
99a8a9e7,4,3,0,0.18760651770732129
99ec8c4a,4,2,0,0.44602736615921906
99f0cc53,4,1,0,0.23400621808393296
99f3be05,4,2,1,0.6593437561515939
9a2082cf,4,3,0,0.3973478622383999
9a50d2d8,4,2,0,0.920339012175704
9a5aed6c,4,2,0,0.8057119363380907
9a76906d,4,3,0,0.3392289253170496
9a7e4c38,4,2,0,0.541997721976869
9aa36639,4,2,0,0.11429279383267427
9aab3e36,4,1,0,0.40443997921755737
9ab4909f,4,1,1,1.0219748109847209
9b328d6c,4,2,2,0.8367222468412245
9b5f13ec,4,1,2,0.8752762765961268
9b96b0e4,4,3,0,0.4346665950107782
9bc60f80,4,2,1,0.42727043881299603
9bdd6964,4,1,1,0.2648314308975512
9c12f80d,4,1,0,0.2422029908205418
9c1ea003,4,1,1,0.6417237716064536
9c2df71f,4,3,0,0.04170044067902745
9c589c9d,4,3,0,0.1026876037702254
9c7a1561,4,3,0,0.19763229200921506
9c9cd7ef,4,2,1,0.4305537396035126
9cb303cb,4,1,0,1.4499650898093126
9cb32129,4,1,0,0.22516410413487664
9cba0d0e,4,3,1,0.689213208208329
9ce139d3,4,1,0,0.1274580502040074
9cee3c19,4,1,1,0.5143344288654439
9d0670dd,4,3,0,0.09633242998331376
9d1b2d2c,4,2,0,0.11802401226975984
9d29b706,4,3,2,0.730050317100551
9d39f0da,4,2,2,0.47721666978849236
9d5826bb,4,2,1,0.564019486344673
9d65adbf,4,1,1,0.9261669800111304
9d6b1410,4,3,0,0.31300286859171966
9dbdbebf,4,1,0,0.11784070677160341
9dc74359,4,2,0,1.292971940605458
9ddb06db,4,3,2,1.26054774720836
9ddfb9e6,4,1,1,0.918258331193677
9de6a614,4,2,0,0.8160260504818568
9e027e04,4,1,0,0.2839469572228262
9e052412,4,3,0,0.2588889682659003
9e171735,4,1,0,0.6861503210625514
9e4385f7,4,3,0,0.7548261115467053
9e7860ef,4,2,0,0.14586176828692465
9e964060,4,3,2,0.2727385485998307
9ebb73c7,4,3,0,0.5294361710767934
9f6b9158,4,3,2,0.7890365840649445
9f9be55c,4,2,2,0.6777339352043605
9fa5cdfd,4,3,0,0.2760513512044047
9fa68512,4,1,0,0.09865803662173106
9fb96ae3,4,2,2,1.1351170852617487
9fbc09a6,4,3,0,0.2389115019404342
9fbf31f9,4,1,0,0.26361942170569963
9fbfa81b,4,3,0,0.3440017585309945
9ff73d95,4,1,0,0.4661085741731612
a00c3ab0,4,2,3,1.470032756248587
a0182b17,4,2,0,0.7376941166825135
a0277c1c,4,1,0,0.3736749644891939
a032d7bb,4,3,0,0.48324289140962257
a0482f47,4,2,0,0.45914385856644724
a0497d5d,4,3,1,0.7843239334959583
a0510686,4,3,1,0.11798940645235612
a07ec6fb,4,3,1,0.6691196523932836
a0811cc1,4,2,0,0.5491257240119551
a08ebf6e,4,2,3,0.9244887161882254
a0dffdeb,4,1,1,0.3332004502597772
a148b46f,4,2,0,0.44532428030122523
a1814875,4,2,2,0.8274523897549687
a1942b0b,4,3,0,0.36086029617320153
a196148e,4,1,1,1.3870846281730638
a1ab89aa,4,2,0,0.0722650919156107
a1fe4f51,4,1,0,0.12910200456119442
a213c519,4,2,0,1.039542576429856
a217e790,4,1,0,0.3570462282543043
a21ad8c0,4,1,1,0.9978775635977286
a221c60c,4,2,1,1.064810176974407
a2240f50,4,2,2,0.7253471533215838
a263a68c,4,2,0,0.45197204289109016
a26c3e8f,4,3,1,0.30825194258069505
a297d1b9,4,3,0,0.2201540931305614
a2994e55,4,3,2,1.217663145423553
a2a8f352,4,2,0,0.13614648385420014
a302a015,4,2,1,0.28258204355247485
a30e6178,4,1,0,0.46521617051722186
a317c78a,4,2,0,0.5380651415696491
a3391798,4,3,0,0.2491001230117173
a3413f0a,4,2,0,0.33430881774634863
a363ec1b,4,2,1,0.9821517089245554
a3858c6a,4,1,0,0.9846459613134804
a38699a5,4,2,1,0.4364081653583554
a3abe528,4,2,2,0.48417628241218025
a3b146ca,4,1,0,0.31555007356075154
a3bd8858,4,3,1,1.1694980391090761
a3e53e34,4,2,1,0.591141484943077
a40c8316,4,1,2,0.9950808535294504
a4481101,4,2,0,0.6843137042197678
a45230f4,4,1,0,0.6941826024859548
a4530b41,4,1,0,0.16427201950831327
a457a4ab,4,2,0,0.2673327670196311
a49eda7f,4,2,0,0.7211550375620779
a4be0322,4,1,1,0.5765800960965175
a4c15213,4,3,0,0.3788792070846887
a4e0447e,4,1,0,0.564756378579119
a4f13c0d,4,2,0,0.7406266343156951
a5024ef9,4,2,2,0.45874770102731505
a5078c62,4,2,0,0.5786973345346637
a5356446,4,1,1,0.9331823892375672
a54d22e7,4,3,0,0.3005941982330049
a5710c0a,4,2,0,0.42723158409805967
a5974a7d,4,3,0,0.5537014421255236
a59b2411,4,2,0,1.1370847586016901
a5a737f3,4,1,0,0.3645800193667653
a5c87de6,4,1,0,0.3222965411329161
a5dbb00a,4,2,1,0.5075012261370434
a60b8575,4,2,2,1.4527321841982377
a62edc1c,4,3,1,0.10668532848251344
a65b2226,4,3,0,0.19425588571206082
a6969e1a,4,3,1,0.396657788010977
a69f89e2,4,2,0,0.30380995049461634
a6e72e9d,4,1,0,0.25576538485106226
a6fbb2e7,4,3,0,0.3418153583009993
a70bb2c5,4,3,0,0.6455196545712891
a70e9a7c,4,3,0,0.611309339128863
a722f648,4,3,1,0.5323054245703464
a7639eb5,4,3,2,1.132579564918411
a774c63b,4,3,0,0.5612907406720951
a78766db,4,3,0,0.7884980900062665
a7b9546a,4,2,0,0.38169811651615376
a7d2852d,4,3,1,1.1356471564645982
a814e825,4,1,0,0.5532759549476198
a84922d2,4,2,0,0.5053194857827071
a84ae7e0,4,3,1,0.7886431615911902
a886c07b,4,1,2,0.737064880397605
a88cd304,4,2,1,0.8924257724832392
a89284b2,4,2,0,0.23201104081557122
a8b0428d,4,2,1,1.1566951475377112
a922ef3f,4,3,2,0.38883079049382774
a9595acd,4,3,0,0.32742274683683087
a95b4487,4,1,0,0.45293533172806183
a971b3b1,4,3,0,0.13740039424255096
a9aa2336,4,3,0,0.7451758760847974
a9c3b925,4,1,0,0.4509831051495389
a9c53cdb,4,1,1,0.34579830323299376
a9c5f872,4,3,0,0.6799374914141161
a9e5794a,4,3,0,0.5022475500690199
aa1700c7,4,3,0,0.22443523283414568
aa295760,4,3,0,0.36624932023347756
aa61d9da,4,3,0,0.9520989951958689
aa776ef6,4,3,0,0.06978925131200975
aacb0b33,4,3,0,0.9213834013356409
aaefeff0,4,3,3,0.8106120487477508
ab16a20d,4,3,0,0.41886232817649577
ab1dc378,4,2,3,0.9881754884113247
ab36aa48,4,1,2,0.38944143933219577
ab4b6c15,4,1,1,0.6547512740265757
ab4fe82b,4,1,2,0.6531112813155902
ab54c39e,4,2,1,0.696115350946064
ab5889ef,4,2,0,0.14862883445899555
ab71f143,4,1,0,0.5253458536351345
ab987c75,4,1,0,0.3723005319989411
abac67cc,4,1,0,1.1794134632106401
abaf745c,4,2,0,0.24763468083060747
abb3b071,4,3,0,0.5502999791940756
abd1b232,4,3,2,1.180924099582702
ac29ec80,4,2,0,0.17948338123183133
ac31e154,4,1,0,0.4999803874315424
ac66c144,4,3,0,0.02815491890595001
acb75c15,4,1,0,0.6428942090785101
acde8e47,4,3,1,0.5298502568639947
ad1dfc9a,4,1,0,1.2744887670277856
ad380962,4,1,0,0.23007567367096382
ad8189bd,4,3,3,1.1346416600384601
ad8945e3,4,3,1,0.5795911886268981
adaf7461,4,1,1,0.5612373912516173
adba23f0,4,2,1,0.21409759313614246
ade50eba,4,1,1,1.4109910345620014
adf444ff,4,1,1,0.4542680750337278
adfef47a,4,3,0,0.061958751505222676
ae712150,4,1,0,0.6580742275527572
aea63a78,4,1,0,0.30901565528824554
aea92843,4,1,0,0.2769174694536823
aecc7e74,4,3,2,1.1163826047971073
af1c2775,4,3,2,1.1146456772916686
af485add,4,1,2,0.7999491251581766
af4f064e,4,3,0,0.26073842294188176
afa92c37,4,1,1,0.7891428130662747
afae8244,4,2,1,0.32494779427219594
aff48273,4,1,1,0.6435543098222076
b01cb004,4,3,0,0.29812406388194035
b074f33b,4,1,0,0.7362887318830459
b08f0ca4,4,3,1,0.010541454281340346
b092b360,4,3,0,0.6227804730295419
b0ab15a7,4,1,0,0.19193514732044664
b0e96997,4,3,1,0.43831966436746006
b120a337,4,1,0,0.48197302501962724
b13e0cd0,4,3,0,0.8700729333102586
b1883100,4,2,0,0.07038045790805414
b1a00510,4,2,1,0.25165556408803935
b1bc2fe4,4,2,0,0.11658510327309612
b1de4423,4,2,0,0.14042720767202976
b1f064ac,4,1,0,0.8403909817323438
b21f7b12,4,1,1,1.0072084564214188
b2382d94,4,2,0,0.13746668864456452
b23b9220,4,2,0,0.7627328054833452
b2594910,4,2,0,0.5203244652640385
b285eac6,4,2,2,0.18108840928012582
b2987a65,4,3,0,0.44693359232440527
b2a73566,4,2,0,0.863074176093199
b2b56219,4,3,1,0.424557608317662
b308c03e,4,3,1,0.7273299577415058
b318f1d9,4,3,0,0.18611527494929775
b31dd1bb,4,1,0,0.8097356471902868
b347b9cc,4,3,0,0.2492852053562169
b39504a7,4,1,2,0.828218605250856
b397a73e,4,2,1,0.35695366250081717
b3d74a58,4,2,0,0.13667374414717204
b3dade53,4,2,2,0.7965849153468136
b4002374,4,2,1,0.8191357341151277
b412866b,4,2,1,0.8904917945855024
b447e66d,4,3,1,0.2872397114976302
b452f767,4,1,0,0.3727359876425943
b463e777,4,1,1,0.2481638035337047
b4885e6f,4,3,3,1.0129565479156348
b494401a,4,3,0,0.6091545393662642
b4cfd8d7,4,3,0,0.6388023645041766
b4e69f09,4,3,0,0.19561826309609098
b516ca6f,4,3,0,0.5572870635840347
b53a8f23,4,1,2,0.38767380282137887
b55f7943,4,1,1,0.5538904524253948
b57e33a6,4,3,1,0.08635061326612697
b5a0707a,4,1,2,0.9383697904880509
b5b2d51c,4,1,0,0.3184876797663052
b5c2bc50,4,3,0,0.39535443801861353
b62a320b,4,3,1,0.32957325947601146
b64856e9,4,1,1,0.6116168699136084
b69bf1f7,4,1,0,0.7153456153847485
b6e9a65f,4,3,0,0.2169056016453293
b70db5d6,4,2,0,0.1155450066205802
b712b69b,4,2,2,0.9649677171578053
b746cbe3,4,3,0,0.19953534793417083
b78d5d2e,4,1,0,0.5101904363778035
b7a61f8d,4,1,0,0.13664481440869275
b7c410a9,4,3,0,0.4176856437635076
b7eb466c,4,3,0,0.5535768559609069
b7ec062d,4,2,1,0.9784162717221512
b802aec3,4,3,1,0.8806521299912178
b816d8d5,4,1,0,0.47297307588286525
b89b8154,4,1,0,0.38845008435434386
b8b48fbf,4,2,0,0.5068484010342966
b8bf20f9,4,2,0,0.4010384997637402
b8df3d7c,4,1,0,0.3494848485172818
b92be605,4,2,0,0.4658357205010793
b93e1e41,4,3,0,0.49218891753017063
b94ec4a1,4,1,0,0.5102798391541995
b95aad8d,4,3,2,1.0291737055970984
b95da85d,4,2,2,0.7115800978550614
b96e3324,4,2,0,0.12954846626179933
b9b22bff,4,3,0,1.2687377637309907
b9cf3f7c,4,3,1,1.0933485925775672
b9d3616c,4,1,2,0.9561295368538756
b9dcf632,4,2,0,0.26241480281558405
b9e20ba6,4,2,0,0.49516770707203794
b9e90f7f,4,2,2,0.9674641040076766
b9eeb8fa,4,3,0,0.26546572668802815
ba09d63f,4,1,0,0.4476862767483346
ba158a9c,4,2,0,0.7612382263002024
ba29cfb3,4,3,0,0.18042686994973778
ba42462b,4,3,0,0.2785795554561891
ba4294b3,4,1,0,0.5055337132603803
ba73bc7c,4,2,1,0.7440324227533216
bafc4389,4,2,1,0.3775967670512831
bb0d7d92,4,3,2,0.9314182602542738
bb808a71,4,3,0,0.7730954050486296
bba6ff20,4,1,0,0.540390721604495
bbd71a7c,4,3,2,0.8477672541660389
bc06600f,4,1,1,0.8955303274231945
bc0c0f03,4,3,0,0.2727140067086337
bc1ec029,4,3,0,0.5681208084224925
bc437705,4,1,0,0.1920937549544131
bc4eaf77,4,1,3,1.008607900127005
bc6bd8b2,4,3,0,0.2934065576248501
bc817a4c,4,2,0,0.15184911749101804
bc95339a,4,2,0,0.33411357118704943
bccebc5a,4,3,0,0.6682881705275903
bce32ada,4,1,1,0.5335091661299712
bd124dbc,4,3,1,0.5918135705702704
bd480331,4,3,0,0.5824784640620659
bd713fb8,4,3,0,0.3625981868786078
bd8397cb,4,1,0,1.0209072962707664
bd932d04,4,2,2,1.2720484112895816
bdbd1afd,4,1,0,0.9572283350302713
bdbdc4b5,4,3,0,0.35474850714948436
bdbff28b,4,2,0,0.9955998332845567
bdcc7d10,4,3,0,0.32752453847321555
bdcddd09,4,2,1,0.5822869951737552
be1c3b0e,4,2,0,1.0558246380120728
be210bc7,4,3,2,1.2046513915245392
be26335a,4,2,1,0.9972861773109738
be9ba5f7,4,2,0,0.9321232193735787
be9e9a8e,4,2,0,0.47600807073997453
bea525dc,4,3,0,0.6283194551895034
bedeb6f3,4,3,0,0.19181174975263787
bee4eab0,4,1,1,0.7231397617129282
bee51adb,4,3,0,0.4198502562318098
bef259fd,4,2,1,1.035568669249724
bef89ce4,4,3,0,0.2943044649549566
bf0942bc,4,1,0,0.6680347099944602
bf31e0a7,4,1,0,0.16985015561376893
bfade1ba,4,3,0,0.21380778664886602
bfb421f9,4,3,2,0.6841763363129981
c00c663c,4,3,1,0.6995835910661783
c0442863,4,3,2,0.9865005259434836
c0869eb0,4,1,0,0.3762469084931504
c087b48a,4,2,1,0.9130933897594753
c09d41cd,4,2,0,0.6965097786139005
c0a7d046,4,1,0,1.0201508723726413
c0adc389,4,2,2,1.0760279401465058
c0d5b3f3,4,1,0,0.77661794667089
c0f2a046,4,3,0,0.5944068074350751
c1200b71,4,3,0,0.09123024913398436
c1373df0,4,3,1,0.3057885596870034
c192715a,4,3,0,0.7966491858760177
c1add876,4,3,1,0.5086583008574348
c1ed20ef,4,2,1,0.33204320022742434
c24c877a,4,3,0,0.03115514840947431
c274a243,4,1,0,0.13659315955438844
c294b507,4,2,1,0.5165392363873428
c2adf42c,4,3,1,0.9202691125455584
c2b40d6f,4,2,0,0.5067545293939679
c2bac6ad,4,2,2,1.0247779009322464
c2bac92a,4,2,0,0.7216011667544449
c2ea6e54,4,1,0,0.37436326838172007
c3061b23,4,3,0,0.5460835637653965
c308b134,4,2,3,0.849907510283969
c31a5825,4,3,2,0.22262071808285538
c37ef416,4,1,0,0.44654459366353605
c38a5c9b,4,2,2,1.1058406109350059
c391e9c0,4,2,1,0.5651834752994802
c3a3f61e,4,1,0,0.44157041042931566
c3adae87,4,1,2,0.6655667061769025
c3b87e5c,4,3,0,0.21952271693672143
c3d46daf,4,3,2,0.8368430942881475
c3dde859,4,1,0,0.25833157370854054
c409bc9d,4,3,0,0.10039393863226764
c40bb352,4,1,1,0.3064773689900793
c418e47a,4,3,1,1.0811285376323654
c42b7972,4,3,0,0.767717903127825
c446e1c5,4,1,2,0.9619568533782314
c45068a1,4,3,1,1.0456326727497072
c459095b,4,1,2,1.041408461184671
c4a681dc,4,2,1,0.22488466355968229
c4aa8d47,4,2,0,0.1822534550811492
c4c2076b,4,1,0,0.2343092816046563
c51c1139,4,1,0,0.23293185083554263
c5462e87,4,2,1,0.343086368912961
c55187b4,4,1,0,1.1518958922398868
c5c891c1,4,1,0,0.5497491991164866
c5cfaeae,4,3,2,0.7397458284858762
c5e91ebc,4,3,0,0.4094578994046793
c5f3d60c,4,2,0,0.10270468956886752
c6287031,4,1,1,0.8475093164183825
c6313b18,4,2,0,0.4553677004610852
c63f1965,4,2,0,0.43395191639254493
c6575d38,4,3,2,1.518841400032311
c66daa08,4,1,2,0.9660170382864052
c678730b,4,3,0,0.33703129409618593
c68c9809,4,3,1,0.6959888640913883
c69ffa09,4,3,0,1.159119054473082
c6b7811e,4,1,2,0.320457701991916
c6cb894a,4,1,0,0.5597774186704609
c6cc7467,4,1,0,1.2676869212387425
c6d4b453,4,2,1,0.21060177403193397
c6da0d4b,4,2,0,0.43486386382628306
c6ead822,4,1,1,0.9448947440211839
c6fd800e,4,1,0,0.20247061589408516
c706a54d,4,1,0,0.11802204726626075
c731458f,4,2,1,0.6971124139299671
c73dd2e4,4,1,0,0.5505038783844477
c73f149c,4,1,0,0.38086084254412333
c79039af,4,3,1,0.22632496677735658
c805ebe7,4,2,0,0.13543816564250116
c8270746,4,1,1,0.8374732043547229
c892f324,4,1,0,0.21322316416935272
c8cc2e1b,4,3,0,0.212256566359541
c8d6b871,4,3,0,0.47756401647535585
c8fbbc8a,4,1,0,0.5538861971263931
c9133895,4,3,1,0.5644368271485459
c9537127,4,2,0,0.4749597480332356
c9600298,4,2,0,0.26642737932780586
c96b9609,4,1,0,0.1991759288166381
c98527f7,4,1,0,0.2646390425472548
c9879365,4,1,0,0.5347711353669385
c9902f48,4,3,1,0.3966095553037632
c9a57335,4,2,0,0.2201617501695789
c9ad9c75,4,2,0,0.8829260949776161
c9d47171,4,2,2,0.37006428064946306
c9dabad5,4,2,0,0.44181699232954397
c9e419e7,4,1,0,0.2915669026641464
ca1bdcd3,4,2,0,0.18955004097299144
ca33a5e7,4,3,2,0.31574956258386494
cad3bc70,4,1,2,1.1569360266295021
cadd4ae5,4,1,0,0.4979323681416596
cae0531e,4,1,1,0.8910423918556122
cae31194,4,3,0,0.3425777682105934
caec8d59,4,2,2,1.196701000540978
cb2752bc,4,3,1,0.6777008254336468
cb73fed9,4,1,0,0.22800238606350515
cba1c8b5,4,3,0,0.6885448455943831
cba39753,4,2,0,0.8390697728312899
cbb1ddec,4,2,2,0.4540286547479164
cbca33a5,4,3,0,0.4794479746441579
cc010b72,4,3,0,0.13037477298589928
cc224be2,4,3,0,0.3908999809211897
cc25e136,4,3,2,1.0129015860956632
cc477243,4,2,0,0.5245823029075565
ccc9db97,4,3,1,1.3082734820697426
ccd0fe74,4,1,2,0.9817369457119669
ccd3cb96,4,2,0,0.26557312955875073
ccdb4ae5,4,1,0,0.4817261662352358
cd144127,4,2,0,0.422134221213196
cd39e576,4,2,0,0.45840423904470545
cd68643b,4,2,0,0.12519966279235228
cd8ec8ac,4,1,0,0.5038850571802079
cd8f3c61,4,3,0,0.22045739312465185
cd92eaf6,4,2,0,0.4508229660883635
ce031b1b,4,1,0,0.4116547601127986
ce379a6a,4,1,1,0.6616127620930488
ce6eeadf,4,2,1,1.0699507250773845
ce95b2e1,4,2,2,0.9468718019603779
cea35700,4,3,0,0.42665487870321095
cefdb7fe,4,3,1,0.8197050505458983
cf0d6d38,4,2,0,0.2816633580182126
cf1b9d44,4,3,0,0.7792234345396238
cf86987d,4,2,2,1.1417808034568506
cfcf9dc9,4,2,2,0.16973070556032605
cfe4cf40,4,3,1,0.6689303840120295
d00b493e,4,1,0,0.6044728097864327
d0429481,4,1,3,1.2489362185449875
d05f5d71,4,3,2,0.6872868115412138
d08806a2,4,3,1,0.5243490449063761
d0ac4f1c,4,3,0,1.2417949323419655
d11428bd,4,3,0,0.6270809604581974
d1145910,4,2,1,1.0121034774421906
d14d79b5,4,1,0,0.330059910717912
d1a38988,4,2,0,0.39800490784245385
d1aa6625,4,2,0,0.44696713654432874
d1aafc4e,4,1,1,0.9253258996264838
d1ab95e5,4,2,0,0.4424032791405861
d22e7168,4,1,0,0.6134205840065025
d2b84f45,4,2,1,0.9910015967752959
d2bcca68,4,2,0,0.4250022911950211
d2d9b474,4,3,0,0.5907960407455367
d2fcde50,4,3,0,0.2697598223709502
d3b860ab,4,3,1,0.13225109390448753
d3bf6d28,4,1,1,0.8344368703981733
d3da09e8,4,3,1,1.157199119446521
d3eda827,4,1,0,0.07700951239228349
d42454d4,4,2,0,0.42439215618753656
d4337a28,4,3,0,0.25960603392356785
d45bae93,4,3,0,1.3538745698973043
d476f528,4,3,2,0.689087995898697
d4b935f8,4,1,0,0.9519850435495264
d4bfc83f,4,3,1,0.07881800372204528
d4c2e9a1,4,3,0,0.1649688943571408
d4d2f272,4,2,1,0.7687367907496813
d4d9f7f9,4,1,0,0.24324262468695007
d4f3e585,4,2,2,0.9126884018055039
d50a8c3c,4,2,1,0.8453929776481616
d53ead5c,4,3,0,0.3342410200306298
d547d0da,4,3,1,0.5112968695840686
d565ccf6,4,2,0,0.6281466343796523
d57380cf,4,2,2,0.9250875140604541
d57802c5,4,2,0,0.41339127530792064
d57f6c9e,4,3,2,0.8542629416461217
d5874bad,4,2,1,1.041173315189261
d5a8d9b0,4,3,2,1.1040949049204927
d5b089a4,4,1,1,0.6566923431057743
d5cebbfc,4,1,1,0.47273425068698005
d5fb07d2,4,3,1,0.7349600272248971
d5fde276,4,2,1,0.3910334899977368
d6007386,4,1,1,0.6509655582005538
d61359ee,4,1,0,0.08495627820144636
d6251195,4,1,0,0.1505385119348578
d661ddf7,4,1,1,0.6272084371809072
d66aed49,4,3,0,0.3584784248047674
d6776176,4,2,0,0.20631218554208042
d6add300,4,3,1,1.0551168940476618
d6be0a92,4,2,2,0.4882636979703911
d6c4d9eb,4,1,0,0.4943596101193565
d6c6baa5,4,2,0,0.7141900986297862
d6e613bc,4,2,0,0.847673077450447
d77ac332,4,3,2,1.053890260724024
d788a6a8,4,2,1,0.325546175339883
d78c55fb,4,3,2,0.9014696633213017
d78f437c,4,3,0,0.10851602796942622
d7c063b4,4,1,1,0.20572552089008822
d8037389,4,1,1,0.8450229163589571
d8196954,4,3,0,0.10828480077531444
d81f28d3,4,1,0,0.20725324919297344
d85a62b3,4,1,2,0.5315499741598256
d85b7c71,4,3,1,0.5020373716174708
d87d3d03,4,1,0,0.44488200843550696
d87e2d01,4,1,1,0.8323870995989388
d8a78157,4,3,1,0.9211546193840165
d8b066ad,4,1,2,0.6278608073257363
d90900e1,4,2,0,0.39749628578533097
d94c91bf,4,3,0,0.2032439532839735
d980da40,4,2,0,0.1763731942285215
d98be7a1,4,2,0,0.10259746267790576
d9ae9a13,4,3,1,0.7531689330417533
d9c82502,4,1,2,0.30849476078048954
d9eb30bf,4,2,0,0.9989947135198454
da0001de,4,3,1,0.161158412476283
da09ed4b,4,3,0,1.016260940329936
da15064a,4,3,1,0.5507900675302246
da1b21b1,4,3,0,0.16942812870786128
da5a8921,4,2,0,0.19324576935453103
da94e67d,4,1,2,0.9555823449499352
daa9b0aa,4,1,0,0.22701054385573644
dacc2f83,4,2,0,0.8991877509870054
dacfdb2c,4,3,0,0.19087885339043903
daf3969c,4,1,2,0.9425242488896703
db38d1f9,4,1,1,0.7210886910292813
db3b1dd1,4,3,0,0.3022304554619394
db49ac7c,4,1,0,0.7961592086711864
db609511,4,2,0,0.09207694872950317
db746de0,4,1,0,0.6487796388428019
dbfa6d84,4,3,0,0.1016532174668549
dc168599,4,3,0,0.346822378097444
dc33dcef,4,1,0,0.48128054713933743
dc4e9e2f,4,3,0,0.658637479899166
dc52906a,4,3,1,0.40399969287059123
dc6870da,4,2,0,0.45079780055625274
dc81eac1,4,1,1,0.4432634070615663
dce2a54d,4,2,1,0.4440142080615636
dcffa5d6,4,3,0,0.3372533943959628
dd02cfa1,4,2,1,0.5228158515696995
dd689eb0,4,3,0,0.059536921492250094
dd747bba,4,2,0,0.3398497521550546
dd9c9576,4,1,0,0.41905072109558394
ddd9a88d,4,3,0,0.9227882447391227
de3750cc,4,2,0,0.153218330780254
de3ecca9,4,3,2,0.751976504575721
de742c5c,4,1,2,1.0049282317964086
de961552,4,1,1,0.30500158866382154
dea0552b,4,2,1,1.0376678291135317
dee8b1bd,4,3,2,0.6782806915720498
dee9eb9c,4,3,0,0.7236826521839463
df4a0fee,4,3,0,0.5364215575598272
df4ab9b1,4,1,1,0.9433513088343797
df4d2085,4,3,1,0.4970432790135709
df556fd2,4,1,3,1.0716335888168715
df98fbb4,4,1,2,0.5778897766482076
dfd87763,4,2,0,0.3175523712752584
e016d96c,4,2,0,0.6267160791960193
e0271395,4,1,0,0.2003922882539274
e0283d3d,4,1,0,0.10442307953774999
e049dab1,4,3,0,0.4936392321386469
e0655da2,4,3,0,0.17953362198318285
e0706ce2,4,1,1,0.44366800173551657
e072b994,4,1,0,0.11234594287918703
e0736134,4,3,0,0.42475314765560857
e0767d64,4,2,2,1.0801342491398638
e0869709,4,2,2,1.0187222622153036
e0a7f42a,4,1,1,0.6017143319735472
e0ad6550,4,2,2,0.33107963322499756
e0c4e965,4,2,0,0.628573791120621
e0db55b1,4,1,1,0.9425002541878262
e0e35d4e,4,3,1,1.091648837120624
e0eb3ea8,4,2,2,0.6056641034165556
e0fb3838,4,1,0,0.09160394656839693
e11be9c1,4,1,0,0.6303509660358246
e12c2944,4,2,2,0.6903753208032493
e15fe97b,4,2,0,0.5466369509845322
e16a4784,4,1,3,1.382795771379356
e17b9cae,4,1,2,1.0916124307095059
e199d438,4,2,1,0.8473203956485258
e1a4575f,4,1,0,0.3286943763353822
e1af39f8,4,2,1,0.5559821131888542
e1ccc3d1,4,1,0,0.19093425008311893
e1e02e28,4,1,0,0.25834340064968564
e21255e2,4,2,1,0.7842052605822214
e22cf08a,4,3,0,0.2371860791742163
e23a8a0a,4,2,0,0.30753076053278694
e243119c,4,2,0,0.37012699361993295
e252dcb6,4,3,2,1.2825535954995697
e28c0bfa,4,1,1,0.7214288798156229
e296c5e4,4,2,0,0.2056335213657638
e2cb8401,4,3,0,1.3298786414801294
e2d370a2,4,2,1,0.739286840724516
e2fcc91e,4,2,0,0.32062360504305554
e315fdd7,4,1,0,0.9496978431933528
e318ec9a,4,3,0,0.29808774815114547
e328a032,4,1,0,0.5468795118480541
e345b271,4,3,1,0.2734472980755884
e34b9430,4,1,1,1.100750204965041
e362108f,4,1,0,0.6316930763831594
e37d000b,4,2,0,0.2647923685440977
e3a6f97f,4,2,1,1.0683890125989062
e3aa85a3,4,3,0,0.35200493224390617
e3aa9dcb,4,2,1,0.8901735342930484
e3af914a,4,2,1,0.7081562261631955
e3bce7e1,4,2,0,0.7437727578426145
e3cec795,4,2,1,0.20069499780521793
e3d5aab8,4,3,0,0.08482773059373244
e3f71f7a,4,3,0,1.0296374668552166
e40319d7,4,2,1,0.5275356446864463
e46417a7,4,3,0,0.005425760034149962
e4762a2b,4,2,1,0.6089759794181554
e47c1eb7,4,3,1,0.6813226751588132
e4a2e3bc,4,2,2,0.6020781871050412
e4ab3b12,4,2,0,0.2032004107902713
e4b47411,4,3,1,0.568982747803422
e4d5bf2b,4,1,1,0.7219834298815306
e4db6712,4,2,1,0.5129654702411807
e4e58096,4,1,0,0.5622656060927527
e4ee6ff3,4,3,0,0.9907916774149363
e5349ce2,4,3,0,0.19841990281909871
e537418f,4,2,1,1.069960006140573
e56b2209,4,1,0,0.3637863017841415
e5b902bc,4,1,2,0.811347319904808
e5d77ff3,4,3,1,0.8339311115684696
e6169c6d,4,1,0,0.2866341128062944
e63000c5,4,1,0,0.10349809376012942
e63a0ea8,4,1,0,0.12762637930618853
e664dd71,4,3,1,0.053320468390202436
e683d2c9,4,3,1,0.6861010785112993
e715739b,4,2,1,0.499069833545211
e72af462,4,3,1,0.7759967732326769
e739c579,4,3,1,0.9721818795603845
e7401605,4,3,0,0.11113675477892004
e754411f,4,2,0,0.8248968369451013
e76ad778,4,1,2,0.9464519959651323
e79487a3,4,2,0,0.21868326112132624
e7d08824,4,1,0,0.8932612216287606
e7db432d,4,1,0,0.9931047960111354
e7db9aef,4,2,2,0.7494529564061014
e8313da5,4,3,1,0.23172130740870045
e86bb780,4,3,0,0.1103777910259075
e88aa867,4,1,0,1.2842786692458719
e892aec6,4,3,1,0.262039286006257
e8ac21d2,4,2,2,0.6852214346361984
e8af663d,4,3,0,0.5214964409420084
e8b64419,4,3,0,0.7929234461724575
e8d9d5ea,4,3,0,0.5702639017675684
e9030ab7,4,1,2,0.8568172276768753
e912c973,4,2,1,1.2075221022047147
e93cce44,4,1,1,0.46958885187072447
e96763c1,4,2,1,0.7795261699207087
e96da61f,4,1,0,0.2642954292720932
e9a6c514,4,1,0,0.3073832146898549
e9b642a3,4,3,1,1.2589441085879167
e9ca5586,4,3,0,0.41930298719856196
e9d94c4e,4,3,0,0.5588818958672805
ea38bd63,4,1,2,1.4116814467912284
ea4619ec,4,3,0,0.416927114781608
ea544af3,4,1,0,1.1000507521668876
ea7277b4,4,3,0,0.4319163964931932
ea7adcd6,4,3,0,0.7315521846064428
eaa4821d,4,1,0,0.14958726470170258
eaab7a96,4,2,0,0.6605106225244287
eac08386,4,3,0,0.19135353188332505
ead25f13,4,2,1,0.30461529861891606
ead871be,4,3,2,-0.0059974172518665325
eaedb188,4,2,0,0.44159499636564037
eb5c46b0,4,1,0,1.335605927940076
eb749e46,4,3,2,1.1630828593350797
eb93a46a,4,2,0,0.24685456682963802
eb9a846d,4,2,0,0.5408753471902465
eba27772,4,2,0,0.1584601855762055
ebd15fdc,4,2,1,0.6568400409735125
ebd6f819,4,1,1,0.8309013529248044
ebf2b0c9,4,2,0,0.46729296651047825
ec015bbb,4,2,0,0.09051417058663003
ec0f4afa,4,2,0,0.41761141584796535
ec13a1b9,4,1,2,0.3671659665723497
ec220299,4,2,0,0.8549677487163816
ec4a1461,4,3,2,1.0311993119081355
ec619149,4,2,0,0.7088777268825696
ec65cd62,4,3,0,0.4532856738679232
ec6b57b4,4,3,0,0.7037951091849146
ec850b10,4,1,0,0.9217176568171934
ec890dbd,4,2,1,0.38391710342858154
ec9044f5,4,1,0,0.61998499272013
ec9179b7,4,1,0,0.13464353645554078
ecb1c038,4,1,1,0.48929042977457216
ecbdbe55,4,3,0,0.22574194963054134
ecd25dd1,4,1,0,1.163758448089213
ed0b3906,4,1,2,1.4248351412256774
ed329c15,4,1,1,0.8966378435081406
ed50a6f6,4,3,2,0.7214131778044152
ed711416,4,2,1,0.3958609845319248
edb9d0f3,4,2,0,0.3044880858472724
edbf35f3,4,1,2,1.2067238504437126
edc44560,4,1,0,0.6838967618213379
edca760c,4,2,1,0.6518111998127576
edeec50d,4,1,0,0.3795060013172441
edfe1f8d,4,3,1,0.7888365889359011
ee0fa75a,4,2,1,1.0815904465866324
ee2bf575,4,3,2,0.897284663892126
ee654259,4,1,1,0.19520991656720388
ee74be35,4,2,0,0.519729656447972
eea74d46,4,2,1,0.19195814013996415
eec0d188,4,2,0,0.23928854665157928
eeedcd5e,4,3,1,0.7880698647651561
eeefa792,4,3,0,0.43838838209734066
eef79620,4,2,0,0.9282615331386036
eefeb431,4,2,0,0.7874123687331978
ef07f833,4,3,0,0.12222529955689831
ef1b858a,4,2,0,0.19767347755572978
ef4ae515,4,2,0,0.13857486302549116
ef58dd3c,4,1,0,0.7120287529076713
efa35d35,4,2,0,0.4496376807769785
efc2bc05,4,2,0,0.7261615834719245
efcef0d6,4,1,0,0.7185839187756956
f015a18c,4,3,0,1.1751840592809024
f043be76,4,3,0,0.7725439830747456
f0957ca1,4,2,2,0.685538143369669
f09a076a,4,2,1,0.879772036674691
f0b5d026,4,3,2,0.7119886576168801
f0d76b32,4,3,1,0.5076046354957838
f1049268,4,1,1,0.6654810053725898
f11e17c0,4,3,1,1.2186102813048207
f13cb65e,4,2,2,0.6402807965644837
f14e55d7,4,2,0,0.9642208167442877
f15dca1b,4,1,1,0.6425908425733107
f1702318,4,2,1,0.5446935781541974
f1a16e58,4,3,1,0.5518835242334904
f1baabc1,4,2,1,0.31996932386406746
f1bd0f59,4,3,0,0.8087696292839076
f1c3cb6b,4,1,1,0.9268630671200189
f1ee75bf,4,1,1,0.36785655954857716
f220a837,4,3,1,0.8404455369557855
f240387a,4,2,1,0.368747143870174
f2499682,4,2,0,0.1731221686794977
f2649b91,4,2,1,0.7964045561409847
f285b43c,4,2,1,1.0187261972521955
f29d4094,4,1,1,1.131460346077191
f2d4efd8,4,2,2,0.8389271543526796
f301e7a9,4,1,0,0.3821166269527173
f3020788,4,1,2,1.2437659779227004
f35b607c,4,1,0,0.7108823384004791
f3600deb,4,3,1,0.37405081572702303
f3a1dd3b,4,1,1,0.6609939637393175
f3aac45a,4,3,1,1.0312881597270152
f3d22832,4,2,0,0.4122118472971027
f3fbe6c9,4,1,0,0.8177147196746916
f4114031,4,1,1,0.7882665213663504
f420b05a,4,3,0,0.19945097118915767
f4223e3a,4,1,2,0.41971106944042313
f44f1227,4,1,0,0.4112864083934026
f47a67cc,4,2,0,0.117951291130868
f497dd7b,4,1,0,0.5384932973592153
f4d2f5af,4,3,2,0.7432114837490392
f4ece6b5,4,1,0,0.24431056824523906
f5369cea,4,1,0,0.14530682951977353
f566e5cc,4,3,1,0.7906061797530338
f567a1af,4,1,0,0.18610753230210714
f584742f,4,3,1,1.1032123472551767
f58ddd4a,4,1,1,0.6036405891635237
f5b2acf0,4,1,1,0.4558864068357293
f5d4c82e,4,3,1,1.0128033730776131
f5e64c94,4,2,1,0.7573490916004765
f6284dcb,4,2,0,0.41632975385514065
f62b317d,4,1,0,0.7679965000113623
f64ae747,4,3,2,0.7743424978987664
f64e1d85,4,3,2,0.37449298376659257
f64f877b,4,1,0,0.2990305016670153
f67908e7,4,2,0,0.2958892376933309
f6b719ee,4,2,0,0.12419686835180493
f6c0e2b7,4,2,1,1.0647848302074028
f6cc80a9,4,2,0,1.2070875578233902
f6d3a5ad,4,3,0,0.4607783879003994
f6d6f400,4,2,0,0.9919929649040877
f6d879aa,4,2,1,0.9396058213181544
f74c45c1,4,3,1,0.8699913589781865
f74eda33,4,3,2,0.6943856008341722
f75c957f,4,2,0,0.10378074432637985
f77c2636,4,3,1,0.9157007486670334
f7b1374e,4,2,1,0.8094959529006711
f7fc97cf,4,3,0,1.0732907795173157
f804c9f3,4,1,1,0.8312652809713241
f81598bf,4,2,1,0.5322682997693288
f848f42b,4,3,1,0.4221615448026983
f8674e15,4,3,1,0.5860338082697422
f869d220,4,3,1,1.2646835591027856
f8b08332,4,3,0,0.5347952253635534
f8bf4a1c,4,1,0,1.276073427666434
f8d293a0,4,2,0,0.15652740566772644
f8e3467e,4,1,1,0.409986537259344
f922ae21,4,1,0,0.6099751911640442
f93010a8,4,2,0,0.46363567843463765
f9334e08,4,1,1,0.0870341414268786
f9384fa2,4,3,1,0.9563823753838254
f958efdc,4,3,0,0.7587550139540791
f9897bf1,4,1,1,0.2387019092302785
fa293db8,4,2,0,0.4085424270551705
fa29ab47,4,2,0,0.22800866606740883
fa34f945,4,3,1,1.285065696844625
fa3e1e21,4,2,0,0.26890631262798004
fa472647,4,2,1,0.5991167865045154
fa4f0329,4,2,0,0.43412373764859236
fa62d7b1,4,2,0,0.5880619065761366
fa633e39,4,3,0,0.5153585610543494
fa78d819,4,3,2,1.315949885563621
fa9a0add,4,2,0,0.131748458486931
fad07fce,4,1,0,0.5063288287226555
fb04f7dd,4,2,2,0.32782018493073745
fb22e454,4,1,0,0.7539067552743464
fb2ddbd1,4,1,2,0.5025121395908572
fb9982a2,4,3,0,0.22292955688787075
fb9b060f,4,2,2,1.4033449636078292
fbb39bfe,4,1,2,0.9203626632014851
fbc6ade7,4,2,1,0.13038259793015217
fbda3966,4,1,1,0.6747241480184143
fc1912e3,4,3,1,0.7145251535258368
fc2c2c08,4,2,0,0.3542766780465865
fc49ba65,4,1,0,0.17853924905498492
fc8e4de4,4,2,0,0.31588275252437426
fd028ecc,4,2,0,0.17606990167274228
fd0d9bca,4,3,0,0.05076037745584894
fd3448d9,4,1,2,0.4827577673670307
fd5589f6,4,3,0,0.2113517809570507
fd56e059,4,1,0,0.3616626140234411
fdb6b48b,4,1,0,0.5501136732692323
fdc11b96,4,1,0,1.2315521196065529
fdd9799f,4,3,1,1.2090018200990225
fdea7d9e,4,3,1,0.9564866836673769
fdf4691f,4,2,0,0.5538064969232356
fe102a25,4,3,1,0.35892359603803026
fe5e2dc9,4,3,2,0.5351651983080095
fe9c71d8,4,1,0,0.2516121118473213
feb53635,4,1,2,1.463563098267306
fecc07d6,4,1,0,0.14327832844964833
fee07f32,4,2,0,0.3022980108910589
fefaffe0,4,2,0,0.4922167844148537
ff18b749,4,2,0,0.4935700974626316
ff6c2bb8,4,2,0,0.4705254821003679
ff759544,4,1,1,0.22188139926845402
ff8a2de4,4,3,1,0.8264139674747544
ffcd4dbd,4,2,1,0.7896855601530591
00008ff9,5,3,2,0.46018453672779974
000fd460,5,2,0,0.3122386359893781
00105258,5,3,0,0.5374987386320501
00115b9f,5,3,1,0.21654412248992444
001f3379,5,2,1,0.6692541966968848
0038ba98,5,1,0,0.7444929209640643
00abe655,5,3,0,0.4974097572697146
00ae59c9,5,3,1,0.7841573140748179
00d56d4b,5,3,0,0.014787351587884467
00e6167c,5,1,0,0.6097302034650802
00f332d1,5,2,1,0.900502689078483
00f574e9,5,2,0,1.1519014525283584
01085eb3,5,1,0,0.952629940449256
011e71c3,5,3,0,0.8944116525894905
012cadd8,5,3,0,0.3974668811633514
012e3869,5,2,0,0.14241862774821507
015ba5b1,5,1,2,1.0988209172006576
01cae1ef,5,2,0,0.7265684302868654
02073150,5,1,0,0.21455737496750332
0219f64a,5,2,2,0.4726422693923251
02347f13,5,2,0,0.7833473599985687
026102c4,5,2,0,0.18517890294145528
02648a1c,5,2,0,0.6357891311302943
026fcbc3,5,3,0,0.7278528995985387
02a01f18,5,2,0,0.22892920377100762
02cebf33,5,2,1,1.0496433232463307
02cf7384,5,3,0,1.0132052897289767
02e56a7c,5,1,0,0.42412776841686317
034f923b,5,3,0,1.258579086283706
0357a10e,5,1,1,0.3112399235672741
035c96dd,5,1,0,0.5651129934867786
0380e709,5,2,2,0.6983659282332384
03833cec,5,2,0,0.20246131532834089
03a5c2d6,5,1,0,0.5579433606303645
03a9019b,5,3,1,0.6190322104662137
03bf5026,5,3,0,0.41338408715361663
03f1c1c8,5,3,2,0.8117172151497469
045a0a94,5,2,2,1.1018775770938778
0499c3e8,5,1,1,0.6122022506170413
04af8fdd,5,1,0,0.520611864614059
04afb6f9,5,3,2,0.8212366012770522
04b3cc70,5,1,0,0.4312605166276223
04bb1a76,5,2,2,0.6719774800899576
04cb2c30,5,2,1,0.47032822153990705
04dc7df1,5,3,1,0.4139395837709916
04f094a8,5,2,1,0.580415969085962
0506b9cd,5,3,1,1.3361423615956882
051680a0,5,2,1,0.334414579206993
051f73ae,5,3,0,0.46865895089088555
055156e2,5,1,2,1.1971939824898077
05777ce1,5,3,2,1.4662861460042809
0598f669,5,1,0,0.48586226838462365
059e02ab,5,1,1,0.8382238124884959
05bbed1b,5,3,0,-0.009366055604679069
05bc318e,5,3,1,0.870259841175622
05d3d73a,5,3,0,0.24787652201713606
05db1b9b,5,2,0,0.3962653968679113
05e67680,5,1,0,0.5838784164512228
05e94f88,5,2,0,0.337938739682104
05f2d1b5,5,3,0,0.19730345699030044
0632d98a,5,3,0,0.43940665758843295
063b16fc,5,1,1,0.8471972979154636
064e8da5,5,3,0,-0.016008114052628697
065801e3,5,3,0,0.717581267127253
066343d4,5,2,0,0.33077885772505017
0668373f,5,3,2,0.43441306908541455
067b9287,5,3,1,0.4723288458464906
06c7dcff,5,3,0,0.4230192204842885
06c8b2fb,5,2,0,0.09422987444332798
06eb8adb,5,3,0,0.1157531427867941
06ec8be3,5,1,1,0.39761346494472943
070386b2,5,1,0,0.6385930480562568
07048067,5,1,1,0.7091130427071228
0745c390,5,3,1,0.6220774633138977
077ac7a2,5,2,1,0.24569067122947086
07d879cf,5,2,1,0.7614658989334513
080698b7,5,3,0,0.6064561442515555
08159c5e,5,3,0,0.6592298739012223
08660d12,5,1,2,0.9574272807391802
086d6e7f,5,2,0,0.22052907547452394
0884aca8,5,1,0,0.4911577697632136
089a6b19,5,2,0,0.9493311289415869
08fa44ad,5,1,1,0.3172710715405299
092494ec,5,2,1,1.195949604206103
0924b815,5,3,1,0.1253967145855885
092c29b9,5,2,0,0.27264654108986186
096bf063,5,2,2,0.7852662420163802
0983654b,5,2,0,0.34529830353635865
098b5836,5,1,2,1.0471903142255878
098d3c32,5,1,0,0.3160435195729693
099e3614,5,2,0,0.5725707612767021
09b29113,5,1,0,0.21017471425993556
09d80057,5,3,1,0.2785251886473567
09eeec14,5,2,2,0.3802960411439857
09f44fd2,5,1,0,0.268586962544134
0a1afc11,5,2,0,0.2270600060688312
0a418b57,5,3,1,0.5735841067311646
0a540797,5,3,0,0.3045704304244583
0a775819,5,2,2,1.1398378663137723
0a822c93,5,1,1,0.9158141417025943
0a9159f8,5,3,0,0.4622242723045577
0a995f99,5,3,0,0.4053373484092611
0aa90ce7,5,3,0,0.572200113585547
0aaf08ec,5,3,1,0.7054384445748305
0ac521c8,5,3,3,0.965561267643966
0ac5e12f,5,2,1,0.32458109973537597
0acac70c,5,3,1,1.0729778982681597
0adf511d,5,1,1,0.4725775710067494
0afb2535,5,3,0,0.4590576633367393
0b4f597e,5,2,0,0.16958588976398015
0b50f3fa,5,1,1,0.5406569525149674
0b518637,5,3,0,0.12005478458108038
0b6b07f6,5,1,0,0.27692358738319567
0b7d7aec,5,1,0,0.8171072877953403
0b7d9da6,5,3,0,0.23686966978538132
0b9fcc42,5,1,2,0.41932363802300643
0ba53e53,5,3,2,0.12525539129472069
0bd89878,5,1,0,0.2774520139535275
0bdace00,5,1,0,0.3496866659089567
0bfe4fc9,5,2,1,0.6937880528207537
0c0a1576,5,3,0,-0.03942991110965022
0c3d88cb,5,2,0,0.23035704654092143
0c4e2d68,5,3,0,-0.0033638292943629633
0c4eabac,5,3,0,0.12769847597411493
0c794cf7,5,1,0,0.16465858676574174
0c83af0f,5,2,2,0.6207305390695615
0c8efce0,5,3,0,0.1562587657912453
0c98f822,5,1,1,1.039814024520551
0ca08054,5,3,2,0.3050390001023423
0cbe4e54,5,3,0,0.6770368910692979
0d01bbf2,5,2,0,0.32934148622352005
0d279d77,5,3,0,0.6090026984694328
0d34aee4,5,3,1,0.9009707056056022
0d394928,5,3,0,0.3328605002373854
0d4800c8,5,1,1,0.9785267750609705
0d4fa8f4,5,2,1,0.16501877862046266
0d74d0ed,5,2,0,0.8347451249355142
0d924604,5,2,0,0.2185323479697835
0ddab8ff,5,2,0,0.23755057090778164
0de01ae7,5,3,1,0.9014116077042942
0df44f9e,5,1,2,0.9227738378317256
0e1cf9b8,5,2,0,0.2486440610208494
0e1f7fed,5,1,0,0.23339942685671633
0e3b0bd2,5,2,0,0.13553099388750078
0e951124,5,1,3,0.9017420740342854
0e9c1be6,5,3,1,0.5073334418641646
0ec403df,5,1,2,0.9796279332794549
0ed2a3c8,5,1,1,0.3198318019040243
0eddd8e5,5,1,0,0.4714983521140375
0ee70b3e,5,3,1,0.753440090978156
0f9b8e65,5,3,1,0.6012236345405857
0fbb3ca5,5,3,1,1.4214337447152858
0fc19fd9,5,1,0,0.15783383709504112
0ff6ac09,5,3,0,0.5493705856327208
101774f0,5,1,0,0.10869308336030187
10258585,5,2,1,0.20380032997701658
105e3f96,5,1,0,0.6830851658672866
108b8659,5,2,0,0.16399684409876442
10ad8c48,5,3,2,1.181719156592833
10be7f09,5,3,0,0.059564912630900024
113f5798,5,1,2,0.8226387845983422
115d3db4,5,3,1,0.36942796870350636
11739de2,5,1,0,0.6143689037666078
118b7733,5,2,1,0.39833603728465
119d7562,5,2,1,1.168186509488648
119dd2e1,5,2,1,0.3402067280431364
119e181e,5,2,0,0.08971060487988408
11be5d2e,5,1,1,0.7604490774219466
11d1a5ac,5,1,0,0.5448008168643278
11f7253c,5,2,3,1.3780289461413666
11f9b26c,5,1,0,0.14661754509463742
12380b06,5,1,0,0.7139440708422115
1286dab7,5,3,0,0.13354774105408018
12a607f6,5,2,1,0.40433167403978665
12cbf30c,5,3,0,0.955798380570489
12cfb064,5,2,0,0.12525726925297326
12f37ff2,5,2,1,0.2054002555953529
1307c41a,5,3,0,0.3434656035634224
1314bc8c,5,3,0,0.9040396268555563
136894bc,5,3,0,1.0699604176115582
137baaec,5,2,2,0.631946086795962
13a5e288,5,3,0,0.2763872212105986
13cdb63a,5,2,0,0.11491700669294785
13d23890,5,2,0,0.8553000145279993
13d2c419,5,1,0,0.1622967496389171
13e46923,5,1,2,0.5156477238968865
13eee030,5,1,1,0.6318927823244239
14109652,5,1,2,0.9398753732810947
1420b16e,5,2,1,0.8834575569154722
1429abf1,5,1,0,0.326502242706778
144a9a79,5,3,2,0.4544051122108052
1455e657,5,1,0,0.11214467453654958
14568d61,5,2,1,0.28975990205484703
1458a9d2,5,1,0,0.3623132995231484
1470a1df,5,2,1,0.5143037501700346
147c4374,5,1,0,0.14539003073602746
14a6e58e,5,3,0,0.37337225845733635
14b3d6e5,5,1,0,0.13839270384369062
14b8dd2a,5,3,0,0.7491152773514979
14b999b6,5,2,0,0.49669734640398544
14c12974,5,3,0,0.06610363206380221
14dae995,5,1,0,0.7383798876356665
14e00ce0,5,1,0,0.1807397401604372
14eac885,5,1,2,0.7570430470550501
15227eef,5,1,0,0.776551106076325
154d1191,5,3,1,0.05113577423497839
1551c806,5,3,1,1.086562660865889
1562998a,5,1,0,0.9407319194354749
157b271f,5,2,3,1.175705588365049
15a2364d,5,2,1,0.7493338655906651
15d702f8,5,1,0,0.3458143297290106
15dbc929,5,3,0,0.20682632763560915
15f217a6,5,2,1,0.6134007960151072
15f2e240,5,1,0,0.22579213373747853
1606f203,5,3,0,0.41035734778909244
1649ce22,5,1,0,0.29682870191851984
164b29ed,5,1,0,0.29435534072254305
164edc75,5,1,2,0.9436847402468067
16bf9efe,5,1,0,0.6626274578548722
16e277aa,5,1,0,0.7042264500004606
1713348a,5,3,0,0.36920489830018866
176f33fb,5,2,0,0.26396004327765876
177f25ab,5,2,1,0.4925596503916486
17b08109,5,1,0,0.2882420667350227
17c1ae23,5,1,1,0.3781847683900318
17e9cba0,5,3,2,1.1197016642718989
18154f3a,5,2,1,0.8408410797701982
1824417f,5,2,3,1.1805717858848461
1837456f,5,2,0,0.6655638402119722
18400e8e,5,1,1,0.7930731047393004
18506cf3,5,1,0,0.5697147570836228
1894884e,5,3,0,0.1282608302936482
18962676,5,3,0,0.16180684494015196
18ab47f8,5,2,0,0.18603687563022459
18b79e9b,5,2,2,0.33110431416513797
18b8b2f6,5,1,1,0.3147238694790837
18f6e6db,5,2,0,0.28716395136301126
18fdbccc,5,3,0,0.31987393078993365
19098ef0,5,1,0,0.8239781469100397
1911731d,5,2,0,0.12142404691626774
19381499,5,1,2,0.7903335925481908
1943fb23,5,1,0,0.30955925053291955
19455336,5,3,1,0.894270997403521
1949438b,5,2,2,0.40650324392932546
1957153d,5,2,2,0.40130253023052875
198e50c9,5,1,0,1.100814492135786
19b095d5,5,1,0,0.3140332363384719
19c49039,5,2,1,1.032065732566602
19cc95e8,5,1,0,0.40706887802230385
1a1e8ac5,5,1,0,0.1875154149005161
1a23d282,5,1,1,0.722164053481665
1a2412b3,5,2,0,0.6090300231006086
1a803bfe,5,1,0,0.33327763879001926
1a9f8375,5,2,0,0.5011572315935193
1aae1de3,5,3,0,0.8348740990559336
1afa48fe,5,1,0,0.3759114013384152
1aff6762,5,2,2,1.0145972207645615
1b2cd439,5,3,0,0.6779085339074795
1b2eea8f,5,1,2,0.9022416799547306
1b329556,5,2,2,0.762858524425448
1b49c870,5,2,0,0.4007324452028988
1b5b34bc,5,3,1,0.49121131603092877
1b5fb26f,5,1,0,0.6395429958909763
1b6be334,5,1,2,0.7421736659341371
1b6fb363,5,2,1,0.6108832327151357
1b73fce0,5,1,0,0.271211548915786
1c063ebc,5,2,0,0.07743913958771986
1c23295e,5,1,0,0.7209988735054015
1c3b7f1a,5,2,0,0.4847062544463788
1c3c2b2f,5,2,1,0.2256993957897523
1c5ba087,5,3,1,0.884273390895296
1c66daf4,5,3,0,0.6441159022671924
1c6ac3d4,5,1,0,0.33565659672604564
1ccf44f0,5,3,0,0.21075582979841817
1cf6dcef,5,1,1,0.296106311673442
1d02812a,5,1,0,0.8641762193998401
1d041232,5,1,0,0.7555378937662113
1d11d488,5,3,0,1.2251209339842313
1d78b3c3,5,1,0,0.45971912536622833
1d7edb86,5,3,2,0.8250400552287063
1da37c60,5,1,2,0.6910063663093755
1dd90b53,5,1,2,0.7634245684031146
1de3c240,5,1,0,0.20376844016630324
1dfd6433,5,3,1,0.6827712254633882
1e08b1dc,5,2,1,0.854931066614378
1e7dd854,5,3,0,0.20807592302336542
1e87baed,5,3,0,0.48003147939046054
1e986f93,5,2,0,0.1020963934889777
1eb206f0,5,2,0,0.6779065299132808
1eea376f,5,3,0,1.2408942999821302
1eedf45e,5,1,1,0.5499235361521702
1f2164a4,5,3,1,0.07833317849557686
1f5835cd,5,2,0,0.18306316515774773
1f5cefcc,5,1,1,0.6751331113143824
1f7bd44c,5,3,0,0.13685654994274848
1f881e3d,5,3,0,0.8388943016144945
1fc07a80,5,3,0,0.5750225082036393
1feb42f2,5,3,2,0.6772608984380659
1fed3943,5,3,0,0.3355433581984471
1ffede3b,5,3,0,0.7184759342463858
20cefbaf,5,1,0,0.6074721900727863
20d7ecfd,5,2,1,0.6381164037645735
20df4cab,5,2,0,0.2358231625230537
20e8ca68,5,3,0,0.52297597578436
2114473a,5,3,0,0.4381569725483284
214f46e8,5,2,1,0.6143002893605095
215ca39b,5,1,1,0.5279396264203797
217ce5e6,5,3,1,1.1174824530478142
218faf6f,5,3,0,0.14044918722856325
21a76448,5,3,1,0.7905317580707307
21b835ac,5,2,0,0.2059903603079432
21c62163,5,3,1,0.4518598467487658
21e5833c,5,2,0,0.5227847397042884
21eb6d47,5,2,0,0.9746583496934504
21f58fba,5,1,0,0.33099763356838835
221e37e0,5,3,0,0.32454582213899924
22375702,5,1,1,1.3906988547609274
22447a95,5,3,0,1.3285902987620337
224fc39a,5,3,2,1.0076075790293455
22536a61,5,2,0,0.8210429429492347
22a71606,5,3,0,0.07960842445074467
22b4191a,5,1,1,0.6270525335650917
22c72c4e,5,2,2,0.4931503857500946
22e44415,5,3,0,0.29819266123340843
231f6db4,5,2,1,0.2685647753297147
232b7cb1,5,3,0,1.0331705050731423
233b9425,5,3,0,0.3016291550250217
2340e84a,5,3,0,0.46212087515388217
236d450e,5,2,1,0.31260691581916705
236ecde8,5,1,0,0.2436954471958192
23d1a58d,5,2,0,0.8239282438623121
23dafdab,5,1,0,0.45464731073336717
23e024bd,5,2,0,0.8899044048883218
23e71e7c,5,3,1,1.4259678461000898
23e7f79b,5,2,1,0.5492357714114092
24398aed,5,2,0,0.19397436677691
247172f9,5,3,0,0.4381190659928902
249b6d68,5,3,0,0.9354276246679805
249d2266,5,3,0,0.2609620393003605
24a3b16d,5,1,1,1.0022070128182081
24b4bc6d,5,2,1,0.31037047235648596
24b75658,5,1,0,0.23880884458656293
24dac645,5,1,0,0.5101204709803026
24fb56db,5,2,2,1.0289584571109773
252ebc5b,5,3,2,0.6236167773192044
253f5cb1,5,3,1,1.68481997801236
25849c6c,5,3,1,0.43714377312519
2586774b,5,3,0,0.557667324563049
25a3a723,5,2,0,0.6038751600689227
25e752c8,5,3,0,0.1544280972793281
25eba023,5,3,0,0.07466166880285197
260f542b,5,1,0,0.24866127593724452
26190ddd,5,3,0,0.40550501055464827
2625767f,5,2,0,1.054805548209432
26a4b61b,5,1,1,0.6076435808665518
26b1792f,5,2,0,0.25658834266152397
26b893f4,5,3,2,0.5489184165011077
26d31613,5,1,1,0.9854003174715245
26d541c2,5,2,0,0.5486127949425245
2715347c,5,1,1,0.8811963063211488
2760be91,5,2,2,0.4653716351345084
27724073,5,3,1,0.706373885023208
277f5b32,5,2,2,0.8003274457510832
278e8a51,5,1,0,0.16617696827715228
279d0ec4,5,2,0,0.5069041377207137
27cd2a6c,5,3,2,0.8995871508818967
27d7e5e4,5,3,0,0.19236431808645565
281174c9,5,1,0,0.6418667442781448
2812951b,5,2,0,0.5038023356038737
2840643b,5,1,1,0.23020863177191286
287f1349,5,2,0,0.848599988311243
2891e36b,5,1,0,0.7140395119040895
2898269f,5,3,0,0.14057955695813817
28b91cf3,5,2,0,0.1929374319421467
28ba92e9,5,3,0,0.41764273762985865
28e8b2b2,5,3,0,0.39243450335988783
28f7e6ff,5,2,2,0.5535682878801921
28f99ddb,5,2,0,0.5779047111159172
2911ef94,5,2,2,0.9730902696682378
29587a31,5,3,0,0.30110020756226347
29886a85,5,2,0,0.2771785970237693
29a1d334,5,2,0,0.35863531041951335
29b37b4a,5,3,2,1.7272904878112136
29c54890,5,3,0,0.7183466568120401
29e4911b,5,2,0,0.09205210021053795
2a0b8386,5,3,0,0.6867183834103635
2a3fcf9a,5,3,0,0.03052311514159478
2a6a6b92,5,3,0,0.6868497779752044
2a7b5b79,5,2,1,0.4318197947184448
2a85889c,5,1,1,0.48191608059044316
2a922ca4,5,1,0,0.21430447795894864
2a9e0dee,5,2,0,0.5774152881972365
2aa15e6b,5,3,1,0.2650143230232289
2aab37ac,5,2,0,0.4461662762272033
2ac0bd9f,5,3,1,0.7971558812394205
2af3c8d8,5,2,1,1.1085775030161371
2afea280,5,1,1,0.9260146893981405
2b574ef7,5,3,0,0.12676004691424536
2bac0893,5,2,0,0.8542571206508847
2bad0db7,5,2,0,0.8138908093271279
2bbcfd43,5,3,0,0.1740046177841051
2bca454a,5,3,0,0.6021833477759166
2beaaf7a,5,2,1,0.6475026836385304
2bfc9187,5,2,0,0.6835683928698895
2c2dc20d,5,3,2,0.48038502205826944
2c3b09db,5,2,1,0.6352752754864007
2c406043,5,3,0,-0.01267561401557915
2c49257f,5,2,0,0.5096992122128512
2c54d6c5,5,3,0,0.4666921936916811
2c56c930,5,1,0,0.5037193869913421
2c9a90e9,5,2,1,1.2414176402882575
2ca2206f,5,2,1,0.8483493221329312
2ca9811d,5,1,1,1.0093847320811855
2cc4b720,5,1,0,0.2869078259053559
2cd9b5a3,5,3,1,0.515104500895001
2cda86bd,5,2,2,1.2640520642059334
2d0bbbd3,5,3,0,0.6835146598021298
2d286c59,5,1,0,0.6478408346392508
2d3ba6fa,5,3,1,0.21931330196542487
2da6bf6e,5,1,0,0.14401485164666822
2dbdfe11,5,3,2,0.5052946939479224
2e16053c,5,2,1,0.6543042829986782
2e17c497,5,3,1,0.3335346490605121
2e42573e,5,3,0,0.16774349673234118
2e4e045a,5,1,0,0.24022345152989127
2e5f5207,5,2,1,0.5948188227840666
2e7d888c,5,3,1,0.7142414582678873
2e8c9884,5,1,0,0.2007795287465164
2ea277d5,5,3,2,0.5508410610171053
2ebdadbc,5,3,0,0.26674057627071546
2ee0a1e8,5,1,1,1.0595554421232674
2f0f2949,5,2,0,1.1697597805716593
2f12de00,5,1,1,0.5802509952514036
2f154763,5,2,0,0.15797810074657193
2f1af08a,5,2,0,0.14235561594005314
2f6b484c,5,3,0,0.061159594620322055
2f72f441,5,1,0,0.05920692552688589
2f7f0eb7,5,2,0,0.28724319764503364
2f81950d,5,1,0,0.20741539598893555
2f8ec752,5,3,0,0.42862816332587966
2fc568f6,5,2,1,0.9270916538364641
2fef897e,5,1,0,0.5824178977413615
2ff729d3,5,1,0,0.9198805637325597
3046a5c7,5,2,0,0.31396171712299265
3055881a,5,1,0,0.8922602733305238
3065aa2f,5,1,0,0.6355222459948948
3093d29f,5,3,1,0.7444167843464726
30ac8a84,5,2,2,0.5957429332290117
30b3f203,5,2,2,0.9413217507377236
30ba4252,5,3,0,0.2923633764906392
3133a6c9,5,1,1,0.5806542617734994
31349d8b,5,3,0,0.9432291679065381
3134b69f,5,3,1,0.7126220219005582
3146f878,5,1,0,0.33743074658994454
318ccc0e,5,2,0,0.40191034049137825
31d7a136,5,1,0,0.1846560175476829
31ddec50,5,2,0,0.9851702750645082
31f01671,5,3,0,0.08849940620263391
321202d4,5,1,1,0.578860226151084
3216b978,5,3,1,1.0572235169338664
323ea319,5,1,0,0.5344883783965763
3268c574,5,3,1,1.0354274382186617
326c23c2,5,2,0,0.554447021247766
327ef356,5,3,1,0.6861269909291703
32a9dac0,5,2,2,0.6010386889277628
32b8490d,5,1,0,0.522699127153982
32d0ebca,5,1,0,0.7220575705376457
32d262c2,5,2,0,0.4090102509557433
3305a981,5,3,2,1.242358612440925
331733c7,5,1,1,0.7635660728483162
333be478,5,1,1,0.5705173792229515
338146bd,5,1,0,0.650193149818177
3399795b,5,1,1,0.377830370765526
33a499ce,5,2,1,0.7609502490763163
33d60f7d,5,1,2,0.4593030708588473
33fe1b04,5,1,0,0.6986681908554396
342d43c7,5,2,1,0.8273121095481731
342edae9,5,3,1,0.14447202334202974
343460ab,5,1,3,1.5523898058057277
34362a9a,5,3,1,0.4465531306690777
3466c72a,5,3,1,0.4821740149509876
34c30fad,5,1,2,0.8645311733902459
34eb79f9,5,1,0,0.741367027169678
34ec5de4,5,3,0,0.7980565731960194
350dbeba,5,2,0,0.6452964397869482
35198c2d,5,1,2,1.0375175821161475
351cd4ec,5,3,1,0.4580267047596398
35265670,5,1,1,0.41613367482786107
35d2aa41,5,3,0,1.2182123410619923
35daea65,5,1,0,0.13869367505200425
35fa2ebf,5,3,3,1.1814270313151758
36146fe1,5,2,0,0.9591733384150384
36473697,5,2,1,0.7770273420003149
36530d36,5,2,0,0.30410833411678295
3655395c,5,2,0,0.35412697426761086
36b8c9e5,5,2,1,0.5995121104233592
36c060b9,5,1,2,1.3366529381932994
36c1f189,5,2,0,0.23352135377353644
36e77bf0,5,1,1,0.511931578127021
36fda5de,5,2,0,0.12556961369999192
370b47c4,5,1,0,0.8319079077155033
372a7950,5,3,1,0.6726425211616442
3738db26,5,2,2,0.9264525667418202
376e617f,5,3,2,0.9655413899436567
37995242,5,1,0,0.08312938608534648
37bcfa7e,5,3,0,1.0058496128431926
380029ef,5,2,0,0.41951057305477457
3820a945,5,3,0,1.2724135909195264
3826be66,5,3,1,1.703113348247675
384c3f27,5,1,0,1.2235188999319115
385819e6,5,1,1,0.27307647065968504
385a6557,5,1,0,0.45368183219232994
3875d4de,5,3,0,0.855363520671377
38cccd6d,5,1,2,0.9002403487114614
38d53b92,5,1,0,0.455398996540788
38ee12e7,5,3,0,0.8922438768453306
3901e707,5,3,0,0.10743439432907176
3913797d,5,1,0,0.5203659767324464
3918d854,5,3,0,0.02727935762018585
3934e29c,5,1,2,1.358117143987003
394684ae,5,1,0,0.7307663913392113
394a6219,5,2,0,0.2139145578906096
3950aa00,5,3,0,0.903751610480839
397efe7a,5,3,0,0.34264970979604364
3983d3cd,5,2,0,0.6389539749810605
3999e449,5,2,0,0.5942387777678406
39bdbb00,5,2,0,0.1085124863596611
39c20e2a,5,2,0,0.7148519617323699
39d626f4,5,2,0,0.5751159936646195
39dd3538,5,1,0,0.1371935731679405
39fb1ad0,5,3,2,0.8445977494205814
3a33d579,5,1,1,0.5484855760039284
3a594acf,5,3,1,0.6643361419876956
3a9d7bd6,5,2,0,0.23151496742106092
3ab0b1ff,5,3,1,1.0334867504228786
3acb5be3,5,1,0,0.279782128345377
3ae4ee9b,5,1,1,0.9242393199445844
3b047021,5,2,0,0.27486980290415736
3b112284,5,2,0,0.13100621103429483
3b1b9538,5,3,1,1.0134924561909209
3ba48ca7,5,1,0,0.4758162451762591
3c2cf08e,5,3,0,0.14228749739803098
3c5c85e7,5,1,0,0.6519486376381244
3c7a7f32,5,1,0,1.1243462186741515
3c8f474a,5,1,0,0.3658280773905089
3ca35642,5,1,1,0.7054416749995893
3cc9cfa6,5,3,0,0.1958007013973198
3cd8802e,5,2,0,0.6428795679382725
3d20d9a7,5,1,0,0.7208726810127989
3d2c0bc5,5,2,1,0.8165703208717562
3d3dd3ae,5,3,0,0.8293075941554195
3d3fb503,5,3,0,0.24125545546181237
3d46429f,5,3,2,1.0949840980547099
3d48430d,5,3,0,0.19994027214151405
3d6143f3,5,2,0,0.17395190588424297
3d736110,5,3,1,0.8299571389541586
3d8531f5,5,1,0,0.44749055623043055
3dcbc164,5,3,1,0.9235600541580752
3de1a622,5,2,0,0.16600844219188665
3de6a21c,5,2,0,0.15675158123410982
3e377cb7,5,1,0,0.5063945689854162
3e398bf9,5,3,2,0.9032817202256687
3e5d5b58,5,1,1,0.11851536239146465
3e5ee48c,5,3,0,1.0384842490398238
3e7ee995,5,1,1,1.201336093854728
3e9fd8d6,5,1,2,1.183598599754251
3ebfbb4c,5,1,1,0.17562787385155898
3ede35d1,5,2,0,0.502462296964711
3f20e14b,5,2,1,0.7467744904943799
3f2141da,5,3,0,0.47281995757101875
3f3a70c8,5,1,1,1.1660213899664478
3f3d3809,5,3,0,0.10242903902191497
3fe59141,5,1,0,0.773774356489909
3fe78116,5,1,0,0.6816561970584378
40087bc5,5,3,2,1.1688140901480863
40898508,5,3,0,0.9917022646799567
408bed19,5,2,0,0.41358008784909306
4093774d,5,2,1,0.8538149596716297
40aae75f,5,3,0,0.844158826728682
40b904b3,5,1,1,0.5116827368015763
40cdadfc,5,3,0,0.26336876837316747
40e95163,5,3,0,0.2605274780881623
41052ced,5,2,0,0.4852320761955369
41185f8e,5,1,2,0.9946373048875881
4128aee6,5,2,0,0.29748450847804564
4157be55,5,2,2,1.1871261617267694
415d5a1a,5,3,0,0.8866060185361886
416b6ba2,5,1,0,0.20153134678934748
4177e5e5,5,3,1,0.5570184377011489
41974cde,5,1,0,0.3780636959823809
419d05c6,5,1,2,1.100931522376663
41cfd1db,5,3,3,1.491147028850571
41d48900,5,1,0,0.6721901008291931
423610ac,5,2,1,0.43929812821716685
4248261f,5,1,0,0.16601048073962932
427037b2,5,1,0,0.19331592682853976
427fad9e,5,3,2,0.9035502755083465
4280076d,5,1,0,0.45375768385566395
428970d4,5,2,1,0.7459857732679139
428c37ea,5,1,0,0.46069019543992407
429cc266,5,2,0,0.30671490741218543
42aa29fb,5,2,1,0.4603188017771155
42c6f67a,5,2,0,0.22996874754133467
42dfc9dd,5,2,2,1.0490894995157196
4307d287,5,2,1,1.084119592815997
432a4c21,5,3,1,0.8505443335818617
432aff11,5,3,0,0.14530541920281004
43720c15,5,2,0,0.8590340478971841
43d43363,5,3,3,1.5754540595366122
43e54b20,5,3,1,0.40545798911863595
43f44f6c,5,2,2,0.6307886498082563
43f5d3c5,5,1,1,0.5007661101907204
43fdba8b,5,2,0,0.3351840407424944
440acf4f,5,2,0,0.14423309579572346
444131bc,5,1,0,0.26129554108547326
4442c376,5,1,0,0.32130204338501084
446757cb,5,1,1,1.028699408950313
44b8622c,5,3,0,0.9567712208497903
44cbf5c5,5,2,0,0.26173500931413635
44eaea78,5,2,2,0.7586023271221722
4507da27,5,1,1,1.0123393465985278
4518ed77,5,3,0,0.2868366142615875
451b0cd9,5,2,0,0.1957376298354358
451c11b3,5,1,0,0.679849571226443
4570c8b8,5,1,0,0.35833927972439833
45ea366f,5,3,0,0.14620727056791394
45eb32f2,5,2,2,0.959901440291195
46170319,5,2,0,0.189713583981651
464a75fb,5,1,1,1.3903777192864164
465d3273,5,2,1,0.818269862353651
466752d9,5,1,0,0.5102611610916108
467c549f,5,1,0,0.24330918973826482
46850373,5,2,0,0.3487226659774323
471e4d12,5,1,2,1.159973194642101
47240aa3,5,3,0,0.2908270283316282
47350ac6,5,2,0,0.8855666063014054
475ebe47,5,2,0,0.19803311079366737
4777151c,5,1,2,0.9578722095589847
47a52eb8,5,1,1,1.105833805902191
47c1f368,5,2,2,1.1314127213262204
47c3b47c,5,3,1,0.25222657390789033
47c55e13,5,2,0,0.5101602827713415
47fef4fc,5,1,0,0.31130949586818696
4829f7ca,5,2,0,0.6664278023790488
4859a9f9,5,1,0,0.16926484960921884
485d7c69,5,2,0,0.4583817830911436
489fa831,5,3,1,0.5214439591685078
48c205d9,5,3,0,0.5577921060305954
48db8ecf,5,1,0,0.20427829716050977
48e69212,5,2,0,0.4024102051518966
491bf457,5,2,0,0.5616332853810803
4940a214,5,1,1,0.7806385116947888
494eba8a,5,2,0,0.4063154379324426
4950e24c,5,3,0,0.9008355327290356
499d4499,5,1,0,1.0294778640003401
49a1931d,5,3,0,0.38778971454733363
49e4eade,5,1,0,0.47526273499424654
49f38606,5,1,0,0.25199628778383987
4a0b1b9d,5,1,1,0.677304083255999
4a1440d9,5,3,2,0.4206177582677675
4a17b463,5,1,0,0.2671237133404513
4a21eb0c,5,3,0,0.953628919796218
4a3b6521,5,1,1,0.35543765796574456
4a4a0f78,5,1,2,1.0556938203760367
4a62661a,5,2,1,0.4743460653608206
4a68d751,5,3,1,0.9007030269182814
4a69e534,5,3,0,0.10316710655395295
4a6ea9de,5,3,2,0.7672122217928461
4aa87859,5,2,0,0.35024763691461164
4afa8a76,5,3,0,-0.008213120279601305
4b1f6855,5,1,0,0.3161105093481039
4b20bce7,5,1,0,0.3370882457588702
4b3c7594,5,3,1,0.26763511502039083
4b3db4f4,5,3,0,0.3970901973782046
4b51db3e,5,1,0,0.09106463204167325
4b71830a,5,2,1,0.8274534426362486
4c238671,5,3,1,0.72033786765384
4c8dfaf0,5,2,2,0.5643830202065365
4ca242ea,5,3,1,1.0101185442284428
4cabd7aa,5,3,0,0.8732747240398651
4cde1e34,5,3,1,0.443243266830873
4d19854c,5,3,1,0.4777780234521251
4d2d9ef3,5,2,0,0.12897931797304674
4d41bb62,5,2,0,0.10473240477131701
4d5a8ce7,5,3,2,0.9677905616070491
4da4aba2,5,2,2,0.9214935624047784
4dc4ed56,5,2,0,0.46228332512008985
4dc86a42,5,2,0,0.33397791140949834
4dfb4e1d,5,2,2,1.0435434576457454
4e052db0,5,1,0,0.8347391692126811
4e314e47,5,3,0,0.17690778763261622
4e58d463,5,1,0,0.534186628571791
4e6c7a75,5,2,1,0.4139624223796885
4e85505f,5,1,2,0.9043313981696415
4ea4e6c9,5,1,0,0.23258975383327302
4eade67b,5,3,0,0.4086557963802534
4edb98d8,5,3,2,0.8940210964289104
4f059221,5,2,0,0.08922587492299533
4f20b188,5,1,0,0.4193260474662204
4f2d0925,5,2,1,0.6199190495012294
4f3b33ba,5,3,1,0.32993940948079054
4f93504a,5,1,0,1.226818146031853
4f96d1e7,5,1,0,0.24600712056176688
4fd7e043,5,2,0,0.24297330500026088
4fe97569,5,3,0,0.8582720996765381
4ffa995b,5,1,0,1.2183940251961953
50242fa0,5,2,1,0.20668507562064758
504ed32b,5,3,0,0.18518310382823522
50707f1e,5,3,0,0.5145121292539564
508a0f98,5,3,2,0.9396704778878524
50a90725,5,1,1,1.0918672262418982
5124169c,5,1,1,0.8769290709603926
5132511c,5,1,1,1.1466842777869095
51364c23,5,3,2,0.72146384756541
515dd683,5,1,1,0.7514065742935787
5180ff75,5,2,0,1.2123195541373306
518e5ae6,5,2,0,0.1949346444370202
51a349db,5,3,0,0.6844433935321181
51c15d22,5,1,1,1.1440166843565513
51eb8d14,5,3,0,0.5879734456489356
51f38b37,5,3,1,1.3873951054684768
51f3feb4,5,1,0,0.33055024001751554
5216ef61,5,2,1,0.9956302180157313
52219dbb,5,2,1,0.501514058310064
5264bb0e,5,3,1,1.1206256273490696
526f719b,5,2,0,0.2476784852096105
527e796c,5,2,2,0.4595999451288873
528db82d,5,1,1,0.7215391842814213
52bd147c,5,3,0,0.4073543676388086
52e9e467,5,1,0,0.6217484695180441
5320dac6,5,2,0,0.8088401353446899
53621b84,5,3,0,0.9850584819634286
537dc410,5,3,2,1.4109727463174575
53814642,5,3,1,0.38262472150731636
53905a2c,5,2,1,0.475902248660682
53cf99f2,5,2,0,0.28154915811986453
53d20dc3,5,2,0,0.08882929998757982
53ea1e7c,5,3,0,0.235339337013804
53faf893,5,2,0,0.0648648450245074
546bfb18,5,3,0,0.2136543437970339
54854783,5,3,0,0.5684023863192211
54868027,5,3,0,0.17748224818435587
54945f30,5,1,0,0.6922529861468496
549712ab,5,1,2,1.101932692614895
54b35de5,5,2,0,1.3811742480244629
54c87d3c,5,1,2,0.4326061352797204
54fef303,5,2,0,0.6267802374666139
54ffe872,5,3,1,0.2701729467614946
55464fb7,5,1,1,0.3728757109243752
554e46e9,5,1,2,0.6654485055751354
556604d2,5,2,2,0.9483152913570376
5588f518,5,3,1,0.36688915081435886
55edb6ed,5,3,1,1.3531230294477514
55f9338e,5,1,0,0.35031420137488983
561f2797,5,3,0,0.23210856689931875
5637a5a4,5,2,0,0.18280756755760613
563ebc00,5,3,1,0.285492515941499
56418caf,5,1,2,0.61215641702142
56443aba,5,1,1,0.5190397254982865
56761daf,5,3,2,0.9019788069453782
567ecea5,5,1,0,0.471371170504683
567fd23a,5,2,1,1.016104074021392
568eb64b,5,1,2,1.0617086630350512
56c99b23,5,3,0,0.23674571377108072
56cb7161,5,1,0,0.22091584515302726
56d9dead,5,2,0,0.1831388760070513
56ef356c,5,2,0,0.2731856893705767
571907fc,5,3,0,0.531155280398044
574599a8,5,2,0,0.190200091865743
574cb902,5,2,0,0.19552648072697265
5775ec58,5,1,1,0.8228523011842928
5779f2e9,5,2,0,0.3343258509656929
57c4f2b4,5,1,0,0.6092798708324916
57de6095,5,3,0,0.12717257511691588
57f6fa6c,5,3,0,0.05703770689908105
580a30c5,5,2,2,1.087272693452904
58391429,5,2,2,1.2022530973098768
58900fd0,5,2,0,0.12803120540103818
58a255e6,5,1,0,0.2803201594210401
58ada72e,5,1,1,0.5945870840396841
58de61f0,5,2,1,0.8763942865743877
58dfccdb,5,1,0,0.4936416604412295
592adca0,5,3,0,0.33699205282347017
59307c13,5,1,2,0.6115722354828879
593a7148,5,3,1,0.2497553719824121
593b5cfa,5,3,0,0.16146965243121875
59402969,5,3,1,1.2277783055071771
5985f299,5,1,0,0.1888613431419085
599850d0,5,2,0,0.24439126235885256
59b7fc28,5,1,0,0.1371833067824526
59d7a3a9,5,1,0,0.32394097731871335
59ea397f,5,3,0,-0.03443591609057495
5a2c7642,5,2,0,0.27525493861758205
5a3005de,5,3,2,0.9577974404745344
5a313293,5,2,1,0.8529700474832694
5a3d5e05,5,1,1,0.5144340663552289
5a4b3725,5,1,1,0.8969893105855387
5a5f6d41,5,3,0,0.47892730507657166
5a5f9fb2,5,2,1,0.4606331211583603
5a8712ae,5,1,3,1.1255947902127406
5ac9eca0,5,2,0,0.19125928548059695
5ad85a02,5,3,0,0.4076234489424909
5af79adb,5,3,0,0.8709620483570454
5b299ae1,5,1,1,0.2473945009825626
5b2c9b83,5,3,1,0.6791320139815413
5b4d2604,5,3,0,0.32475402561044925
5b9ff85e,5,2,1,0.49742536045712105
5c186496,5,1,0,0.23808402142618423
5c2c136d,5,3,2,1.0890813086466524
5d04624a,5,3,1,0.8353595648169299
5d3b6ea5,5,3,1,0.49018598362336085
5d48a5b0,5,2,0,0.14283342829383405
5d762840,5,1,0,0.8772729325897298
5d805d83,5,2,0,0.84926139897822
5d885b20,5,3,0,0.06314584918938948
5dad24ff,5,3,0,0.8851976540966124
5db3db12,5,3,1,0.8897941461885553
5dc62fec,5,3,0,0.24606735785942602
5e08237d,5,3,1,0.5608323637960948
5e221c50,5,3,0,0.8413860485776179
5e2a9e63,5,3,1,0.2020700201658317
5e359a08,5,2,2,1.0644410215045956
5e415f05,5,1,2,0.8566962794945767
5e55e9fd,5,3,3,1.0720188489979803
5e57bd12,5,2,0,1.1773353229255017
5e614c1a,5,2,2,1.1152078364063513
5e6490e3,5,3,0,0.4645359790350589
5e6b528e,5,3,0,0.3725099877711976
5ea2c305,5,1,1,0.9684424114184849
5eb063e0,5,1,0,0.4514580026705355
5ed5f205,5,2,0,0.3085415521218832
5ee595e8,5,1,0,0.5225134923162548
5ef3d64e,5,3,2,0.8712923659213068
5f1b07e1,5,2,0,1.0706663925796103
5f281a62,5,1,0,0.5996793065508663
5f37ceb1,5,2,1,1.0298297939101788
5f7537cf,5,3,0,0.9037516740236985
5f78f7b9,5,1,0,0.36199607046956483
5f9dddb4,5,1,2,0.6625727407236272
5fa91358,5,2,0,0.5094839253088155
5fdfbe47,5,2,0,0.3985306417807763
603ab4ee,5,1,1,0.08710855296465786
605d6e05,5,1,0,0.4913301346227675
606e979d,5,2,1,0.7809977185886954
60c1ff37,5,3,0,0.5911638487843198
60d1fdee,5,1,0,0.1654202223480769
60d2774d,5,1,0,0.20519998777466802
60f8462b,5,3,0,0.14832391481683177
60fb7cb9,5,2,1,0.6868302309072777
612487a5,5,3,1,0.934671151932934
612b3ff9,5,2,0,0.5782104757047775
613fc399,5,2,0,0.5174304202878897
613fc53d,5,2,0,0.319824150516825
614d5517,5,3,1,0.7357351483168368
616fc21f,5,3,0,0.23020127325271356
6192e6b6,5,3,1,0.817416858403095
6197a2ce,5,3,0,0.6329024692393319
620536d0,5,1,1,0.3078498170089583
621066ff,5,3,2,0.8595492539220082
622bb412,5,1,0,0.14612803165596794
6247cc15,5,3,1,1.105143550240534
624b9e34,5,1,0,0.38523937354561105
626a608e,5,3,2,1.1861667361498054
6277e13c,5,2,0,0.5269337863400961
62839132,5,3,0,0.4070109268079961
62b873a2,5,1,1,0.4378465142241425
62cd5c74,5,3,2,0.7308276708052516
62d0cf97,5,2,2,0.9358190284326084
62f77d2f,5,3,1,0.49260822015291716
6332ad59,5,3,0,0.18631091638545139
63334478,5,2,0,0.292867254422286
6344bba1,5,3,2,1.4231689419707352
635554d2,5,2,0,0.5785495820462302
63a00e40,5,3,0,0.36586046082666657
63d4ab9a,5,1,0,0.2872687688516376
63d810bb,5,2,0,0.7118433127596357
63dd16ec,5,2,0,0.21522236812423023
63fc9770,5,2,2,0.8844925736067053
641697e6,5,1,0,0.28805884851221947
646a4c0e,5,2,2,0.5939805715661349
649ff6d9,5,1,2,0.973128766399854
64b4005d,5,3,1,0.6317163237526092
64ed48c4,5,2,2,1.1056775055805703
650bf252,5,2,0,0.15012545545963996
6514c337,5,2,0,0.43837748107893415
654203ec,5,1,0,0.42268524336675306
658e66ec,5,1,2,0.9460073521545178
6595d479,5,1,1,0.960757583955038
659fec57,5,1,0,0.5731266238536974
65af9f2a,5,2,0,0.32520135904338393
65dc81f5,5,1,0,0.6806193862017386
65fe69c0,5,1,1,1.2018742223463956
66094cfd,5,3,0,0.6192783202262331
6622b302,5,3,0,0.3116486613509483
665abfda,5,1,1,0.6015209550685224
66665e95,5,2,2,0.4974373366072968
6666aed3,5,1,1,0.7975866479121196
6672e527,5,2,0,0.1867708657866225
668a2fea,5,1,0,0.4485919848837847
6699c999,5,2,0,0.27060065939864875
66d86d0b,5,3,0,0.8970913724636547
66ed301e,5,2,0,0.2927237275296381
66f044c7,5,2,1,0.5333602231133815
66f619e3,5,1,2,1.1326408869841647
6708fcd9,5,2,0,0.1569888989502602
672a32f1,5,2,0,0.17848157739153636
673a7e2a,5,1,0,0.17070255588657668
673e7be9,5,2,1,0.6701385898244979
677038b5,5,2,0,0.24323859179341195
6774ba64,5,3,0,0.3412594842234917
678598dd,5,3,0,0.12239950342259909
6795027a,5,1,0,0.4105926770946282
679ce4b2,5,1,2,0.7967287732790345
682327c3,5,3,0,0.2207463259594043
6826f0be,5,2,1,0.7551588926254236
683464ff,5,3,0,0.563958176415384
685cc0f1,5,1,2,0.9378658549155557
68688509,5,2,0,0.5741503933948207
6885737e,5,3,1,0.5108240084211635
68be3d5c,5,1,0,0.39502499962463994
68be5113,5,2,0,0.11565285450213714
68d49292,5,2,0,0.3102077042241269
68e61f96,5,3,0,0.2603178866330716
68e7140b,5,2,0,1.2662831063180597
68fa4631,5,2,0,0.40753502828496896
69074cf3,5,3,1,0.0014064055249779495
69742f6f,5,3,2,1.0551447829300638
697c41d7,5,1,2,0.5818306902505531
697d894b,5,3,1,1.2634845994641486
698b9067,5,3,1,0.45500599611183745
69ccea20,5,3,0,0.18993309025270905
69cdf9c3,5,2,1,0.5716197986539414
69fabb6b,5,2,2,0.9723521452967651
6a04461f,5,2,2,0.3548948077954344
6a138911,5,1,0,0.4477722294347094
6a16089d,5,1,0,0.5253876206660354
6a2c6073,5,1,1,1.056493332741966
6a4df6ff,5,2,0,0.08467715649097429
6a6da46c,5,1,1,0.6298777229352466
6a7d07fb,5,3,0,0.2962248360711981
6a837387,5,1,0,0.12600037936623976
6a83a423,5,1,1,0.4801319014894995
6a864b11,5,1,1,1.1107556021990477
6a98537b,5,1,0,0.2519512272758938
6a9f0db7,5,2,0,0.1358626095522122
6abd2bd4,5,3,1,0.9165306768273789
6abe8b60,5,2,0,0.2443847062549208
6ac5763a,5,2,2,0.8811784393023687
6ac5eaaf,5,2,1,0.24121763491278614
6ae1473e,5,3,1,0.30408283496613947
6b4b8c14,5,1,1,1.0183445210819388
6b6467f4,5,2,2,0.9127993607994798
6b773506,5,1,1,0.8410692934455726
6b9a25e6,5,1,0,0.21854105716855082
6be0f069,5,2,0,0.38581000329262755
6be56337,5,2,0,0.8980987446399074
6becb599,5,1,0,0.10945667822720495
6c0fe935,5,1,0,0.8959754525169081
6c2edc91,5,2,0,0.8927809362042372
6c319d99,5,2,0,0.3173353684804275
6c4902c8,5,1,0,0.6585304624001438
6c6cd633,5,3,2,0.48493834443011424
6c737069,5,2,1,0.2145740670394754
6d5944a9,5,3,0,0.17471376689771245
6d5c5afb,5,3,0,0.38011826999250586
6d707ac3,5,2,2,0.9112167838083611
6d70e716,5,3,2,0.5438175016902178
6d7ba819,5,1,1,0.16990435335995308
6d855495,5,1,0,0.6557341190322655
6db14d48,5,3,1,0.4775707911783754
6e0ec0fe,5,3,1,0.7480715901226476
6e128c6b,5,3,0,0.9711022382040784
6e5606d5,5,3,1,0.3442518999683245
6e68bcfd,5,2,1,0.6349470213513665
6e695d70,5,2,2,0.4505639905687599
6e6d895f,5,3,0,0.4564191526096586
6e85a624,5,3,2,0.25619308568879856
6e89cee5,5,2,0,0.7724036184161183
6e9beaee,5,2,1,1.1846699902170195
6ebfdc95,5,1,0,0.9450484715876682
6ecb430a,5,1,1,0.3283654421091475
6ed385f6,5,3,1,1.220339523571165
6eff29da,5,1,1,0.2249970830465559
6f5677b7,5,1,0,0.8444354977750329
6f5a31ea,5,3,1,0.4896438286141256
6f878799,5,2,0,0.580680699460954
6fb28c2a,5,1,0,0.10817280903670717
6fc6b5c4,5,3,0,0.4194300087547618
6fc95dfc,5,3,0,0.2438849185050282
6fcdcb2a,5,1,0,0.7572371811076872
707c82c4,5,3,1,0.2729829605831108
7092a6ce,5,3,2,0.9847386306675219
709457f3,5,2,1,0.37434573940178617
70de1c63,5,3,2,1.1015751394718198
710345b6,5,1,0,0.12945693790666668
7106a387,5,1,0,0.432385823524715
7151d8b5,5,2,0,0.4012985221366291
71850348,5,1,0,0.42833398224148056
71852781,5,2,0,0.42279842551271274
7187caec,5,2,2,0.7854353086299503
718975fe,5,1,0,0.433700282108467
7192b2e8,5,1,0,0.3159628607471372
71c1b1d2,5,2,0,0.15934888234630418
71cf0f87,5,1,0,0.20052113347144446
71f21593,5,1,2,1.323555999764062
71ffd0ba,5,1,0,0.3640041863943192
72264d13,5,2,1,0.7191372979042961
723ee34c,5,2,0,0.3939642282715524
7250264b,5,2,0,0.20421452333334122
7265f1e5,5,2,0,0.2215444973868813
7290824a,5,2,2,1.2605986327955205
72a0c969,5,3,0,0.43258955460127535
72aa1a30,5,3,2,1.262319254626965
72afd4ca,5,3,0,0.792637683924631
72c9c38d,5,2,1,0.40956662899304586
7305af8b,5,2,0,0.3618421296431713
7347b54e,5,2,0,0.12438768834720015
73aa6aab,5,3,1,1.0800249194012612
745e6065,5,2,1,0.603707391532776
7498fbde,5,1,1,0.5204053107114702
74be50af,5,1,0,0.13496344388432346
74c2bd81,5,3,1,0.8272631414384606
7514c6f4,5,1,2,1.3419578347337842
75311a3f,5,1,0,0.8042511178246945
7533a4a9,5,1,0,0.7368263550407554
75927c18,5,3,1,1.155697649671605
75ad73ee,5,1,0,0.3387527352798603
75b0446f,5,2,0,0.6236655170574738
75b53bd4,5,3,1,0.28071847831346164
75bcc1e0,5,3,1,0.42050416929435175
75c13e08,5,2,1,0.4222488414447049
75db1257,5,3,1,0.8100273274317352
75f26948,5,1,3,1.02506942687828
764d8b42,5,2,0,0.2120315530612184
76781cd8,5,2,1,0.338393313571843
76c9bf0e,5,2,1,0.6201912900108602
76dc0e9f,5,2,0,0.2977825037954127
76fb4afb,5,2,1,0.1359658066317937
76ff59f2,5,1,0,0.3326173068074524
7752d450,5,1,2,1.0850894204300232
776d33af,5,3,1,1.3120627393260493
777a3e9d,5,2,2,1.126858079783114
77941a98,5,1,0,0.3746048555725098
77bfe07c,5,1,0,0.808533210565473
77e460ce,5,3,0,0.3851928204077293
781710fe,5,1,0,0.12516953011572957
782a0589,5,2,0,0.5515799705011133
782af70b,5,2,1,0.83772722109058
785d0663,5,3,0,0.8616217938267972
7860b64c,5,1,1,0.48044764466030776
78667893,5,2,2,0.1753333082440977
78704d22,5,3,1,0.9196231320030879
787654dd,5,2,0,0.1529142094140019
788268a4,5,3,0,0.1839973633194858
78a34e5d,5,2,0,0.22210129627611558
78b488ff,5,3,0,0.3486749798933254
7914b38b,5,1,2,1.4653464734900004
792d2fa5,5,3,3,0.5211685555829662
79483148,5,1,1,0.6259173943630076
7975694f,5,1,0,0.3407110312228272
79bd36b6,5,3,1,1.1405814231316442
79de3beb,5,1,0,0.5723758154158614
79e496f2,5,1,2,0.9535394718355914
7a6d26a2,5,1,0,0.6299940012292863
7a86fcd2,5,1,2,0.7539286955572002
7aa3a145,5,2,0,0.13894206698142592
7af8eac0,5,1,0,0.10735319625794415
7b0a4060,5,1,0,0.25203141371923143
7b516283,5,3,0,0.29531258598694343
7b543871,5,1,1,0.42890826430672224
7b78e634,5,3,2,0.7274814595532131
7b8842c3,5,1,2,0.7632742250510633
7bdbf66f,5,3,2,0.24718574568634688
7c02f4ec,5,1,2,1.3983913120617713
7c1d7ddd,5,2,1,0.3651734797837769
7c21ad67,5,3,0,0.5067650936524503
7c29e92d,5,2,1,0.5678080990569595
7c39c8e5,5,3,0,0.2774301472409258
7c6ca1d4,5,2,1,0.8227913711336927
7c6cbfdd,5,3,0,0.12014321622835922
7c8f0c95,5,3,2,1.4524310745087123
7ca548f9,5,2,0,0.20562359878637793
7cb1e4c7,5,3,0,0.4190569814587833
7ccdb9f2,5,3,0,0.452986383665607
7ce36c38,5,1,0,0.5746208771617588
7cf3bca6,5,3,0,0.50193066317425
7d0a92d5,5,3,0,0.5128525452032201
7d2f236b,5,3,0,0.09785250064918671
7d40a714,5,2,2,1.2192027056978778
7d666f0f,5,3,2,0.4837815813265304
7d751a6a,5,1,0,1.0916692540478694
7d8f1716,5,2,1,0.6640959370934528
7dae6de9,5,2,1,0.4114049216858099
7dd54e69,5,2,2,0.6044963546061621
7deeb4fe,5,1,0,1.3196098264173366
7df487b1,5,2,0,0.616752195434897
7e41db05,5,1,1,0.9624003799585288
7e46b693,5,1,1,0.9142108639157542
7e71aa83,5,3,0,0.4797312340079526
7e87087b,5,3,0,1.2079206649403567
7ec65d94,5,2,0,0.14602927634986335
7ecea16d,5,3,0,0.10295388875875644
7f04b4fc,5,1,1,0.5401924520306277
7f26f78c,5,3,1,1.481674357326415
7f2715b4,5,1,0,0.3985618799542321
7f5aeb05,5,3,0,0.4555784118396208
7f950ef2,5,2,3,1.1717660085416264
7fa51811,5,1,2,1.0297494993016774
7fa7ccc4,5,3,0,0.09807588432349679
7fceb836,5,1,0,0.9205874953616062
7fcf0046,5,3,1,0.7215508163580444
7fd40f2b,5,3,1,0.613375593963893
7fe0a99a,5,1,0,0.6125926960757201
8017f13e,5,3,0,0.9001409950742418
8033847f,5,2,1,0.8070579132925864
8068fafb,5,2,0,0.34826987010666877
806d877f,5,2,1,0.5898107714767628
80784c40,5,2,0,0.4640207573336964
8078b7de,5,2,1,0.5178777068098207
807d8908,5,2,1,0.6179779034039674
80a5f1e1,5,3,0,0.8188269083453338
80a9f2bb,5,3,0,0.23601600671834322
80b46ffb,5,1,1,1.0483425684194279
80ed2bcf,5,1,1,1.189511593785797
81095901,5,2,0,0.30011830801468814
812f6873,5,2,0,0.4256647092660969
81364a4b,5,1,1,0.9311372712953869
81394e0e,5,2,1,0.44048417653328886
813e7f93,5,2,0,0.21860073160717253
816b0564,5,2,0,0.6414868038508373
81766b8a,5,2,0,0.5324090111863404
81a4b826,5,2,0,0.3702447967082848
81eaf4c1,5,1,0,0.14415598920973766
81f60502,5,1,1,0.5476627580311751
81feecad,5,3,0,0.7414747397350816
8226bbd4,5,3,1,0.42549611159112266
82422684,5,3,0,0.9501128704519037
8256a969,5,2,0,0.2839772777254154
82923551,5,1,0,0.09620013688544649
8310a02f,5,2,0,0.3823704550218492
83379672,5,1,1,0.271181599247751
83711ef5,5,3,1,0.7162990178979208
8376acc5,5,1,0,0.26155845632275004
83846d0c,5,2,0,0.2507074307132182
83912085,5,3,0,0.27873412426841415
839b507a,5,1,0,0.19044088905376894
83c33097,5,1,0,0.4364536567929578
840ff4b7,5,2,0,0.13095456074820416
844b87f8,5,1,0,0.2729987918858195
844be9e4,5,1,0,0.24067437984913204
84875079,5,3,0,0.33887023757597257
84a16b14,5,1,0,0.5579380008763466
84b7d89d,5,2,1,0.9559541174948571
851b425b,5,2,0,0.4132353796882302
852adec2,5,3,0,0.351731851354541
85452335,5,1,1,0.6316313671898044
854eb237,5,3,0,0.25796783512591825
85525f8d,5,1,0,0.4152177050368989
855c6099,5,3,1,0.40572063332352293
8570ea5f,5,1,0,0.6998258274379244
8572d442,5,2,0,0.9862715649982441
857baaa6,5,1,0,0.5876694670345854
8581b9a1,5,3,1,0.6596231276278647
858be19a,5,1,1,0.6863785315201862
859cbb27,5,1,0,0.32676392436912105
85a1082c,5,1,0,0.4073312238736938
85b027ee,5,1,0,0.42339753563348803
85d99199,5,3,0,1.394732087580949
85f23af6,5,3,1,0.34911780234262424
860f4f9c,5,2,2,0.48250197078295076
861188f4,5,3,2,0.6508103844075119
861fd4a0,5,3,0,0.22508637034882334
86335468,5,1,1,0.7960860317509199
863e40c7,5,1,0,0.6204588018364725
866a08b7,5,3,1,0.22833032870067016
86a8e0d6,5,2,1,0.8893797329688526
86bd716a,5,3,2,0.9547471803386642
86e56299,5,1,1,0.6298135601271594
87050a09,5,2,0,0.5880199335570199
871b2b19,5,1,0,0.3634109753203511
874a348f,5,1,2,0.7802902224404431
87509a7b,5,2,0,0.29253535160900856
876a929e,5,2,2,1.1313064885727275
8772f64b,5,1,0,0.8128982603611795
87a60251,5,2,0,0.1554323887400007
87af775e,5,3,2,0.44120999440422803
8823b020,5,2,1,0.5499372250902906
88300a4b,5,1,0,1.0171676360035478
8875387b,5,3,0,1.1421829010477484
8877cdee,5,3,0,0.3462937732413871
888c45f9,5,3,1,0.21322153523388337
88c640b9,5,1,1,1.0208355331959569
88cdb5bd,5,2,2,1.0404094651377425
88e04d93,5,3,1,0.8728345182704311
891193eb,5,2,0,0.5868334989456192
89261ca6,5,2,0,0.4199096630794211
893293dd,5,1,0,0.141791695699368
895f9725,5,2,0,1.0728191094159767
89739b1a,5,1,0,0.30118367338200075
897da2c8,5,3,0,0.2457106184867383
898096eb,5,3,0,0.06970449633304121
89a26502,5,1,0,0.41167212969931033
89bd10b7,5,2,2,0.9367675188999185
89d475e2,5,3,2,1.0747092541665118
89d7d2c3,5,3,0,0.2254903117646317
8a444a98,5,3,0,0.2809941453273827
8a44ea3a,5,1,0,0.23207166372303878
8a4e5d1a,5,2,0,0.8283253875611862
8a6b6912,5,1,0,0.2047206210183946
8a77d185,5,3,2,0.6780663423377788
8a78a063,5,2,0,0.2670648023022918
8a9cce44,5,2,2,0.25038221810150196
8a9e653f,5,1,0,0.058266376125676866
8ae6a52f,5,1,0,1.2182558423036718
8b02eb7e,5,3,0,1.6134634187070975
8b4b9648,5,1,1,0.566580060921013
8b6a40f5,5,3,0,0.6591065553304857
8b802ca8,5,3,0,0.0724235073148537
8ba98f12,5,2,0,0.1777395735038536
8bc5199c,5,2,1,0.4377599664506671
8bf72a9c,5,2,1,1.260243166722443
8c122779,5,1,0,0.8839532218684663
8c1f9196,5,1,1,0.9114074167419184
8c5a5a21,5,3,0,0.593505297625881
8c6c52a2,5,1,0,0.2875103329762207
8c97411a,5,3,0,0.2559708931471527
8c9c253d,5,2,0,0.545820430550686
8ca025c3,5,1,0,0.24841050605802678
8cab7bc4,5,1,0,0.6543378575639679
8cfcac79,5,2,2,0.9923234862024484
8d010562,5,3,0,0.2813420384966756
8d055cca,5,1,0,0.8652982348961888
8d11c14a,5,2,1,0.3611093262469386
8d8b8553,5,2,2,0.6075166308796546
8db09bb4,5,1,1,0.6322120242159284
8ddb6b8d,5,3,0,0.4441127620135234
8e24b103,5,3,0,0.19521167660438032
8e380413,5,3,1,0.5924732079168711
8e749c85,5,3,1,0.8813311384003605
8e770d51,5,2,0,0.38374484166723805
8e80deb7,5,3,0,0.927097589760292
8e93a873,5,2,1,1.0168246431856547
8ec2cc63,5,2,0,0.8982444053902142
8ef72e3e,5,2,0,0.08426113446699812
8f015125,5,2,0,0.6277562003370378
8f1e1df6,5,2,0,0.6982767693455751
8f21c613,5,3,1,0.8668587020222139
8f2d131f,5,3,1,0.6219810360903585
8f39a0e7,5,3,1,0.4757181325881821
8f68479b,5,1,3,1.130027823658982
8f753551,5,2,0,0.5730691548286961
8f9c03c6,5,2,0,0.11598935500396784
90161e10,5,1,1,1.1777133091886267
9027c805,5,1,0,0.36271717970108314
9052579b,5,3,0,0.29333165950483997
9061cc9c,5,3,0,-0.002564838401849401
90778278,5,2,0,0.26527798722978746
908b1207,5,1,2,0.8777335358073615
90a37530,5,2,0,0.17000787846794763
90fee6b1,5,3,0,0.44523902600992493
9105b812,5,3,1,0.9233173325017581
91098060,5,1,0,0.6550575959919915
911d1406,5,3,0,0.6108377532406836
912a91b0,5,1,0,0.5551446034628807
91386987,5,3,1,0.7024959631219826
913bea9f,5,3,1,1.1949192613811628
91656d27,5,1,1,1.1818689743265332
9173f25b,5,3,2,0.876297518856446
917990b2,5,1,0,1.0171200701359755
91930eec,5,2,0,0.24230928157600146
91942b42,5,3,2,0.4980923735216917
91a5d06e,5,1,0,0.15767110624655922
91e86c47,5,1,0,0.5790404475398613
91fdc1e0,5,2,0,0.5705268570442621
92031591,5,1,0,0.7989021157032604
921146d1,5,3,0,0.2964313783392898
92622443,5,3,1,0.470679253388546
926a64d8,5,1,1,1.0338146070011527
9271574b,5,2,0,0.5316992277590624
92b18571,5,2,0,0.2970354250308491
92bb8516,5,3,0,0.3571331784211227
92bcf0e7,5,3,0,0.08306885799848507
930c567c,5,1,1,0.6356391914526124
93188a17,5,1,0,0.44926738025919766
932b5928,5,1,1,1.0148191867140044
933da99b,5,1,0,0.8247455736170376
93507a1b,5,3,3,1.3192887850488577
93559639,5,3,0,0.12073196643202655
93c06d4c,5,2,0,0.41054511072240774
93c72a97,5,3,0,1.0537474955052577
93c93585,5,1,0,0.466809197599906
93cdae1c,5,3,0,0.6527299342949424
93f8b501,5,2,0,0.32743724239093636
93fd93c4,5,3,1,0.8548203487841006
93fda84a,5,1,0,0.12515182890407528
9402b885,5,1,0,0.8887180451743777
9405bad1,5,2,0,0.3176686978351256
9416d70e,5,2,1,1.1154465237224098
945d802a,5,1,1,0.5175685474762437
948a7025,5,2,0,0.2957160337530585
948e1435,5,3,1,1.135337688698793
94902bc9,5,2,1,1.1971921214970427
9498cc26,5,3,1,0.8029522402114162
949f94e5,5,2,0,0.1832723816449247
9521093f,5,3,0,0.9653703740392536
9540fa8e,5,2,0,0.36246175513425744
95488452,5,1,0,0.09872075211420034
954a4c2e,5,2,1,0.6415621562537
9568e659,5,1,2,1.0824387643868452
9570bfb7,5,3,0,0.05823048655111962
957dcb7f,5,2,1,0.1838864699525818
95cc96cc,5,2,0,0.13739790446608308
95d57ff9,5,3,0,0.8796540650839222
95e04c4b,5,1,0,0.10366910175768784
96262441,5,2,0,0.2110478922827539
96595f1d,5,2,0,0.22615394312409876
966161e7,5,2,0,0.0837014774643392
966fffd0,5,2,2,1.0303707467563834
9682cd0d,5,1,0,0.28104322339600935
96d6034f,5,3,0,0.12008973764387232
96f13763,5,1,0,0.13750532372420587
978218e6,5,3,0,0.5482025597762533
979a5c76,5,2,1,0.9190889070417705
97bb0cc0,5,2,2,0.8324215407583684
97d0593e,5,1,0,0.3674920046883863
983bcb5b,5,3,0,1.2016089174205602
98413061,5,3,0,0.17004442882213755
98ed2153,5,2,2,0.8689995541865088
99205f42,5,3,1,0.8735839434212875
99328d2e,5,2,0,0.7375394922883305
994ee014,5,2,0,0.28537537427435183
99752704,5,2,1,0.5575894215454947
9977fb0f,5,2,0,0.3972963790157572
99a8a9e7,5,1,0,0.28377385145348333
99b15811,5,2,0,0.4463882219196512
99ec8c4a,5,2,0,0.5296065358993878
99f0cc53,5,3,0,0.22744311824288804
99f3be05,5,1,1,0.5128359462112124
99fe5b44,5,3,0,0.6874210853053405
9a50d2d8,5,3,0,0.6918051379470271
9a5aed6c,5,2,0,0.7720697520481058
9a76906d,5,2,0,0.2596593152737925
9a7e4c38,5,3,0,0.6034178360110846
9aa1a2ae,5,1,1,0.45011252013635195
9aa36639,5,3,0,0.10215194365591435
9aab3e36,5,2,0,0.344790154887346
9af5548f,5,3,0,0.6446376820645277
9b5f13ec,5,1,2,0.8943025678910088
9b96b0e4,5,2,0,0.45740889958813113
9bd745aa,5,3,0,0.903528168034392
9bdd6964,5,1,1,0.22800401129135123
9bf7051d,5,1,2,0.8994509112774646
9c12f80d,5,3,0,0.1602628954817265
9c1ea003,5,1,1,0.5599453559934178
9c23dba9,5,2,1,0.7124840148564154
9c7a1561,5,3,0,0.18733504960172342
9c9cd7ef,5,1,1,0.3885983268346505
9cb303cb,5,3,0,1.6037775192057584
9cb32129,5,3,0,0.16770169112936784
9cba0d0e,5,2,1,0.49132933963201114
9ccbc70b,5,2,0,0.24762614062974103
9ce139d3,5,2,0,0.11261224353089588
9cf04c41,5,1,1,0.7106445588806454
9d0670dd,5,1,0,0.1556339217557866
9d39f0da,5,3,2,0.48566081864203425
9d5826bb,5,2,1,0.588883460058195
9d65adbf,5,2,1,0.9430673348868865
9dbdbebf,5,1,0,0.12238850933729684
9dc74359,5,3,0,1.6904241814296972
9ddb06db,5,2,2,1.0097917733093726
9de6a614,5,3,0,0.7188408074569097
9e027e04,5,1,0,0.22438530657828065
9e052412,5,3,0,0.1877050665973225
9e171735,5,1,0,0.5944817633325097
9e29b5d2,5,1,0,0.5690880655765876
9e4385f7,5,1,0,0.597454417564135
9eb283e4,5,2,3,0.9903677873273025
9ebb73c7,5,1,0,0.5389780156151885
9f3ca269,5,1,1,1.070579133119467
9f5f15ef,5,2,1,0.8013572657477664
9f6b9158,5,3,2,0.9123544541582052
9f70688f,5,3,0,-0.007640713379591935
9fa68512,5,2,0,0.09619959944171796
9fb96ae3,5,3,2,1.1891717572763931
9fbc09a6,5,3,0,0.22362661788408394
9fbf31f9,5,3,0,0.2672940724466924
9fbfa81b,5,3,0,0.26260194626237615
9fec142f,5,2,1,0.8761393174872554
a00c3ab0,5,3,3,1.3529121021019477
a00c85e7,5,2,1,0.8937420875004698
a0182b17,5,1,0,0.8119395231669643
a0482f47,5,1,0,0.4429699842821892
a0497d5d,5,2,1,0.944823556973287
a0522c83,5,1,2,0.4982272177680698
a07ec6fb,5,1,1,0.5850388684736442
a0811cc1,5,1,0,0.4858797620853687
a0dffdeb,5,2,1,0.2711328315713639
a148b46f,5,1,0,0.361225725190763
a17f6cfd,5,2,0,1.044928379550352
a1814875,5,1,2,0.7913563974458395
a1942b0b,5,3,0,0.32731638418901504
a196148e,5,3,1,1.3831244721417004
a1ab89aa,5,2,0,0.08766753547333977
a1df952c,5,1,1,1.036898045075093
a1fe4f51,5,2,0,0.10915966186975007
a213c519,5,3,0,1.2481603176364318
a217e790,5,2,0,0.27565356295319
a21ad8c0,5,2,1,0.9061067553140425
a221c60c,5,2,1,1.0716059352565783
a2240f50,5,3,2,0.7797133792524295
a263a68c,5,2,0,0.42493033588377593
a26c3e8f,5,2,1,0.2685144656430272
a28c7891,5,3,0,0.7668116710435097
a2994e55,5,2,2,1.1060961353295218
a2a8f352,5,1,0,0.11509876783702938
a30e6178,5,3,0,0.4895428087296014
a317c78a,5,3,0,0.4311340713878723
a3391798,5,2,0,0.2519460777161854
a3413f0a,5,1,0,0.30105667388721086
a363ec1b,5,1,1,0.7358961714819708
a3858c6a,5,1,0,0.8332897876694706
a38699a5,5,1,1,0.507366503747318
a3abe528,5,1,2,0.4965971510493758
a3ec2999,5,1,1,0.4359134409592278
a402c6c8,5,1,0,0.3596879345900528
a40c8316,5,1,2,0.9017301670445266
a4481101,5,2,0,0.7292775789212077
a45230f4,5,1,0,0.7677216360402973
a4530b41,5,1,0,0.16323541475290781
a457a4ab,5,2,0,0.21046266527357188
a49eda7f,5,2,0,0.7347643987305782
a4be0322,5,1,1,0.5057592155204467
a4c15213,5,1,0,0.3196202559717662
a4e0447e,5,3,0,0.4051014494019691
a4f13c0d,5,2,0,0.7562439288870563
a5024ef9,5,2,2,0.4129709546380752
a5099438,5,2,0,1.285973106411286
a5356446,5,1,1,0.9354911746206764
a54d22e7,5,2,0,0.24085756949696302
a55b715d,5,2,1,0.7817780470714653
a5710c0a,5,1,0,0.4556567035341264
a5974a7d,5,1,0,0.5874806248378501
a59b2411,5,2,0,0.8568996686828791
a5a737f3,5,2,0,0.3117026602927085
a5c87de6,5,3,0,0.3554961933861316
a60b8575,5,1,2,1.3806271411449402
a614af1b,5,3,0,0.4250242617666635
a6969e1a,5,1,1,0.4825015330757944
a69f89e2,5,3,0,0.40368145514433584
a6e72e9d,5,1,0,0.2517438923402609
a70bb2c5,5,3,0,0.6037973528563637
a70e9a7c,5,2,0,0.588296495279873
a722f648,5,1,1,0.4886144160849156
a7639eb5,5,3,2,1.3730520576228713
a78766db,5,1,0,0.8784200134730571
a7b9546a,5,1,0,0.5067618537517545
a7d2852d,5,2,1,1.0984211193822198
a808ad0a,5,3,0,1.0225991948292918
a814e825,5,3,0,0.5764781605247904
a84922d2,5,1,0,0.5935662662495712
a84ae7e0,5,1,1,0.7038061629914327
a8722cde,5,1,1,0.7288583946292045
a886c07b,5,1,2,0.6977160351358155
a8926a86,5,2,2,1.1169248242410188
a89284b2,5,3,0,0.1936688131896545
a8b0428d,5,3,1,1.3197491306113829
a8c1aab5,5,1,0,0.29036986921281593
a8d90be8,5,1,0,0.8222730137014027
a8d9de72,5,3,2,0.4921499041168614
a8dc2e05,5,2,0,1.0008889617856647
a922ef3f,5,2,2,0.26421375730970903
a952659d,5,1,2,0.7845600163175372
a9595acd,5,3,0,0.32535990580861585
a9717f92,5,3,0,0.5116923135765921
a971b3b1,5,1,0,0.13433552347015099
a9aa2336,5,2,0,0.8092555938589961
a9b84b96,5,1,0,0.11592341291041369
a9c3b925,5,3,0,0.2864936704733823
a9c5f872,5,2,0,0.4828054812014906
aa1700c7,5,3,0,0.23832440173931357
aa295760,5,3,0,0.33485892161218606
aa61d9da,5,3,0,0.9396274073515953
aa776ef6,5,3,0,0.07372521116585673
aae9800e,5,3,0,1.048607429352318
aaefeff0,5,1,3,1.0132120547888674
ab16a20d,5,2,0,0.5191223757772736
ab1dc378,5,3,3,0.8981563355946011
ab2ad965,5,3,0,0.1873659053535764
ab36aa48,5,1,2,0.3290832506618607
ab4fe82b,5,3,2,0.8768800064684114
ab6e1b81,5,2,0,0.19696510773093956
ab71f143,5,2,0,0.5336382250424385
ab8245da,5,3,2,0.34889585545515717
ab987c75,5,2,0,0.4016150898200562
abac67cc,5,2,0,1.1138475111597312
abaf745c,5,3,0,0.15696559068185367
abb3b071,5,1,0,0.49548395890784713
abd1b232,5,1,2,1.0874137204026777
ac1ad4a7,5,2,0,0.239228966086384
ac29ec80,5,2,0,0.195934841048103
ac3ba541,5,1,0,0.2602945050490751
ac5fad3b,5,3,0,0.20550661543950738
ac66c144,5,3,0,0.025593980540334904
ac675a81,5,2,1,0.43278725721102024
ac67c949,5,1,0,0.19073475932208844
ac967bb9,5,1,2,1.0387430699150066
acde8e47,5,3,1,0.7376053361120202
aceefa4f,5,1,1,0.8793195154481026
ad0bbf35,5,3,0,-0.014328523861833697
ad1dfc9a,5,3,0,1.2370325720077904
ad319a21,5,2,1,0.7529827097314704
ad380962,5,2,0,0.377871021195672
ad536dea,5,1,1,0.5125208472699205
ad8189bd,5,1,3,1.1348094390259549
ad9f821d,5,2,0,0.5858897004871588
adaf7461,5,3,1,0.5464666138476912
adba23f0,5,2,1,0.42016250392969146
adbd6839,5,2,0,0.4181866567685386
adc2d620,5,1,0,0.3769454898474718
adc71322,5,3,0,0.6347385702070948
ade50eba,5,3,1,1.313743811917254
adf444ff,5,3,1,0.472075491879751
ae4fdae6,5,3,2,1.0732806898718672
ae6e4380,5,2,0,0.2669134283496927
ae712150,5,1,0,0.7395239938430366
aea63a78,5,2,0,0.30055283672636796
aea92843,5,3,0,0.16818023266503163
aecc7e74,5,3,2,1.2654944596466402
aed29ee7,5,1,2,0.843787769227396
af1c2775,5,1,2,1.09145965165739
af485add,5,2,2,0.5940191496059237
af4f064e,5,1,0,0.37490301577378304
afa6cc9b,5,2,1,0.5671033169732451
afa92c37,5,2,1,0.7611731820539589
aff48273,5,1,1,0.7363308527622827
b074f33b,5,2,0,0.40435631677284045
b08423c5,5,2,1,0.8460380954960587
b08f0ca4,5,2,1,0.11562335794388329
b092b360,5,2,0,0.5155581362780229
b0ab15a7,5,3,0,0.20578572958414565
b0b57cb7,5,2,1,0.35532533163428404
b0e96997,5,1,1,0.5475326516155019
b120a337,5,3,0,0.43643355985479654
b13e0cd0,5,2,0,0.9308928479746014
b1883100,5,1,0,0.12289741610002752
b1a00510,5,2,1,0.28288964376921416
b1bc2fe4,5,1,0,0.10598297444638616
b1de4423,5,3,0,0.07809418726433459
b1f064ac,5,3,0,0.9716840525535259
b2290813,5,2,0,0.9259589277900975
b2382d94,5,1,0,0.09241262932269362
b23b9220,5,2,0,0.7676748154980517
b25abc27,5,3,2,1.2838090915429918
b285eac6,5,2,2,0.28939895983761077
b2987a65,5,3,0,0.4726243243773127
b2a73566,5,1,0,0.7595639335598131
b2b56219,5,2,1,0.7214319346658782
b2b792a7,5,1,0,1.236997671318632
b308c03e,5,2,1,0.6931764370884936
b318f1d9,5,2,0,0.12636086475500463
b31dd1bb,5,3,0,0.8942890732528167
b37281d5,5,1,2,0.43299709730290453
b397a73e,5,1,1,0.3950987315607627
b3b200af,5,3,0,0.44334468878748756
b3d74a58,5,1,0,0.08829492802606392
b3dade53,5,1,2,0.7507426950372563
b3e10f59,5,1,0,0.14618429825650547
b3e14267,5,2,0,0.8023043189271288
b3f5c066,5,1,0,0.6074517455421523
b412866b,5,1,1,0.9090297608969171
b41cee02,5,2,0,0.35892255748016766
b447e66d,5,3,1,0.3027825234020363
b449ac61,5,3,2,0.8235114967814194
b452f767,5,1,0,0.3803674302810952
b463e777,5,1,1,0.2242289704912085
b494401a,5,2,0,0.7059331197273288
b4bd49a0,5,3,1,0.07621522626258803
b4cfd8d7,5,3,0,0.4868719198058997
b4e69f09,5,2,0,0.1657205050159476
b5a0707a,5,2,2,0.8567805107221912
b5b2d51c,5,3,0,0.1956617735597586
b62a320b,5,3,1,0.3037241482770185
b64856e9,5,2,1,0.6787162243343792
b69bf1f7,5,2,0,0.6267783100175707
b6af12af,5,3,0,0.5120529743445799
b6caa7fb,5,1,0,0.38786517400475384
b70db5d6,5,2,0,0.09609233931814243
b712b69b,5,2,2,0.8100307930783602
b78d5d2e,5,2,0,0.4291091654640632
b7a61f8d,5,3,0,0.01601574637639247
b7ac57d5,5,1,1,1.1111747414979731
b7c3834f,5,2,3,1.2366356201239734
b7c410a9,5,2,0,0.5285797583724855
b7ec062d,5,1,1,0.9297374730560399
b802aec3,5,3,1,0.9467056234256668
b816d8d5,5,1,0,0.42022608441813775
b823508b,5,1,1,0.2979762185009274
b84754a9,5,2,0,0.574939649339675
b89537ae,5,1,0,0.47735871734891017
b89b8154,5,3,0,0.2523056449506035
b8bf20f9,5,1,0,0.38351387299547735
b8df3d7c,5,1,0,0.3963955141628329
b92be605,5,3,0,0.6080831849642351
b9318815,5,3,1,1.4489230852111035
b93e1e41,5,3,0,0.565918399248952
b94ec4a1,5,1,0,0.5654350641851374
b95da85d,5,1,2,0.8835558547717544
b96e3324,5,3,0,0.0482645296593347
b9b22bff,5,1,0,1.2414959395131506
b9c085ab,5,2,0,0.6262939760299077
b9cf3f7c,5,2,1,1.0156816116275817
b9d3616c,5,1,2,0.8307762495181172
b9dcf632,5,2,0,0.23181487909306303
b9e20ba6,5,2,0,0.47313249656285095
b9e90f7f,5,1,2,0.8443476743554541
b9eeb8fa,5,2,0,0.21099381385662025
ba09d63f,5,3,0,0.526376667675506
ba158a9c,5,3,0,0.6523505967911519
ba29cfb3,5,1,0,0.15837641438245803
ba42462b,5,2,0,0.3502045621081927
bb0d7d92,5,2,2,1.011396782926212
bb4821ee,5,2,1,0.5018456374484114
bb808a71,5,2,0,0.8364112035701496
bba6ff20,5,1,0,0.6471761605185447
bbbd61c9,5,1,0,0.12172043358012169
bbd71a7c,5,3,2,1.1669575558620662
bbe5bedd,5,3,0,0.36261358896021356
bc06600f,5,2,1,0.892320978208796
bc0c0f03,5,3,0,0.3413894592422917
bc1ec029,5,2,0,0.5930775798198862
bc437705,5,1,0,0.12446557497773802
bc4eaf77,5,2,3,0.908429658599213
bc66f41d,5,2,0,0.5573401094842458
bc6bd8b2,5,1,0,0.2943035362692763
bc790ce0,5,1,0,0.5038219640983398
bc817a4c,5,3,0,0.2847719020077013
bc95339a,5,2,0,0.3857614466639591
bccebc5a,5,2,0,0.574907818635928
bce32ada,5,3,1,0.5239925605333671
bd4ccd4c,5,1,1,0.6113124483216587
bd713fb8,5,2,0,0.3571104185651148
bd8397cb,5,1,0,0.9109085279348768
bd932d04,5,1,2,1.1924576067005663
bdbd1afd,5,3,0,1.1477411657330865
bdbdc4b5,5,1,0,0.377973958028876
bdcc7d10,5,2,0,0.22358168657677857
bdcddd09,5,1,1,0.5985221599225571
be1c3b0e,5,2,0,0.8951476607331277
be210bc7,5,1,2,1.2982263254235016
be9ba5f7,5,2,0,0.7877362303964244
be9e9a8e,5,1,0,0.5145908991639151
bea525dc,5,2,0,0.5668024771479246
beafa6f9,5,3,2,0.7941919208999486
bebff291,5,1,0,0.15605438670611577
bedeb6f3,5,1,0,0.24546844367085663
bee4eab0,5,1,1,0.6463853870762006
bee51adb,5,1,0,0.32004444809587135
bef259fd,5,3,1,1.241671190499356
bf0942bc,5,1,0,0.7095605369697824
bf18965c,5,2,0,0.5074670924974738
bf280e13,5,1,1,0.833820718315915
bf31e0a7,5,3,0,0.057350435049314696
bfade1ba,5,3,0,0.19180677611208058
bfb421f9,5,1,2,0.7973621691073853
bfb52472,5,3,1,0.8267425636678603
c00c663c,5,1,1,0.681933205185479
c03c0758,5,1,1,0.21452996566424848
c0869eb0,5,2,0,0.3619180729077866
c087b48a,5,1,1,0.9406235804942683
c09d41cd,5,1,0,0.8253324654538966
c0adc389,5,3,2,1.3000447888875595
c0c168fa,5,2,0,0.20794109639153258
c0d5b3f3,5,2,0,0.7292824416121346
c0f2a046,5,2,0,0.5227032836172679
c192715a,5,1,0,0.8045117888461084
c1add876,5,1,1,0.5055388216489028
c1ed20ef,5,1,1,0.41547374891784283
c24c877a,5,3,0,0.08278869936942607
c274a243,5,3,0,0.024574437316513653
c294b507,5,1,1,0.7300237718539372
c2e15338,5,3,2,1.47469847612743
c2ea6e54,5,3,0,0.30014650827017586
c308b134,5,2,3,0.7487683612773323
c30f5122,5,2,2,1.131789488552854
c31a5825,5,3,2,0.30024362592401477
c35218d4,5,2,0,0.31231688041325867
c3760eb9,5,2,0,1.2342110326293738
c38585c5,5,3,1,0.4096577400974172
c3a3f61e,5,1,0,0.5460708473059636
c3a86e3e,5,1,1,0.2994622757679233
c3adae87,5,2,2,0.8058144534898266
c3d46daf,5,2,2,0.7629125660537182
c3dde859,5,1,0,0.2776283774377083
c40bb352,5,3,1,0.20838199800747814
c41274a7,5,1,0,1.0972713187289442
c418e47a,5,3,1,1.1476405465434567
c42b7972,5,1,0,0.5149832876308937
c43b985c,5,3,0,0.5395011621609817
c446e1c5,5,1,2,0.9720029901372191
c45068a1,5,3,1,1.3295943826101084
c459095b,5,1,2,0.6903608807458714
c4a681dc,5,3,1,0.18281812142864917
c4c2076b,5,2,0,0.22690548439673958
c4c86e6f,5,3,1,1.1673454401372707
c5462e87,5,3,1,0.4838474414689
c55187b4,5,3,0,1.4832975926205991
c55cc646,5,2,3,1.0604995201140643
c5c891c1,5,1,0,0.5259557349146775
c5cfaeae,5,3,2,0.8881756654608428
c6313b18,5,1,0,0.3453263507392548
c63f1965,5,3,0,0.3991389681754764
c6575d38,5,2,2,1.4151636305918252
c66daa08,5,3,2,1.0614657000909737
c69ffa09,5,2,0,0.9406661753155117
c6a92a65,5,3,0,0.31407904007380744
c6b7811e,5,1,2,0.3161695889185633
c6cb894a,5,2,0,0.6439142436427288
c6cc7467,5,1,0,0.855540066777692
c6d4b453,5,2,1,0.2610132007319025
c6ead822,5,2,1,0.7806756599347234
c6fd800e,5,1,0,0.26216553799655834
c706a54d,5,3,0,0.11648582062957269
c715832b,5,3,0,0.6102170305193815
c731458f,5,2,1,0.685887574985016
c73dd2e4,5,3,0,0.6295052926502913
c79039af,5,2,1,0.4158022988201434
c7d61396,5,3,1,0.45969911471032976
c7d9e964,5,1,0,0.3847673999416593
c7fd8939,5,3,0,0.22910369111681422
c8270746,5,1,1,0.7945017611959424
c829500d,5,2,0,0.32975405456565277
c892f324,5,2,0,0.31035142504905816
c8d6b871,5,1,0,0.47604993499773757
c8fbbc8a,5,3,0,0.4895502489625905
c9537127,5,1,0,0.5977407008265089
c9600298,5,3,0,0.3293386635958023
c96b9609,5,3,0,0.09502670429666271
c98527f7,5,1,0,0.24458714579369
c9879365,5,3,0,0.5741502820397244
c9902f48,5,2,1,0.4508230615902526
c9a57335,5,2,0,0.20973077239633425
c9ad9c75,5,1,0,0.9231981279590548
c9d47171,5,2,2,0.3137617977338474
c9e419e7,5,2,0,0.2809352475250213
ca3204b0,5,3,0,0.549127320922384
ca724703,5,3,0,0.6713301959718814
cac0f438,5,3,0,0.20698611975753473
cadd4ae5,5,2,0,0.44069102701505375
cae0531e,5,2,1,0.860129085653669
cae31194,5,3,0,0.19827942988389258
caec8d59,5,3,2,1.2511122345739167
cb054226,5,2,2,0.498303239020143
cb3b7c3c,5,3,1,1.0112548480084187
cb73fed9,5,3,0,0.1912675198761909
cba1c8b5,5,3,0,0.5903607432083728
cba39753,5,1,0,0.8458636834528479
cbca33a5,5,1,0,0.47558213827124063
cbcf8cf2,5,3,0,0.6648427816481555
cc010b72,5,3,0,0.040514808896906396
cc16d472,5,3,2,0.9187359227097833
cc25e136,5,3,2,0.9510203328185152
cc5143df,5,1,0,0.6208959403401008
cca40abb,5,2,0,0.17604828348648416
ccc9db97,5,1,1,1.307563603924084
ccd0fe74,5,2,2,0.6365933606164315
ccd3cb96,5,2,0,0.20773486314752038
ccdb4ae5,5,2,0,0.38607044529576784
cceddb57,5,2,0,0.7993769705751209
cd144127,5,1,0,0.4627649849040885
cd1fff5a,5,2,0,1.0881762054196842
cd36e51d,5,1,2,1.0273803698894346
cd39e576,5,2,0,0.5032715145746025
cd68643b,5,2,0,0.1186837703210058
cd703872,5,1,0,1.0182448839360085
cd89d5f1,5,1,0,0.7367512963936008
cd8ec8ac,5,2,0,0.5198757588431491
cda90e9e,5,3,0,0.703141361981003
ce379a6a,5,2,1,0.6570515859814132
ce6eeadf,5,2,1,0.8378712764930509
cea73edd,5,1,0,0.3528997436402346
cedf96c5,5,1,0,0.41128699126688906
cefdb7fe,5,3,1,0.7492386514658415
cf0d6d38,5,2,0,0.2396037888628903
cf1b9d44,5,1,0,0.7000145714575374
cf2e4065,5,1,2,0.3217746645039709
cfbbdd3d,5,1,1,0.6450835595468676
cfe4cf40,5,1,1,0.7237515230732845
cff4bcee,5,1,0,0.2589043113255818
d00b493e,5,3,0,0.6467643464566014
d0429481,5,1,3,1.3057415077661247
d08806a2,5,2,1,0.5305488525229787
d0ac4f1c,5,1,0,1.3407593894238568
d0ef0744,5,3,0,0.7657388614361167
d11428bd,5,1,0,0.7196653227539874
d1145910,5,3,1,0.9649179568277861
d19e1025,5,2,1,0.35550115112184555
d1a38988,5,2,0,0.30587908847827067
d1aa6625,5,2,0,0.34050261531159437
d1aafc4e,5,3,1,1.000241414538999
d1ab95e5,5,3,0,0.43707966674535703
d22e7168,5,3,0,0.41962274039175373
d28f0d44,5,2,0,0.5655131839382023
d2b84f45,5,3,1,0.8816127258855813
d2bcca68,5,1,0,0.5270938397824335
d2d9b474,5,3,0,0.7414564073693435
d2fcde50,5,2,0,0.3183431419836718
d3da09e8,5,1,1,1.1786161806137785
d3e45961,5,3,0,0.5668958148328166
d3eda827,5,2,0,0.07232738914812908
d42454d4,5,1,0,0.35342198751379156
d4337a28,5,3,0,0.25981122626932013
d445fb74,5,3,2,0.8814841696188233
d45bae93,5,3,0,1.6938091942097284
d476f528,5,1,2,0.720255228672902
d4a81b97,5,3,0,0.7745127350725342
d4b935f8,5,2,0,1.0061267319671519
d4bfc83f,5,3,1,0.10055334039519637
d4c2e9a1,5,1,0,0.2304476038059145
d4d2f272,5,2,1,0.7552037408489287
d4d9f7f9,5,2,0,0.27930957448526605
d4f3e585,5,2,2,0.9518333087289688
d506f4c7,5,3,1,0.9023091725202024
d50a8c3c,5,2,1,0.675554241335951
d53ead5c,5,1,0,0.5159852453364216
d57380cf,5,3,2,0.9625364103721195
d57f6c9e,5,2,2,0.8413831616045556
d5874bad,5,1,1,0.7550746016134359
d5a8d9b0,5,3,2,1.2203971121431822
d5cebbfc,5,1,1,0.45728500568711405
d5fb07d2,5,1,1,0.8949391184525366
d5fde276,5,3,1,0.44931427277803004
d6007386,5,1,1,0.5574553879046787
d6251195,5,1,0,0.18628364009964138
d66aed49,5,2,0,0.2714399066026287
d6723b39,5,1,0,0.3789992043018443
d6776176,5,2,0,0.17935584678550548
d6add300,5,1,1,1.0024796839284145
d6c4d9eb,5,2,0,0.3925504594659638
d6c6baa5,5,2,0,0.7333750560692375
d6cca65e,5,3,2,0.7989701496605573
d6e613bc,5,2,0,0.5384400469844431
d74e4d7c,5,3,1,1.0709284974635631
d766a1c8,5,1,0,0.8681841643579871
d77ac332,5,3,2,0.9105524384770147
d78c55fb,5,1,2,0.6907998616020705
d78f437c,5,2,0,0.18422091222310505
d791703f,5,2,1,0.8671380896565746
d7c063b4,5,2,1,0.2063185654891077
d8037389,5,2,1,0.8434423132676667
d80b8bb6,5,2,1,1.1226442161331223
d82e9b87,5,1,0,0.1404477772368673
d859115e,5,2,0,0.7234252626488243
d85a62b3,5,2,2,0.4897914907340711
d85b7c71,5,1,1,0.48888178541227195
d8a78157,5,3,1,0.9342574662616266
d8b066ad,5,1,2,0.5547254786102939
d980da40,5,3,0,0.08456307610273461
d98be7a1,5,1,0,0.19359193764668076
d9ae9a13,5,1,1,0.8867276114273648
d9c82502,5,2,2,0.2723360511080815
d9eb30bf,5,2,0,0.808244967462527
d9f16cd2,5,1,0,0.30549766894943775
da0001de,5,3,1,0.25766101464084756
da09ed4b,5,2,0,1.14332454935069
da15064a,5,1,1,0.5329535945058681
da19c97e,5,2,0,0.18685997217621353
da5a8921,5,2,0,0.1773546030320926
da94e67d,5,1,2,0.9679725872589694
daa9b0aa,5,1,0,0.21267680765100133
dacc2f83,5,1,0,0.7643839263439223
daf3969c,5,2,2,1.0713760729873765
db175ab6,5,3,0,0.19414915318133846
db23fbe4,5,1,0,0.626163378392994
db49ac7c,5,3,0,0.8398588633290426
db609511,5,1,0,0.06756210169439092
db746de0,5,1,0,0.71716745415241
db9353fd,5,2,0,0.27984068870899687
db9eae59,5,1,0,0.789263636668224
dbfa6d84,5,1,0,0.24690305814738328
dc168599,5,3,0,0.28377413213813185
dc33dcef,5,2,0,0.5219854465179539
dc4e9e2f,5,3,0,0.8137953215469796
dc52906a,5,2,1,0.3673852771095579
dc6870da,5,3,0,0.4509178278277613
dc81eac1,5,2,1,0.46545031800902703
dca065be,5,2,0,0.25732557247811283
dcd2586d,5,1,0,0.6529646380028374
dcfcd574,5,1,0,0.5216641911223575
dd02cfa1,5,3,1,0.44755628931004976
dd6679a9,5,3,1,1.2249059036330525
dd747bba,5,1,0,0.2617361609235774
dd9c9576,5,3,0,0.3509067450617974
dd9ce3c4,5,2,0,0.5419534023989722
ddd0cb12,5,1,0,0.3375167014383418
ddd9a88d,5,3,0,0.8944796813476336
dde82df7,5,3,0,0.02572367621979421
ddfddd87,5,3,2,1.005767860314725
de3750cc,5,2,0,0.13032898322225184
de3ecca9,5,3,2,0.7582729914604163
de6797db,5,2,0,0.2760678616404545
de742c5c,5,3,2,1.2899563698131966
de91310c,5,2,2,1.2093562333494159
de961552,5,2,1,0.24847080453908588
de9fe1e0,5,2,2,1.0109856343252193
dea0552b,5,2,1,0.9104492026182043
dec9056d,5,3,0,0.12165428206377898
dee8b1bd,5,1,2,0.720150996156832
dee9eb9c,5,2,0,0.6283140086965175
df4a0fee,5,1,0,0.4235068204979257
df4ab9b1,5,1,1,0.7965093797956615
df4d2085,5,2,1,0.44380083772807927
df556fd2,5,1,3,1.0395590975252442
dfaa2a59,5,1,0,0.26559826616977733
e0283d3d,5,1,0,0.17310705103355095
e049dab1,5,2,0,0.6313504788924664
e0706ce2,5,3,1,0.4709833935097537
e072b994,5,3,0,-0.040168943041509975
e0736134,5,3,0,0.39207689841460436
e0767d64,5,1,2,0.8394513354644187
e07fa0b1,5,1,2,1.1878351222632069
e0869709,5,2,2,0.9127597107030874
e0c4e965,5,3,0,0.5531007617251492
e0db55b1,5,2,1,0.8032473836434579
e0fb3838,5,2,0,0.07820019800076816
e11be9c1,5,3,0,0.7371168717154788
e12c2944,5,2,2,0.7417794020450239
e15fe97b,5,2,0,0.5922148775405438
e1958a83,5,3,0,0.007625639510175142
e199d438,5,2,1,0.797182955024692
e1a4575f,5,1,0,0.4230443550481291
e1af39f8,5,2,1,0.514543175501341
e1ccc3d1,5,1,0,0.2502550527048371
e1e02e28,5,3,0,0.26335798451992515
e1ea8dd7,5,2,0,0.6841018740289899
e22cf08a,5,2,0,0.25797614498255006
e25f7b9a,5,3,1,0.06820843859559755
e28c0bfa,5,2,1,0.7666285624657999
e2cb8401,5,1,0,1.3413262333664284
e2d370a2,5,2,1,0.6815711031578917
e2fcc91e,5,2,0,0.3939182713671643
e318ec9a,5,1,0,0.15917690338476936
e345b271,5,2,1,0.23301837878264892
e362108f,5,3,0,0.7057365514433201
e37d000b,5,1,0,0.2360855234264967
e3a6f97f,5,1,1,0.9731254661163071
e3af914a,5,2,1,0.557751459222314
e3bb3735,5,2,1,0.82066026592437
e3bce7e1,5,3,0,0.8532117169419429
e3cec795,5,2,1,0.25518119479794904
e3f71f7a,5,1,0,1.0360263074199882
e40319d7,5,1,1,0.5655962071332111
e4614ec6,5,3,1,0.210392990497154
e46417a7,5,3,0,0.0003245989580055175
e47c1eb7,5,2,1,0.7623449278298002
e4b47411,5,2,1,0.6559520479252651
e4c008b9,5,1,0,0.31474867124016287
e4d396d7,5,2,0,0.27321788510555833
e4d5bf2b,5,3,1,0.7219517981878938
e4e58096,5,2,0,0.5433648241182965
e4ee6ff3,5,3,0,1.0779812452112134
e51193d1,5,2,2,0.2985687452784889
e515c971,5,1,1,0.6382457113942342
e5349ce2,5,3,0,0.17795433897555785
e537418f,5,3,1,0.9603093400785696
e56b2209,5,1,0,0.3622646892445354
e5b902bc,5,3,2,0.9193984057466722
e63000c5,5,2,0,0.13820343175703265
e63a0ea8,5,3,0,0.06842186580843401
e664dd71,5,3,1,0.046089883873337456
e683d2c9,5,1,1,0.7468641028398024
e715739b,5,1,1,0.5223833010290776
e71f347e,5,2,0,0.8475201453425536
e72af462,5,2,1,0.8156410794304664
e754411f,5,2,0,0.9897967344896459
e76ad778,5,3,2,1.0576257851392707
e7bbb32e,5,2,1,0.6917520143462241
e7db432d,5,3,0,1.2107095484619532
e7db9aef,5,2,2,0.7030168476415465
e7e43817,5,3,1,0.04110796463343436
e7ee0921,5,3,0,0.071475454648539
e8313da5,5,1,1,0.18560392797837882
e86bb780,5,2,0,0.1287609129096814
e8ac21d2,5,1,2,0.7707596966112965
e8af663d,5,2,0,0.5560672699155664
e8b64419,5,1,0,0.736736708596111
e8d9d5ea,5,3,0,0.5781136314482792
e8e82627,5,2,0,0.500351425332608
e90a63d0,5,1,0,0.4502263568670445
e934bf0a,5,3,1,0.5693530126179082
e93cce44,5,3,1,0.4430867680970858
e96763c1,5,3,1,0.8215828152142276
e96da61f,5,2,0,0.22147881297232258
e9a6c514,5,1,0,0.32668132834349306
e9ca5586,5,3,0,0.26634785612574857
e9d94c4e,5,1,0,0.5202101670101755
ea38bd63,5,1,2,1.4540800452942875
ea544af3,5,2,0,0.682495644359145
ea7277b4,5,3,0,0.4516661826828412
ea7adcd6,5,2,0,0.9151900589605781
eac08386,5,3,0,0.20727475417297847
ead25f13,5,1,1,0.3730431985743505
ead871be,5,2,2,0.07842857044460771
eaedb188,5,1,0,0.511191842200693
eb00abb3,5,2,1,0.18189942641177265
eb5c46b0,5,3,0,0.819824117155378
eb749e46,5,1,2,0.9500279113126191
eb891208,5,3,0,0.9592457607158263
eb90ee20,5,2,0,0.3449268792741792
ebd15fdc,5,3,1,0.7733838902712523
ebf2b0c9,5,1,0,0.5421286645977748
ebf30e46,5,3,0,0.6828938593349272
ec015bbb,5,1,0,0.18523526294727205
ec0f4afa,5,1,0,0.46472753638922504
ec13a1b9,5,3,2,0.38662288152996127
ec220299,5,3,0,0.9330344607214386
ec619149,5,1,0,0.5186107449204658
ec65cd62,5,3,0,0.43680290436265756
ec6b57b4,5,2,0,0.7437249862283092
ec850b10,5,3,0,1.1890843491738239
ec8f8f95,5,3,2,0.7023873969743517
ec9044f5,5,1,0,0.6263416568885559
ec9179b7,5,1,0,0.14359389980346665
ec9195be,5,3,0,0.3355852719643331
ecb1c038,5,1,1,0.5311021758443364
ecbdbe55,5,3,0,0.21966243132632163
ecd22509,5,3,2,1.2024310708163644
ed0b3906,5,2,2,0.9646820843357218
ed329c15,5,3,1,1.041981842579913
ed61b01e,5,3,0,1.5175831653837504
edb86a64,5,2,1,0.578587204771989
edb9d0f3,5,1,0,0.34354885820552744
edbf35f3,5,3,2,1.622305612817193
edc44560,5,3,0,0.6718107538570154
edca760c,5,1,1,0.5132283923823189
edeec50d,5,2,0,0.2726984571889249
ee0fa75a,5,2,1,1.0291179999957099
ee21612e,5,1,2,0.7778885104111557
ee2bf575,5,2,2,0.9206523198301116
ee4e9eed,5,2,0,0.29359374405076133
ee654259,5,3,1,0.12351206716843727
ee67eb55,5,1,0,0.335402075218293
ee7de96c,5,3,0,0.047124574016229936
eea74d46,5,2,1,0.20487127145386974
eec0d188,5,2,0,0.3315127580370428
eeedcd5e,5,3,1,0.671115873614571
eeefa792,5,2,0,0.40653266421315476
eef79620,5,3,0,1.03170179796354
ef1b858a,5,3,0,0.15966928252641233
ef4ae515,5,1,0,0.13200888396547933
ef58dd3c,5,3,0,0.860780147173498
ef9617e7,5,1,2,0.6203737114109684
efa35d35,5,3,0,0.4357646842923
efc2bc05,5,2,0,0.7894581268291191
efcef0d6,5,3,0,0.7506680050783602
efedde24,5,3,0,1.7035837529969264
f015a18c,5,1,0,1.123446589063472
f028534c,5,3,0,0.6613229834268922
f0356a48,5,2,0,0.35905653079315825
f043be76,5,1,0,0.6129466682606058
f08a5ac3,5,3,0,0.5680178459285905
f09b02cd,5,2,0,0.42910664714591934
f09e7b33,5,1,2,0.7677457591942994
f0d76b32,5,3,1,0.5549496945230946
f0ed5690,5,2,0,0.420520860186788
f0f3e41f,5,2,0,0.7770341866110795
f1049268,5,2,1,0.6486341222764473
f11e17c0,5,2,1,1.253069071265819
f13cb65e,5,3,2,0.9331571091912005
f15dca1b,5,1,1,0.6217950668774249
f1a16e58,5,3,1,0.5724073494371216
f1baae47,5,1,1,0.6563798455227827
f1bd0f59,5,2,0,0.5752533588676702
f1c3cb6b,5,2,1,0.8953434790548864
f1ed2e85,5,2,0,0.3151585892188354
f1ee75bf,5,1,1,0.41025938077597346
f220a837,5,2,1,1.0749939748224282
f2260009,5,2,0,0.32583561050098325
f2649b91,5,2,1,0.7685491557669655
f285b43c,5,3,1,1.2330068203672488
f29d4094,5,1,1,1.1044118843971822
f2d4efd8,5,1,2,0.9362809416101789
f301e7a9,5,1,0,0.3616663880540506
f3020788,5,2,2,1.0906335460887584
f32a9580,5,3,0,0.3438121742267162
f35b607c,5,2,0,0.4448011577355442
f3600deb,5,2,1,0.4339931584101967
f3a1dd3b,5,2,1,0.632071292952875
f3aac45a,5,3,1,1.0920432520097727
f3d22832,5,1,0,0.521514644749505
f3fbe6c9,5,1,0,0.7311986707540523
f420b05a,5,3,0,0.2142140933035805
f47a67cc,5,3,0,0.028669192946993216
f47abc42,5,2,0,0.3778796634383701
f4d2f5af,5,1,2,0.6680326247231656
f4ece6b5,5,1,0,0.23556206597393747
f52a2597,5,2,0,0.6801424293463642
f5369cea,5,1,0,0.12385604290232838
f54eebeb,5,3,1,1.218677524876438
f566e5cc,5,2,1,0.9720739578827386
f567a1af,5,2,0,0.18773402119388682
f57de847,5,1,0,0.7641225704661657
f584742f,5,3,1,1.507228146698302
f5ad7abc,5,2,0,0.25278093350925296
f5b2acf0,5,3,1,0.4570010840955072
f5d4c82e,5,1,1,0.8597621950031953
f5e64c94,5,3,1,0.5406062488690699
f6284dcb,5,2,0,0.4188539868382094
f62b317d,5,1,0,0.863681145720279
f64ae747,5,3,2,0.9166122553030402
f64f877b,5,3,0,0.2254003637985803
f68f158d,5,2,0,0.7037514153521537
f6c0e2b7,5,3,1,1.1057249089863306
f6c20447,5,2,0,0.2147866491859256
f6cc80a9,5,2,0,1.200753708852401
f6d3a5ad,5,2,0,0.4674535021438272
f6d879aa,5,1,1,0.8643202877476863
f74c45c1,5,1,1,0.8360778257573125
f74eda33,5,2,2,0.8402280038159133
f75c957f,5,1,0,0.11304078583076771
f7b1374e,5,1,1,0.9341442563381
f804c9f3,5,1,1,0.8143979495957876
f81598bf,5,1,1,0.7545603982612707
f817f33a,5,1,0,0.17930438770058926
f848f42b,5,1,1,0.40025456618977173
f8674e15,5,2,1,0.5966733753740167
f869d220,5,1,1,1.4150103402058496
f8b08332,5,2,0,0.3561317328746826
f8b36382,5,1,1,0.39663406822287883
f8bf4a1c,5,1,0,1.0118284826384523
f8d293a0,5,2,0,0.20157703841890262
f8e3467e,5,2,1,0.46994549382767214
f8ff0bc8,5,1,0,1.0388494121529197
f922ae21,5,3,0,0.4813388749704848
f93010a8,5,1,0,0.5561290538902809
f9334e08,5,3,1,0.0319229057106174
f9384fa2,5,2,1,0.9172469347316521
f958efdc,5,3,0,0.7581575971845103
f9897bf1,5,1,1,0.1914877530904916
fa293db8,5,1,0,0.40772344935967086
fa29ab47,5,1,0,0.19835183548763152
fa34f945,5,2,1,1.060221448012734
fa3e1e21,5,3,0,0.25209559157648415
fa472647,5,1,1,0.6878827307849814
fa4f0329,5,3,0,0.4289396044399989
fa62d7b1,5,2,0,0.6049122578829841
fa78d819,5,2,2,1.193404583976637
fa9a0add,5,2,0,0.10003874327424528
fab75c2c,5,1,0,0.27519264554789896
fad07fce,5,1,0,0.5886107967296156
fb22e454,5,3,0,0.7857538739605814
fb2c4db6,5,3,0,-0.03800650737910427
fb2ddbd1,5,1,2,0.4410691210916745
fb3c2c87,5,1,0,0.39573987789550225
fb9982a2,5,3,0,0.08226831806795315
fb9b060f,5,1,2,1.2455528003051812
fb9c5a33,5,1,0,0.4601250448452448
fbb39bfe,5,1,2,0.7480378311900858
fbbd97b1,5,3,0,0.43676770842045276
fbc6ade7,5,2,1,0.11405949047741742
fbda3966,5,2,1,0.5882733904581745
fc1912e3,5,2,1,0.8315238489845418
fc2c2c08,5,1,0,0.433660336785441
fc41be2f,5,3,0,0.09562540237454109
fc49ba65,5,2,0,0.17151096775812713
fc8e4de4,5,1,0,0.48971162656306555
fcc6347f,5,3,0,0.17422740273831266
fcd9a6bb,5,1,0,0.19980365854554316
fd028ecc,5,3,0,0.30508730292215974
fd0d9bca,5,2,0,0.17455934744929558
fd3448d9,5,3,2,0.5406926267910088
fd5589f6,5,2,0,0.32140125791308
fdb6b48b,5,2,0,0.5716220531028638
fdc11b96,5,2,0,0.9775908428861528
fdd9799f,5,3,1,1.255376951897511
fdf4691f,5,1,0,0.6742174670713905
fe102a25,5,1,1,0.525195795306171
fe2bc235,5,3,2,0.5971877783680208
fe3cbf02,5,3,0,0.14088847836184132
fe6afaf9,5,1,0,0.5097681234730568
fe9c71d8,5,3,0,0.2358008566097724
feb53635,5,3,2,1.8168093460412202
fecc07d6,5,2,0,0.13356227233301216
fee07f32,5,2,0,0.29769597459583835
fefaffe0,5,2,0,0.6439762458306061
ff18b749,5,1,0,0.33721022166517
ff60112d,5,1,1,1.4449103819875266
ff759544,5,1,1,0.16268582697817346
ff8a2de4,5,2,1,0.7794439612446151
ffed1dd5,5,3,0,0.9391596413416323
